feature_gene,uniprot_id,tier,source,has_esm2_embedding
A1BG,P04217,1,HGNC_symbol,False
A1BG-AS1,,0,unmapped,False
A1CF,Q9NQ94,1,HGNC_symbol,False
A2M,P01023,1,HGNC_symbol,False
A2M-AS1,,0,unmapped,False
A2ML1,A8K2U0,1,HGNC_symbol,False
A3GALT2,U3KPV4,1,HGNC_symbol,True
A4GALT,Q9NPC4,1,HGNC_symbol,False
A4GNT,Q9UNA3,1,HGNC_symbol,True
AAAS,Q9NRG9,1,HGNC_symbol,True
AACS,Q86V21,1,HGNC_symbol,True
AADAC,P22760,1,HGNC_symbol,True
AADACL2,Q6P093,1,HGNC_symbol,True
AADACL3,Q5VUY0,1,HGNC_symbol,False
AADACL4,Q5VUY2,1,HGNC_symbol,False
AADAT,Q8N5Z0,1,HGNC_symbol,False
AAED1,195827,5,STRING_alias,False
AAGAB,Q6PD74,1,HGNC_symbol,False
AAK1,Q2M2I8,1,HGNC_symbol,True
AAMDC,Q9H7C9,1,HGNC_symbol,False
AAMP,Q13685,1,HGNC_symbol,False
AANAT,Q16613,1,HGNC_symbol,True
AAR2,Q9Y312,1,HGNC_symbol,False
AARD,Q4LEZ3,1,HGNC_symbol,False
AARS,16,5,STRING_alias,False
AARS1,P49588,1,HGNC_symbol,True
AARS2,Q5JTZ9,1,HGNC_symbol,True
AARSD1,Q9BTE6,1,HGNC_symbol,True
AASDH,Q4L235,1,HGNC_symbol,False
AASDHPPT,Q9NRN7,1,HGNC_symbol,True
AASS,Q9UDR5,1,HGNC_symbol,False
AATF,Q9NY61,1,HGNC_symbol,True
AATK,Q6ZMQ8,1,HGNC_symbol,False
AB019441.29,,0,unmapped,False
ABAT,P80404,1,HGNC_symbol,False
ABC7-42389800N19.1,,0,unmapped,False
ABCA1,O95477,1,HGNC_symbol,False
ABCA10,Q8WWZ4,1,HGNC_symbol,False
ABCA11P,,0,unmapped,False
ABCA12,Q86UK0,1,HGNC_symbol,False
ABCA13,Q86UQ4,1,HGNC_symbol,False
ABCA17P,,0,unmapped,False
ABCA2,Q9BZC7,1,HGNC_symbol,False
ABCA3,Q99758,1,HGNC_symbol,False
ABCA4,P78363,1,HGNC_symbol,False
ABCA5,Q8WWZ7,1,HGNC_symbol,False
ABCA6,Q8N139,1,HGNC_symbol,False
ABCA7,Q8IZY2,1,HGNC_symbol,False
ABCA8,O94911,1,HGNC_symbol,False
ABCA9,Q8IUA7,1,HGNC_symbol,False
ABCB1,P08183,1,HGNC_symbol,False
ABCB10,Q9NRK6,1,HGNC_symbol,True
ABCB10P4,,0,unmapped,False
ABCB11,O95342,1,HGNC_symbol,False
ABCB4,P21439,1,HGNC_symbol,False
ABCB5,Q2M3G0,1,HGNC_symbol,False
ABCB6,Q9NP58,1,HGNC_symbol,False
ABCB7,O75027,1,HGNC_symbol,False
ABCB8,Q9NUT2,1,HGNC_symbol,True
ABCB9,Q9NP78,1,HGNC_symbol,False
ABCC1,P33527,1,HGNC_symbol,False
ABCC10,Q5T3U5,1,HGNC_symbol,False
ABCC11,Q96J66,1,HGNC_symbol,False
ABCC12,Q96J65,1,HGNC_symbol,False
ABCC13,,0,unmapped,False
ABCC2,Q92887,1,HGNC_symbol,False
ABCC3,O15438,1,HGNC_symbol,False
ABCC4,O15439,1,HGNC_symbol,False
ABCC5,O15440,1,HGNC_symbol,False
ABCC6,O95255,1,HGNC_symbol,False
ABCC6P1,,0,unmapped,False
ABCC8,Q09428,1,HGNC_symbol,False
ABCC9,O60706,1,HGNC_symbol,False
ABCD1,P33897,1,HGNC_symbol,False
ABCD2,Q9UBJ2,1,HGNC_symbol,True
ABCD3,P28288,1,HGNC_symbol,False
ABCD4,O14678,1,HGNC_symbol,False
ABCE1,P61221,1,HGNC_symbol,False
ABCF1,Q8NE71,1,HGNC_symbol,False
ABCF2,Q9UG63,1,HGNC_symbol,False
ABCF2P1,,0,unmapped,False
ABCF3,Q9NUQ8,1,HGNC_symbol,True
ABCG1,P45844,1,HGNC_symbol,True
ABCG2,Q9UNQ0,1,HGNC_symbol,True
ABCG4,Q9H172,1,HGNC_symbol,False
ABCG5,Q9H222,1,HGNC_symbol,False
ABCG8,Q9H221,1,HGNC_symbol,False
ABHD1,Q96SE0,1,HGNC_symbol,True
ABHD10,Q9NUJ1,1,HGNC_symbol,True
ABHD11,Q8NFV4,1,HGNC_symbol,False
ABHD12,Q8N2K0,1,HGNC_symbol,False
ABHD12B,Q7Z5M8,1,HGNC_symbol,True
ABHD13,Q7L211,1,HGNC_symbol,True
ABHD14A,Q9BUJ0,1,HGNC_symbol,False
ABHD14B,Q96IU4,1,HGNC_symbol,True
ABHD15,Q6UXT9,1,HGNC_symbol,False
ABHD16A,O95870,1,HGNC_symbol,False
ABHD16B,Q9H3Z7,1,HGNC_symbol,False
ABHD17A,Q96GS6,1,HGNC_symbol,False
ABHD17AP1,,0,unmapped,False
ABHD17AP2,,0,unmapped,False
ABHD17AP3,,0,unmapped,False
ABHD17AP4,,0,unmapped,False
ABHD17AP5,,0,unmapped,False
ABHD17AP6,,0,unmapped,False
ABHD17B,Q5VST6,1,HGNC_symbol,True
ABHD17C,Q6PCB6,1,HGNC_symbol,False
ABHD18,Q0P651,1,HGNC_symbol,False
ABHD2,P08910,1,HGNC_symbol,False
ABHD3,Q8WU67,1,HGNC_symbol,False
ABHD4,Q8TB40,1,HGNC_symbol,True
ABHD5,Q8WTS1,1,HGNC_symbol,False
ABHD6,Q9BV23,1,HGNC_symbol,True
ABHD8,Q96I13,1,HGNC_symbol,True
ABI1,Q8IZP0,1,HGNC_symbol,False
ABI2,Q9NYB9,1,HGNC_symbol,False
ABI3,Q9P2A4,1,HGNC_symbol,False
ABI3BP,Q7Z7G0,1,HGNC_symbol,False
ABITRAM,Q9NX38,1,HGNC_symbol,False
ABL1,P00519,1,HGNC_symbol,False
ABL2,P42684,1,HGNC_symbol,False
ABLIM1,O14639,1,HGNC_symbol,True
ABLIM2,Q6H8Q1,1,HGNC_symbol,True
ABLIM3,O94929,1,HGNC_symbol,True
ABO,P16442,1,HGNC_symbol,False
ABR,Q12979,1,HGNC_symbol,False
ABRA,Q8N0Z2,1,HGNC_symbol,False
ABRACL,Q9P1F3,1,HGNC_symbol,False
ABRAXAS1,Q6UWZ7,1,HGNC_symbol,False
ABRAXAS2,Q15018,1,HGNC_symbol,True
ABT1,Q9ULW3,1,HGNC_symbol,True
ABTB1,Q969K4,1,HGNC_symbol,True
ABTB2,Q8N961,1,HGNC_symbol,False
ABTB3,A6QL63,1,HGNC_symbol,False
AC000068.10,,0,unmapped,False
AC000068.5,,0,unmapped,False
AC000068.9,,0,unmapped,False
AC000089.3,,0,unmapped,False
AC000095.9,,0,unmapped,False
AC000120.7,,0,unmapped,False
AC002056.3,,0,unmapped,False
AC002059.10,,0,unmapped,False
AC002075.4,,0,unmapped,False
AC002116.7,,0,unmapped,False
AC002117.1,,0,unmapped,False
AC002310.12,,0,unmapped,False
AC002310.7,,0,unmapped,False
AC002398.5,,0,unmapped,False
AC002454.1,,0,unmapped,False
AC002456.2,,0,unmapped,False
AC002467.7,,0,unmapped,False
AC002511.3,,0,unmapped,False
AC003002.6,,0,unmapped,False
AC003075.4,,0,unmapped,False
AC003090.1,,0,unmapped,False
AC003102.3,,0,unmapped,False
AC003104.1,,0,unmapped,False
AC003665.1,,0,unmapped,False
AC003682.16,,0,unmapped,False
AC004014.4,,0,unmapped,False
AC004017.1,,0,unmapped,False
AC004057.1,,0,unmapped,False
AC004067.5,,0,unmapped,False
AC004069.2,,0,unmapped,False
AC004074.3,,0,unmapped,False
AC004158.2,,0,unmapped,False
AC004257.3,,0,unmapped,False
AC004381.6,,0,unmapped,False
AC004381.7,,0,unmapped,False
AC004383.3,,0,unmapped,False
AC004453.8,,0,unmapped,False
AC004463.6,,0,unmapped,False
AC004466.1,,0,unmapped,False
AC004510.3,,0,unmapped,False
AC004540.4,,0,unmapped,False
AC004540.5,,0,unmapped,False
AC004692.5,,0,unmapped,False
AC004791.2,,0,unmapped,False
AC004797.1,,0,unmapped,False
AC004840.9,,0,unmapped,False
AC004854.4,,0,unmapped,False
AC004878.3,,0,unmapped,False
AC004893.11,,0,unmapped,False
AC004947.2,,0,unmapped,False
AC004951.5,,0,unmapped,False
AC004951.6,,0,unmapped,False
AC004967.7,,0,unmapped,False
AC004980.10,,0,unmapped,False
AC004980.7,,0,unmapped,False
AC004985.12,,0,unmapped,False
AC004987.9,,0,unmapped,False
AC005003.1,,0,unmapped,False
AC005014.5,,0,unmapped,False
AC005034.3,,0,unmapped,False
AC005037.3,,0,unmapped,False
AC005042.2,,0,unmapped,False
AC005062.2,,0,unmapped,False
AC005071.1,,0,unmapped,False
AC005076.5,,0,unmapped,False
AC005077.14,,0,unmapped,False
AC005082.12,,0,unmapped,False
AC005083.1,,0,unmapped,False
AC005102.1,,0,unmapped,False
AC005154.6,,0,unmapped,False
AC005154.7,,0,unmapped,False
AC005224.2,,0,unmapped,False
AC005229.7,,0,unmapped,False
AC005255.3,,0,unmapped,False
AC005262.2,,0,unmapped,False
AC005262.3,,0,unmapped,False
AC005264.2,,0,unmapped,False
AC005306.3,,0,unmapped,False
AC005307.3,,0,unmapped,False
AC005329.7,,0,unmapped,False
AC005336.5,,0,unmapped,False
AC005339.2,,0,unmapped,False
AC005351.1,,0,unmapped,False
AC005481.5,,0,unmapped,False
AC005519.4,,0,unmapped,False
AC005523.2,,0,unmapped,False
AC005532.5,,0,unmapped,False
AC005534.6,,0,unmapped,False
AC005534.8,,0,unmapped,False
AC005540.3,,0,unmapped,False
AC005546.2,,0,unmapped,False
AC005562.1,,0,unmapped,False
AC005618.6,,0,unmapped,False
AC005682.5,,0,unmapped,False
AC005682.7,,0,unmapped,False
AC005702.1,,0,unmapped,False
AC005740.4,,0,unmapped,False
AC005740.6,,0,unmapped,False
AC005775.2,,0,unmapped,False
AC005776.1,,0,unmapped,False
AC005785.2,,0,unmapped,False
AC005786.7,,0,unmapped,False
AC005789.11,,0,unmapped,False
AC005795.1,,0,unmapped,False
AC005822.1,,0,unmapped,False
AC005831.1,,0,unmapped,False
AC005884.1,,0,unmapped,False
AC005932.1,,0,unmapped,False
AC005943.4,,0,unmapped,False
AC005943.5,,0,unmapped,False
AC005944.2,,0,unmapped,False
AC006001.1,,0,unmapped,False
AC006024.4,,0,unmapped,False
AC006026.10,,0,unmapped,False
AC006026.13,,0,unmapped,False
AC006026.9,,0,unmapped,False
AC006033.22,,0,unmapped,False
AC006042.8,,0,unmapped,False
AC006111.1,,0,unmapped,False
AC006116.17,,0,unmapped,False
AC006116.19,,0,unmapped,False
AC006116.20,,0,unmapped,False
AC006116.22,,0,unmapped,False
AC006116.24,,0,unmapped,False
AC006116.27,,0,unmapped,False
AC006126.4,,0,unmapped,False
AC006129.1,,0,unmapped,False
AC006129.2,,0,unmapped,False
AC006129.4,,0,unmapped,False
AC006160.5,,0,unmapped,False
AC006195.2,,0,unmapped,False
AC006272.1,,0,unmapped,False
AC006277.2,,0,unmapped,False
AC006369.2,,0,unmapped,False
AC006449.1,,0,unmapped,False
AC006486.1,,0,unmapped,False
AC006538.1,,0,unmapped,False
AC006539.1,,0,unmapped,False
AC006547.14,,0,unmapped,False
AC006547.8,,0,unmapped,False
AC006942.4,,0,unmapped,False
AC006946.15,,0,unmapped,False
AC006946.16,,0,unmapped,False
AC006953.1,,0,unmapped,False
AC006978.6,,0,unmapped,False
AC007000.10,,0,unmapped,False
AC007000.11,,0,unmapped,False
AC007000.12,,0,unmapped,False
AC007036.4,,0,unmapped,False
AC007038.7,,0,unmapped,False
AC007040.8,,0,unmapped,False
AC007041.2,,0,unmapped,False
AC007204.2,,0,unmapped,False
AC007228.11,,0,unmapped,False
AC007228.9,,0,unmapped,False
AC007229.3,,0,unmapped,False
AC007238.1,,0,unmapped,False
AC007246.3,,0,unmapped,False
AC007249.3,,0,unmapped,False
AC007255.8,,0,unmapped,False
AC007256.5,,0,unmapped,False
AC007272.3,,0,unmapped,False
AC007278.2,,0,unmapped,False
AC007278.3,,0,unmapped,False
AC007283.4,,0,unmapped,False
AC007285.6,,0,unmapped,False
AC007292.3,,0,unmapped,False
AC007292.6,,0,unmapped,False
AC007292.7,,0,unmapped,False
AC007318.5,,0,unmapped,False
AC007319.1,,0,unmapped,False
AC007362.1,,0,unmapped,False
AC007365.3,,0,unmapped,False
AC007381.2,,0,unmapped,False
AC007381.3,,0,unmapped,False
AC007382.1,,0,unmapped,False
AC007383.3,,0,unmapped,False
AC007386.3,,0,unmapped,False
AC007386.4,,0,unmapped,False
AC007392.3,,0,unmapped,False
AC007551.3,,0,unmapped,False
AC007556.3,,0,unmapped,False
AC007560.1,,0,unmapped,False
AC007566.10,,0,unmapped,False
AC007620.3,,0,unmapped,False
AC007690.1,,0,unmapped,False
AC007773.2,,0,unmapped,False
AC007879.2,,0,unmapped,False
AC007879.5,,0,unmapped,False
AC007879.7,,0,unmapped,False
AC007880.1,,0,unmapped,False
AC007969.5,,0,unmapped,False
AC008088.4,,0,unmapped,False
AC008132.12,,0,unmapped,False
AC008155.1,,0,unmapped,False
AC008265.2,,0,unmapped,False
AC008268.2,,0,unmapped,False
AC008427.2,,0,unmapped,False
AC008440.10,,0,unmapped,False
AC008440.5,,0,unmapped,False
AC008443.1,,0,unmapped,False
AC008592.3,,0,unmapped,False
AC008592.8,,0,unmapped,False
AC008697.1,,0,unmapped,False
AC008746.10,,0,unmapped,False
AC008746.12,,0,unmapped,False
AC008746.3,,0,unmapped,False
AC008753.3,,0,unmapped,False
AC008753.6,,0,unmapped,False
AC008964.1,,0,unmapped,False
AC008982.2,,0,unmapped,False
AC008984.2,,0,unmapped,False
AC008984.7,,0,unmapped,False
AC009005.2,,0,unmapped,False
AC009065.1,,0,unmapped,False
AC009093.1,,0,unmapped,False
AC009120.3,,0,unmapped,False
AC009120.6,,0,unmapped,False
AC009133.12,,0,unmapped,False
AC009133.14,,0,unmapped,False
AC009133.15,,0,unmapped,False
AC009133.17,,0,unmapped,False
AC009237.8,,0,unmapped,False
AC009245.3,,0,unmapped,False
AC009299.3,,0,unmapped,False
AC009299.5,,0,unmapped,False
AC009302.2,,0,unmapped,False
AC009303.3,,0,unmapped,False
AC009362.2,,0,unmapped,False
AC009403.2,,0,unmapped,False
AC009404.2,,0,unmapped,False
AC009473.1,,0,unmapped,False
AC009495.2,,0,unmapped,False
AC009495.3,,0,unmapped,False
AC009506.1,,0,unmapped,False
AC009945.4,,0,unmapped,False
AC009948.5,,0,unmapped,False
AC009948.7,,0,unmapped,False
AC009950.2,,0,unmapped,False
AC009951.1,,0,unmapped,False
AC009961.3,,0,unmapped,False
AC009961.5,,0,unmapped,False
AC009963.6,,0,unmapped,False
AC010084.1,,0,unmapped,False
AC010226.4,,0,unmapped,False
AC010240.2,,0,unmapped,False
AC010327.2,,0,unmapped,False
AC010336.1,,0,unmapped,False
AC010468.1,,0,unmapped,False
AC010492.2,,0,unmapped,False
AC010522.1,,0,unmapped,False
AC010524.2,,0,unmapped,False
AC010525.6,,0,unmapped,False
AC010525.7,,0,unmapped,False
AC010536.1,,0,unmapped,False
AC010642.1,,0,unmapped,False
AC010677.5,,0,unmapped,False
AC010731.6,,0,unmapped,False
AC010733.5,,0,unmapped,False
AC010745.4,,0,unmapped,False
AC010761.8,,0,unmapped,False
AC010878.3,,0,unmapped,False
AC010883.5,,0,unmapped,False
AC010894.3,,0,unmapped,False
AC010980.2,,0,unmapped,False
AC011043.1,,0,unmapped,False
AC011242.6,,0,unmapped,False
AC011330.5,,0,unmapped,False
AC011475.1,,0,unmapped,False
AC011484.1,,0,unmapped,False
AC011513.4,,0,unmapped,False
AC011515.2,,0,unmapped,False
AC011747.4,,0,unmapped,False
AC011747.7,,0,unmapped,False
AC011841.1,,0,unmapped,False
AC011841.2,,0,unmapped,False
AC011893.3,,0,unmapped,False
AC011899.9,,0,unmapped,False
AC011933.2,,0,unmapped,False
AC012065.5,,0,unmapped,False
AC012065.7,,0,unmapped,False
AC012066.1,,0,unmapped,False
AC012074.1,,0,unmapped,False
AC012074.2,,0,unmapped,False
AC012146.7,,0,unmapped,False
AC012309.5,,0,unmapped,False
AC012314.8,,0,unmapped,False
AC012354.8,,0,unmapped,False
AC012358.4,,0,unmapped,False
AC012358.7,,0,unmapped,False
AC012358.8,,0,unmapped,False
AC012360.4,,0,unmapped,False
AC012442.5,,0,unmapped,False
AC012442.6,,0,unmapped,False
AC012487.2,,0,unmapped,False
AC012493.1,,0,unmapped,False
AC012671.2,,0,unmapped,False
AC013264.2,,0,unmapped,False
AC013271.3,,0,unmapped,False
AC013283.1,,0,unmapped,False
AC013394.2,,0,unmapped,False
AC013402.5,,0,unmapped,False
AC013449.1,,0,unmapped,False
AC013460.1,,0,unmapped,False
AC013470.6,,0,unmapped,False
AC013474.4,,0,unmapped,False
AC013717.3,,0,unmapped,False
AC013733.5,,0,unmapped,False
AC015849.14,,0,unmapped,False
AC015849.16,,0,unmapped,False
AC015969.3,,0,unmapped,False
AC015971.2,,0,unmapped,False
AC015987.2,,0,unmapped,False
AC016292.3,,0,unmapped,False
AC016405.1,,0,unmapped,False
AC016586.1,,0,unmapped,False
AC016629.8,,0,unmapped,False
AC016700.3,,0,unmapped,False
AC016700.5,,0,unmapped,False
AC016700.6,,0,unmapped,False
AC016708.2,,0,unmapped,False
AC016712.2,,0,unmapped,False
AC016716.1,,0,unmapped,False
AC016732.2,,0,unmapped,False
AC016734.2,,0,unmapped,False
AC016735.1,,0,unmapped,False
AC016735.2,,0,unmapped,False
AC016739.2,,0,unmapped,False
AC016747.3,,0,unmapped,False
AC016757.3,,0,unmapped,False
AC016773.1,,0,unmapped,False
AC016831.7,,0,unmapped,False
AC016894.1,,0,unmapped,False
AC017002.1,,0,unmapped,False
AC017002.2,,0,unmapped,False
AC017028.8,,0,unmapped,False
AC017035.2,,0,unmapped,False
AC017074.2,,0,unmapped,False
AC017076.5,,0,unmapped,False
AC017104.6,,0,unmapped,False
AC018462.2,,0,unmapped,False
AC018463.4,,0,unmapped,False
AC018735.1,,0,unmapped,False
AC018738.2,,0,unmapped,False
AC018755.1,,0,unmapped,False
AC018755.16,,0,unmapped,False
AC018766.4,,0,unmapped,False
AC018766.5,,0,unmapped,False
AC018766.6,,0,unmapped,False
AC018804.1,,0,unmapped,False
AC018804.6,,0,unmapped,False
AC018804.7,,0,unmapped,False
AC018816.3,,0,unmapped,False
AC018865.5,,0,unmapped,False
AC018867.1,,0,unmapped,False
AC019097.7,,0,unmapped,False
AC019129.1,,0,unmapped,False
AC019181.2,,0,unmapped,False
AC019185.4,,0,unmapped,False
AC019221.4,,0,unmapped,False
AC020571.3,,0,unmapped,False
AC020907.2,,0,unmapped,False
AC020910.2,,0,unmapped,False
AC020983.5,,0,unmapped,False
AC021016.6,,0,unmapped,False
AC021016.7,,0,unmapped,False
AC021021.1,,0,unmapped,False
AC021188.4,,0,unmapped,False
AC021224.1,,0,unmapped,False
AC021860.1,,0,unmapped,False
AC022007.5,,0,unmapped,False
AC022154.7,,0,unmapped,False
AC022182.1,,0,unmapped,False
AC022182.2,,0,unmapped,False
AC022182.3,,0,unmapped,False
AC022201.5,,0,unmapped,False
AC022210.2,,0,unmapped,False
AC022400.1,,0,unmapped,False
AC022400.2,,0,unmapped,False
AC022431.1,,0,unmapped,False
AC022498.1,,0,unmapped,False
AC022532.1,,0,unmapped,False
AC022558.1,,0,unmapped,False
AC022819.3,,0,unmapped,False
AC023490.1,,0,unmapped,False
AC023490.2,,0,unmapped,False
AC024082.3,,0,unmapped,False
AC024560.3,,0,unmapped,False
AC024704.2,,0,unmapped,False
AC024937.6,,0,unmapped,False
AC024940.1,,0,unmapped,False
AC025171.1,,0,unmapped,False
AC025335.1,,0,unmapped,False
AC025627.9,,0,unmapped,False
AC026150.5,,0,unmapped,False
AC026150.6,,0,unmapped,False
AC026150.8,,0,unmapped,False
AC026202.3,,0,unmapped,False
AC026271.5,,0,unmapped,False
AC026310.1,,0,unmapped,False
AC026471.6,,0,unmapped,False
AC026740.1,,0,unmapped,False
AC026806.2,,0,unmapped,False
AC027307.3,,0,unmapped,False
AC027319.1,,0,unmapped,False
AC027601.1,,0,unmapped,False
AC027612.1,,0,unmapped,False
AC027612.6,,0,unmapped,False
AC027763.2,,0,unmapped,False
AC034220.3,,0,unmapped,False
AC040977.1,,0,unmapped,False
AC046143.3,,0,unmapped,False
AC051649.12,,0,unmapped,False
AC051649.6,,0,unmapped,False
AC055811.5,,0,unmapped,False
AC060834.2,,0,unmapped,False
AC061992.1,,0,unmapped,False
AC061992.2,,0,unmapped,False
AC062017.1,,0,unmapped,False
AC062029.1,,0,unmapped,False
AC064834.2,,0,unmapped,False
AC064850.4,,0,unmapped,False
AC064852.5,,0,unmapped,False
AC067945.3,,0,unmapped,False
AC068039.4,,0,unmapped,False
AC068134.10,,0,unmapped,False
AC068282.3,,0,unmapped,False
AC068491.3,,0,unmapped,False
AC068522.4,,0,unmapped,False
AC068538.2,,0,unmapped,False
AC068580.5,,0,unmapped,False
AC068580.6,,0,unmapped,False
AC068587.2,,0,unmapped,False
AC068657.2,,0,unmapped,False
AC068831.10,,0,unmapped,False
AC068831.15,,0,unmapped,False
AC069213.1,,0,unmapped,False
AC069278.4,,0,unmapped,False
AC069363.1,,0,unmapped,False
AC072062.1,,0,unmapped,False
AC073043.1,,0,unmapped,False
AC073046.25,,0,unmapped,False
AC073052.1,,0,unmapped,False
AC073063.10,,0,unmapped,False
AC073072.7,,0,unmapped,False
AC073109.2,,0,unmapped,False
AC073115.6,,0,unmapped,False
AC073283.4,,0,unmapped,False
AC073283.7,,0,unmapped,False
AC073310.4,,0,unmapped,False
AC073342.12,,0,unmapped,False
AC073343.1,,0,unmapped,False
AC073343.13,,0,unmapped,False
AC073415.2,,0,unmapped,False
AC073869.1,,0,unmapped,False
AC073869.2,,0,unmapped,False
AC073869.20,,0,unmapped,False
AC074019.2,,0,unmapped,False
AC074117.10,,0,unmapped,False
AC074138.3,,0,unmapped,False
AC074183.4,,0,unmapped,False
AC074212.5,,0,unmapped,False
AC074286.1,,0,unmapped,False
AC074289.1,,0,unmapped,False
AC074338.4,,0,unmapped,False
AC074367.1,,0,unmapped,False
AC074389.9,,0,unmapped,False
AC078883.3,,0,unmapped,False
AC078899.1,,0,unmapped,False
AC079210.1,,0,unmapped,False
AC079250.1,,0,unmapped,False
AC079305.10,,0,unmapped,False
AC079325.6,,0,unmapped,False
AC079354.2,,0,unmapped,False
AC079630.4,,0,unmapped,False
AC079767.4,,0,unmapped,False
AC079780.3,,0,unmapped,False
AC079781.8,,0,unmapped,False
AC079807.2,,0,unmapped,False
AC079807.4,,0,unmapped,False
AC079922.2,,0,unmapped,False
AC079922.3,,0,unmapped,False
AC083799.1,,0,unmapped,False
AC083843.1,,0,unmapped,False
AC083873.4,,0,unmapped,False
AC083884.8,,0,unmapped,False
AC083899.3,,0,unmapped,False
AC083900.1,,0,unmapped,False
AC084018.1,,0,unmapped,False
AC084117.3,,0,unmapped,False
AC084125.4,,0,unmapped,False
AC084219.4,,0,unmapped,False
AC087294.2,,0,unmapped,False
AC087380.14,,0,unmapped,False
AC090286.2,,0,unmapped,False
AC090571.1,,0,unmapped,False
AC090587.2,,0,unmapped,False
AC090587.4,,0,unmapped,False
AC090587.5,,0,unmapped,False
AC090602.2,,0,unmapped,False
AC090616.2,,0,unmapped,False
AC090804.1,,0,unmapped,False
AC090945.1,,0,unmapped,False
AC091133.1,,0,unmapped,False
AC091492.2,,0,unmapped,False
AC091633.2,,0,unmapped,False
AC091633.3,,0,unmapped,False
AC091729.9,,0,unmapped,False
AC091814.2,,0,unmapped,False
AC091878.1,,0,unmapped,False
AC092106.1,,0,unmapped,False
AC092155.1,,0,unmapped,False
AC092159.2,,0,unmapped,False
AC092171.2,,0,unmapped,False
AC092198.1,,0,unmapped,False
AC092295.7,,0,unmapped,False
AC092299.8,,0,unmapped,False
AC092535.3,,0,unmapped,False
AC092574.2,,0,unmapped,False
AC092580.4,,0,unmapped,False
AC092594.1,,0,unmapped,False
AC092610.12,,0,unmapped,False
AC092620.2,,0,unmapped,False
AC092620.3,,0,unmapped,False
AC092641.2,,0,unmapped,False
AC092653.5,,0,unmapped,False
AC092835.2,,0,unmapped,False
AC093106.5,,0,unmapped,False
AC093106.7,,0,unmapped,False
AC093159.1,,0,unmapped,False
AC093323.3,,0,unmapped,False
AC093375.1,,0,unmapped,False
AC093388.3,,0,unmapped,False
AC093391.2,,0,unmapped,False
AC093415.2,,0,unmapped,False
AC093484.4,,0,unmapped,False
AC093495.4,,0,unmapped,False
AC093609.1,,0,unmapped,False
AC093616.4,,0,unmapped,False
AC093620.5,,0,unmapped,False
AC093627.10,,0,unmapped,False
AC093627.9,,0,unmapped,False
AC093642.3,,0,unmapped,False
AC093642.4,,0,unmapped,False
AC093642.5,,0,unmapped,False
AC093668.2,,0,unmapped,False
AC093673.5,,0,unmapped,False
AC093677.1,,0,unmapped,False
AC093698.2,,0,unmapped,False
AC093724.2,,0,unmapped,False
AC093818.1,,0,unmapped,False
AC093838.4,,0,unmapped,False
AC096559.1,,0,unmapped,False
AC096574.4,,0,unmapped,False
AC096579.7,,0,unmapped,False
AC096582.7,,0,unmapped,False
AC096664.2,,0,unmapped,False
AC096677.1,,0,unmapped,False
AC096772.6,,0,unmapped,False
AC097495.2,,0,unmapped,False
AC097500.2,,0,unmapped,False
AC097523.1,,0,unmapped,False
AC097523.3,,0,unmapped,False
AC097533.1,,0,unmapped,False
AC097639.8,,0,unmapped,False
AC097658.1,,0,unmapped,False
AC097662.2,,0,unmapped,False
AC097713.4,,0,unmapped,False
AC097721.2,,0,unmapped,False
AC097724.3,,0,unmapped,False
AC098474.1,,0,unmapped,False
AC098614.2,,0,unmapped,False
AC098617.1,,0,unmapped,False
AC098820.3,,0,unmapped,False
AC098823.3,,0,unmapped,False
AC098824.6,,0,unmapped,False
AC098831.4,,0,unmapped,False
AC099522.2,,0,unmapped,False
AC099535.4,,0,unmapped,False
AC099850.1,,0,unmapped,False
AC100830.3,,0,unmapped,False
AC100830.4,,0,unmapped,False
AC103563.8,,0,unmapped,False
AC103801.2,,0,unmapped,False
AC104088.1,,0,unmapped,False
AC104135.2,,0,unmapped,False
AC104135.4,,0,unmapped,False
AC104297.1,,0,unmapped,False
AC104634.3,,0,unmapped,False
AC104651.1,,0,unmapped,False
AC104651.2,,0,unmapped,False
AC104653.1,,0,unmapped,False
AC104809.3,,0,unmapped,False
AC104809.4,,0,unmapped,False
AC104820.2,,0,unmapped,False
AC104841.2,,0,unmapped,False
AC104843.3,,0,unmapped,False
AC104978.1,,0,unmapped,False
AC105020.1,,0,unmapped,False
AC105053.4,,0,unmapped,False
AC105399.2,,0,unmapped,False
AC105402.4,,0,unmapped,False
AC105760.2,,0,unmapped,False
AC106900.6,,0,unmapped,False
AC107982.4,,0,unmapped,False
AC107983.4,,0,unmapped,False
AC108004.3,,0,unmapped,False
AC108059.1,,0,unmapped,False
AC108448.2,,0,unmapped,False
AC108463.2,,0,unmapped,False
AC108479.2,,0,unmapped,False
AC108488.4,,0,unmapped,False
AC108676.1,,0,unmapped,False
AC109333.10,,0,unmapped,False
AC109826.1,,0,unmapped,False
AC111155.1,,0,unmapped,False
AC111200.7,,0,unmapped,False
AC113189.5,,0,unmapped,False
AC114730.2,,0,unmapped,False
AC114730.3,,0,unmapped,False
AC114730.5,,0,unmapped,False
AC114730.8,,0,unmapped,False
AC114755.7,,0,unmapped,False
AC114776.1,,0,unmapped,False
AC115617.2,,0,unmapped,False
AC115618.1,,0,unmapped,False
AC116366.5,,0,unmapped,False
AC116366.6,,0,unmapped,False
AC116614.1,,0,unmapped,False
AC118138.2,,0,unmapped,False
AC118278.1,,0,unmapped,False
AC118754.4,,0,unmapped,False
AC119673.1,,0,unmapped,False
AC120194.1,,0,unmapped,False
AC123768.3,,0,unmapped,False
AC123768.4,,0,unmapped,False
AC124890.1,,0,unmapped,False
AC124944.3,,0,unmapped,False
AC125232.1,,0,unmapped,False
AC125238.2,,0,unmapped,False
AC126365.1,,0,unmapped,False
AC127496.1,,0,unmapped,False
AC127904.2,,0,unmapped,False
AC129492.6,,0,unmapped,False
AC131097.3,,0,unmapped,False
AC132186.1,,0,unmapped,False
AC132192.1,,0,unmapped,False
AC132872.1,,0,unmapped,False
AC132872.2,,0,unmapped,False
AC133528.2,,0,unmapped,False
AC135178.1,,0,unmapped,False
AC136289.1,,0,unmapped,False
AC137932.1,,0,unmapped,False
AC137932.5,,0,unmapped,False
AC137932.6,,0,unmapped,False
AC137934.1,,0,unmapped,False
AC138035.2,,0,unmapped,False
AC138123.2,,0,unmapped,False
AC138517.4,,0,unmapped,False
AC138623.1,,0,unmapped,False
AC138649.1,,0,unmapped,False
AC138655.4,,0,unmapped,False
AC138744.2,,0,unmapped,False
AC138783.12,,0,unmapped,False
AC139099.3,,0,unmapped,False
AC139100.2,,0,unmapped,False
AC139426.2,,0,unmapped,False
AC139452.2,,0,unmapped,False
AC139712.2,,0,unmapped,False
AC139887.4,,0,unmapped,False
AC140076.1,,0,unmapped,False
AC141586.5,,0,unmapped,False
AC141928.1,,0,unmapped,False
AC142381.1,,0,unmapped,False
AC142528.1,,0,unmapped,False
AC144521.1,,0,unmapped,False
AC144530.1,,0,unmapped,False
AC144652.1,,0,unmapped,False
AC144831.1,,0,unmapped,False
AC145212.1,,0,unmapped,False
AC145212.3,,0,unmapped,False
AC147651.3,,0,unmapped,False
AC147651.4,,0,unmapped,False
AC156455.1,,0,unmapped,False
AC159540.1,,0,unmapped,False
AC187652.1,,0,unmapped,False
AC195454.1,,0,unmapped,False
AC226118.1,,0,unmapped,False
ACAA1,P09110,1,HGNC_symbol,False
ACAA2,P42765,1,HGNC_symbol,True
ACACA,Q13085,1,HGNC_symbol,False
ACACB,O00763,1,HGNC_symbol,False
ACAD10,Q6JQN1,1,HGNC_symbol,False
ACAD11,Q709F0,1,HGNC_symbol,True
ACAD8,Q9UKU7,1,HGNC_symbol,False
ACAD9,Q9H845,1,HGNC_symbol,False
ACADL,P28330,1,HGNC_symbol,True
ACADM,P11310,1,HGNC_symbol,True
ACADS,P16219,1,HGNC_symbol,False
ACADSB,P45954,1,HGNC_symbol,True
ACADVL,P49748,1,HGNC_symbol,False
ACAN,P16112,1,HGNC_symbol,False
ACAP1,Q15027,1,HGNC_symbol,False
ACAP2,Q15057,1,HGNC_symbol,True
ACAP2-IT1,,0,unmapped,False
ACAP3,Q96P50,1,HGNC_symbol,False
ACAT1,P24752,1,HGNC_symbol,True
ACAT2,Q9BWD1,1,HGNC_symbol,False
ACBD3,Q9H3P7,1,HGNC_symbol,False
ACBD4,Q8NC06,1,HGNC_symbol,False
ACBD5,Q5T8D3,1,HGNC_symbol,True
ACBD6,Q9BR61,1,HGNC_symbol,True
ACBD7,Q8N6N7,1,HGNC_symbol,True
ACCS,Q96QU6,1,HGNC_symbol,False
ACCSL,Q4AC99,1,HGNC_symbol,False
ACD,Q96AP0,1,HGNC_symbol,False
ACE,P12821,1,HGNC_symbol,False
ACE2,Q9BYF1,1,HGNC_symbol,True
ACER1,Q8TDN7,1,HGNC_symbol,False
ACER2,Q5QJU3,1,HGNC_symbol,False
ACER3,Q9NUN7,1,HGNC_symbol,True
ACHE,P22303,1,HGNC_symbol,False
ACIN1,Q9UKV3,1,HGNC_symbol,False
ACKR1,Q16570,1,HGNC_symbol,True
ACKR2,O00590,1,HGNC_symbol,False
ACKR3,P25106,1,HGNC_symbol,False
ACKR4,Q9NPB9,1,HGNC_symbol,True
ACLY,P53396,1,HGNC_symbol,False
ACMSD,Q8TDX5,1,HGNC_symbol,False
ACN9,57001,5,STRING_alias,False
ACO1,P21399,1,HGNC_symbol,True
ACO2,Q99798,1,HGNC_symbol,False
ACOD1,A6NK06,1,HGNC_symbol,False
ACOT1,Q86TX2,1,HGNC_symbol,True
ACOT11,Q8WXI4,1,HGNC_symbol,False
ACOT12,Q8WYK0,1,HGNC_symbol,False
ACOT13,Q9NPJ3,1,HGNC_symbol,True
ACOT2,P49753,1,HGNC_symbol,True
ACOT4,Q8N9L9,1,HGNC_symbol,True
ACOT6,Q3I5F7,1,HGNC_symbol,True
ACOT7,O00154,1,HGNC_symbol,True
ACOT8,O14734,1,HGNC_symbol,False
ACOT9,Q9Y305,1,HGNC_symbol,True
ACOX1,Q15067,1,HGNC_symbol,False
ACOX2,Q99424,1,HGNC_symbol,True
ACOX3,O15254,1,HGNC_symbol,False
ACOXL,Q9NUZ1,1,HGNC_symbol,True
ACP1,P24666,1,HGNC_symbol,False
ACP2,P11117,1,HGNC_symbol,True
ACP3,P15309,1,HGNC_symbol,True
ACP4,Q9BZG2,1,HGNC_symbol,False
ACP5,P13686,1,HGNC_symbol,False
ACP6,Q9NPH0,1,HGNC_symbol,False
ACP7,Q6ZNF0,1,HGNC_symbol,False
ACPL2,2-phosphoxylose phosphatase 1,5,STRING_alias,False
ACPP,1CVI,5,STRING_alias,False
ACR,P10323,1,HGNC_symbol,False
ACRBP,Q8NEB7,1,HGNC_symbol,True
ACRC,93953,5,STRING_alias,False
ACRV1,P26436,1,HGNC_symbol,True
ACSBG1,Q96GR2,1,HGNC_symbol,False
ACSBG2,Q5FVE4,1,HGNC_symbol,False
ACSF2,Q96CM8,1,HGNC_symbol,True
ACSF3,Q4G176,1,HGNC_symbol,False
ACSL1,P33121,1,HGNC_symbol,True
ACSL3,O95573,1,HGNC_symbol,False
ACSL4,O60488,1,HGNC_symbol,False
ACSL5,Q9ULC5,1,HGNC_symbol,False
ACSL6,Q9UKU0,1,HGNC_symbol,False
ACSM1,Q08AH1,1,HGNC_symbol,True
ACSM2A,Q08AH3,1,HGNC_symbol,True
ACSM2B,Q68CK6,1,HGNC_symbol,False
ACSM3,Q53FZ2,1,HGNC_symbol,False
ACSM4,P0C7M7,1,HGNC_symbol,False
ACSM5,Q6NUN0,1,HGNC_symbol,False
ACSM6,Q6P461,1,HGNC_symbol,False
ACSS1,Q9NUB1,1,HGNC_symbol,False
ACSS2,Q9NR19,1,HGNC_symbol,False
ACSS3,Q9H6R3,1,HGNC_symbol,False
ACTA1,P68133,1,HGNC_symbol,False
ACTA2,P62736,1,HGNC_symbol,True
ACTA2-AS1,,0,unmapped,False
ACTB,P60709,1,HGNC_symbol,False
ACTBL2,Q562R1,1,HGNC_symbol,False
ACTBP1,,0,unmapped,False
ACTBP11,,0,unmapped,False
ACTBP2,,0,unmapped,False
ACTBP7,,0,unmapped,False
ACTBP8,,0,unmapped,False
ACTBP9,,0,unmapped,False
ACTC1,P68032,1,HGNC_symbol,False
ACTG1,P63261,1,HGNC_symbol,False
ACTG1P1,,0,unmapped,False
ACTG1P3,,0,unmapped,False
ACTG1P9,,0,unmapped,False
ACTG2,P63267,1,HGNC_symbol,False
ACTL10,Q5JWF8,1,HGNC_symbol,False
ACTL6A,O96019,1,HGNC_symbol,False
ACTL6B,O94805,1,HGNC_symbol,False
ACTL7A,Q9Y615,1,HGNC_symbol,True
ACTL7B,Q9Y614,1,HGNC_symbol,False
ACTL8,Q9H568,1,HGNC_symbol,False
ACTL9,Q8TC94,1,HGNC_symbol,False
ACTMAP,Q5BKX5,1,HGNC_symbol,False
ACTN1,P12814,1,HGNC_symbol,False
ACTN1-AS1,,0,unmapped,False
ACTN2,P35609,1,HGNC_symbol,False
ACTN3,Q08043,1,HGNC_symbol,False
ACTN4,O43707,1,HGNC_symbol,True
ACTN4P1,,0,unmapped,False
ACTR10,Q9NZ32,1,HGNC_symbol,False
ACTR1A,P61163,1,HGNC_symbol,True
ACTR1B,P42025,1,HGNC_symbol,False
ACTR2,P61160,1,HGNC_symbol,False
ACTR3,P61158,1,HGNC_symbol,False
ACTR3B,Q9P1U1,1,HGNC_symbol,False
ACTR3C,Q9C0K3,1,HGNC_symbol,False
ACTR3P2,,0,unmapped,False
ACTR5,Q9H9F9,1,HGNC_symbol,False
ACTR6,Q9GZN1,1,HGNC_symbol,False
ACTR8,Q9H981,1,HGNC_symbol,True
ACTRT1,Q8TDG2,1,HGNC_symbol,False
ACTRT2,Q8TDY3,1,HGNC_symbol,True
ACTRT3,Q9BYD9,1,HGNC_symbol,True
ACVR1,Q04771,1,HGNC_symbol,False
ACVR1B,P36896,1,HGNC_symbol,True
ACVR1C,Q8NER5,1,HGNC_symbol,True
ACVR2A,P27037,1,HGNC_symbol,False
ACVR2B,Q13705,1,HGNC_symbol,False
ACVR2B-AS1,,0,unmapped,False
ACVRL1,P37023,1,HGNC_symbol,False
ACY1,Q03154,1,HGNC_symbol,False
ACY3,Q96HD9,1,HGNC_symbol,True
ACYP1,P07311,1,HGNC_symbol,False
ACYP2,P14621,1,HGNC_symbol,False
AD000090.2,,0,unmapped,False
AD000092.3,,0,unmapped,False
ADA,P00813,1,HGNC_symbol,True
ADA2,Q9NZK5,1,HGNC_symbol,True
ADAD1,Q96M93,1,HGNC_symbol,False
ADAD2,Q8NCV1,1,HGNC_symbol,False
ADAL,161823,5,STRING_alias,False
ADAM10,O14672,1,HGNC_symbol,False
ADAM11,O75078,1,HGNC_symbol,True
ADAM12,O43184,1,HGNC_symbol,False
ADAM15,Q13444,1,HGNC_symbol,False
ADAM17,P78536,1,HGNC_symbol,False
ADAM18,Q9Y3Q7,1,HGNC_symbol,True
ADAM19,Q9H013,1,HGNC_symbol,True
ADAM1A,,0,unmapped,False
ADAM2,Q99965,1,HGNC_symbol,False
ADAM20,O43506,1,HGNC_symbol,True
ADAM21,Q9UKJ8,1,HGNC_symbol,True
ADAM22,Q9P0K1,1,HGNC_symbol,True
ADAM23,O75077,1,HGNC_symbol,False
ADAM28,Q9UKQ2,1,HGNC_symbol,True
ADAM29,Q9UKF5,1,HGNC_symbol,False
ADAM30,Q9UKF2,1,HGNC_symbol,False
ADAM32,Q8TC27,1,HGNC_symbol,True
ADAM33,Q9BZ11,1,HGNC_symbol,True
ADAM7,Q9H2U9,1,HGNC_symbol,False
ADAM8,P78325,1,HGNC_symbol,False
ADAM9,Q13443,1,HGNC_symbol,False
ADAMDEC1,O15204,1,HGNC_symbol,False
ADAMTS1,Q9UHI8,1,HGNC_symbol,False
ADAMTS10,Q9H324,1,HGNC_symbol,False
ADAMTS12,P58397,1,HGNC_symbol,False
ADAMTS13,Q76LX8,1,HGNC_symbol,False
ADAMTS14,Q8WXS8,1,HGNC_symbol,False
ADAMTS15,Q8TE58,1,HGNC_symbol,False
ADAMTS16,Q8TE57,1,HGNC_symbol,False
ADAMTS17,Q8TE56,1,HGNC_symbol,False
ADAMTS18,Q8TE60,1,HGNC_symbol,False
ADAMTS19,Q8TE59,1,HGNC_symbol,False
ADAMTS2,O95450,1,HGNC_symbol,False
ADAMTS20,P59510,1,HGNC_symbol,False
ADAMTS3,O15072,1,HGNC_symbol,False
ADAMTS4,O75173,1,HGNC_symbol,False
ADAMTS5,Q9UNA0,1,HGNC_symbol,False
ADAMTS6,Q9UKP5,1,HGNC_symbol,False
ADAMTS7,Q9UKP4,1,HGNC_symbol,False
ADAMTS7P4,,0,unmapped,False
ADAMTS8,Q9UP79,1,HGNC_symbol,True
ADAMTS9,Q9P2N4,1,HGNC_symbol,False
ADAMTSL1,Q8N6G6,1,HGNC_symbol,False
ADAMTSL2,Q86TH1,1,HGNC_symbol,False
ADAMTSL3,P82987,1,HGNC_symbol,False
ADAMTSL4,Q6UY14,1,HGNC_symbol,False
ADAMTSL4-AS1,Q5T5F5,1,HGNC_symbol,False
ADAMTSL5,Q6ZMM2,1,HGNC_symbol,False
ADAP1,O75689,1,HGNC_symbol,True
ADAP2,Q9NPF8,1,HGNC_symbol,False
ADAR,P55265,1,HGNC_symbol,False
ADARB1,P78563,1,HGNC_symbol,True
ADARB2,Q9NS39,1,HGNC_symbol,False
ADAT1,Q9BUB4,1,HGNC_symbol,True
ADAT2,Q7Z6V5,1,HGNC_symbol,True
ADAT3,Q96EY9,1,HGNC_symbol,False
ADC,339896,5,STRING_alias,False
ADCK1,Q86TW2,1,HGNC_symbol,True
ADCK2,Q7Z695,1,HGNC_symbol,False
ADCK3,2.7.-.-,5,STRING_alias,False
ADCK4,2.7.-.-,5,STRING_alias,False
ADCK5,Q3MIX3,1,HGNC_symbol,False
ADCY1,Q08828,1,HGNC_symbol,False
ADCY10,Q96PN6,1,HGNC_symbol,False
ADCY10P1,,0,unmapped,False
ADCY2,Q08462,1,HGNC_symbol,False
ADCY3,O60266,1,HGNC_symbol,False
ADCY4,Q8NFM4,1,HGNC_symbol,False
ADCY5,O95622,1,HGNC_symbol,False
ADCY6,O43306,1,HGNC_symbol,False
ADCY7,P51828,1,HGNC_symbol,False
ADCY8,P40145,1,HGNC_symbol,False
ADCY9,O60503,1,HGNC_symbol,False
ADCYAP1,P18509,1,HGNC_symbol,True
ADCYAP1R1,P41586,1,HGNC_symbol,False
ADD1,P35611,1,HGNC_symbol,True
ADD2,P35612,1,HGNC_symbol,True
ADD3,Q9UEY8,1,HGNC_symbol,True
ADGB,Q8N7X0,1,HGNC_symbol,False
ADGRA1,Q86SQ6,1,HGNC_symbol,True
ADGRA2,Q96PE1,1,HGNC_symbol,False
ADGRA3,Q8IWK6,1,HGNC_symbol,False
ADGRB1,O14514,1,HGNC_symbol,False
ADGRB2,O60241,1,HGNC_symbol,False
ADGRB3,O60242,1,HGNC_symbol,False
ADGRD1,Q6QNK2,1,HGNC_symbol,False
ADGRD2,Q7Z7M1,1,HGNC_symbol,True
ADGRE1,Q14246,1,HGNC_symbol,False
ADGRE2,Q9UHX3,1,HGNC_symbol,False
ADGRE3,Q9BY15,1,HGNC_symbol,True
ADGRE5,P48960,1,HGNC_symbol,False
ADGRF1,Q5T601,1,HGNC_symbol,False
ADGRF3,Q8IZF5,1,HGNC_symbol,False
ADGRF4,Q8IZF3,1,HGNC_symbol,True
ADGRF5,Q8IZF2,1,HGNC_symbol,False
ADGRG1,Q9Y653,1,HGNC_symbol,False
ADGRG2,Q8IZP9,1,HGNC_symbol,True
ADGRG3,Q86Y34,1,HGNC_symbol,False
ADGRG4,Q8IZF6,1,HGNC_symbol,False
ADGRG5,Q8IZF4,1,HGNC_symbol,False
ADGRG6,Q86SQ4,1,HGNC_symbol,False
ADGRG7,Q96K78,1,HGNC_symbol,False
ADGRL1,O94910,1,HGNC_symbol,False
ADGRL2,O95490,1,HGNC_symbol,False
ADGRL3,Q9HAR2,1,HGNC_symbol,False
ADGRL4,Q9HBW9,1,HGNC_symbol,False
ADGRV1,Q8WXG9,1,HGNC_symbol,False
ADH1A,P07327,1,HGNC_symbol,True
ADH1B,P00325,1,HGNC_symbol,True
ADH1C,P00326,1,HGNC_symbol,True
ADH4,P08319,1,HGNC_symbol,False
ADH5,P11766,1,HGNC_symbol,True
ADH5P4,,0,unmapped,False
ADH6,P28332,1,HGNC_symbol,False
ADH7,P40394,1,HGNC_symbol,False
ADHFE1,Q8IWW8,1,HGNC_symbol,False
ADI1,Q9BV57,1,HGNC_symbol,False
ADIG,Q0VDE8,1,HGNC_symbol,False
ADIPOQ,Q15848,1,HGNC_symbol,True
ADIPOR1,Q96A54,1,HGNC_symbol,True
ADIPOR2,Q86V24,1,HGNC_symbol,False
ADIRF,Q15847,1,HGNC_symbol,False
ADIRF-AS1,,0,unmapped,False
ADISSP,Q9GZN8,1,HGNC_symbol,False
ADK,P55263,1,HGNC_symbol,False
ADM,P35318,1,HGNC_symbol,True
ADM2,Q7Z4H4,1,HGNC_symbol,False
ADM5,C9JUS6,1,HGNC_symbol,False
ADNP,Q9H2P0,1,HGNC_symbol,False
ADNP2,Q6IQ32,1,HGNC_symbol,False
ADO,Q96SZ5,1,HGNC_symbol,True
ADORA1,P30542,1,HGNC_symbol,True
ADORA2A,P29274,1,HGNC_symbol,True
ADORA2A-AS1,P86434,1,HGNC_symbol,False
ADORA2B,P29275,1,HGNC_symbol,False
ADORA3,P0DMS8,1,HGNC_symbol,True
ADPGK,Q9BRR6,1,HGNC_symbol,True
ADPGK-AS1,,0,unmapped,False
ADPRH,P54922,1,HGNC_symbol,False
ADPRHL1,Q8NDY3,1,HGNC_symbol,True
ADPRHL2,2FOZ,5,STRING_alias,False
ADPRM,Q3LIE5,1,HGNC_symbol,True
ADPRS,Q9NX46,1,HGNC_symbol,False
ADRA1A,P35348,1,HGNC_symbol,True
ADRA1B,P35368,1,HGNC_symbol,True
ADRA1D,P25100,1,HGNC_symbol,True
ADRA2A,P08913,1,HGNC_symbol,True
ADRA2B,P18089,1,HGNC_symbol,False
ADRA2C,P18825,1,HGNC_symbol,True
ADRB1,P08588,1,HGNC_symbol,True
ADRB2,P07550,1,HGNC_symbol,False
ADRB3,P13945,1,HGNC_symbol,True
ADRBK1,156,5,STRING_alias,False
ADRBK2,157,5,STRING_alias,False
ADRM1,Q16186,1,HGNC_symbol,True
ADSL,P30566,1,HGNC_symbol,True
ADSS,159,5,STRING_alias,False
ADSS1,Q8N142,1,HGNC_symbol,False
ADSS2,P30520,1,HGNC_symbol,False
ADSSL1,122622,5,STRING_alias,False
ADTRP,Q96IZ2,1,HGNC_symbol,False
AE000658.25,,0,unmapped,False
AE000661.37,,0,unmapped,False
AE000662.92,,0,unmapped,False
AEBP1,Q8IUX7,1,HGNC_symbol,False
AEBP2,Q6ZN18,1,HGNC_symbol,True
AEN,Q8WTP8,1,HGNC_symbol,True
AES,166,5,STRING_alias,False
AF001548.5,,0,unmapped,False
AF001548.6,,0,unmapped,False
AF011889.2,,0,unmapped,False
AF064858.11,,0,unmapped,False
AF064858.6,,0,unmapped,False
AF064858.7,,0,unmapped,False
AF064858.8,,0,unmapped,False
AF127936.5,,0,unmapped,False
AF127936.7,,0,unmapped,False
AF129075.5,,0,unmapped,False
AF131215.2,,0,unmapped,False
AF131215.3,,0,unmapped,False
AF131215.4,,0,unmapped,False
AF131215.5,,0,unmapped,False
AF131215.9,,0,unmapped,False
AF131217.1,,0,unmapped,False
AF146191.4,,0,unmapped,False
AF196970.3,,0,unmapped,False
AF196972.4,,0,unmapped,False
AF213884.2,,0,unmapped,False
AFAP1,Q8N556,1,HGNC_symbol,False
AFAP1-AS1,,0,unmapped,False
AFAP1L1,Q8TED9,1,HGNC_symbol,False
AFAP1L2,Q8N4X5,1,HGNC_symbol,True
AFDN,P55196,1,HGNC_symbol,False
AFF1,P51825,1,HGNC_symbol,False
AFF2,P51816,1,HGNC_symbol,False
AFF3,P51826,1,HGNC_symbol,False
AFF4,Q9UHB7,1,HGNC_symbol,False
AFG1L,Q8WV93,1,HGNC_symbol,False
AFG2A,Q8NB90,1,HGNC_symbol,False
AFG2B,Q9BVQ7,1,HGNC_symbol,False
AFG3L1P,,0,unmapped,False
AFG3L2,Q9Y4W6,1,HGNC_symbol,False
AFG3L2P1,,0,unmapped,False
AFM,P43652,1,HGNC_symbol,True
AFMID,Q63HM1,1,HGNC_symbol,False
AFP,P02771,1,HGNC_symbol,False
AFTPH,Q6ULP2,1,HGNC_symbol,False
AGA,P20933,1,HGNC_symbol,False
AGAP1,Q9UPQ3,1,HGNC_symbol,False
AGAP10,,0,unmapped,False
AGAP2,Q99490,1,HGNC_symbol,False
AGAP2-AS1,,0,unmapped,False
AGAP3,Q96P47,1,HGNC_symbol,False
AGAP4,Q96P64,1,HGNC_symbol,True
AGAP5,A6NIR3,1,HGNC_symbol,False
AGAP6,Q5VW22,1,HGNC_symbol,True
AGAP7,,0,unmapped,False
AGAP8,119016,5,STRING_alias,False
AGAP9,Q5VTM2,1,HGNC_symbol,False
AGBL1,Q96MI9,1,HGNC_symbol,False
AGBL2,Q5U5Z8,1,HGNC_symbol,True
AGBL3,Q8NEM8,1,HGNC_symbol,False
AGBL4,Q5VU57,1,HGNC_symbol,False
AGBL5,Q8NDL9,1,HGNC_symbol,False
AGER,Q15109,1,HGNC_symbol,False
AGFG1,P52594,1,HGNC_symbol,True
AGFG2,O95081,1,HGNC_symbol,False
AGGF1,Q8N302,1,HGNC_symbol,True
AGGF1P1,,0,unmapped,False
AGGF1P2,,0,unmapped,False
AGK,Q53H12,1,HGNC_symbol,False
AGL,P35573,1,HGNC_symbol,False
AGMAT,Q9BSE5,1,HGNC_symbol,True
AGMO,Q6ZNB7,1,HGNC_symbol,False
AGO1,Q9UL18,1,HGNC_symbol,True
AGO2,Q9UKV8,1,HGNC_symbol,True
AGO3,Q9H9G7,1,HGNC_symbol,True
AGO4,Q9HCK5,1,HGNC_symbol,False
AGPAT1,Q99943,1,HGNC_symbol,False
AGPAT2,O15120,1,HGNC_symbol,True
AGPAT3,Q9NRZ7,1,HGNC_symbol,True
AGPAT4,Q9NRZ5,1,HGNC_symbol,False
AGPAT5,Q9NUQ2,1,HGNC_symbol,True
AGPAT6,1-AGP acyltransferase 6,5,STRING_alias,False
AGPAT9,1-AGP acyltransferase 9,5,STRING_alias,False
AGPS,O00116,1,HGNC_symbol,False
AGR2,O95994,1,HGNC_symbol,False
AGR3,Q8TD06,1,HGNC_symbol,True
AGRN,O00468,1,HGNC_symbol,False
AGRP,O00253,1,HGNC_symbol,True
AGT,P01019,1,HGNC_symbol,False
AGTPBP1,Q9UPW5,1,HGNC_symbol,False
AGTR1,P30556,1,HGNC_symbol,False
AGTR2,P50052,1,HGNC_symbol,False
AGTRAP,Q6RW13,1,HGNC_symbol,False
AGXT,P21549,1,HGNC_symbol,False
AGXT2,Q9BYV1,1,HGNC_symbol,False
AHCTF1,Q8WYP5,1,HGNC_symbol,False
AHCTF1P1,,0,unmapped,False
AHCY,P23526,1,HGNC_symbol,False
AHCYL1,O43865,1,HGNC_symbol,False
AHCYL2,Q96HN2,1,HGNC_symbol,False
AHCYP1,,0,unmapped,False
AHDC1,Q5TGY3,1,HGNC_symbol,False
AHI1,Q8N157,1,HGNC_symbol,False
AHNAK,Q09666,1,HGNC_symbol,False
AHNAK2,Q8IVF2,1,HGNC_symbol,False
AHR,P35869,1,HGNC_symbol,False
AHRR,A9YTQ3,1,HGNC_symbol,True
AHSA1,O95433,1,HGNC_symbol,True
AHSA2,,0,unmapped,False
AHSG,P02765,1,HGNC_symbol,True
AHSP,Q9NZD4,1,HGNC_symbol,True
AICDA,Q9GZX7,1,HGNC_symbol,False
AIDA,Q96BJ3,1,HGNC_symbol,False
AIF1,P55008,1,HGNC_symbol,True
AIF1L,Q9BQI0,1,HGNC_symbol,False
AIFM1,O95831,1,HGNC_symbol,True
AIFM2,Q9BRQ8,1,HGNC_symbol,False
AIFM3,Q96NN9,1,HGNC_symbol,True
AIG1,Q9NVV5,1,HGNC_symbol,True
AIM1,51151,5,STRING_alias,False
AIM1L,55057,5,STRING_alias,False
AIM2,O14862,1,HGNC_symbol,True
AIMP1,Q12904,1,HGNC_symbol,False
AIMP2,Q13155,1,HGNC_symbol,False
AIP,O00170,1,HGNC_symbol,False
AIPL1,Q9NZN9,1,HGNC_symbol,False
AIRE,O43918,1,HGNC_symbol,False
AIRIM,Q9NX04,1,HGNC_symbol,True
AJ006998.2,,0,unmapped,False
AJAP1,Q9UKB5,1,HGNC_symbol,False
AJM1,C9J069,1,HGNC_symbol,False
AJUBA,Q96IF1,1,HGNC_symbol,False
AK1,P00568,1,HGNC_symbol,False
AK2,P54819,1,HGNC_symbol,True
AK2P2,,0,unmapped,False
AK3,Q9UIJ7,1,HGNC_symbol,False
AK3P3,,0,unmapped,False
AK4,P27144,1,HGNC_symbol,False
AK4P1,,0,unmapped,False
AK5,Q9Y6K8,1,HGNC_symbol,True
AK6,Q9Y3D8,1,HGNC_symbol,False
AK7,Q96M32,1,HGNC_symbol,True
AK8,Q96MA6,1,HGNC_symbol,False
AK9,Q5TCS8,1,HGNC_symbol,False
AKAIN1,P0CW23,1,HGNC_symbol,True
AKAP1,Q92667,1,HGNC_symbol,True
AKAP10,O43572,1,HGNC_symbol,True
AKAP11,Q9UKA4,1,HGNC_symbol,False
AKAP12,Q02952,1,HGNC_symbol,False
AKAP13,Q12802,1,HGNC_symbol,False
AKAP14,Q86UN6,1,HGNC_symbol,False
AKAP17A,Q02040,1,HGNC_symbol,False
AKAP2,445815,5,STRING_alias,False
AKAP3,O75969,1,HGNC_symbol,True
AKAP4,Q5JQC9,1,HGNC_symbol,False
AKAP5,P24588,1,HGNC_symbol,True
AKAP6,Q13023,1,HGNC_symbol,False
AKAP7,Q9P0M2,1,HGNC_symbol,False
AKAP8,O43823,1,HGNC_symbol,False
AKAP8L,Q9ULX6,1,HGNC_symbol,True
AKAP9,Q99996,1,HGNC_symbol,False
AKIP1,Q9NQ31,1,HGNC_symbol,False
AKIRIN1,Q9H9L7,1,HGNC_symbol,False
AKIRIN2,Q53H80,1,HGNC_symbol,False
AKNA,Q7Z591,1,HGNC_symbol,False
AKNAD1,Q5T1N1,1,HGNC_symbol,False
AKR1A1,P14550,1,HGNC_symbol,True
AKR1B1,P15121,1,HGNC_symbol,False
AKR1B10,O60218,1,HGNC_symbol,True
AKR1B15,C9JRZ8,1,HGNC_symbol,True
AKR1C1,Q04828,1,HGNC_symbol,False
AKR1C2,P52895,1,HGNC_symbol,False
AKR1C3,P42330,1,HGNC_symbol,False
AKR1C4,P17516,1,HGNC_symbol,True
AKR1C6P,,0,unmapped,False
AKR1C7P,,0,unmapped,False
AKR1C8,Q5T2L2,1,HGNC_symbol,True
AKR1D1,P51857,1,HGNC_symbol,False
AKR1E2,Q96JD6,1,HGNC_symbol,False
AKR7A2,O43488,1,HGNC_symbol,False
AKR7A3,O95154,1,HGNC_symbol,False
AKR7L,Q8NHP1,1,HGNC_symbol,True
AKT1,P31749,1,HGNC_symbol,False
AKT1S1,Q96B36,1,HGNC_symbol,False
AKT2,P31751,1,HGNC_symbol,True
AKT3,Q9Y243,1,HGNC_symbol,False
AKT3-IT1,,0,unmapped,False
AKTIP,Q9H8T0,1,HGNC_symbol,False
AL020996.1,,0,unmapped,False
AL021068.1,,0,unmapped,False
AL022341.3,,0,unmapped,False
AL031663.2,,0,unmapped,False
AL049542.1,,0,unmapped,False
AL049758.2,,0,unmapped,False
AL049829.1,,0,unmapped,False
AL049840.1,,0,unmapped,False
AL109806.1,,0,unmapped,False
AL118506.1,,0,unmapped,False
AL122127.1,,0,unmapped,False
AL122127.2,,0,unmapped,False
AL122127.25,,0,unmapped,False
AL122127.3,,0,unmapped,False
AL122127.4,,0,unmapped,False
AL133245.2,,0,unmapped,False
AL133458.1,,0,unmapped,False
AL133493.2,,0,unmapped,False
AL136376.1,,0,unmapped,False
AL136419.6,,0,unmapped,False
AL137059.1,,0,unmapped,False
AL137127.1,,0,unmapped,False
AL139099.1,,0,unmapped,False
AL139377.1,,0,unmapped,False
AL157871.2,,0,unmapped,False
AL161626.1,,0,unmapped,False
AL161645.2,,0,unmapped,False
AL161915.1,,0,unmapped,False
AL162151.3,,0,unmapped,False
AL163953.3,,0,unmapped,False
AL353354.1,,0,unmapped,False
AL353671.3,,0,unmapped,False
AL353898.2,,0,unmapped,False
AL354718.1,,0,unmapped,False
AL354822.1,,0,unmapped,False
AL355490.1,,0,unmapped,False
AL356585.2,,0,unmapped,False
AL356585.3,,0,unmapped,False
AL356776.1,,0,unmapped,False
AL357673.1,,0,unmapped,False
AL358813.1,,0,unmapped,False
AL359091.2,,0,unmapped,False
AL359195.1,,0,unmapped,False
AL390877.1,,0,unmapped,False
AL391994.1,,0,unmapped,False
AL392086.1,,0,unmapped,False
AL441883.1,,0,unmapped,False
AL450992.2,,0,unmapped,False
AL512428.1,,0,unmapped,False
AL589743.1,,0,unmapped,False
AL590431.1,,0,unmapped,False
AL590452.1,,0,unmapped,False
AL590560.1,,0,unmapped,False
AL590714.1,,0,unmapped,False
AL590762.11,,0,unmapped,False
AL590762.6,,0,unmapped,False
AL590822.2,,0,unmapped,False
AL591025.1,,0,unmapped,False
AL591479.1,,0,unmapped,False
AL591704.5,,0,unmapped,False
AL592183.1,,0,unmapped,False
AL592188.3,,0,unmapped,False
AL592188.7,,0,unmapped,False
AL592284.1,,0,unmapped,False
AL592494.5,,0,unmapped,False
AL603926.1,,0,unmapped,False
AL627309.1,,0,unmapped,False
AL645728.1,,0,unmapped,False
AL662800.1,,0,unmapped,False
AL672183.2,,0,unmapped,False
AL713999.1,,0,unmapped,False
AL773604.8,,0,unmapped,False
AL807752.1,,0,unmapped,False
AL928768.3,,0,unmapped,False
ALAD,P13716,1,HGNC_symbol,True
ALAS1,P13196,1,HGNC_symbol,True
ALAS2,P22557,1,HGNC_symbol,False
ALB,P02768,1,HGNC_symbol,False
ALCAM,Q13740,1,HGNC_symbol,False
ALDH16A1,Q8IZ83,1,HGNC_symbol,True
ALDH18A1,P54886,1,HGNC_symbol,False
ALDH1A1,P00352,1,HGNC_symbol,True
ALDH1A2,O94788,1,HGNC_symbol,False
ALDH1A3,P47895,1,HGNC_symbol,False
ALDH1B1,P30837,1,HGNC_symbol,True
ALDH1L1,O75891,1,HGNC_symbol,False
ALDH1L2,Q3SY69,1,HGNC_symbol,False
ALDH2,P05091,1,HGNC_symbol,True
ALDH3A1,P30838,1,HGNC_symbol,False
ALDH3A2,P51648,1,HGNC_symbol,False
ALDH3B1,P43353,1,HGNC_symbol,True
ALDH3B2,P48448,1,HGNC_symbol,False
ALDH4A1,P30038,1,HGNC_symbol,False
ALDH5A1,P51649,1,HGNC_symbol,False
ALDH6A1,Q02252,1,HGNC_symbol,True
ALDH7A1,P49419,1,HGNC_symbol,False
ALDH7A1P1,,0,unmapped,False
ALDH8A1,Q9H2A2,1,HGNC_symbol,False
ALDH9A1,P49189,1,HGNC_symbol,False
ALDOA,P04075,1,HGNC_symbol,True
ALDOAP2,,0,unmapped,False
ALDOB,P05062,1,HGNC_symbol,True
ALDOC,P09972,1,HGNC_symbol,False
ALG1,Q9BT22,1,HGNC_symbol,False
ALG10,Q5BKT4,1,HGNC_symbol,False
ALG10B,Q5I7T1,1,HGNC_symbol,False
ALG11,Q2TAA5,1,HGNC_symbol,False
ALG12,Q9BV10,1,HGNC_symbol,False
ALG13,Q9NP73,1,HGNC_symbol,False
ALG14,Q96F25,1,HGNC_symbol,False
ALG1L10P,,0,unmapped,False
ALG1L13P,,0,unmapped,False
ALG1L15P,,0,unmapped,False
ALG1L2,C9J202,1,HGNC_symbol,False
ALG2,Q9H553,1,HGNC_symbol,False
ALG3,Q92685,1,HGNC_symbol,True
ALG5,Q9Y673,1,HGNC_symbol,True
ALG6,Q9Y672,1,HGNC_symbol,False
ALG8,Q9BVK2,1,HGNC_symbol,False
ALG9,Q9H6U8,1,HGNC_symbol,False
ALK,Q9UM73,1,HGNC_symbol,False
ALKAL1,Q6UXT8,1,HGNC_symbol,False
ALKAL2,Q6UX46,1,HGNC_symbol,True
ALKBH1,Q13686,1,HGNC_symbol,True
ALKBH2,Q6NS38,1,HGNC_symbol,True
ALKBH3,Q96Q83,1,HGNC_symbol,True
ALKBH4,Q9NXW9,1,HGNC_symbol,True
ALKBH5,Q6P6C2,1,HGNC_symbol,False
ALKBH6,Q3KRA9,1,HGNC_symbol,False
ALKBH7,Q9BT30,1,HGNC_symbol,False
ALKBH8,Q96BT7,1,HGNC_symbol,True
ALLC,Q8N6M5,1,HGNC_symbol,False
ALMS1,Q8TCU4,1,HGNC_symbol,False
ALMS1-IT1,,0,unmapped,False
ALMS1P,,0,unmapped,False
ALOX12,P18054,1,HGNC_symbol,False
ALOX12B,O75342,1,HGNC_symbol,False
ALOX12P2,,0,unmapped,False
ALOX15,P16050,1,HGNC_symbol,False
ALOX15B,O15296,1,HGNC_symbol,False
ALOX5,P09917,1,HGNC_symbol,False
ALOX5AP,P20292,1,HGNC_symbol,True
ALOXE3,Q9BYJ1,1,HGNC_symbol,True
ALPG,P10696,1,HGNC_symbol,False
ALPI,P09923,1,HGNC_symbol,False
ALPK1,Q96QP1,1,HGNC_symbol,False
ALPK2,Q86TB3,1,HGNC_symbol,False
ALPK3,Q96L96,1,HGNC_symbol,False
ALPL,P05186,1,HGNC_symbol,False
ALPP,P05187,1,HGNC_symbol,True
ALS2,Q96Q42,1,HGNC_symbol,False
ALS2CL,Q60I27,1,HGNC_symbol,True
ALS2CR12,FLACC1,5,STRING_alias,False
ALX1,Q15699,1,HGNC_symbol,False
ALX3,O95076,1,HGNC_symbol,True
ALX4,Q9H161,1,HGNC_symbol,False
ALYREF,Q86V81,1,HGNC_symbol,False
AMACR,Q9UHK6,1,HGNC_symbol,False
AMBN,Q9NP70,1,HGNC_symbol,False
AMBP,P02760,1,HGNC_symbol,False
AMBRA1,Q9C0C7,1,HGNC_symbol,False
AMD1,P17707,1,HGNC_symbol,False
AMDHD1,Q96NU7,1,HGNC_symbol,False
AMDHD2,Q9Y303,1,HGNC_symbol,False
AMDP1,,0,unmapped,False
AMELX,Q99217,1,HGNC_symbol,True
AMELY,Q99218,1,HGNC_symbol,False
AMER1,Q5JTC6,1,HGNC_symbol,False
AMER2,Q8N7J2,1,HGNC_symbol,True
AMER3,Q8N944,1,HGNC_symbol,False
AMFR,Q9UKV5,1,HGNC_symbol,False
AMH,P03971,1,HGNC_symbol,False
AMHR2,Q16671,1,HGNC_symbol,True
AMICA1,120425,5,STRING_alias,False
AMIGO1,Q86WK6,1,HGNC_symbol,True
AMIGO2,Q86SJ2,1,HGNC_symbol,False
AMIGO3,Q86WK7,1,HGNC_symbol,False
AMMECR1,Q9Y4X0,1,HGNC_symbol,False
AMMECR1L,Q6DCA0,1,HGNC_symbol,False
AMN,Q9BXJ7,1,HGNC_symbol,True
AMN1,Q8IY45,1,HGNC_symbol,True
AMOT,Q4VCS5,1,HGNC_symbol,False
AMOTL1,Q8IY63,1,HGNC_symbol,True
AMOTL2,Q9Y2J4,1,HGNC_symbol,True
AMPD1,P23109,1,HGNC_symbol,True
AMPD2,Q01433,1,HGNC_symbol,False
AMPD3,Q01432,1,HGNC_symbol,False
AMPH,P49418,1,HGNC_symbol,False
AMT,P48728,1,HGNC_symbol,False
AMTN,Q6UX39,1,HGNC_symbol,True
AMY1A,P0DUB6,1,HGNC_symbol,False
AMY1B,P0DTE7,1,HGNC_symbol,True
AMY1C,P0DTE8,1,HGNC_symbol,False
AMY2A,P04746,1,HGNC_symbol,False
AMY2B,P19961,1,HGNC_symbol,False
AMZ1,Q400G9,1,HGNC_symbol,True
AMZ2,Q86W34,1,HGNC_symbol,True
AMZ2P1,,0,unmapped,False
ANAPC1,Q9H1A4,1,HGNC_symbol,False
ANAPC10,Q9UM13,1,HGNC_symbol,True
ANAPC10P1,,0,unmapped,False
ANAPC11,Q9NYG5,1,HGNC_symbol,True
ANAPC13,Q9BS18,1,HGNC_symbol,True
ANAPC15,P60006,1,HGNC_symbol,True
ANAPC16,Q96DE5,1,HGNC_symbol,False
ANAPC1P1,,0,unmapped,False
ANAPC2,Q9UJX6,1,HGNC_symbol,False
ANAPC4,Q9UJX5,1,HGNC_symbol,True
ANAPC5,Q9UJX4,1,HGNC_symbol,True
ANAPC7,Q9UJX3,1,HGNC_symbol,True
ANG,P03950,1,HGNC_symbol,False
ANGEL1,Q9UNK9,1,HGNC_symbol,True
ANGEL2,Q5VTE6,1,HGNC_symbol,True
ANGPT1,Q15389,1,HGNC_symbol,True
ANGPT2,O15123,1,HGNC_symbol,True
ANGPT4,Q9Y264,1,HGNC_symbol,False
ANGPTL1,O95841,1,HGNC_symbol,True
ANGPTL2,Q9UKU9,1,HGNC_symbol,False
ANGPTL3,Q9Y5C1,1,HGNC_symbol,True
ANGPTL4,Q9BY76,1,HGNC_symbol,False
ANGPTL5,Q86XS5,1,HGNC_symbol,False
ANGPTL6,Q8NI99,1,HGNC_symbol,True
ANGPTL7,O43827,1,HGNC_symbol,True
ANGPTL8,Q6UXH0,1,HGNC_symbol,False
ANHX,E9PGG2,1,HGNC_symbol,True
ANK1,P16157,1,HGNC_symbol,False
ANK2,Q01484,1,HGNC_symbol,False
ANK3,Q12955,1,HGNC_symbol,False
ANKAR,Q7Z5J8,1,HGNC_symbol,False
ANKDD1A,Q495B1,1,HGNC_symbol,True
ANKDD1B,A6NHY2,1,HGNC_symbol,True
ANKEF1,Q9NU02,1,HGNC_symbol,False
ANKFN1,Q8N957,1,HGNC_symbol,False
ANKFY1,Q9P2R3,1,HGNC_symbol,False
ANKH,Q9HCJ1,1,HGNC_symbol,True
ANKHD1,Q8IWZ3,1,HGNC_symbol,False
ANKHD1-EIF4EBP3,,0,unmapped,False
ANKIB1,Q9P2G1,1,HGNC_symbol,False
ANKK1,Q8NFD2,1,HGNC_symbol,False
ANKLE1,Q8NAG6,1,HGNC_symbol,True
ANKLE2,Q86XL3,1,HGNC_symbol,False
ANKMY1,Q9P2S6,1,HGNC_symbol,True
ANKMY2,Q8IV38,1,HGNC_symbol,False
ANKRA2,Q9H9E1,1,HGNC_symbol,True
ANKRD1,Q15327,1,HGNC_symbol,True
ANKRD10,Q9NXR5,1,HGNC_symbol,False
ANKRD10-IT1,,0,unmapped,False
ANKRD11,Q6UB99,1,HGNC_symbol,False
ANKRD12,Q6UB98,1,HGNC_symbol,False
ANKRD13A,Q8IZ07,1,HGNC_symbol,False
ANKRD13B,Q86YJ7,1,HGNC_symbol,False
ANKRD13C,Q8N6S4,1,HGNC_symbol,True
ANKRD13D,Q6ZTN6,1,HGNC_symbol,False
ANKRD16,Q6P6B7,1,HGNC_symbol,True
ANKRD17,O75179,1,HGNC_symbol,False
ANKRD18A,Q8IVF6,1,HGNC_symbol,True
ANKRD18B,A2A2Z9,1,HGNC_symbol,True
ANKRD18CP,,0,unmapped,False
ANKRD18DP,,0,unmapped,False
ANKRD2,Q9GZV1,1,HGNC_symbol,False
ANKRD20A1,Q5TYW2,1,HGNC_symbol,False
ANKRD20A11P,,0,unmapped,False
ANKRD20A4,728747,5,STRING_alias,False
ANKRD20A5P,A0PJZ0,1,HGNC_symbol,True
ANKRD20A7P,,0,unmapped,False
ANKRD22,Q5VYY1,1,HGNC_symbol,False
ANKRD23,Q86SG2,1,HGNC_symbol,True
ANKRD24,Q8TF21,1,HGNC_symbol,False
ANKRD26,Q9UPS8,1,HGNC_symbol,False
ANKRD26P3,,0,unmapped,False
ANKRD26P4,,0,unmapped,False
ANKRD27,Q96NW4,1,HGNC_symbol,False
ANKRD28,O15084,1,HGNC_symbol,False
ANKRD29,Q8N6D5,1,HGNC_symbol,True
ANKRD30A,Q9BXX3,1,HGNC_symbol,False
ANKRD30B,Q9BXX2,1,HGNC_symbol,False
ANKRD30BL,A7E2S9,1,HGNC_symbol,False
ANKRD31,Q8N7Z5,1,HGNC_symbol,False
ANKRD32,84250,5,STRING_alias,False
ANKRD33,Q7Z3H0,1,HGNC_symbol,False
ANKRD33B,A6NCL7,1,HGNC_symbol,True
ANKRD34A,Q69YU3,1,HGNC_symbol,True
ANKRD34B,A5PLL1,1,HGNC_symbol,False
ANKRD34C,P0C6C1,1,HGNC_symbol,True
ANKRD35,Q8N283,1,HGNC_symbol,False
ANKRD36,A6QL64,1,HGNC_symbol,False
ANKRD36B,Q8N2N9,1,HGNC_symbol,False
ANKRD36BP2,,0,unmapped,False
ANKRD36C,Q5JPF3,1,HGNC_symbol,False
ANKRD37,Q7Z713,1,HGNC_symbol,True
ANKRD39,Q53RE8,1,HGNC_symbol,True
ANKRD40,Q6AI12,1,HGNC_symbol,False
ANKRD40CL,Q53H64,1,HGNC_symbol,True
ANKRD42,Q8N9B4,1,HGNC_symbol,True
ANKRD44,Q8N8A2,1,HGNC_symbol,False
ANKRD44-IT1,,0,unmapped,False
ANKRD45,Q5TZF3,1,HGNC_symbol,True
ANKRD46,Q86W74,1,HGNC_symbol,True
ANKRD49,Q8WVL7,1,HGNC_symbol,True
ANKRD50,Q9ULJ7,1,HGNC_symbol,False
ANKRD52,Q8NB46,1,HGNC_symbol,False
ANKRD53,Q8N9V6,1,HGNC_symbol,True
ANKRD54,Q6NXT1,1,HGNC_symbol,False
ANKRD55,Q3KP44,1,HGNC_symbol,False
ANKRD6,Q9Y2G4,1,HGNC_symbol,False
ANKRD60,Q9BZ19,1,HGNC_symbol,False
ANKRD61,A6NGH8,1,HGNC_symbol,True
ANKRD62,A6NC57,1,HGNC_symbol,True
ANKRD63,C9JTQ0,1,HGNC_symbol,True
ANKRD65,E5RJM6,1,HGNC_symbol,True
ANKRD66,B4E2M5,1,HGNC_symbol,False
ANKRD7,Q92527,1,HGNC_symbol,True
ANKRD9,Q96BM1,1,HGNC_symbol,False
ANKS1A,Q92625,1,HGNC_symbol,False
ANKS1B,Q7Z6G8,1,HGNC_symbol,False
ANKS3,Q6ZW76,1,HGNC_symbol,False
ANKS4B,Q8N8V4,1,HGNC_symbol,False
ANKS6,Q68DC2,1,HGNC_symbol,True
ANKUB1,A6NFN9,1,HGNC_symbol,False
ANKZF1,Q9H8Y5,1,HGNC_symbol,False
ANLN,Q9NQW6,1,HGNC_symbol,False
ANO1,Q5XXA6,1,HGNC_symbol,False
ANO10,Q9NW15,1,HGNC_symbol,False
ANO2,Q9NQ90,1,HGNC_symbol,False
ANO3,Q9BYT9,1,HGNC_symbol,False
ANO4,Q32M45,1,HGNC_symbol,False
ANO5,Q75V66,1,HGNC_symbol,True
ANO6,Q4KMQ2,1,HGNC_symbol,True
ANO7,Q6IWH7,1,HGNC_symbol,True
ANO7P1,,0,unmapped,False
ANO8,Q9HCE9,1,HGNC_symbol,False
ANO9,A1A5B4,1,HGNC_symbol,False
ANOS1,P23352,1,HGNC_symbol,False
ANP32A,P39687,1,HGNC_symbol,True
ANP32AP1,,0,unmapped,False
ANP32B,Q92688,1,HGNC_symbol,False
ANP32BP1,,0,unmapped,False
ANP32C,,0,unmapped,False
ANP32D,O95626,1,HGNC_symbol,True
ANP32E,Q9BTT0,1,HGNC_symbol,True
ANPEP,P15144,1,HGNC_symbol,False
ANTKMT,Q9BQD7,1,HGNC_symbol,False
ANTXR1,Q9H6X2,1,HGNC_symbol,True
ANTXR2,P58335,1,HGNC_symbol,False
ANTXRL,A6NF34,1,HGNC_symbol,True
ANTXRLP1,,0,unmapped,False
ANXA1,P04083,1,HGNC_symbol,False
ANXA10,Q9UJ72,1,HGNC_symbol,True
ANXA11,P50995,1,HGNC_symbol,True
ANXA13,P27216,1,HGNC_symbol,True
ANXA2,P07355,1,HGNC_symbol,True
ANXA2P1,,0,unmapped,False
ANXA2P2,A6NMY6,1,HGNC_symbol,False
ANXA2P3,,0,unmapped,False
ANXA2R,Q3ZCQ2,1,HGNC_symbol,True
ANXA3,P12429,1,HGNC_symbol,False
ANXA4,P09525,1,HGNC_symbol,False
ANXA5,P08758,1,HGNC_symbol,False
ANXA6,P08133,1,HGNC_symbol,True
ANXA7,P20073,1,HGNC_symbol,False
ANXA8,P13928,1,HGNC_symbol,False
ANXA8L1,Q5VT79,1,HGNC_symbol,True
ANXA8L2,728113,5,STRING_alias,False
ANXA9,O76027,1,HGNC_symbol,False
AOAH,P28039,1,HGNC_symbol,True
AOAH-IT1,,0,unmapped,False
AOC1,P19801,1,HGNC_symbol,True
AOC2,O75106,1,HGNC_symbol,False
AOC3,Q16853,1,HGNC_symbol,False
AOC4P,,0,unmapped,False
AOPEP,Q8N6M6,1,HGNC_symbol,False
AOX1,Q06278,1,HGNC_symbol,False
AOX2P,,0,unmapped,False
AOX3P,,0,unmapped,False
AP000240.9,,0,unmapped,False
AP000251.3,,0,unmapped,False
AP000253.1,,0,unmapped,False
AP000254.8,,0,unmapped,False
AP000255.6,,0,unmapped,False
AP000266.7,,0,unmapped,False
AP000282.2,,0,unmapped,False
AP000295.10,,0,unmapped,False
AP000322.53,,0,unmapped,False
AP000330.8,,0,unmapped,False
AP000344.3,,0,unmapped,False
AP000344.4,,0,unmapped,False
AP000345.2,,0,unmapped,False
AP000347.2,,0,unmapped,False
AP000347.4,,0,unmapped,False
AP000350.4,,0,unmapped,False
AP000350.5,,0,unmapped,False
AP000350.6,,0,unmapped,False
AP000351.10,,0,unmapped,False
AP000355.2,,0,unmapped,False
AP000356.1,,0,unmapped,False
AP000357.4,,0,unmapped,False
AP000442.1,,0,unmapped,False
AP000476.1,,0,unmapped,False
AP000487.5,,0,unmapped,False
AP000525.9,,0,unmapped,False
AP000620.1,,0,unmapped,False
AP000640.10,,0,unmapped,False
AP000654.5,,0,unmapped,False
AP000662.4,,0,unmapped,False
AP000688.8,,0,unmapped,False
AP000692.10,,0,unmapped,False
AP000692.9,,0,unmapped,False
AP000695.1,,0,unmapped,False
AP000695.4,,0,unmapped,False
AP000695.6,,0,unmapped,False
AP000704.5,,0,unmapped,False
AP000769.1,,0,unmapped,False
AP000769.7,,0,unmapped,False
AP000783.1,,0,unmapped,False
AP000936.1,,0,unmapped,False
AP000974.1,,0,unmapped,False
AP001007.1,,0,unmapped,False
AP001046.5,,0,unmapped,False
AP001053.11,,0,unmapped,False
AP001055.6,,0,unmapped,False
AP001056.1,,0,unmapped,False
AP001059.5,,0,unmapped,False
AP001062.7,,0,unmapped,False
AP001063.1,,0,unmapped,False
AP001065.15,,0,unmapped,False
AP001065.2,,0,unmapped,False
AP001092.4,,0,unmapped,False
AP001171.1,,0,unmapped,False
AP001189.4,,0,unmapped,False
AP001205.1,,0,unmapped,False
AP001257.1,,0,unmapped,False
AP001258.4,,0,unmapped,False
AP001347.6,,0,unmapped,False
AP001372.2,,0,unmapped,False
AP001412.1,,0,unmapped,False
AP001429.1,,0,unmapped,False
AP001437.1,,0,unmapped,False
AP001462.6,,0,unmapped,False
AP001468.1,,0,unmapped,False
AP001469.7,,0,unmapped,False
AP001469.9,,0,unmapped,False
AP001619.2,,0,unmapped,False
AP001628.6,,0,unmapped,False
AP001816.1,,0,unmapped,False
AP001877.1,,0,unmapped,False
AP002884.2,,0,unmapped,False
AP002954.4,,0,unmapped,False
AP003041.2,,0,unmapped,False
AP003068.18,,0,unmapped,False
AP003068.23,,0,unmapped,False
AP003419.16,,0,unmapped,False
AP003733.1,,0,unmapped,False
AP003774.1,,0,unmapped,False
AP003774.4,,0,unmapped,False
AP003774.6,,0,unmapped,False
AP004290.1,,0,unmapped,False
AP005482.1,,0,unmapped,False
AP006216.11,,0,unmapped,False
AP006222.2,,0,unmapped,False
AP006621.1,,0,unmapped,False
AP006621.5,,0,unmapped,False
AP006621.6,,0,unmapped,False
AP006621.8,,0,unmapped,False
AP1AR,Q63HQ0,1,HGNC_symbol,True
AP1B1,Q10567,1,HGNC_symbol,False
AP1G1,O43747,1,HGNC_symbol,False
AP1G2,O75843,1,HGNC_symbol,False
AP1M1,Q9BXS5,1,HGNC_symbol,False
AP1M2,Q9Y6Q5,1,HGNC_symbol,False
AP1S1,P61966,1,HGNC_symbol,False
AP1S2,P56377,1,HGNC_symbol,False
AP1S3,Q96PC3,1,HGNC_symbol,False
AP2A1,O95782,1,HGNC_symbol,True
AP2A2,O94973,1,HGNC_symbol,False
AP2B1,P63010,1,HGNC_symbol,False
AP2M1,Q96CW1,1,HGNC_symbol,False
AP2S1,P53680,1,HGNC_symbol,True
AP3B1,O00203,1,HGNC_symbol,False
AP3B2,Q13367,1,HGNC_symbol,False
AP3D1,O14617,1,HGNC_symbol,False
AP3M1,Q9Y2T2,1,HGNC_symbol,False
AP3M2,P53677,1,HGNC_symbol,False
AP3S1,Q92572,1,HGNC_symbol,True
AP3S2,P59780,1,HGNC_symbol,True
AP4B1,Q9Y6B7,1,HGNC_symbol,False
AP4E1,Q9UPM8,1,HGNC_symbol,False
AP4M1,O00189,1,HGNC_symbol,True
AP4S1,Q9Y587,1,HGNC_symbol,False
AP5B1,Q2VPB7,1,HGNC_symbol,False
AP5M1,Q9H0R1,1,HGNC_symbol,True
AP5S1,Q9NUS5,1,HGNC_symbol,True
AP5Z1,O43299,1,HGNC_symbol,False
APAF1,O14727,1,HGNC_symbol,False
APBA1,Q02410,1,HGNC_symbol,True
APBA2,Q99767,1,HGNC_symbol,False
APBA3,O96018,1,HGNC_symbol,False
APBB1,O00213,1,HGNC_symbol,True
APBB1IP,Q7Z5R6,1,HGNC_symbol,False
APBB2,Q92870,1,HGNC_symbol,True
APBB3,O95704,1,HGNC_symbol,True
APC,P25054,1,HGNC_symbol,False
APC2,O95996,1,HGNC_symbol,False
APCDD1,Q8J025,1,HGNC_symbol,False
APCDD1L,Q8NCL9,1,HGNC_symbol,True
APCS,P02743,1,HGNC_symbol,True
APEH,P13798,1,HGNC_symbol,True
APELA,P0DMC3,1,HGNC_symbol,True
APEX1,P27695,1,HGNC_symbol,False
APEX2,Q9UBZ4,1,HGNC_symbol,True
APH1A,Q96BI3,1,HGNC_symbol,True
APH1B,Q8WW43,1,HGNC_symbol,True
API5,Q9BZZ5,1,HGNC_symbol,True
API5P1,,0,unmapped,False
API5P2,,0,unmapped,False
APIP,Q96GX9,1,HGNC_symbol,True
APITD1,100526739,5,STRING_alias,False
APLF,Q8IW19,1,HGNC_symbol,False
APLN,Q9ULZ1,1,HGNC_symbol,True
APLNR,P35414,1,HGNC_symbol,True
APLP1,P51693,1,HGNC_symbol,True
APLP2,Q06481,1,HGNC_symbol,False
APMAP,Q9HDC9,1,HGNC_symbol,False
APOA1,P02647,1,HGNC_symbol,False
APOA1BP,128240,5,STRING_alias,False
APOA2,P02652,1,HGNC_symbol,False
APOA4,P06727,1,HGNC_symbol,False
APOA5,Q6Q788,1,HGNC_symbol,False
APOB,P04114,1,HGNC_symbol,False
APOBEC1,P41238,1,HGNC_symbol,False
APOBEC2,Q9Y235,1,HGNC_symbol,False
APOBEC3A,P31941,1,HGNC_symbol,False
APOBEC3B,Q9UH17,1,HGNC_symbol,True
APOBEC3C,Q9NRW3,1,HGNC_symbol,False
APOBEC3D,Q96AK3,1,HGNC_symbol,False
APOBEC3F,Q8IUX4,1,HGNC_symbol,False
APOBEC3G,Q9HC16,1,HGNC_symbol,False
APOBEC3H,Q6NTF7,1,HGNC_symbol,True
APOBEC4,Q8WW27,1,HGNC_symbol,False
APOBR,Q0VD83,1,HGNC_symbol,False
APOC1,P02654,1,HGNC_symbol,False
APOC2,P02655,1,HGNC_symbol,False
APOC3,P02656,1,HGNC_symbol,False
APOC4,P55056,1,HGNC_symbol,True
APOD,P05090,1,HGNC_symbol,False
APOE,P02649,1,HGNC_symbol,False
APOF,Q13790,1,HGNC_symbol,False
APOH,P02749,1,HGNC_symbol,False
APOL1,O14791,1,HGNC_symbol,False
APOL2,Q9BQE5,1,HGNC_symbol,True
APOL3,O95236,1,HGNC_symbol,False
APOL4,Q9BPW4,1,HGNC_symbol,True
APOL5,Q9BWW9,1,HGNC_symbol,False
APOL6,Q9BWW8,1,HGNC_symbol,True
APOLD1,Q96LR9,1,HGNC_symbol,False
APOM,O95445,1,HGNC_symbol,True
APOO,Q9BUR5,1,HGNC_symbol,True
APOOL,Q6UXV4,1,HGNC_symbol,True
APOOP5,,0,unmapped,False
APOPT1,84334,5,STRING_alias,False
APP,P05067,1,HGNC_symbol,True
APPBP2,Q92624,1,HGNC_symbol,False
APPL1,Q9UKG1,1,HGNC_symbol,True
APPL2,Q8NEU8,1,HGNC_symbol,False
APRT,P07741,1,HGNC_symbol,False
APTX,Q7Z2E3,1,HGNC_symbol,False
AQP1,P29972,1,HGNC_symbol,True
AQP10,Q96PS8,1,HGNC_symbol,True
AQP11,Q8NBQ7,1,HGNC_symbol,True
AQP12A,Q8IXF9,1,HGNC_symbol,False
AQP12B,A6NM10,1,HGNC_symbol,True
AQP2,P41181,1,HGNC_symbol,False
AQP3,Q92482,1,HGNC_symbol,False
AQP4,P55087,1,HGNC_symbol,True
AQP4-AS1,,0,unmapped,False
AQP5,P55064,1,HGNC_symbol,True
AQP6,Q13520,1,HGNC_symbol,False
AQP7,O14520,1,HGNC_symbol,False
AQP7B,A0A075B734,1,HGNC_symbol,True
AQP7P1,,0,unmapped,False
AQP8,O94778,1,HGNC_symbol,False
AQP9,O43315,1,HGNC_symbol,False
AQPEP,206338,5,STRING_alias,False
AQR,O60306,1,HGNC_symbol,False
AR,P10275,1,HGNC_symbol,True
ARAF,P10398,1,HGNC_symbol,False
ARAP1,Q96P48,1,HGNC_symbol,False
ARAP2,Q8WZ64,1,HGNC_symbol,False
ARAP3,Q8WWN8,1,HGNC_symbol,False
ARB2A,Q8WUF8,1,HGNC_symbol,True
ARC,Q7LC44,1,HGNC_symbol,False
ARCN1,P48444,1,HGNC_symbol,False
AREG,P15514,1,HGNC_symbol,True
AREGB,2RNL,5,STRING_alias,False
AREL1,O15033,1,HGNC_symbol,False
ARF1,P84077,1,HGNC_symbol,False
ARF1P2,100506084,5,STRING_alias,False
ARF3,P61204,1,HGNC_symbol,True
ARF4,P18085,1,HGNC_symbol,False
ARF5,P84085,1,HGNC_symbol,False
ARF6,P62330,1,HGNC_symbol,False
ARFGAP1,Q8N6T3,1,HGNC_symbol,False
ARFGAP2,Q8N6H7,1,HGNC_symbol,False
ARFGAP3,Q9NP61,1,HGNC_symbol,True
ARFGEF1,Q9Y6D6,1,HGNC_symbol,False
ARFGEF2,Q9Y6D5,1,HGNC_symbol,False
ARFGEF3,Q5TH69,1,HGNC_symbol,False
ARFIP1,P53367,1,HGNC_symbol,False
ARFIP2,P53365,1,HGNC_symbol,False
ARFRP1,Q13795,1,HGNC_symbol,True
ARG1,P05089,1,HGNC_symbol,True
ARG2,P78540,1,HGNC_symbol,True
ARGFX,A6NJG6,1,HGNC_symbol,True
ARGLU1,Q9NWB6,1,HGNC_symbol,False
ARHGAP1,Q07960,1,HGNC_symbol,False
ARHGAP10,A1A4S6,1,HGNC_symbol,False
ARHGAP11A,Q6P4F7,1,HGNC_symbol,False
ARHGAP11B,Q3KRB8,1,HGNC_symbol,False
ARHGAP12,Q8IWW6,1,HGNC_symbol,False
ARHGAP15,Q53QZ3,1,HGNC_symbol,True
ARHGAP17,Q68EM7,1,HGNC_symbol,True
ARHGAP18,Q8N392,1,HGNC_symbol,False
ARHGAP19,Q14CB8,1,HGNC_symbol,True
ARHGAP20,Q9P2F6,1,HGNC_symbol,False
ARHGAP21,Q5T5U3,1,HGNC_symbol,False
ARHGAP22,Q7Z5H3,1,HGNC_symbol,True
ARHGAP23,Q9P227,1,HGNC_symbol,False
ARHGAP23P1,,0,unmapped,False
ARHGAP24,Q8N264,1,HGNC_symbol,False
ARHGAP25,P42331,1,HGNC_symbol,True
ARHGAP26,Q9UNA1,1,HGNC_symbol,False
ARHGAP26-IT1,,0,unmapped,False
ARHGAP27,Q6ZUM4,1,HGNC_symbol,False
ARHGAP28,Q9P2N2,1,HGNC_symbol,False
ARHGAP29,Q52LW3,1,HGNC_symbol,False
ARHGAP30,Q7Z6I6,1,HGNC_symbol,False
ARHGAP31,Q2M1Z3,1,HGNC_symbol,False
ARHGAP31-AS1,,0,unmapped,False
ARHGAP32,A7KAX9,1,HGNC_symbol,False
ARHGAP33,O14559,1,HGNC_symbol,False
ARHGAP35,Q9NRY4,1,HGNC_symbol,False
ARHGAP36,Q6ZRI8,1,HGNC_symbol,False
ARHGAP39,Q9C0H5,1,HGNC_symbol,False
ARHGAP4,P98171,1,HGNC_symbol,False
ARHGAP40,Q5TG30,1,HGNC_symbol,False
ARHGAP42,A6NI28,1,HGNC_symbol,True
ARHGAP44,Q17R89,1,HGNC_symbol,True
ARHGAP45,Q92619,1,HGNC_symbol,False
ARHGAP5,Q13017,1,HGNC_symbol,False
ARHGAP5-AS1,Q96IT6,1,HGNC_symbol,False
ARHGAP6,O43182,1,HGNC_symbol,True
ARHGAP8,P85298,1,HGNC_symbol,True
ARHGAP9,Q9BRR9,1,HGNC_symbol,True
ARHGDIA,P52565,1,HGNC_symbol,False
ARHGDIB,P52566,1,HGNC_symbol,False
ARHGDIG,Q99819,1,HGNC_symbol,True
ARHGEF1,Q92888,1,HGNC_symbol,True
ARHGEF10,O15013,1,HGNC_symbol,False
ARHGEF10L,Q9HCE6,1,HGNC_symbol,False
ARHGEF11,O15085,1,HGNC_symbol,False
ARHGEF12,Q9NZN5,1,HGNC_symbol,False
ARHGEF15,O94989,1,HGNC_symbol,False
ARHGEF16,Q5VV41,1,HGNC_symbol,False
ARHGEF17,Q96PE2,1,HGNC_symbol,False
ARHGEF18,Q6ZSZ5,1,HGNC_symbol,False
ARHGEF19,Q8IW93,1,HGNC_symbol,False
ARHGEF2,Q92974,1,HGNC_symbol,True
ARHGEF25,Q86VW2,1,HGNC_symbol,True
ARHGEF26,Q96DR7,1,HGNC_symbol,False
ARHGEF28,Q8N1W1,1,HGNC_symbol,False
ARHGEF3,Q9NR81,1,HGNC_symbol,True
ARHGEF33,A8MVX0,1,HGNC_symbol,False
ARHGEF34P,,0,unmapped,False
ARHGEF35,A5YM69,1,HGNC_symbol,False
ARHGEF37,A1IGU5,1,HGNC_symbol,True
ARHGEF38,Q9NXL2,1,HGNC_symbol,False
ARHGEF39,Q8N4T4,1,HGNC_symbol,True
ARHGEF4,Q9NR80,1,HGNC_symbol,True
ARHGEF40,Q8TER5,1,HGNC_symbol,False
ARHGEF5,Q12774,1,HGNC_symbol,False
ARHGEF6,Q15052,1,HGNC_symbol,False
ARHGEF7,Q14155,1,HGNC_symbol,False
ARHGEF9,O43307,1,HGNC_symbol,True
ARID1A,O14497,1,HGNC_symbol,False
ARID1B,Q8NFD5,1,HGNC_symbol,False
ARID2,Q68CP9,1,HGNC_symbol,False
ARID3A,Q99856,1,HGNC_symbol,True
ARID3B,Q8IVW6,1,HGNC_symbol,True
ARID3C,A6NKF2,1,HGNC_symbol,False
ARID4A,P29374,1,HGNC_symbol,False
ARID4B,Q4LE39,1,HGNC_symbol,False
ARID4B-IT1,,0,unmapped,False
ARID5A,Q03989,1,HGNC_symbol,False
ARID5B,Q14865,1,HGNC_symbol,False
ARIH1,Q9Y4X5,1,HGNC_symbol,False
ARIH2,O95376,1,HGNC_symbol,True
ARIH2OS,Q8N7S6,1,HGNC_symbol,False
ARIH2P1,,0,unmapped,False
ARK2C,Q6ZSG1,1,HGNC_symbol,False
ARK2N,Q96B23,1,HGNC_symbol,True
ARL1,P40616,1,HGNC_symbol,True
ARL10,Q8N8L6,1,HGNC_symbol,False
ARL11,Q969Q4,1,HGNC_symbol,False
ARL13A,Q5H913,1,HGNC_symbol,True
ARL13B,Q3SXY8,1,HGNC_symbol,True
ARL14,Q8N4G2,1,HGNC_symbol,False
ARL14EP,Q8N8R7,1,HGNC_symbol,False
ARL14EPL,P0DKL9,1,HGNC_symbol,False
ARL15,Q9NXU5,1,HGNC_symbol,True
ARL16,Q0P5N6,1,HGNC_symbol,False
ARL17A,Q8IVW1,1,HGNC_symbol,True
ARL17B,I3L3L1,1,HGNC_symbol,False
ARL2,P36404,1,HGNC_symbol,False
ARL2BP,Q9Y2Y0,1,HGNC_symbol,False
ARL3,P36405,1,HGNC_symbol,False
ARL4A,P40617,1,HGNC_symbol,False
ARL4C,P56559,1,HGNC_symbol,True
ARL4D,P49703,1,HGNC_symbol,False
ARL5A,Q9Y689,1,HGNC_symbol,False
ARL5B,Q96KC2,1,HGNC_symbol,True
ARL5B-AS1,,0,unmapped,False
ARL5C,A6NH57,1,HGNC_symbol,True
ARL6,Q9H0F7,1,HGNC_symbol,True
ARL6IP1,Q15041,1,HGNC_symbol,False
ARL6IP1P2,,0,unmapped,False
ARL6IP1P3,,0,unmapped,False
ARL6IP4,Q66PJ3,1,HGNC_symbol,True
ARL6IP5,O75915,1,HGNC_symbol,False
ARL6IP6,Q8N6S5,1,HGNC_symbol,False
ARL8A,Q96BM9,1,HGNC_symbol,False
ARL8B,Q9NVJ2,1,HGNC_symbol,True
ARL9,Q6T311,1,HGNC_symbol,False
ARLN,Q8WVX3,1,HGNC_symbol,False
ARMC1,Q9NVT9,1,HGNC_symbol,False
ARMC10,Q8N2F6,1,HGNC_symbol,False
ARMC10P1,,0,unmapped,False
ARMC12,Q5T9G4,1,HGNC_symbol,False
ARMC2,Q8NEN0,1,HGNC_symbol,True
ARMC3,Q5W041,1,HGNC_symbol,False
ARMC4,55130,5,STRING_alias,False
ARMC5,Q96C12,1,HGNC_symbol,False
ARMC6,Q6NXE6,1,HGNC_symbol,True
ARMC7,Q9H6L4,1,HGNC_symbol,True
ARMC8,Q8IUR7,1,HGNC_symbol,False
ARMC9,Q7Z3E5,1,HGNC_symbol,False
ARMCX1,Q9P291,1,HGNC_symbol,False
ARMCX2,Q7L311,1,HGNC_symbol,False
ARMCX3,Q9UH62,1,HGNC_symbol,False
ARMCX4,Q5H9R4,1,HGNC_symbol,False
ARMCX5,Q6P1M9,1,HGNC_symbol,True
ARMCX6,Q7L4S7,1,HGNC_symbol,False
ARMH1,Q6PIY5,1,HGNC_symbol,False
ARMH2,H3BNL8,1,HGNC_symbol,False
ARMH3,Q5T2E6,1,HGNC_symbol,False
ARMH4,Q86TY3,1,HGNC_symbol,True
ARMS2,P0C7Q2,1,HGNC_symbol,True
ARMT1,2.1.1.-,5,STRING_alias,False
ARNT,P27540,1,HGNC_symbol,False
ARNT2,Q9HBZ2,1,HGNC_symbol,False
ARNTL,406,5,STRING_alias,False
ARNTL2,2KDK,5,STRING_alias,False
ARPC1A,Q92747,1,HGNC_symbol,False
ARPC1B,O15143,1,HGNC_symbol,False
ARPC2,O15144,1,HGNC_symbol,True
ARPC3,O15145,1,HGNC_symbol,False
ARPC3P1,,0,unmapped,False
ARPC3P2,,0,unmapped,False
ARPC3P5,,0,unmapped,False
ARPC4,P59998,1,HGNC_symbol,False
ARPC5,O15511,1,HGNC_symbol,False
ARPC5L,Q9BPX5,1,HGNC_symbol,True
ARPIN,Q7Z6K5,1,HGNC_symbol,False
ARPP19,P56211,1,HGNC_symbol,False
ARPP21,Q9UBL0,1,HGNC_symbol,False
ARR3,P36575,1,HGNC_symbol,True
ARRB1,P49407,1,HGNC_symbol,True
ARRB2,P32121,1,HGNC_symbol,False
ARRDC1,Q8N5I2,1,HGNC_symbol,False
ARRDC2,Q8TBH0,1,HGNC_symbol,True
ARRDC3,Q96B67,1,HGNC_symbol,True
ARRDC4,Q8NCT1,1,HGNC_symbol,False
ARRDC5,A6NEK1,1,HGNC_symbol,False
ARSA,P15289,1,HGNC_symbol,True
ARSB,P15848,1,HGNC_symbol,True
ARSD,P51689,1,HGNC_symbol,True
ARSE,3.1.6.-,5,STRING_alias,False
ARSF,P54793,1,HGNC_symbol,False
ARSG,Q96EG1,1,HGNC_symbol,True
ARSH,Q5FYA8,1,HGNC_symbol,True
ARSI,Q5FYB1,1,HGNC_symbol,True
ARSJ,Q5FYB0,1,HGNC_symbol,False
ARSK,Q6UWY0,1,HGNC_symbol,False
ARSL,P51690,1,HGNC_symbol,False
ART1,P52961,1,HGNC_symbol,False
ART3,Q13508,1,HGNC_symbol,False
ART4,Q93070,1,HGNC_symbol,False
ART5,Q96L15,1,HGNC_symbol,True
ARTN,Q5T4W7,1,HGNC_symbol,False
ARV1,Q9H2C2,1,HGNC_symbol,True
ARVCF,O00192,1,HGNC_symbol,False
ARX,Q96QS3,1,HGNC_symbol,False
AS3MT,Q9HBK9,1,HGNC_symbol,False
ASAH1,Q13510,1,HGNC_symbol,False
ASAH2,Q9NR71,1,HGNC_symbol,True
ASAH2B,P0C7U1,1,HGNC_symbol,False
ASAP1,Q9ULH1,1,HGNC_symbol,False
ASAP2,O43150,1,HGNC_symbol,True
ASAP3,Q8TDY4,1,HGNC_symbol,True
ASB1,Q9Y576,1,HGNC_symbol,False
ASB10,Q8WXI3,1,HGNC_symbol,True
ASB11,Q8WXH4,1,HGNC_symbol,False
ASB12,Q8WXK4,1,HGNC_symbol,True
ASB13,Q8WXK3,1,HGNC_symbol,False
ASB14,A6NK59,1,HGNC_symbol,True
ASB15,Q8WXK1,1,HGNC_symbol,True
ASB16,Q96NS5,1,HGNC_symbol,False
ASB16-AS1,Q495Z4,1,HGNC_symbol,True
ASB17,Q8WXJ9,1,HGNC_symbol,False
ASB18,Q6ZVZ8,1,HGNC_symbol,True
ASB2,Q96Q27,1,HGNC_symbol,True
ASB3,Q9Y575,1,HGNC_symbol,False
ASB4,Q9Y574,1,HGNC_symbol,True
ASB5,Q8WWX0,1,HGNC_symbol,False
ASB6,Q9NWX5,1,HGNC_symbol,False
ASB7,Q9H672,1,HGNC_symbol,False
ASB8,Q9H765,1,HGNC_symbol,True
ASB9,Q96DX5,1,HGNC_symbol,False
ASCC1,Q8N9N2,1,HGNC_symbol,False
ASCC2,Q9H1I8,1,HGNC_symbol,False
ASCC3,Q8N3C0,1,HGNC_symbol,False
ASCL1,P50553,1,HGNC_symbol,False
ASCL2,Q99929,1,HGNC_symbol,True
ASCL3,Q9NQ33,1,HGNC_symbol,False
ASCL4,Q6XD76,1,HGNC_symbol,False
ASCL5,Q7RTU5,1,HGNC_symbol,False
ASDURF,L0R819,1,HGNC_symbol,False
ASF1A,Q9Y294,1,HGNC_symbol,True
ASF1B,Q9NVP2,1,HGNC_symbol,True
ASGR1,P07306,1,HGNC_symbol,False
ASGR2,P07307,1,HGNC_symbol,False
ASH1L,Q9NR48,1,HGNC_symbol,False
ASH1L-AS1,,0,unmapped,False
ASH2L,Q9UBL3,1,HGNC_symbol,False
ASIC1,P78348,1,HGNC_symbol,True
ASIC2,Q16515,1,HGNC_symbol,True
ASIC3,Q9UHC3,1,HGNC_symbol,False
ASIC4,Q96FT7,1,HGNC_symbol,True
ASIC5,Q9NY37,1,HGNC_symbol,False
ASIP,P42127,1,HGNC_symbol,False
ASL,P04424,1,HGNC_symbol,False
ASLP1,,0,unmapped,False
ASMT,P46597,1,HGNC_symbol,False
ASMTL,O95671,1,HGNC_symbol,False
ASMTL-AS1,,0,unmapped,False
ASNA1,3.6.-.-,5,STRING_alias,False
ASNS,P08243,1,HGNC_symbol,False
ASNSD1,Q9NWL6,1,HGNC_symbol,False
ASPA,P45381,1,HGNC_symbol,False
ASPDH,A6ND91,1,HGNC_symbol,False
ASPG,Q86U10,1,HGNC_symbol,False
ASPH,Q12797,1,HGNC_symbol,True
ASPHD1,Q5U4P2,1,HGNC_symbol,False
ASPHD2,Q6ICH7,1,HGNC_symbol,False
ASPM,Q8IZT6,1,HGNC_symbol,False
ASPN,Q9BXN1,1,HGNC_symbol,False
ASPRV1,Q53RT3,1,HGNC_symbol,False
ASPSCR1,Q9BZE9,1,HGNC_symbol,True
ASRGL1,Q7L266,1,HGNC_symbol,False
ASS1,P00966,1,HGNC_symbol,True
ASS1P1,,0,unmapped,False
ASS1P2,,0,unmapped,False
ASTE1,Q2TB18,1,HGNC_symbol,False
ASTL,Q6HA08,1,HGNC_symbol,False
ASTN1,O14525,1,HGNC_symbol,False
ASTN2,O75129,1,HGNC_symbol,False
ASUN,55726,5,STRING_alias,False
ASXL1,Q8IXJ9,1,HGNC_symbol,False
ASXL2,Q76L83,1,HGNC_symbol,False
ASXL3,Q9C0F0,1,HGNC_symbol,False
ASZ1,Q8WWH4,1,HGNC_symbol,False
ATAD1,Q8NBU5,1,HGNC_symbol,True
ATAD2,Q6PL18,1,HGNC_symbol,False
ATAD2B,Q9ULI0,1,HGNC_symbol,False
ATAD3A,Q9NVI7,1,HGNC_symbol,False
ATAD3B,Q5T9A4,1,HGNC_symbol,False
ATAD3C,Q5T2N8,1,HGNC_symbol,False
ATAD5,Q96QE3,1,HGNC_symbol,False
ATAT1,Q5SQI0,1,HGNC_symbol,True
ATCAY,Q86WG3,1,HGNC_symbol,True
ATE1,O95260,1,HGNC_symbol,True
ATE1-AS1,,0,unmapped,False
ATF1,P18846,1,HGNC_symbol,True
ATF2,P15336,1,HGNC_symbol,False
ATF3,P18847,1,HGNC_symbol,False
ATF4,P18848,1,HGNC_symbol,True
ATF4P3,,0,unmapped,False
ATF4P4,,0,unmapped,False
ATF5,Q9Y2D1,1,HGNC_symbol,True
ATF6,P18850,1,HGNC_symbol,True
ATF6B,Q99941,1,HGNC_symbol,True
ATF7,P17544,1,HGNC_symbol,False
ATF7IP,Q6VMQ6,1,HGNC_symbol,False
ATF7IP2,Q5U623,1,HGNC_symbol,False
ATG10,Q9H0Y0,1,HGNC_symbol,False
ATG101,Q9BSB4,1,HGNC_symbol,False
ATG12,O94817,1,HGNC_symbol,False
ATG13,O75143,1,HGNC_symbol,False
ATG14,Q6ZNE5,1,HGNC_symbol,True
ATG16L1,Q676U5,1,HGNC_symbol,True
ATG16L2,Q8NAA4,1,HGNC_symbol,False
ATG2A,Q2TAZ0,1,HGNC_symbol,False
ATG2B,Q96BY7,1,HGNC_symbol,False
ATG3,Q9NT62,1,HGNC_symbol,False
ATG4A,Q8WYN0,1,HGNC_symbol,False
ATG4B,Q9Y4P1,1,HGNC_symbol,False
ATG4C,Q96DT6,1,HGNC_symbol,True
ATG4D,Q86TL0,1,HGNC_symbol,False
ATG5,Q9H1Y0,1,HGNC_symbol,True
ATG7,O95352,1,HGNC_symbol,False
ATG9A,Q7Z3C6,1,HGNC_symbol,False
ATG9B,Q674R7,1,HGNC_symbol,False
ATHL1,3.2.1.107,5,STRING_alias,False
ATIC,P31939,1,HGNC_symbol,True
ATL1,Q8WXF7,1,HGNC_symbol,False
ATL2,Q8NHH9,1,HGNC_symbol,True
ATL3,Q6DD88,1,HGNC_symbol,True
ATM,Q13315,1,HGNC_symbol,False
ATMIN,O43313,1,HGNC_symbol,True
ATN1,P54259,1,HGNC_symbol,False
ATOH1,Q92858,1,HGNC_symbol,False
ATOH7,Q8N100,1,HGNC_symbol,False
ATOH8,Q96SQ7,1,HGNC_symbol,False
ATOSA,Q32MH5,1,HGNC_symbol,False
ATOSB,Q7L5A3,1,HGNC_symbol,False
ATOX1,O00244,1,HGNC_symbol,False
ATP10A,O60312,1,HGNC_symbol,False
ATP10B,O94823,1,HGNC_symbol,False
ATP10D,Q9P241,1,HGNC_symbol,False
ATP11A,P98196,1,HGNC_symbol,False
ATP11B,Q9Y2G3,1,HGNC_symbol,False
ATP11C,Q8NB49,1,HGNC_symbol,False
ATP12A,P54707,1,HGNC_symbol,False
ATP13A1,Q9HD20,1,HGNC_symbol,False
ATP13A2,Q9NQ11,1,HGNC_symbol,False
ATP13A3,Q9H7F0,1,HGNC_symbol,False
ATP13A4,Q4VNC1,1,HGNC_symbol,False
ATP13A5,Q4VNC0,1,HGNC_symbol,False
ATP1A1,P05023,1,HGNC_symbol,True
ATP1A1OS,,0,unmapped,False
ATP1A2,P50993,1,HGNC_symbol,False
ATP1A3,P13637,1,HGNC_symbol,True
ATP1A4,Q13733,1,HGNC_symbol,False
ATP1B1,P05026,1,HGNC_symbol,True
ATP1B1P1,,0,unmapped,False
ATP1B2,P14415,1,HGNC_symbol,True
ATP1B3,P54709,1,HGNC_symbol,False
ATP1B3P1,,0,unmapped,False
ATP1B4,Q9UN42,1,HGNC_symbol,False
ATP23,Q9Y6H3,1,HGNC_symbol,False
ATP2A1,O14983,1,HGNC_symbol,False
ATP2A2,P16615,1,HGNC_symbol,False
ATP2A3,Q93084,1,HGNC_symbol,True
ATP2B1,P20020,1,HGNC_symbol,False
ATP2B2,Q01814,1,HGNC_symbol,False
ATP2B3,Q16720,1,HGNC_symbol,False
ATP2B4,P23634,1,HGNC_symbol,False
ATP2C1,P98194,1,HGNC_symbol,True
ATP2C2,O75185,1,HGNC_symbol,False
ATP4A,P20648,1,HGNC_symbol,False
ATP4B,P51164,1,HGNC_symbol,False
ATP5A1,498,5,STRING_alias,False
ATP5A1P2,,0,unmapped,False
ATP5A1P3,,0,unmapped,False
ATP5B,506,5,STRING_alias,False
ATP5C1,509,5,STRING_alias,False
ATP5C1P1,,0,unmapped,False
ATP5D,513,5,STRING_alias,False
ATP5E,514,5,STRING_alias,False
ATP5EP2,,0,unmapped,False
ATP5F1,515,5,STRING_alias,False
ATP5F1A,P25705,1,HGNC_symbol,False
ATP5F1B,P06576,1,HGNC_symbol,False
ATP5F1C,P36542,1,HGNC_symbol,False
ATP5F1D,P30049,1,HGNC_symbol,True
ATP5F1E,P56381,1,HGNC_symbol,False
ATP5F1P1,,0,unmapped,False
ATP5F1P5,,0,unmapped,False
ATP5G1,516,5,STRING_alias,False
ATP5G2,517,5,STRING_alias,False
ATP5G2P1,,0,unmapped,False
ATP5G2P4,,0,unmapped,False
ATP5G3,518,5,STRING_alias,False
ATP5H,10476,5,STRING_alias,False
ATP5I,521,5,STRING_alias,False
ATP5IF1,Q9UII2,1,HGNC_symbol,True
ATP5J,522,5,STRING_alias,False
ATP5J2,9551,5,STRING_alias,False
ATP5J2-PTCD1,,0,unmapped,False
ATP5JP1,,0,unmapped,False
ATP5L,10632,5,STRING_alias,False
ATP5LP2,,0,unmapped,False
ATP5LP3,,0,unmapped,False
ATP5LP4,,0,unmapped,False
ATP5MC1,P05496,1,HGNC_symbol,True
ATP5MC2,Q06055,1,HGNC_symbol,True
ATP5MC3,P48201,1,HGNC_symbol,False
ATP5ME,P56385,1,HGNC_symbol,False
ATP5MF,P56134,1,HGNC_symbol,False
ATP5MG,O75964,1,HGNC_symbol,False
ATP5MGL,Q7Z4Y8,1,HGNC_symbol,False
ATP5MJ,P56378,1,HGNC_symbol,False
ATP5MK,Q96IX5,1,HGNC_symbol,True
ATP5O,H7C239,5,STRING_alias,False
ATP5PB,P24539,1,HGNC_symbol,False
ATP5PD,O75947,1,HGNC_symbol,False
ATP5PF,P18859,1,HGNC_symbol,False
ATP5PO,P48047,1,HGNC_symbol,True
ATP5S,27109,5,STRING_alias,False
ATP5SL,55101,5,STRING_alias,False
ATP6AP1,Q15904,1,HGNC_symbol,True
ATP6AP1L,Q52LC2,1,HGNC_symbol,False
ATP6AP2,O75787,1,HGNC_symbol,True
ATP6V0A1,Q93050,1,HGNC_symbol,True
ATP6V0A2,Q9Y487,1,HGNC_symbol,False
ATP6V0A4,Q9HBG4,1,HGNC_symbol,False
ATP6V0B,Q99437,1,HGNC_symbol,True
ATP6V0C,P27449,1,HGNC_symbol,False
ATP6V0D1,P61421,1,HGNC_symbol,False
ATP6V0D2,Q8N8Y2,1,HGNC_symbol,False
ATP6V0E1,O15342,1,HGNC_symbol,True
ATP6V0E2,Q8NHE4,1,HGNC_symbol,False
ATP6V0E2-AS1,,0,unmapped,False
ATP6V1A,P38606,1,HGNC_symbol,False
ATP6V1B1,P15313,1,HGNC_symbol,False
ATP6V1B2,P21281,1,HGNC_symbol,True
ATP6V1C1,P21283,1,HGNC_symbol,False
ATP6V1C2,Q8NEY4,1,HGNC_symbol,False
ATP6V1D,Q9Y5K8,1,HGNC_symbol,True
ATP6V1E1,P36543,1,HGNC_symbol,False
ATP6V1E1P1,,0,unmapped,False
ATP6V1E2,Q96A05,1,HGNC_symbol,False
ATP6V1F,Q16864,1,HGNC_symbol,False
ATP6V1G1,O75348,1,HGNC_symbol,False
ATP6V1G2,O95670,1,HGNC_symbol,False
ATP6V1G3,Q96LB4,1,HGNC_symbol,False
ATP6V1H,Q9UI12,1,HGNC_symbol,False
ATP7A,Q04656,1,HGNC_symbol,False
ATP7B,P35670,1,HGNC_symbol,False
ATP8A1,Q9Y2Q0,1,HGNC_symbol,False
ATP8A2,Q9NTI2,1,HGNC_symbol,False
ATP8B1,O43520,1,HGNC_symbol,False
ATP8B2,P98198,1,HGNC_symbol,False
ATP8B3,O60423,1,HGNC_symbol,False
ATP8B4,Q8TF62,1,HGNC_symbol,False
ATP9A,O75110,1,HGNC_symbol,False
ATP9B,O43861,1,HGNC_symbol,False
ATPAF1,Q5TC12,1,HGNC_symbol,True
ATPAF2,Q8N5M1,1,HGNC_symbol,False
ATPIF1,93974,5,STRING_alias,False
ATPSCKMT,Q6P4H8,1,HGNC_symbol,True
ATR,Q13535,1,HGNC_symbol,False
ATRAID,Q6UW56,1,HGNC_symbol,True
ATRIP,Q8WXE1,1,HGNC_symbol,True
ATRN,O75882,1,HGNC_symbol,False
ATRNL1,Q5VV63,1,HGNC_symbol,False
ATRX,P46100,1,HGNC_symbol,False
ATXN1,P54253,1,HGNC_symbol,True
ATXN10,Q9UBB4,1,HGNC_symbol,False
ATXN1L,P0C7T5,1,HGNC_symbol,False
ATXN2,Q99700,1,HGNC_symbol,False
ATXN2L,Q8WWM7,1,HGNC_symbol,False
ATXN3,P54252,1,HGNC_symbol,False
ATXN3L,Q9H3M9,1,HGNC_symbol,False
ATXN7,O15265,1,HGNC_symbol,False
ATXN7L1,Q9ULK2,1,HGNC_symbol,False
ATXN7L2,Q5T6C5,1,HGNC_symbol,False
ATXN7L3,Q14CW9,1,HGNC_symbol,False
ATXN7L3B,Q96GX2,1,HGNC_symbol,False
ATXN8,Q156A1,1,HGNC_symbol,True
AUH,Q13825,1,HGNC_symbol,False
AUNIP,Q9H7T9,1,HGNC_symbol,False
AUP1,Q9Y679,1,HGNC_symbol,False
AURKA,O14965,1,HGNC_symbol,False
AURKAIP1,Q9NWT8,1,HGNC_symbol,False
AURKAPS1,,0,unmapped,False
AURKB,Q96GD4,1,HGNC_symbol,False
AURKC,Q9UQB9,1,HGNC_symbol,False
AUTS2,Q8WXX7,1,HGNC_symbol,False
AVEN,Q9NQS1,1,HGNC_symbol,False
AVIL,O75366,1,HGNC_symbol,False
AVL9,Q8NBF6,1,HGNC_symbol,False
AVP,P01185,1,HGNC_symbol,False
AVPI1,Q5T686,1,HGNC_symbol,True
AVPR1A,P37288,1,HGNC_symbol,True
AVPR1B,P47901,1,HGNC_symbol,True
AVPR2,P30518,1,HGNC_symbol,True
AWAT1,Q58HT5,1,HGNC_symbol,False
AWAT2,Q6E213,1,HGNC_symbol,False
AXDND1,Q5T1B0,1,HGNC_symbol,False
AXIN1,O15169,1,HGNC_symbol,False
AXIN2,Q9Y2T1,1,HGNC_symbol,False
AXL,P30530,1,HGNC_symbol,False
AZGP1,P25311,1,HGNC_symbol,True
AZI1,22994,5,STRING_alias,False
AZI2,Q9H6S1,1,HGNC_symbol,False
AZIN1,O14977,1,HGNC_symbol,True
AZIN2,Q96A70,1,HGNC_symbol,True
AZU1,P20160,1,HGNC_symbol,False
B2M,P61769,1,HGNC_symbol,False
B3GALNT1,O75752,1,HGNC_symbol,False
B3GALNT2,Q8NCR0,1,HGNC_symbol,False
B3GALT1,Q9Y5Z6,1,HGNC_symbol,False
B3GALT2,O43825,1,HGNC_symbol,True
B3GALT4,O96024,1,HGNC_symbol,False
B3GALT5,Q9Y2C3,1,HGNC_symbol,False
B3GALT6,Q96L58,1,HGNC_symbol,False
B3GALT9,A8MXE2,1,HGNC_symbol,False
B3GALTL,145173,5,STRING_alias,False
B3GAT1,Q9P2W7,1,HGNC_symbol,False
B3GAT2,Q9NPZ5,1,HGNC_symbol,False
B3GAT3,O94766,1,HGNC_symbol,False
B3GLCT,Q6Y288,1,HGNC_symbol,True
B3GNT1,10678,5,STRING_alias,False
B3GNT2,Q9NY97,1,HGNC_symbol,False
B3GNT3,Q9Y2A9,1,HGNC_symbol,False
B3GNT4,Q9C0J1,1,HGNC_symbol,False
B3GNT5,Q9BYG0,1,HGNC_symbol,True
B3GNT6,Q6ZMB0,1,HGNC_symbol,False
B3GNT7,Q8NFL0,1,HGNC_symbol,False
B3GNT8,Q7Z7M8,1,HGNC_symbol,False
B3GNT9,Q6UX72,1,HGNC_symbol,True
B3GNTL1,146712,5,STRING_alias,False
B4GALNT1,Q00973,1,HGNC_symbol,False
B4GALNT2,Q8NHY0,1,HGNC_symbol,True
B4GALNT3,Q6L9W6,1,HGNC_symbol,False
B4GALNT4,Q76KP1,1,HGNC_symbol,False
B4GALT1,P15291,1,HGNC_symbol,False
B4GALT2,O60909,1,HGNC_symbol,False
B4GALT3,O60512,1,HGNC_symbol,True
B4GALT4,O60513,1,HGNC_symbol,False
B4GALT5,O43286,1,HGNC_symbol,False
B4GALT6,Q9UBX8,1,HGNC_symbol,False
B4GALT7,Q9UBV7,1,HGNC_symbol,False
B4GAT1,O43505,1,HGNC_symbol,True
B9D1,Q9UPM9,1,HGNC_symbol,False
B9D2,Q9BPU9,1,HGNC_symbol,False
BAALC,Q8WXS3,1,HGNC_symbol,False
BAAT,Q14032,1,HGNC_symbol,True
BABAM1,Q9NWV8,1,HGNC_symbol,False
BABAM2,Q9NXR7,1,HGNC_symbol,False
BACC1,Q8IXM2,1,HGNC_symbol,True
BACE1,P56817,1,HGNC_symbol,True
BACE2,Q9Y5Z0,1,HGNC_symbol,False
BACH1,O14867,1,HGNC_symbol,True
BACH1-IT1,,0,unmapped,False
BACH1-IT2,,0,unmapped,False
BACH2,Q9BYV9,1,HGNC_symbol,False
BAD,Q92934,1,HGNC_symbol,False
BAG1,Q99933,1,HGNC_symbol,True
BAG2,O95816,1,HGNC_symbol,True
BAG3,O95817,1,HGNC_symbol,False
BAG4,O95429,1,HGNC_symbol,False
BAG5,Q9UL15,1,HGNC_symbol,True
BAG6,P46379,1,HGNC_symbol,False
BAHCC1,Q9P281,1,HGNC_symbol,False
BAHD1,Q8TBE0,1,HGNC_symbol,False
BAI1,575,5,STRING_alias,False
BAI2,576,5,STRING_alias,False
BAI3,4DLO,5,STRING_alias,False
BAIAP2,Q9UQB8,1,HGNC_symbol,False
BAIAP2-AS1,,0,unmapped,False
BAIAP2L1,Q9UHR4,1,HGNC_symbol,False
BAIAP2L2,Q6UXY1,1,HGNC_symbol,False
BAIAP3,O94812,1,HGNC_symbol,False
BAK1,Q16611,1,HGNC_symbol,False
BAK1P1,,0,unmapped,False
BAMBI,Q13145,1,HGNC_symbol,True
BANF1,O75531,1,HGNC_symbol,True
BANF1P2,,0,unmapped,False
BANF1P3,,0,unmapped,False
BANF2,Q9H503,1,HGNC_symbol,False
BANK1,Q8NDB2,1,HGNC_symbol,True
BANP,Q8N9N5,1,HGNC_symbol,True
BAP1,Q92560,1,HGNC_symbol,False
BARD1,Q99728,1,HGNC_symbol,False
BARHL1,Q9BZE3,1,HGNC_symbol,True
BARHL2,Q9NY43,1,HGNC_symbol,False
BARX1,Q9HBU1,1,HGNC_symbol,True
BARX2,Q9UMQ3,1,HGNC_symbol,False
BASP1,P80723,1,HGNC_symbol,False
BATF,Q16520,1,HGNC_symbol,True
BATF2,Q8N1L9,1,HGNC_symbol,True
BATF3,Q9NR55,1,HGNC_symbol,False
BAX,Q07812,1,HGNC_symbol,False
BAZ1A,Q9NRL2,1,HGNC_symbol,False
BAZ1B,Q9UIG0,1,HGNC_symbol,False
BAZ2A,Q9UIF9,1,HGNC_symbol,False
BAZ2B,Q9UIF8,1,HGNC_symbol,False
BBC3,Q96PG8,1,HGNC_symbol,True
BBIP1,A8MTZ0,1,HGNC_symbol,True
BBLN,Q9BUW7,1,HGNC_symbol,True
BBOF1,Q8ND07,1,HGNC_symbol,False
BBOX1,O75936,1,HGNC_symbol,False
BBS1,Q8NFJ9,1,HGNC_symbol,False
BBS10,Q8TAM1,1,HGNC_symbol,True
BBS12,Q6ZW61,1,HGNC_symbol,False
BBS2,Q9BXC9,1,HGNC_symbol,True
BBS4,Q96RK4,1,HGNC_symbol,False
BBS5,Q8N3I7,1,HGNC_symbol,False
BBS7,Q8IWZ6,1,HGNC_symbol,True
BBS9,Q3SYG4,1,HGNC_symbol,True
BBX,Q8WY36,1,HGNC_symbol,True
BCAM,P50895,1,HGNC_symbol,True
BCAN,Q96GW7,1,HGNC_symbol,True
BCAP29,Q9UHQ4,1,HGNC_symbol,False
BCAP31,P51572,1,HGNC_symbol,False
BCAR1,P56945,1,HGNC_symbol,False
BCAR3,O75815,1,HGNC_symbol,False
BCAS1,O75363,1,HGNC_symbol,True
BCAS2,O75934,1,HGNC_symbol,False
BCAS2P2,,0,unmapped,False
BCAS3,Q9H6U6,1,HGNC_symbol,False
BCAS4,Q8TDM0,1,HGNC_symbol,False
BCAT1,P54687,1,HGNC_symbol,True
BCAT2,O15382,1,HGNC_symbol,False
BCCIP,Q9P287,1,HGNC_symbol,False
BCDIN3D,Q7Z5W3,1,HGNC_symbol,False
BCDIN3D-AS1,,0,unmapped,False
BCHE,P06276,1,HGNC_symbol,True
BCKDHA,P12694,1,HGNC_symbol,False
BCKDHB,P21953,1,HGNC_symbol,False
BCKDK,O14874,1,HGNC_symbol,False
BCL10,O95999,1,HGNC_symbol,True
BCL11A,Q9H165,1,HGNC_symbol,False
BCL11B,Q9C0K0,1,HGNC_symbol,False
BCL2,P10415,1,HGNC_symbol,False
BCL2A1,Q16548,1,HGNC_symbol,False
BCL2L1,Q07817,1,HGNC_symbol,True
BCL2L10,Q9HD36,1,HGNC_symbol,False
BCL2L11,O43521,1,HGNC_symbol,True
BCL2L12,Q9HB09,1,HGNC_symbol,False
BCL2L13,Q9BXK5,1,HGNC_symbol,False
BCL2L14,Q9BZR8,1,HGNC_symbol,False
BCL2L15,Q5TBC7,1,HGNC_symbol,False
BCL2L2,Q92843,1,HGNC_symbol,True
BCL2L2-PABPN1,,0,unmapped,False
BCL3,P20749,1,HGNC_symbol,True
BCL6,P41182,1,HGNC_symbol,False
BCL6B,Q8N143,1,HGNC_symbol,True
BCL7A,Q4VC05,1,HGNC_symbol,False
BCL7B,Q9BQE9,1,HGNC_symbol,True
BCL7C,Q8WUZ0,1,HGNC_symbol,False
BCL9,O00512,1,HGNC_symbol,False
BCL9L,Q86UU0,1,HGNC_symbol,False
BCLAF1,Q9NYF8,1,HGNC_symbol,True
BCLAF3,A2AJT9,1,HGNC_symbol,True
BCO1,Q9HAY6,1,HGNC_symbol,True
BCO2,Q9BYV7,1,HGNC_symbol,False
BCOR,Q6W2J9,1,HGNC_symbol,False
BCORL1,Q5H9F3,1,HGNC_symbol,False
BCORP1,Q8N888,1,HGNC_symbol,False
BCR,P11274,1,HGNC_symbol,False
BCRP3,,0,unmapped,False
BCS1L,Q9Y276,1,HGNC_symbol,True
BDH1,Q02338,1,HGNC_symbol,False
BDH2,Q9BUT1,1,HGNC_symbol,False
BDH2P1,,0,unmapped,False
BDKRB1,P46663,1,HGNC_symbol,False
BDKRB2,P30411,1,HGNC_symbol,True
BDNF,P23560,1,HGNC_symbol,False
BDNF-AS,,0,unmapped,False
BDP1,A6H8Y1,1,HGNC_symbol,False
BDP1P,,0,unmapped,False
BEAN1,Q3B7T3,1,HGNC_symbol,False
BECN1,Q14457,1,HGNC_symbol,False
BECN2,A8MW95,1,HGNC_symbol,False
BEGAIN,Q9BUH8,1,HGNC_symbol,True
BEND2,Q8NDZ0,1,HGNC_symbol,False
BEND3,Q5T5X7,1,HGNC_symbol,False
BEND3P3,,0,unmapped,False
BEND4,Q6ZU67,1,HGNC_symbol,False
BEND5,Q7L4P6,1,HGNC_symbol,False
BEND6,Q5SZJ8,1,HGNC_symbol,True
BEND7,Q8N7W2,1,HGNC_symbol,False
BEST1,O76090,1,HGNC_symbol,False
BEST2,Q8NFU1,1,HGNC_symbol,False
BEST3,Q8N1M1,1,HGNC_symbol,False
BEST4,Q8NFU0,1,HGNC_symbol,False
BET1,O15155,1,HGNC_symbol,True
BET1L,Q9NYM9,1,HGNC_symbol,False
BEX1,Q9HBH7,1,HGNC_symbol,False
BEX2,Q9BXY8,1,HGNC_symbol,True
BEX3,Q00994,1,HGNC_symbol,False
BEX4,Q9NWD9,1,HGNC_symbol,False
BEX5,Q5H9J7,1,HGNC_symbol,True
BFAR,Q9NZS9,1,HGNC_symbol,False
BFSP1,Q12934,1,HGNC_symbol,False
BFSP2,Q13515,1,HGNC_symbol,False
BGLAP,P02818,1,HGNC_symbol,False
BGN,P21810,1,HGNC_symbol,False
BHLHA15,Q7RTS1,1,HGNC_symbol,True
BHLHA9,Q7RTU4,1,HGNC_symbol,True
BHLHB9,80823,5,STRING_alias,False
BHLHE22,Q8NFJ8,1,HGNC_symbol,True
BHLHE23,Q8NDY6,1,HGNC_symbol,True
BHLHE40,O14503,1,HGNC_symbol,False
BHLHE40-AS1,,0,unmapped,False
BHLHE41,Q9C0J9,1,HGNC_symbol,False
BHMT,Q93088,1,HGNC_symbol,False
BHMT2,Q9H2M3,1,HGNC_symbol,True
BICC1,Q9H694,1,HGNC_symbol,False
BICD1,Q96G01,1,HGNC_symbol,False
BICD2,Q8TD16,1,HGNC_symbol,False
BICDL1,Q6ZP65,1,HGNC_symbol,False
BICDL2,A1A5D9,1,HGNC_symbol,False
BICRA,Q9NZM4,1,HGNC_symbol,False
BICRAL,Q6AI39,1,HGNC_symbol,False
BID,P55957,1,HGNC_symbol,True
BIK,Q13323,1,HGNC_symbol,False
BIN1,O00499,1,HGNC_symbol,True
BIN2,Q9UBW5,1,HGNC_symbol,False
BIN2P1,,0,unmapped,False
BIN2P2,,0,unmapped,False
BIN3,Q9NQY0,1,HGNC_symbol,True
BIRC2,Q13490,1,HGNC_symbol,True
BIRC3,Q13489,1,HGNC_symbol,False
BIRC5,O15392,1,HGNC_symbol,True
BIRC6,Q9NR09,1,HGNC_symbol,False
BIRC7,Q96CA5,1,HGNC_symbol,True
BIRC8,Q96P09,1,HGNC_symbol,True
BIVM,Q86UB2,1,HGNC_symbol,False
BLACAT1,A0A494BZU2,1,HGNC_symbol,False
BLCAP,P62952,1,HGNC_symbol,True
BLID,Q8IZY5,1,HGNC_symbol,True
BLK,P51451,1,HGNC_symbol,True
BLM,P54132,1,HGNC_symbol,False
BLMH,Q13867,1,HGNC_symbol,False
BLNK,Q8WV28,1,HGNC_symbol,False
BLOC1S1,P78537,1,HGNC_symbol,False
BLOC1S2,Q6QNY1,1,HGNC_symbol,True
BLOC1S3,Q6QNY0,1,HGNC_symbol,False
BLOC1S4,Q9NUP1,1,HGNC_symbol,False
BLOC1S5,Q8TDH9,1,HGNC_symbol,False
BLOC1S6,Q9UL45,1,HGNC_symbol,True
BLTP1,Q2LD37,1,HGNC_symbol,False
BLTP2,Q14667,1,HGNC_symbol,False
BLTP3A,Q6BDS2,1,HGNC_symbol,False
BLTP3B,A0JNW5,1,HGNC_symbol,False
BLVRA,P53004,1,HGNC_symbol,False
BLVRB,P30043,1,HGNC_symbol,True
BLZF1,Q9H2G9,1,HGNC_symbol,True
BLZF2P,,0,unmapped,False
BMAL1,O00327,1,HGNC_symbol,True
BMAL2,Q8WYA1,1,HGNC_symbol,False
BMERB1,Q96MC5,1,HGNC_symbol,True
BMF,Q96LC9,1,HGNC_symbol,False
BMI1,P35226,1,HGNC_symbol,False
BMP1,P13497,1,HGNC_symbol,True
BMP10,O95393,1,HGNC_symbol,False
BMP15,O95972,1,HGNC_symbol,False
BMP2,P12643,1,HGNC_symbol,True
BMP2K,Q9NSY1,1,HGNC_symbol,False
BMP3,P12645,1,HGNC_symbol,True
BMP4,P12644,1,HGNC_symbol,False
BMP5,P22003,1,HGNC_symbol,True
BMP6,P22004,1,HGNC_symbol,False
BMP7,P18075,1,HGNC_symbol,True
BMP8A,Q7Z5Y6,1,HGNC_symbol,False
BMP8B,P34820,1,HGNC_symbol,False
BMPER,Q8N8U9,1,HGNC_symbol,True
BMPR1A,P36894,1,HGNC_symbol,False
BMPR1APS1,,0,unmapped,False
BMPR1APS2,,0,unmapped,False
BMPR1B,O00238,1,HGNC_symbol,True
BMPR2,Q13873,1,HGNC_symbol,False
BMS1,Q14692,1,HGNC_symbol,False
BMS1P1,,0,unmapped,False
BMS1P10,,0,unmapped,False
BMS1P15,,0,unmapped,False
BMS1P16,,0,unmapped,False
BMS1P20,,0,unmapped,False
BMS1P4,,0,unmapped,False
BMS1P5,,0,unmapped,False
BMS1P6,,0,unmapped,False
BMS1P7,,0,unmapped,False
BMS1P8,,0,unmapped,False
BMS1P9,,0,unmapped,False
BMX,P51813,1,HGNC_symbol,True
BNC1,Q01954,1,HGNC_symbol,True
BNC2,Q6ZN30,1,HGNC_symbol,False
BNIP1,Q12981,1,HGNC_symbol,True
BNIP2,Q12982,1,HGNC_symbol,False
BNIP3,Q12983,1,HGNC_symbol,False
BNIP3L,O60238,1,HGNC_symbol,False
BNIP3P1,,0,unmapped,False
BNIP5,P0C671,1,HGNC_symbol,False
BNIPL,Q7Z465,1,HGNC_symbol,False
BOC,Q9BWV1,1,HGNC_symbol,False
BOD1,Q96IK1,1,HGNC_symbol,False
BOD1L1,Q8NFC6,1,HGNC_symbol,False
BOD1L2,Q8IYS8,1,HGNC_symbol,True
BOK,Q9UMX3,1,HGNC_symbol,True
BOLA1,Q9Y3E2,1,HGNC_symbol,False
BOLA2,Q9H3K6,1,HGNC_symbol,False
BOLA2B,552900,5,STRING_alias,False
BOLA3,Q53S33,1,HGNC_symbol,True
BOLA3-AS1,,0,unmapped,False
BOLL,Q8N9W6,1,HGNC_symbol,True
BOP1,Q14137,1,HGNC_symbol,False
BORA,Q6PGQ7,1,HGNC_symbol,False
BORCS5,Q969J3,1,HGNC_symbol,False
BORCS6,Q96GS4,1,HGNC_symbol,True
BORCS7,Q96B45,1,HGNC_symbol,True
BORCS8,Q96FH0,1,HGNC_symbol,True
BPGM,P07738,1,HGNC_symbol,False
BPHL,Q86WA6,1,HGNC_symbol,False
BPI,P17213,1,HGNC_symbol,True
BPIFA1,Q9NP55,1,HGNC_symbol,False
BPIFA2,Q96DR5,1,HGNC_symbol,True
BPIFA3,Q9BQP9,1,HGNC_symbol,True
BPIFB1,Q8TDL5,1,HGNC_symbol,False
BPIFB2,Q8N4F0,1,HGNC_symbol,True
BPIFB3,P59826,1,HGNC_symbol,True
BPIFB4,P59827,1,HGNC_symbol,True
BPIFB6,Q8NFQ5,1,HGNC_symbol,False
BPIFC,Q8NFQ6,1,HGNC_symbol,True
BPNT1,O95861,1,HGNC_symbol,False
BPNT2,Q9NX62,1,HGNC_symbol,True
BPTF,Q12830,1,HGNC_symbol,False
BPY2,O14599,1,HGNC_symbol,False
BPY2B,442867,5,STRING_alias,False
BPY2C,442867,5,STRING_alias,False
BRAF,P15056,1,HGNC_symbol,True
BRAFP1,,0,unmapped,False
BRAP,Q7Z569,1,HGNC_symbol,False
BRAT1,Q6PJG6,1,HGNC_symbol,False
BRCA1,P38398,1,HGNC_symbol,False
BRCA2,P51587,1,HGNC_symbol,False
BRCC3,P46736,1,HGNC_symbol,True
BRD1,O95696,1,HGNC_symbol,False
BRD10,Q5HYC2,1,HGNC_symbol,False
BRD2,P25440,1,HGNC_symbol,True
BRD3,Q15059,1,HGNC_symbol,True
BRD3OS,A0A1B0GUI7,1,HGNC_symbol,True
BRD4,O60885,1,HGNC_symbol,False
BRD7,Q9NPI1,1,HGNC_symbol,False
BRD7P2,,0,unmapped,False
BRD7P4,,0,unmapped,False
BRD7P5,,0,unmapped,False
BRD8,Q9H0E9,1,HGNC_symbol,False
BRD9,Q9H8M2,1,HGNC_symbol,False
BRDT,Q58F21,1,HGNC_symbol,True
BRE,6H3C,5,STRING_alias,False
BRF1,Q92994,1,HGNC_symbol,True
BRF2,Q9HAW0,1,HGNC_symbol,True
BRI3,O95415,1,HGNC_symbol,True
BRI3BP,Q8WY22,1,HGNC_symbol,False
BRICD5,Q6PL45,1,HGNC_symbol,True
BRINP1,O60477,1,HGNC_symbol,True
BRINP2,Q9C0B6,1,HGNC_symbol,True
BRINP3,Q76B58,1,HGNC_symbol,False
BRIP1,Q9BX63,1,HGNC_symbol,False
BRIX1,Q8TDN6,1,HGNC_symbol,True
BRK1,Q8WUW1,1,HGNC_symbol,False
BRME1,Q0VDD7,1,HGNC_symbol,False
BRMS1,Q9HCU9,1,HGNC_symbol,True
BRMS1L,Q5PSV4,1,HGNC_symbol,False
BROX,Q5VW32,1,HGNC_symbol,True
BRPF1,P55201,1,HGNC_symbol,False
BRPF3,Q9ULD4,1,HGNC_symbol,False
BRS3,P32247,1,HGNC_symbol,True
BRSK1,Q8TDC3,1,HGNC_symbol,False
BRSK2,Q8IWQ3,1,HGNC_symbol,False
BRWD1,Q9NSI6,1,HGNC_symbol,False
BRWD3,Q6RI45,1,HGNC_symbol,False
BSCL2,Q96G97,1,HGNC_symbol,True
BSDC1,Q9NW68,1,HGNC_symbol,True
BSG,P35613,1,HGNC_symbol,False
BSN,Q9UPA5,1,HGNC_symbol,False
BSND,Q8WZ55,1,HGNC_symbol,True
BSPH1,Q075Z2,1,HGNC_symbol,True
BSPRY,Q5W0U4,1,HGNC_symbol,True
BST1,Q10588,1,HGNC_symbol,False
BST2,Q10589,1,HGNC_symbol,False
BSX,Q3C1V8,1,HGNC_symbol,True
BTAF1,O14981,1,HGNC_symbol,False
BTBD1,Q9H0C5,1,HGNC_symbol,False
BTBD10,Q9BSF8,1,HGNC_symbol,False
BTBD11,121551,5,STRING_alias,False
BTBD16,Q32M84,1,HGNC_symbol,False
BTBD17,A6NE02,1,HGNC_symbol,True
BTBD18,B2RXH4,1,HGNC_symbol,False
BTBD19,C9JJ37,1,HGNC_symbol,True
BTBD2,Q9BX70,1,HGNC_symbol,False
BTBD3,Q9Y2F9,1,HGNC_symbol,True
BTBD6,Q96KE9,1,HGNC_symbol,True
BTBD7,Q9P203,1,HGNC_symbol,False
BTBD7P1,,0,unmapped,False
BTBD8,Q5XKL5,1,HGNC_symbol,False
BTBD9,Q96Q07,1,HGNC_symbol,False
BTC,P35070,1,HGNC_symbol,True
BTD,P43251,1,HGNC_symbol,True
BTF3,P20290,1,HGNC_symbol,False
BTF3L4,Q96K17,1,HGNC_symbol,True
BTF3L4P1,,0,unmapped,False
BTF3L4P2,,0,unmapped,False
BTF3P10,,0,unmapped,False
BTF3P12,,0,unmapped,False
BTF3P13,,0,unmapped,False
BTF3P2,,0,unmapped,False
BTF3P4,,0,unmapped,False
BTF3P5,,0,unmapped,False
BTF3P6,,0,unmapped,False
BTF3P7,,0,unmapped,False
BTF3P8,,0,unmapped,False
BTF3P9,,0,unmapped,False
BTG1,P62324,1,HGNC_symbol,False
BTG2,P78543,1,HGNC_symbol,True
BTG3,Q14201,1,HGNC_symbol,False
BTG4,Q9NY30,1,HGNC_symbol,False
BTK,Q06187,1,HGNC_symbol,False
BTLA,Q7Z6A9,1,HGNC_symbol,False
BTN1A1,Q13410,1,HGNC_symbol,False
BTN2A1,Q7KYR7,1,HGNC_symbol,False
BTN2A2,Q8WVV5,1,HGNC_symbol,False
BTN2A3P,Q96KV6,1,HGNC_symbol,False
BTN3A1,O00481,1,HGNC_symbol,False
BTN3A2,P78410,1,HGNC_symbol,False
BTN3A3,O00478,1,HGNC_symbol,False
BTNL10,,0,unmapped,False
BTNL2,Q9UIR0,1,HGNC_symbol,False
BTNL3,Q6UXE8,1,HGNC_symbol,False
BTNL8,Q6UX41,1,HGNC_symbol,False
BTNL9,Q6UXG8,1,HGNC_symbol,False
BTRC,Q9Y297,1,HGNC_symbol,True
BUB1,O43683,1,HGNC_symbol,False
BUB1B,O60566,1,HGNC_symbol,False
BUB3,O43684,1,HGNC_symbol,True
BUD13,Q9BRD0,1,HGNC_symbol,False
BUD23,O43709,1,HGNC_symbol,True
BUD31,P41223,1,HGNC_symbol,False
BVES,11149,5,STRING_alias,False
BX322557.10,,0,unmapped,False
BX649553.2,,0,unmapped,False
BX649553.4,,0,unmapped,False
BX842568.2,,0,unmapped,False
BX936347.1,,0,unmapped,False
BYSL,Q13895,1,HGNC_symbol,False
BZRAP1,9256,5,STRING_alias,False
BZRAP1-AS1,,0,unmapped,False
BZW1,Q7L1Q6,1,HGNC_symbol,True
BZW1P1,,0,unmapped,False
BZW1P2,,0,unmapped,False
BZW2,Q9Y6E2,1,HGNC_symbol,True
C10ORF68,,0,unmapped,False
C10orf10,11067,5,STRING_alias,False
C10orf105,Q8TEF2,1,HGNC_symbol,False
C10orf11,83938,5,STRING_alias,False
C10orf111,,0,unmapped,False
C10orf118,55088,5,STRING_alias,False
C10orf12,2COB,5,STRING_alias,False
C10orf120,Q5SQS8,1,HGNC_symbol,False
C10orf128,170371,5,STRING_alias,False
C10orf131,387707,5,STRING_alias,False
C10orf143,A0A1B0GUT2,1,HGNC_symbol,False
C10orf2,3.6.4.12,5,STRING_alias,False
C10orf25,,0,unmapped,False
C10orf32,119032,5,STRING_alias,False
C10orf35,219738,5,STRING_alias,False
C10orf53,Q8N6V4,1,HGNC_symbol,False
C10orf54,64115,5,STRING_alias,False
C10orf55,C10orf55,5,STRING_alias,False
C10orf62,Q5T681,1,HGNC_symbol,False
C10orf67,Q8IYJ2,1,HGNC_symbol,True
C10orf71,118461,5,STRING_alias,False
C10orf76,79591,5,STRING_alias,False
C10orf88,3.6.1.3,5,STRING_alias,False
C10orf90,Q96M02,1,HGNC_symbol,False
C10orf91,,0,unmapped,False
C10orf95,Q9H7T3,1,HGNC_symbol,False
C11orf1,64776,5,STRING_alias,False
C11orf16,Q9NQ32,1,HGNC_symbol,True
C11orf21,Q9P2W6,1,HGNC_symbol,True
C11orf24,Q96F05,1,HGNC_symbol,False
C11orf30,1UTU,5,STRING_alias,False
C11orf31,280636,5,STRING_alias,False
C11orf35,256329,5,STRING_alias,False
C11orf42,Q8N5U0,1,HGNC_symbol,True
C11orf45,219833,5,STRING_alias,False
C11orf48,79081,5,STRING_alias,False
C11orf49,79096,5,STRING_alias,False
C11orf52,Q96A22,1,HGNC_symbol,False
C11orf54,1XCR,5,STRING_alias,False
C11orf57,55216,5,STRING_alias,False
C11orf58,10944,5,STRING_alias,False
C11orf63,79864,5,STRING_alias,False
C11orf65,160140,5,STRING_alias,False
C11orf68,Q9H3H3,1,HGNC_symbol,True
C11orf71,Q6IPW1,1,HGNC_symbol,True
C11orf73,3WVZ,5,STRING_alias,False
C11orf74,119710,5,STRING_alias,False
C11orf80,79703,5,STRING_alias,False
C11orf82,220042,5,STRING_alias,False
C11orf83,790955,5,STRING_alias,False
C11orf84,144097,5,STRING_alias,False
C11orf86,A6NJI1,1,HGNC_symbol,True
C11orf87,Q6NUJ2,1,HGNC_symbol,True
C11orf89,A0A1W2PPC1,5,STRING_alias,False
C11orf91,Q3C1V1,1,HGNC_symbol,True
C11orf94,C11orf94,5,STRING_alias,False
C11orf95,65998,5,STRING_alias,False
C11orf96,Q7Z7L8,1,HGNC_symbol,True
C11orf97,A0A1B0GVM6,1,HGNC_symbol,True
C11orf98,E9PRG8,1,HGNC_symbol,False
C12orf10,C12orf10,5,STRING_alias,False
C12orf23,90488,5,STRING_alias,False
C12orf29,91298,5,STRING_alias,False
C12orf39,80763,5,STRING_alias,False
C12orf4,57102,5,STRING_alias,False
C12orf42,Q96LP6,1,HGNC_symbol,True
C12orf43,64897,5,STRING_alias,False
C12orf44,4WZG,5,STRING_alias,False
C12orf45,121053,5,STRING_alias,False
C12orf49,79794,5,STRING_alias,False
C12orf5,3.1.3.46,5,STRING_alias,False
C12orf50,Q8NA57,1,HGNC_symbol,False
C12orf54,Q6X4T0,1,HGNC_symbol,False
C12orf55,144535,5,STRING_alias,False
C12orf56,Q8IXR9,1,HGNC_symbol,True
C12orf57,Q99622,1,HGNC_symbol,False
C12orf60,Q5U649,1,HGNC_symbol,True
C12orf61,,0,unmapped,False
C12orf65,91574,5,STRING_alias,False
C12orf66,144577,5,STRING_alias,False
C12orf68,387856,5,STRING_alias,False
C12orf71,A8MTZ7,1,HGNC_symbol,False
C12orf73,728568,5,STRING_alias,False
C12orf75,387882,5,STRING_alias,False
C12orf76,Q8N812,1,HGNC_symbol,True
C12orf79,,0,unmapped,False
C13orf42,A0A1B0GVH6,1,HGNC_symbol,False
C13orf46,A0A1B0GUA9,1,HGNC_symbol,False
C14orf1,11161,5,STRING_alias,False
C14orf119,Q9NWQ9,1,HGNC_symbol,False
C14orf132,Q9NPU4,1,HGNC_symbol,True
C14orf142,6GWJ,5,STRING_alias,False
C14orf159,4.2.1.48,5,STRING_alias,False
C14orf166,51637,5,STRING_alias,False
C14orf180,400258,5,STRING_alias,False
C14orf182,,0,unmapped,False
C14orf183,,0,unmapped,False
C14orf2,6.8 kDa mitochondrial proteolipid protein,5,STRING_alias,False
C14orf28,122525,5,STRING_alias,False
C14orf37,145407,5,STRING_alias,False
C14orf39,317761,5,STRING_alias,False
C14orf64,,0,unmapped,False
C14orf79,122616,5,STRING_alias,False
C14orf80,283643,5,STRING_alias,False
C14orf93,Q9H972,1,HGNC_symbol,False
C15orf26,161502,5,STRING_alias,False
C15orf27,123591,5,STRING_alias,False
C15orf38,348110,5,STRING_alias,False
C15orf39,Q6ZRI6,1,HGNC_symbol,False
C15orf40,Q8WUR7,1,HGNC_symbol,False
C15orf41,84529,5,STRING_alias,False
C15orf48,84419,5,STRING_alias,False
C15orf52,388115,5,STRING_alias,False
C15orf56,,0,unmapped,False
C15orf57,90416,5,STRING_alias,False
C15orf61,A6NNL5,1,HGNC_symbol,False
C15orf62,A8K5M9,1,HGNC_symbol,False
C15orf65,145788,5,STRING_alias,False
C16orf13,84326,5,STRING_alias,False
C16orf45,89927,5,STRING_alias,False
C16orf46,Q6P387,1,HGNC_symbol,True
C16orf52,730094,5,STRING_alias,False
C16orf54,Q6UWD8,1,HGNC_symbol,True
C16orf58,64755,5,STRING_alias,False
C16orf59,80178,5,STRING_alias,False
C16orf62,101F10.2,5,STRING_alias,False
C16orf70,80262,5,STRING_alias,False
C16orf71,146562,5,STRING_alias,False
C16orf72,29035,5,STRING_alias,False
C16orf74,Q96GX8,1,HGNC_symbol,True
C16orf78,Q8WTQ4,1,HGNC_symbol,True
C16orf80,29105,5,STRING_alias,False
C16orf82,Q7Z2V1,1,HGNC_symbol,False
C16orf86,Q6ZW13,1,HGNC_symbol,False
C16orf87,Q6PH81,1,HGNC_symbol,True
C16orf89,Q6UX73,1,HGNC_symbol,False
C16orf90,A8MZG2,1,HGNC_symbol,False
C16orf91,283951,5,STRING_alias,False
C16orf92,146378,5,STRING_alias,False
C16orf93,90835,5,STRING_alias,False
C16orf95,Q9H693,1,HGNC_symbol,False
C16orf96,A6NNT2,1,HGNC_symbol,False
C16orf98,,0,unmapped,False
C17orf100,A8MU93,1,HGNC_symbol,False
C17orf103,256302,5,STRING_alias,False
C17orf104,284071,5,STRING_alias,False
C17orf105,284067,5,STRING_alias,False
C17orf107,Q6ZR85,1,HGNC_symbol,False
C17orf113,A0A1B0GUU1,1,HGNC_symbol,False
C17orf114,A0A1B0GUV1,1,HGNC_symbol,False
C17orf49,124944,5,STRING_alias,False
C17orf50,Q8WW18,1,HGNC_symbol,False
C17orf51,,0,unmapped,False
C17orf53,78995,5,STRING_alias,False
C17orf58,Q2M2W7,1,HGNC_symbol,True
C17orf59,54785,5,STRING_alias,False
C17orf62,79415,5,STRING_alias,False
C17orf64,124773,5,STRING_alias,False
C17orf66,256957,5,STRING_alias,False
C17orf67,Q0P5P2,1,HGNC_symbol,False
C17orf70,80233,5,STRING_alias,False
C17orf72,92340,5,STRING_alias,False
C17orf75,Q9HAS0,1,HGNC_symbol,True
C17orf78,Q8N4C9,1,HGNC_symbol,False
C17orf80,55028,5,STRING_alias,False
C17orf85,55421,5,STRING_alias,False
C17orf89,284184,5,STRING_alias,False
C17orf96,100170841,5,STRING_alias,False
C17orf97,400566,5,STRING_alias,False
C17orf99,Q6UX52,1,HGNC_symbol,False
C18orf21,83608,5,STRING_alias,False
C18orf25,A8KAB6,5,STRING_alias,False
C18orf32,Q8TCD1,1,HGNC_symbol,True
C18orf54,B9838V1,5,STRING_alias,False
C18orf56,,0,unmapped,False
C18orf63,Q68DL7,1,HGNC_symbol,False
C18orf8,29919,5,STRING_alias,False
C19orf10,56005,5,STRING_alias,False
C19orf12,Q9NSK7,1,HGNC_symbol,True
C19orf18,Q8NEA5,1,HGNC_symbol,True
C19orf24,55009,5,STRING_alias,False
C19orf25,Q9UFG5,1,HGNC_symbol,True
C19orf26,255057,5,STRING_alias,False
C19orf33,IMUP_HUMAN,5,STRING_alias,False
C19orf35,374872,5,STRING_alias,False
C19orf38,255809,5,STRING_alias,False
C19orf40,2LYH,5,STRING_alias,False
C19orf43,K7ELS0,5,STRING_alias,False
C19orf44,Q9H6X5,1,HGNC_symbol,False
C19orf45,374877,5,STRING_alias,False
C19orf47,Q8N9M1,1,HGNC_symbol,True
C19orf48,84798,5,STRING_alias,False
C19orf52,,0,unmapped,False
C19orf53,Q9UNZ5,1,HGNC_symbol,True
C19orf54,284325,5,STRING_alias,False
C19orf55,148137,5,STRING_alias,False
C19orf57,79173,5,STRING_alias,False
C19orf59,199675,5,STRING_alias,False
C19orf60,55049,5,STRING_alias,False
C19orf66,55337,5,STRING_alias,False
C19orf67,A6NJJ6,1,HGNC_symbol,False
C19orf68,374920,5,STRING_alias,False
C19orf69,100170765,5,STRING_alias,False
C19orf70,125988,5,STRING_alias,False
C19orf71,100128569,5,STRING_alias,False
C19orf73,Q9NVV2,1,HGNC_symbol,False
C19orf77,284422,5,STRING_alias,False
C19orf81,C9J6K1,1,HGNC_symbol,False
C19orf82,,0,unmapped,False
C19orf83,,0,unmapped,False
C19orf84,I3L1E1,1,HGNC_symbol,False
C19orf85,A0A1B0GUS0,1,HGNC_symbol,False
C1D,Q13901,1,HGNC_symbol,False
C1DP1,,0,unmapped,False
C1GALT1,Q9NS00,1,HGNC_symbol,False
C1GALT1C1,Q96EU7,1,HGNC_symbol,False
C1GALT1C1L,P0DN25,1,HGNC_symbol,False
C1QA,P02745,1,HGNC_symbol,True
C1QB,P02746,1,HGNC_symbol,True
C1QBP,Q07021,1,HGNC_symbol,True
C1QC,P02747,1,HGNC_symbol,False
C1QL1,O75973,1,HGNC_symbol,False
C1QL2,Q7Z5L3,1,HGNC_symbol,False
C1QL3,Q5VWW1,1,HGNC_symbol,True
C1QL4,Q86Z23,1,HGNC_symbol,False
C1QTNF1,Q9BXJ1,1,HGNC_symbol,False
C1QTNF12,Q5T7M4,1,HGNC_symbol,False
C1QTNF2,Q9BXJ5,1,HGNC_symbol,False
C1QTNF3,Q9BXJ4,1,HGNC_symbol,True
C1QTNF4,Q9BXJ3,1,HGNC_symbol,False
C1QTNF5,Q9BXJ0,1,HGNC_symbol,False
C1QTNF6,Q9BXI9,1,HGNC_symbol,False
C1QTNF7,Q9BXJ2,1,HGNC_symbol,True
C1QTNF8,P60827,1,HGNC_symbol,False
C1QTNF9,P0C862,1,HGNC_symbol,True
C1QTNF9B,B2RNN3,1,HGNC_symbol,False
C1QTNF9B-AS1,,0,unmapped,False
C1R,P00736,1,HGNC_symbol,False
C1RL,Q9NZP8,1,HGNC_symbol,False
C1RL-AS1,,0,unmapped,False
C1S,P09871,1,HGNC_symbol,True
C1orf101,257044,5,STRING_alias,False
C1orf105,O95561,1,HGNC_symbol,False
C1orf106,55765,5,STRING_alias,False
C1orf109,54955,5,STRING_alias,False
C1orf112,55732,5,STRING_alias,False
C1orf115,Q9H7X2,1,HGNC_symbol,False
C1orf116,79098,5,STRING_alias,False
C1orf122,Q6ZSJ8,1,HGNC_symbol,False
C1orf123,54987,5,STRING_alias,False
C1orf127,A0AVG8,5,STRING_alias,False
C1orf131,128061,5,STRING_alias,False
C1orf132,,0,unmapped,False
C1orf134,,0,unmapped,False
C1orf141,Q5JVX7,1,HGNC_symbol,False
C1orf145,,0,unmapped,False
C1orf146,388649,5,STRING_alias,False
C1orf159,Q96HA4,1,HGNC_symbol,True
C1orf162,Q8NEQ5,1,HGNC_symbol,True
C1orf167,Q5SNV9,1,HGNC_symbol,False
C1orf172,126695,5,STRING_alias,False
C1orf173,127254,5,STRING_alias,False
C1orf174,Q8IYL3,1,HGNC_symbol,True
C1orf177,163747,5,STRING_alias,False
C1orf185,Q5T7R7,1,HGNC_symbol,True
C1orf186,440712,5,STRING_alias,False
C1orf189,388701,5,STRING_alias,False
C1orf192,CFAP126,5,STRING_alias,False
C1orf198,Q9H425,1,HGNC_symbol,True
C1orf200,,0,unmapped,False
C1orf202,A0A1W2PPE3,1,HGNC_symbol,False
C1orf204,391123,5,STRING_alias,False
C1orf21,Q9H246,1,HGNC_symbol,True
C1orf210,Q8IVY1,1,HGNC_symbol,False
C1orf213,,0,unmapped,False
C1orf216,Q8TAB5,1,HGNC_symbol,True
C1orf220,Q5T0J3,1,HGNC_symbol,False
C1orf226,A1L170,1,HGNC_symbol,True
C1orf228,339541,5,STRING_alias,False
C1orf232,A0A0U1RR37,1,HGNC_symbol,False
C1orf233,643988,5,STRING_alias,False
C1orf27,54953,5,STRING_alias,False
C1orf35,79169,5,STRING_alias,False
C1orf43,25912,5,STRING_alias,False
C1orf50,Q9BV19,1,HGNC_symbol,False
C1orf51,148523,5,STRING_alias,False
C1orf52,Q8N6N3,1,HGNC_symbol,False
C1orf53,Q5VUE5,1,HGNC_symbol,True
C1orf54,Q8WWF1,1,HGNC_symbol,False
C1orf56,54964,5,STRING_alias,False
C1orf61,10485,5,STRING_alias,False
C1orf63,57035,5,STRING_alias,False
C1orf74,Q96LT6,1,HGNC_symbol,False
C1orf85,112770,5,STRING_alias,False
C1orf86,,0,unmapped,False
C1orf87,Q8N0U7,1,HGNC_symbol,True
C1orf94,Q6P1W5,1,HGNC_symbol,False
C1orf95,375057,5,STRING_alias,False
C2,P06681,1,HGNC_symbol,False
C20ORF135,,0,unmapped,False
C20orf112,140688,5,STRING_alias,False
C20orf141,Q9NUB4,1,HGNC_symbol,False
C20orf144,Q9BQM9,1,HGNC_symbol,False
C20orf166-AS1,,0,unmapped,False
C20orf173,Q96LM9,1,HGNC_symbol,True
C20orf194,25943,5,STRING_alias,False
C20orf195,79025,5,STRING_alias,False
C20orf196,149840,5,STRING_alias,False
C20orf197,,0,unmapped,False
C20orf201,198437,5,STRING_alias,False
C20orf202,A1L168,1,HGNC_symbol,True
C20orf203,Q8NBC4,1,HGNC_symbol,True
C20orf204,A0A1B0GTL2,1,HGNC_symbol,False
C20orf24,55969,5,STRING_alias,False
C20orf27,54976,5,STRING_alias,False
C20orf96,Q9NUD7,1,HGNC_symbol,True
C21orf119,,0,unmapped,False
C21orf128,,0,unmapped,False
C21orf140,B9A014,1,HGNC_symbol,True
C21orf2,,0,unmapped,False
C21orf33,8209,5,STRING_alias,False
C21orf49,,0,unmapped,False
C21orf58,P58505,1,HGNC_symbol,False
C21orf59,56683,5,STRING_alias,False
C21orf62,56245,5,STRING_alias,False
C21orf67,,0,unmapped,False
C21orf90,,0,unmapped,False
C21orf91,54149,5,STRING_alias,False
C21orf91-OT1,,0,unmapped,False
C22orf15,Q8WYQ4,1,HGNC_symbol,False
C22orf23,Q9BZE7,1,HGNC_symbol,False
C22orf24,,0,unmapped,False
C22orf26,,0,unmapped,False
C22orf29,79680,5,STRING_alias,False
C22orf31,O95567,1,HGNC_symbol,True
C22orf34,,0,unmapped,False
C22orf39,Q6P5X5,1,HGNC_symbol,False
C22orf42,Q6IC83,1,HGNC_symbol,False
C22orf43,51233,5,STRING_alias,False
C22orf46,,0,unmapped,False
C2CD2,Q9Y426,1,HGNC_symbol,False
C2CD2L,O14523,1,HGNC_symbol,False
C2CD3,Q4AC94,1,HGNC_symbol,False
C2CD4A,Q8NCU7,1,HGNC_symbol,False
C2CD4B,A6NLJ0,1,HGNC_symbol,True
C2CD4C,Q8TF44,1,HGNC_symbol,True
C2CD4D,B7Z1M9,1,HGNC_symbol,True
C2CD5,Q86YS7,1,HGNC_symbol,False
C2CD6,151254,5,STRING_alias,False
C2ORF15,,0,unmapped,False
C2orf15,Q8WU43,1,HGNC_symbol,False
C2orf27A,,0,unmapped,False
C2orf42,Q9NWW7,1,HGNC_symbol,True
C2orf43,3.1.1.-,5,STRING_alias,False
C2orf44,80304,5,STRING_alias,False
C2orf47,79568,5,STRING_alias,False
C2orf48,Q96LS8,1,HGNC_symbol,True
C2orf49,Q9BVC5,1,HGNC_symbol,False
C2orf50,130813,5,STRING_alias,False
C2orf62,375307,5,STRING_alias,False
C2orf66,Q6UXQ4,1,HGNC_symbol,True
C2orf68,Q2NKX9,1,HGNC_symbol,False
C2orf69,Q8N8R5,1,HGNC_symbol,False
C2orf72,A6NCS6,1,HGNC_symbol,False
C2orf74,A8MZ97,1,HGNC_symbol,False
C2orf76,Q3KRA6,1,HGNC_symbol,False
C2orf78,A6NCI8,1,HGNC_symbol,False
C2orf80,Q0P641,1,HGNC_symbol,False
C2orf81,A6NN90,1,HGNC_symbol,True
C2orf82,389084,5,STRING_alias,False
C2orf88,5HVZ,5,STRING_alias,False
C2orf92,A0A1B0GVN3,1,HGNC_symbol,False
C3,P01024,1,HGNC_symbol,False
C3AR1,Q16581,1,HGNC_symbol,False
C3orf14,57415,5,STRING_alias,False
C3orf17,25871,5,STRING_alias,False
C3orf18,Q9UK00,1,HGNC_symbol,False
C3orf20,Q8ND61,1,HGNC_symbol,True
C3orf22,Q8N5N4,1,HGNC_symbol,False
C3orf27,,0,unmapped,False
C3orf33,Q6P1S2,1,HGNC_symbol,False
C3orf35,,0,unmapped,False
C3orf38,Q5JPI3,1,HGNC_symbol,True
C3orf49,Q96BT1,1,HGNC_symbol,True
C3orf52,79669,5,STRING_alias,False
C3orf58,205428,5,STRING_alias,False
C3orf62,Q6ZUJ4,1,HGNC_symbol,False
C3orf67,200844,5,STRING_alias,False
C3orf70,A6NLC5,1,HGNC_symbol,False
C3orf80,F5H4A9,1,HGNC_symbol,False
C3orf85,A0A1B0GTC6,1,HGNC_symbol,False
C4A,P0C0L4,1,HGNC_symbol,False
C4B,P0C0L5,1,HGNC_symbol,False
C4BPA,P04003,1,HGNC_symbol,True
C4BPB,P20851,1,HGNC_symbol,False
C4orf17,Q53FE4,1,HGNC_symbol,False
C4orf21,55345,5,STRING_alias,False
C4orf27,54969,5,STRING_alias,False
C4orf29,A0A2R8YEZ0,5,STRING_alias,False
C4orf3,401152,5,STRING_alias,False
C4orf32,132720,5,STRING_alias,False
C4orf33,Q8N1A6,1,HGNC_symbol,True
C4orf36,Q96KX1,1,HGNC_symbol,False
C4orf46,Q504U0,1,HGNC_symbol,True
C4orf47,441054,5,STRING_alias,False
C4orf48,B6ZDN0,5,STRING_alias,False
C4orf50,Q6ZRC1,1,HGNC_symbol,False
C4orf51,C9J302,1,HGNC_symbol,False
C4orf54,D6RIA3,1,HGNC_symbol,False
C5,P01031,1,HGNC_symbol,False
C5AR1,P21730,1,HGNC_symbol,True
C5AR2,Q9P296,1,HGNC_symbol,True
C5orf15,56951,5,STRING_alias,False
C5orf22,Q49AR2,1,HGNC_symbol,False
C5orf24,Q7Z6I8,1,HGNC_symbol,True
C5orf27,,0,unmapped,False
C5orf28,64417,5,STRING_alias,False
C5orf30,90355,5,STRING_alias,False
C5orf34,Q96MH7,1,HGNC_symbol,True
C5orf42,65250,5,STRING_alias,False
C5orf45,51149,5,STRING_alias,False
C5orf46,Q6UWT4,1,HGNC_symbol,False
C5orf47,Q569G3,1,HGNC_symbol,True
C5orf51,285636,5,STRING_alias,False
C5orf52,A6NGY3,1,HGNC_symbol,False
C5orf54,63920,5,STRING_alias,False
C5orf55,,0,unmapped,False
C5orf56,,0,unmapped,False
C5orf58,C9J3I9,1,HGNC_symbol,False
C5orf63,A6NC05,1,HGNC_symbol,False
C5orf66,,0,unmapped,False
C6,P13671,1,HGNC_symbol,False
C6orf1,,0,unmapped,False
C6orf106,64771,5,STRING_alias,False
C6orf118,Q5T5N4,1,HGNC_symbol,False
C6orf120,Q7Z4R8,1,HGNC_symbol,False
C6orf132,Q5T0Z8,1,HGNC_symbol,False
C6orf136,Q5SQH8,1,HGNC_symbol,False
C6orf141,Q5SZD1,1,HGNC_symbol,True
C6orf15,Q6UXA7,1,HGNC_symbol,True
C6orf163,Q5TEZ5,1,HGNC_symbol,False
C6orf164,,0,unmapped,False
C6orf165,154313,5,STRING_alias,False
C6orf183,,0,unmapped,False
C6orf195,,0,unmapped,False
C6orf203,51250,5,STRING_alias,False
C6orf211,2.1.1.-,5,STRING_alias,False
C6orf223,C6orf223,5,STRING_alias,False
C6orf226,441150,5,STRING_alias,False
C6orf229,101928603,5,STRING_alias,False
C6orf25,6R0X,5,STRING_alias,False
C6orf3,,0,unmapped,False
C6orf47,O95873,1,HGNC_symbol,False
C6orf48,,0,unmapped,False
C6orf52,Q5T4I8,1,HGNC_symbol,False
C6orf57,135154,5,STRING_alias,False
C6orf58,352999,5,STRING_alias,False
C6orf62,Q9GZU0,1,HGNC_symbol,True
C6orf89,Q6UWU4,1,HGNC_symbol,False
C6orf99,,0,unmapped,False
C7,P10643,1,HGNC_symbol,False
C7orf13,,0,unmapped,False
C7orf25,Q9BPX7,1,HGNC_symbol,False
C7orf26,79034,5,STRING_alias,False
C7orf31,136895,5,STRING_alias,False
C7orf33,Q8WU49,1,HGNC_symbol,False
C7orf43,55262,5,STRING_alias,False
C7orf49,78996,5,STRING_alias,False
C7orf50,84310,5,STRING_alias,False
C7orf55,100996928,5,STRING_alias,False
C7orf55-LUC7L2,,0,unmapped,False
C7orf57,Q8NEG2,1,HGNC_symbol,False
C7orf60,154743,5,STRING_alias,False
C7orf61,402573,5,STRING_alias,False
C7orf63,79846,5,STRING_alias,False
C7orf73,647087,5,STRING_alias,False
C7orf78,A0A1B0GVB3,1,HGNC_symbol,True
C8A,P07357,1,HGNC_symbol,False
C8B,P07358,1,HGNC_symbol,False
C8G,P07360,1,HGNC_symbol,False
C8orf31,,0,unmapped,False
C8orf33,Q9H7E9,1,HGNC_symbol,False
C8orf34,Q49A92,1,HGNC_symbol,True
C8orf37,157657,5,STRING_alias,False
C8orf44,Q96CB5,1,HGNC_symbol,False
C8orf46,254778,5,STRING_alias,False
C8orf48,Q96LL4,1,HGNC_symbol,True
C8orf56,,0,unmapped,False
C8orf58,Q8NAV2,1,HGNC_symbol,False
C8orf59,401466,5,STRING_alias,False
C8orf74,Q6P047,1,HGNC_symbol,True
C8orf76,Q96K31,1,HGNC_symbol,False
C8orf82,Q6P1X6,1,HGNC_symbol,False
C8orf88,P0DMB2,1,HGNC_symbol,True
C8orf89,P0DMQ9,1,HGNC_symbol,False
C8orf90,A0A2R8Y2Y2,1,HGNC_symbol,True
C9,P02748,1,HGNC_symbol,True
C9orf106,,0,unmapped,False
C9orf114,2.1.1.-,5,STRING_alias,False
C9orf116,138162,5,STRING_alias,False
C9orf117,286207,5,STRING_alias,False
C9orf129,445577,5,STRING_alias,False
C9orf139,,0,unmapped,False
C9orf142,286257,5,STRING_alias,False
C9orf147,,0,unmapped,False
C9orf152,Q5JTZ5,1,HGNC_symbol,True
C9orf153,Q5TBE3,1,HGNC_symbol,True
C9orf156,2.1.1.-,5,STRING_alias,False
C9orf16,79095,5,STRING_alias,False
C9orf163,Q8N9P6,1,HGNC_symbol,True
C9orf169,375791,5,STRING_alias,False
C9orf172,389813,5,STRING_alias,False
C9orf24,84688,5,STRING_alias,False
C9orf3,3.4.11.-,5,STRING_alias,False
C9orf37,,0,unmapped,False
C9orf40,Q8IXQ3,1,HGNC_symbol,True
C9orf41,138199,5,STRING_alias,False
C9orf43,Q8TAL5,1,HGNC_symbol,False
C9orf47,1903,5,STRING_alias,False
C9orf50,Q5SZB4,1,HGNC_symbol,False
C9orf57,Q5W0N0,1,HGNC_symbol,True
C9orf64,84267,5,STRING_alias,False
C9orf66,,0,unmapped,False
C9orf69,90120,5,STRING_alias,False
C9orf72,Q96LT7,1,HGNC_symbol,False
C9orf78,Q9NZ63,1,HGNC_symbol,False
C9orf85,Q96MD7,1,HGNC_symbol,False
C9orf89,4DWN,5,STRING_alias,False
C9orf9,11092,5,STRING_alias,False
C9orf91,203197,5,STRING_alias,False
C9orf96,169436,5,STRING_alias,False
CA1,P00915,1,HGNC_symbol,False
CA10,Q9NS85,1,HGNC_symbol,False
CA11,O75493,1,HGNC_symbol,True
CA12,O43570,1,HGNC_symbol,False
CA13,Q8N1Q1,1,HGNC_symbol,True
CA14,Q9ULX7,1,HGNC_symbol,False
CA15P1,,0,unmapped,False
CA2,P00918,1,HGNC_symbol,True
CA3,P07451,1,HGNC_symbol,False
CA4,P22748,1,HGNC_symbol,False
CA5A,P35218,1,HGNC_symbol,False
CA5B,Q9Y2D0,1,HGNC_symbol,False
CA5BP1,Q8WTZ4,1,HGNC_symbol,True
CA6,P23280,1,HGNC_symbol,False
CA7,P43166,1,HGNC_symbol,False
CA8,P35219,1,HGNC_symbol,False
CA9,Q16790,1,HGNC_symbol,True
CAAP1,Q9H8G2,1,HGNC_symbol,False
CAB39,Q9Y376,1,HGNC_symbol,True
CAB39L,Q9H9S4,1,HGNC_symbol,True
CABCOCO1,Q8IVU9,1,HGNC_symbol,False
CABIN1,Q9Y6J0,1,HGNC_symbol,False
CABLES1,Q8TDN4,1,HGNC_symbol,False
CABLES2,Q9BTV7,1,HGNC_symbol,True
CABP1,Q9NZU7,1,HGNC_symbol,False
CABP2,Q9NPB3,1,HGNC_symbol,False
CABP4,P57796,1,HGNC_symbol,False
CABP5,Q9NP86,1,HGNC_symbol,False
CABP7,Q86V35,1,HGNC_symbol,True
CABS1,Q96KC9,1,HGNC_symbol,False
CABYR,O75952,1,HGNC_symbol,False
CACFD1,Q9UGQ2,1,HGNC_symbol,False
CACHD1,Q5VU97,1,HGNC_symbol,False
CACNA1A,O00555,1,HGNC_symbol,False
CACNA1B,Q00975,1,HGNC_symbol,False
CACNA1C,Q13936,1,HGNC_symbol,False
CACNA1C-AS1,,0,unmapped,False
CACNA1C-AS2,,0,unmapped,False
CACNA1D,Q01668,1,HGNC_symbol,False
CACNA1E,Q15878,1,HGNC_symbol,False
CACNA1F,O60840,1,HGNC_symbol,False
CACNA1G,O43497,1,HGNC_symbol,False
CACNA1H,O95180,1,HGNC_symbol,False
CACNA1I,Q9P0X4,1,HGNC_symbol,False
CACNA1S,Q13698,1,HGNC_symbol,False
CACNA2D1,P54289,1,HGNC_symbol,False
CACNA2D2,Q9NY47,1,HGNC_symbol,False
CACNA2D3,Q8IZS8,1,HGNC_symbol,False
CACNA2D4,Q7Z3S7,1,HGNC_symbol,False
CACNB1,Q02641,1,HGNC_symbol,True
CACNB2,Q08289,1,HGNC_symbol,True
CACNB3,P54284,1,HGNC_symbol,True
CACNB4,O00305,1,HGNC_symbol,False
CACNG1,Q06432,1,HGNC_symbol,False
CACNG2,Q9Y698,1,HGNC_symbol,True
CACNG3,O60359,1,HGNC_symbol,False
CACNG4,Q9UBN1,1,HGNC_symbol,True
CACNG5,Q9UF02,1,HGNC_symbol,False
CACNG6,Q9BXT2,1,HGNC_symbol,True
CACNG7,P62955,1,HGNC_symbol,True
CACNG8,Q8WXS5,1,HGNC_symbol,True
CACTIN,Q8WUQ7,1,HGNC_symbol,True
CACTIN-AS1,Q8N1I8,1,HGNC_symbol,True
CACUL1,Q86Y37,1,HGNC_symbol,False
CACYBP,Q9HB71,1,HGNC_symbol,False
CACYBPP2,,0,unmapped,False
CAD,P27708,1,HGNC_symbol,False
CADM1,Q9BY67,1,HGNC_symbol,False
CADM2,Q8N3J6,1,HGNC_symbol,False
CADM3,Q8N126,1,HGNC_symbol,False
CADM4,Q8NFZ8,1,HGNC_symbol,True
CADPS,Q9ULU8,1,HGNC_symbol,False
CADPS2,Q86UW7,1,HGNC_symbol,False
CAGE1,Q8TC20,1,HGNC_symbol,False
CAHM,,0,unmapped,False
CALB1,P05937,1,HGNC_symbol,False
CALB2,P22676,1,HGNC_symbol,True
CALCA,P01258,1,HGNC_symbol,False
CALCB,P10092,1,HGNC_symbol,False
CALCOCO1,Q9P1Z2,1,HGNC_symbol,False
CALCOCO2,Q13137,1,HGNC_symbol,True
CALCR,P30988,1,HGNC_symbol,True
CALCRL,Q16602,1,HGNC_symbol,False
CALD1,Q05682,1,HGNC_symbol,False
CALHM1,Q8IU99,1,HGNC_symbol,False
CALHM2,Q9HA72,1,HGNC_symbol,False
CALHM3,Q86XJ0,1,HGNC_symbol,False
CALHM4,Q5JW98,1,HGNC_symbol,False
CALHM5,Q8N5C1,1,HGNC_symbol,False
CALHM6,Q5R3K3,1,HGNC_symbol,False
CALM1,P0DP23,1,HGNC_symbol,False
CALM2,P0DP24,1,HGNC_symbol,True
CALM2P2,,0,unmapped,False
CALM2P3,,0,unmapped,False
CALM3,P0DP25,1,HGNC_symbol,True
CALML3,P27482,1,HGNC_symbol,True
CALML4,Q96GE6,1,HGNC_symbol,False
CALML5,Q9NZT1,1,HGNC_symbol,False
CALML6,Q8TD86,1,HGNC_symbol,False
CALN1,Q9BXU9,1,HGNC_symbol,True
CALR,P27797,1,HGNC_symbol,True
CALR3,Q96L12,1,HGNC_symbol,False
CALU,O43852,1,HGNC_symbol,False
CALY,Q9NYX4,1,HGNC_symbol,True
CAMK1,Q14012,1,HGNC_symbol,True
CAMK1D,Q8IU85,1,HGNC_symbol,False
CAMK1G,Q96NX5,1,HGNC_symbol,False
CAMK2A,Q9UQM7,1,HGNC_symbol,True
CAMK2B,Q13554,1,HGNC_symbol,False
CAMK2D,Q13557,1,HGNC_symbol,True
CAMK2G,Q13555,1,HGNC_symbol,True
CAMK2N1,Q7Z7J9,1,HGNC_symbol,False
CAMK2N2,Q96S95,1,HGNC_symbol,False
CAMK4,Q16566,1,HGNC_symbol,False
CAMKK1,Q8N5S9,1,HGNC_symbol,True
CAMKK2,Q96RR4,1,HGNC_symbol,False
CAMKMT,Q7Z624,1,HGNC_symbol,True
CAMKV,Q8NCB2,1,HGNC_symbol,False
CAMLG,P49069,1,HGNC_symbol,True
CAMP,P49913,1,HGNC_symbol,True
CAMSAP1,Q5T5Y3,1,HGNC_symbol,False
CAMSAP2,Q08AD1,1,HGNC_symbol,False
CAMSAP3,Q9P1Y5,1,HGNC_symbol,False
CAMTA1,Q9Y6Y1,1,HGNC_symbol,False
CAMTA2,O94983,1,HGNC_symbol,False
CAND1,Q86VP6,1,HGNC_symbol,False
CAND2,O75155,1,HGNC_symbol,False
CANT1,Q8WVQ1,1,HGNC_symbol,False
CANX,P27824,1,HGNC_symbol,True
CAP1,Q01518,1,HGNC_symbol,True
CAP1P2,,0,unmapped,False
CAP2,P40123,1,HGNC_symbol,True
CAP2P1,,0,unmapped,False
CAPG,P40121,1,HGNC_symbol,False
CAPN1,P07384,1,HGNC_symbol,True
CAPN10,Q9HC96,1,HGNC_symbol,True
CAPN10-AS1,,0,unmapped,False
CAPN11,Q9UMQ6,1,HGNC_symbol,True
CAPN12,Q6ZSI9,1,HGNC_symbol,False
CAPN13,Q6MZZ7,1,HGNC_symbol,False
CAPN14,A8MX76,1,HGNC_symbol,False
CAPN15,O75808,1,HGNC_symbol,False
CAPN2,P17655,1,HGNC_symbol,False
CAPN3,P20807,1,HGNC_symbol,False
CAPN5,O15484,1,HGNC_symbol,True
CAPN6,Q9Y6Q1,1,HGNC_symbol,False
CAPN7,Q9Y6W3,1,HGNC_symbol,True
CAPN8,A6NHC0,1,HGNC_symbol,True
CAPN9,O14815,1,HGNC_symbol,False
CAPNS1,P04632,1,HGNC_symbol,False
CAPNS2,Q96L46,1,HGNC_symbol,False
CAPRIN1,Q14444,1,HGNC_symbol,True
CAPRIN2,Q6IMN6,1,HGNC_symbol,False
CAPS,Q13938,1,HGNC_symbol,True
CAPS2,Q9BXY5,1,HGNC_symbol,False
CAPSL,Q8WWF8,1,HGNC_symbol,True
CAPZA1,P52907,1,HGNC_symbol,True
CAPZA2,P47755,1,HGNC_symbol,False
CAPZA3,Q96KX2,1,HGNC_symbol,True
CAPZB,P47756,1,HGNC_symbol,False
CARD10,Q9BWT7,1,HGNC_symbol,False
CARD11,Q9BXL7,1,HGNC_symbol,False
CARD14,Q9BXL6,1,HGNC_symbol,False
CARD16,Q5EG05,1,HGNC_symbol,True
CARD17,440068,5,STRING_alias,False
CARD18,P57730,1,HGNC_symbol,False
CARD19,Q96LW7,1,HGNC_symbol,False
CARD6,Q9BX69,1,HGNC_symbol,False
CARD8,Q9Y2G2,1,HGNC_symbol,False
CARD9,Q9H257,1,HGNC_symbol,True
CARF,Q8N187,1,HGNC_symbol,True
CARHSP1,Q9Y2V2,1,HGNC_symbol,False
CARKD,4.2.1.93,5,STRING_alias,False
CARM1,Q86X55,1,HGNC_symbol,True
CARMIL1,Q5VZK9,1,HGNC_symbol,False
CARMIL2,Q6F5E8,1,HGNC_symbol,False
CARMIL3,Q8ND23,1,HGNC_symbol,False
CARNMT1,Q8N4J0,1,HGNC_symbol,True
CARNS1,A5YM72,1,HGNC_symbol,True
CARS,6.1.1.16,5,STRING_alias,False
CARS1,P49589,1,HGNC_symbol,True
CARS2,Q9HA77,1,HGNC_symbol,True
CARTPT,Q16568,1,HGNC_symbol,False
CASC1,55259,5,STRING_alias,False
CASC10,,0,unmapped,False
CASC14,,0,unmapped,False
CASC15,,0,unmapped,False
CASC2,Q6XLA1,1,HGNC_symbol,False
CASC3,O15234,1,HGNC_symbol,True
CASC4,113201,5,STRING_alias,False
CASC4P1,,0,unmapped,False
CASC5,3SI5,5,STRING_alias,False
CASC7,,0,unmapped,False
CASD1,Q96PB1,1,HGNC_symbol,True
CASK,O14936,1,HGNC_symbol,False
CASKIN1,Q8WXD9,1,HGNC_symbol,False
CASKIN2,Q8WXE0,1,HGNC_symbol,False
CASP1,P29466,1,HGNC_symbol,False
CASP10,Q92851,1,HGNC_symbol,False
CASP12,Q6UXS9,1,HGNC_symbol,True
CASP14,P31944,1,HGNC_symbol,True
CASP1P2,,0,unmapped,False
CASP2,P42575,1,HGNC_symbol,False
CASP3,P42574,1,HGNC_symbol,False
CASP3P1,,0,unmapped,False
CASP4,P49662,1,HGNC_symbol,False
CASP5,P51878,1,HGNC_symbol,False
CASP6,P55212,1,HGNC_symbol,True
CASP7,P55210,1,HGNC_symbol,False
CASP8,Q14790,1,HGNC_symbol,True
CASP8AP2,Q9UKL3,1,HGNC_symbol,False
CASP9,P55211,1,HGNC_symbol,False
CASQ1,P31415,1,HGNC_symbol,False
CASQ2,O14958,1,HGNC_symbol,True
CASR,P41180,1,HGNC_symbol,False
CASS4,Q9NQ75,1,HGNC_symbol,False
CAST,P20810,1,HGNC_symbol,False
CASTOR1,Q8WTX7,1,HGNC_symbol,False
CASTOR2,A6NHX0,1,HGNC_symbol,True
CASZ1,Q86V15,1,HGNC_symbol,False
CAT,P04040,1,HGNC_symbol,True
CATIP,Q7Z7H3,1,HGNC_symbol,False
CATSPER1,Q8NEC5,1,HGNC_symbol,False
CATSPER2,Q96P56,1,HGNC_symbol,False
CATSPER2P1,,0,unmapped,False
CATSPER3,Q86XQ3,1,HGNC_symbol,False
CATSPER4,Q7RTX7,1,HGNC_symbol,False
CATSPERB,Q9H7T0,1,HGNC_symbol,False
CATSPERD,Q86XM0,1,HGNC_symbol,True
CATSPERE,Q5SY80,1,HGNC_symbol,False
CATSPERG,Q6ZRH7,1,HGNC_symbol,False
CATSPERZ,Q9NTU4,1,HGNC_symbol,False
CAV1,Q03135,1,HGNC_symbol,False
CAV2,P51636,1,HGNC_symbol,False
CAV3,P56539,1,HGNC_symbol,False
CAVIN1,Q6NZI2,1,HGNC_symbol,True
CAVIN2,O95810,1,HGNC_symbol,True
CAVIN3,Q969G5,1,HGNC_symbol,False
CAVIN4,Q5BKX8,1,HGNC_symbol,True
CBARP,Q8N350,1,HGNC_symbol,False
CBFA2T2,O43439,1,HGNC_symbol,True
CBFA2T3,O75081,1,HGNC_symbol,True
CBFB,Q13951,1,HGNC_symbol,False
CBL,P22681,1,HGNC_symbol,True
CBLB,Q13191,1,HGNC_symbol,False
CBLC,Q9ULV8,1,HGNC_symbol,False
CBLIF,P27352,1,HGNC_symbol,False
CBLL1,Q75N03,1,HGNC_symbol,True
CBLL2,Q8N7E2,1,HGNC_symbol,False
CBLN1,P23435,1,HGNC_symbol,True
CBLN2,Q8IUK8,1,HGNC_symbol,False
CBLN3,Q6UW01,1,HGNC_symbol,True
CBLN4,Q9NTU7,1,HGNC_symbol,False
CBR1,P16152,1,HGNC_symbol,True
CBR3,O75828,1,HGNC_symbol,False
CBR3-AS1,,0,unmapped,False
CBR4,Q8N4T8,1,HGNC_symbol,True
CBS,P35520,1,HGNC_symbol,False
CBWD1,55871,5,STRING_alias,False
CBWD2,150472,5,STRING_alias,False
CBWD3,220869,5,STRING_alias,False
CBWD5,220869,5,STRING_alias,False
CBWD6,220869,5,STRING_alias,False
CBWD7,644019,5,STRING_alias,False
CBX1,P83916,1,HGNC_symbol,False
CBX1P1,,0,unmapped,False
CBX1P2,,0,unmapped,False
CBX2,Q14781,1,HGNC_symbol,False
CBX3,Q13185,1,HGNC_symbol,True
CBX3P2,,0,unmapped,False
CBX3P9,,0,unmapped,False
CBX4,O00257,1,HGNC_symbol,True
CBX5,P45973,1,HGNC_symbol,False
CBX6,O95503,1,HGNC_symbol,False
CBX7,O95931,1,HGNC_symbol,False
CBX8,Q9HC52,1,HGNC_symbol,False
CBY1,Q9Y3M2,1,HGNC_symbol,True
CBY2,Q8NA61,1,HGNC_symbol,True
CBY3,A6NI87,1,HGNC_symbol,False
CC2D1A,Q6P1N0,1,HGNC_symbol,True
CC2D1B,Q5T0F9,1,HGNC_symbol,True
CC2D2A,Q9P2K1,1,HGNC_symbol,False
CC2D2B,Q6DHV5,1,HGNC_symbol,False
CCAR1,Q8IX12,1,HGNC_symbol,False
CCAR2,Q8N163,1,HGNC_symbol,False
CCBE1,Q6UXH8,1,HGNC_symbol,False
CCBL1,1W7L,5,STRING_alias,False
CCBL2,2.6.1.63,5,STRING_alias,False
CCDC101,112869,5,STRING_alias,False
CCDC102A,Q96A19,1,HGNC_symbol,True
CCDC102B,Q68D86,1,HGNC_symbol,False
CCDC104,112942,5,STRING_alias,False
CCDC106,Q9BWC9,1,HGNC_symbol,False
CCDC107,Q8WV48,1,HGNC_symbol,False
CCDC109B,55013,5,STRING_alias,False
CCDC11,220136,5,STRING_alias,False
CCDC110,Q8TBZ0,1,HGNC_symbol,True
CCDC112,Q8NEF3,1,HGNC_symbol,True
CCDC113,29070,5,STRING_alias,False
CCDC114,93233,5,STRING_alias,False
CCDC115,84317,5,STRING_alias,False
CCDC116,Q8IYX3,1,HGNC_symbol,False
CCDC117,Q8IWD4,1,HGNC_symbol,True
CCDC12,Q8WUD4,1,HGNC_symbol,False
CCDC120,Q96HB5,1,HGNC_symbol,False
CCDC121,Q6ZUS5,1,HGNC_symbol,False
CCDC122,Q5T0U0,1,HGNC_symbol,False
CCDC124,Q96CT7,1,HGNC_symbol,False
CCDC125,Q86Z20,1,HGNC_symbol,True
CCDC126,Q96EE4,1,HGNC_symbol,False
CCDC127,Q96BQ5,1,HGNC_symbol,False
CCDC13,Q8IYE1,1,HGNC_symbol,False
CCDC130,81576,5,STRING_alias,False
CCDC132,55610,5,STRING_alias,False
CCDC134,Q9H6E4,1,HGNC_symbol,False
CCDC135,84229,5,STRING_alias,False
CCDC136,Q96JN2,1,HGNC_symbol,False
CCDC137,Q6PK04,1,HGNC_symbol,False
CCDC138,Q96M89,1,HGNC_symbol,True
CCDC14,Q49A88,1,HGNC_symbol,False
CCDC141,Q6ZP82,1,HGNC_symbol,False
CCDC142,Q17RM4,1,HGNC_symbol,False
CCDC144A,A2RUR9,1,HGNC_symbol,False
CCDC144B,,0,unmapped,False
CCDC144CP,Q8IYA2,1,HGNC_symbol,False
CCDC146,Q8IYE0,1,HGNC_symbol,False
CCDC147,159686,5,STRING_alias,False
CCDC147-AS1,,0,unmapped,False
CCDC148,Q8NFR7,1,HGNC_symbol,True
CCDC149,Q6ZUS6,1,HGNC_symbol,False
CCDC15,Q0P6D6,1,HGNC_symbol,True
CCDC150,Q8NCX0,1,HGNC_symbol,False
CCDC151,115948,5,STRING_alias,False
CCDC152,Q4G0S7,1,HGNC_symbol,True
CCDC153,283152,5,STRING_alias,False
CCDC154,A6NI56,1,HGNC_symbol,True
CCDC155,147872,5,STRING_alias,False
CCDC157,Q569K6,1,HGNC_symbol,False
CCDC158,Q5M9N0,1,HGNC_symbol,False
CCDC159,P0C7I6,1,HGNC_symbol,False
CCDC160,A6NGH7,1,HGNC_symbol,True
CCDC162P,,0,unmapped,False
CCDC163,A0A0D9SF12,1,HGNC_symbol,True
CCDC163P,A0A0D9SEU7,5,STRING_alias,False
CCDC166,P0CW27,1,HGNC_symbol,True
CCDC167,Q9P0B6,1,HGNC_symbol,False
CCDC168,C13orf40,5,STRING_alias,False
CCDC169,A6NNP5,1,HGNC_symbol,False
CCDC17,Q96LX7,1,HGNC_symbol,True
CCDC170,Q8IYT3,1,HGNC_symbol,False
CCDC171,Q6TFL3,1,HGNC_symbol,False
CCDC172,P0C7W6,1,HGNC_symbol,True
CCDC173,129881,5,STRING_alias,False
CCDC174,Q6PII3,1,HGNC_symbol,False
CCDC175,P0C221,1,HGNC_symbol,False
CCDC176,80127,5,STRING_alias,False
CCDC177,Q9NQR7,1,HGNC_symbol,False
CCDC178,Q5BJE1,1,HGNC_symbol,True
CCDC179,H3BU77,1,HGNC_symbol,True
CCDC18,Q5T9S5,1,HGNC_symbol,False
CCDC180,Q9P1Z9,1,HGNC_symbol,False
CCDC181,Q5TID7,1,HGNC_symbol,False
CCDC182,A6NF36,1,HGNC_symbol,False
CCDC183,Q5T5S1,1,HGNC_symbol,True
CCDC183-AS1,,0,unmapped,False
CCDC184,Q52MB2,1,HGNC_symbol,True
CCDC185,Q8N715,1,HGNC_symbol,False
CCDC186,Q7Z3E2,1,HGNC_symbol,False
CCDC187,A0A096LP49,1,HGNC_symbol,False
CCDC188,H7C350,1,HGNC_symbol,False
CCDC19,25790,5,STRING_alias,False
CCDC190,Q86UF4,1,HGNC_symbol,False
CCDC191,Q8NCU4,1,HGNC_symbol,True
CCDC192,P0DO97,1,HGNC_symbol,False
CCDC194,A0A1B0GVG4,1,HGNC_symbol,True
CCDC195,A0A1B0GUA6,1,HGNC_symbol,False
CCDC196,A0A1B0GTZ2,1,HGNC_symbol,False
CCDC197,Q8NCU1,1,HGNC_symbol,False
CCDC198,Q9NVL8,1,HGNC_symbol,True
CCDC200,A0A1B0GVQ3,1,HGNC_symbol,False
CCDC201,A0A1B0GTI1,1,HGNC_symbol,True
CCDC22,O60826,1,HGNC_symbol,True
CCDC23,374969,5,STRING_alias,False
CCDC24,Q8N4L8,1,HGNC_symbol,True
CCDC25,Q86WR0,1,HGNC_symbol,False
CCDC26,,0,unmapped,False
CCDC27,Q2M243,1,HGNC_symbol,False
CCDC28A,Q8IWP9,1,HGNC_symbol,True
CCDC28B,Q9BUN5,1,HGNC_symbol,True
CCDC3,Q9BQI4,1,HGNC_symbol,True
CCDC30,Q5VVM6,1,HGNC_symbol,True
CCDC32,Q9BV29,1,HGNC_symbol,False
CCDC33,Q8N5R6,1,HGNC_symbol,False
CCDC34,Q96HJ3,1,HGNC_symbol,True
CCDC38,Q502W7,1,HGNC_symbol,True
CCDC39,Q9UFE4,1,HGNC_symbol,True
CCDC40,Q4G0X9,1,HGNC_symbol,False
CCDC41,51134,5,STRING_alias,False
CCDC42,Q96M95,1,HGNC_symbol,False
CCDC43,Q96MW1,1,HGNC_symbol,False
CCDC47,Q96A33,1,HGNC_symbol,False
CCDC50,Q8IVM0,1,HGNC_symbol,True
CCDC51,Q96ER9,1,HGNC_symbol,False
CCDC53,51019,5,STRING_alias,False
CCDC54,Q8NEL0,1,HGNC_symbol,True
CCDC57,Q2TAC2,1,HGNC_symbol,True
CCDC58,131076,5,STRING_alias,False
CCDC58P1,,0,unmapped,False
CCDC58P3,,0,unmapped,False
CCDC59,Q9P031,1,HGNC_symbol,True
CCDC6,Q16204,1,HGNC_symbol,False
CCDC60,Q8IWA6,1,HGNC_symbol,False
CCDC61,Q9Y6R9,1,HGNC_symbol,False
CCDC62,Q6P9F0,1,HGNC_symbol,True
CCDC63,Q8NA47,1,HGNC_symbol,False
CCDC64,92558,5,STRING_alias,False
CCDC64B,146439,5,STRING_alias,False
CCDC65,85478,5,STRING_alias,False
CCDC66,A2RUB6,1,HGNC_symbol,True
CCDC68,Q9H2F9,1,HGNC_symbol,False
CCDC69,A6NI79,1,HGNC_symbol,False
CCDC7,Q96M83,1,HGNC_symbol,False
CCDC70,Q6NSX1,1,HGNC_symbol,True
CCDC71,Q8IV32,1,HGNC_symbol,True
CCDC71L,Q8N9Z2,1,HGNC_symbol,False
CCDC73,Q6ZRK6,1,HGNC_symbol,False
CCDC74A,Q96AQ1,1,HGNC_symbol,True
CCDC74B,Q96LY2,1,HGNC_symbol,True
CCDC75P1,,0,unmapped,False
CCDC77,Q9BR77,1,HGNC_symbol,True
CCDC78,A2IDD5,1,HGNC_symbol,False
CCDC8,Q9H0W5,1,HGNC_symbol,False
CCDC80,Q76M96,1,HGNC_symbol,False
CCDC81,Q6ZN84,1,HGNC_symbol,False
CCDC82,Q8N4S0,1,HGNC_symbol,True
CCDC83,Q8IWF9,1,HGNC_symbol,False
CCDC84,338657,5,STRING_alias,False
CCDC85A,Q96PX6,1,HGNC_symbol,False
CCDC85B,Q15834,1,HGNC_symbol,True
CCDC85C,A6NKD9,1,HGNC_symbol,True
CCDC86,Q9H6F5,1,HGNC_symbol,False
CCDC87,Q9NVE4,1,HGNC_symbol,True
CCDC88A,Q3V6T2,1,HGNC_symbol,False
CCDC88B,A6NC98,1,HGNC_symbol,False
CCDC88C,Q9P219,1,HGNC_symbol,False
CCDC89,Q8N998,1,HGNC_symbol,True
CCDC9,Q9Y3X0,1,HGNC_symbol,False
CCDC90B,Q9GZT6,1,HGNC_symbol,True
CCDC91,Q7Z6B0,1,HGNC_symbol,False
CCDC92,Q53HC0,1,HGNC_symbol,False
CCDC92B,A0A8I5KY20,1,HGNC_symbol,False
CCDC93,Q567U6,1,HGNC_symbol,False
CCDC94,55702,5,STRING_alias,False
CCDC96,257236,5,STRING_alias,False
CCDC97,Q96F63,1,HGNC_symbol,True
CCDC9B,Q6ZUT6,1,HGNC_symbol,False
CCER1,Q8TC90,1,HGNC_symbol,True
CCER2,I3L3R5,1,HGNC_symbol,False
CCHCR1,Q8TD31,1,HGNC_symbol,True
CCIN,Q13939,1,HGNC_symbol,True
CCK,P06307,1,HGNC_symbol,False
CCKAR,P32238,1,HGNC_symbol,False
CCKBR,P32239,1,HGNC_symbol,True
CCL1,P22362,1,HGNC_symbol,False
CCL11,P51671,1,HGNC_symbol,False
CCL13,Q99616,1,HGNC_symbol,True
CCL14,Q16627,1,HGNC_symbol,True
CCL15,Q16663,1,HGNC_symbol,False
CCL16,O15467,1,HGNC_symbol,False
CCL17,Q92583,1,HGNC_symbol,False
CCL18,P55774,1,HGNC_symbol,False
CCL19,Q99731,1,HGNC_symbol,True
CCL2,P13500,1,HGNC_symbol,True
CCL20,P78556,1,HGNC_symbol,False
CCL21,O00585,1,HGNC_symbol,False
CCL22,O00626,1,HGNC_symbol,False
CCL23,P55773,1,HGNC_symbol,True
CCL24,O00175,1,HGNC_symbol,False
CCL25,O15444,1,HGNC_symbol,False
CCL26,Q9Y258,1,HGNC_symbol,True
CCL27,Q9Y4X3,1,HGNC_symbol,True
CCL28,Q9NRJ3,1,HGNC_symbol,False
CCL3,P10147,1,HGNC_symbol,True
CCL3L1,P16619,1,HGNC_symbol,False
CCL3L3,414062,5,STRING_alias,False
CCL4,P13236,1,HGNC_symbol,True
CCL4L1,Q8NHW4,1,HGNC_symbol,True
CCL4L2,A0A0J9YW77,5,STRING_alias,False
CCL5,P13501,1,HGNC_symbol,True
CCL7,P80098,1,HGNC_symbol,True
CCL8,P80075,1,HGNC_symbol,True
CCM2,Q9BSQ5,1,HGNC_symbol,True
CCM2L,Q9NUG4,1,HGNC_symbol,False
CCN1,O00622,1,HGNC_symbol,True
CCN2,P29279,1,HGNC_symbol,False
CCN3,P48745,1,HGNC_symbol,False
CCN4,O95388,1,HGNC_symbol,True
CCN5,O76076,1,HGNC_symbol,False
CCN6,O95389,1,HGNC_symbol,False
CCNA1,P78396,1,HGNC_symbol,True
CCNA2,P20248,1,HGNC_symbol,True
CCNB1,P14635,1,HGNC_symbol,True
CCNB1IP1,Q9NPC3,1,HGNC_symbol,False
CCNB2,O95067,1,HGNC_symbol,False
CCNB3,Q8WWL7,1,HGNC_symbol,False
CCNC,P24863,1,HGNC_symbol,True
CCND1,P24385,1,HGNC_symbol,False
CCND2,P30279,1,HGNC_symbol,False
CCND2-AS1,,0,unmapped,False
CCND3,P30281,1,HGNC_symbol,False
CCNDBP1,O95273,1,HGNC_symbol,False
CCNE1,P24864,1,HGNC_symbol,False
CCNE2,O96020,1,HGNC_symbol,False
CCNF,P41002,1,HGNC_symbol,False
CCNG1,P51959,1,HGNC_symbol,True
CCNG2,Q16589,1,HGNC_symbol,False
CCNH,P51946,1,HGNC_symbol,True
CCNI,Q14094,1,HGNC_symbol,False
CCNI2,Q6ZMN8,1,HGNC_symbol,True
CCNJ,Q5T5M9,1,HGNC_symbol,False
CCNJL,Q8IV13,1,HGNC_symbol,True
CCNK,O75909,1,HGNC_symbol,False
CCNL1,Q9UK58,1,HGNC_symbol,True
CCNL2,Q96S94,1,HGNC_symbol,True
CCNO,P22674,1,HGNC_symbol,True
CCNP,Q9H8S5,1,HGNC_symbol,True
CCNQ,Q8N1B3,1,HGNC_symbol,False
CCNT1,O60563,1,HGNC_symbol,False
CCNT2,O60583,1,HGNC_symbol,False
CCNT2-AS1,,0,unmapped,False
CCNY,Q8ND76,1,HGNC_symbol,False
CCNYL1,Q8N7R7,1,HGNC_symbol,True
CCNYL1B,A0A8V8TMC4,1,HGNC_symbol,False
CCP110,O43303,1,HGNC_symbol,False
CCPG1,Q9ULG6,1,HGNC_symbol,True
CCR1,P32246,1,HGNC_symbol,True
CCR10,P46092,1,HGNC_symbol,True
CCR12P,,0,unmapped,False
CCR2,P41597,1,HGNC_symbol,True
CCR3,P51677,1,HGNC_symbol,False
CCR4,P51679,1,HGNC_symbol,False
CCR5,P51681,1,HGNC_symbol,True
CCR6,P51684,1,HGNC_symbol,True
CCR7,P32248,1,HGNC_symbol,False
CCR8,P51685,1,HGNC_symbol,True
CCR9,P51686,1,HGNC_symbol,False
CCRL2,O00421,1,HGNC_symbol,False
CCRN4L,25819,5,STRING_alias,False
CCS,O14618,1,HGNC_symbol,False
CCSAP,Q6IQ19,1,HGNC_symbol,False
CCSER1,Q9C0I3,1,HGNC_symbol,True
CCSER2,Q9H7U1,1,HGNC_symbol,True
CCT2,P78371,1,HGNC_symbol,False
CCT3,P49368,1,HGNC_symbol,False
CCT4,P50991,1,HGNC_symbol,False
CCT5,P48643,1,HGNC_symbol,False
CCT5P1,,0,unmapped,False
CCT5P2,,0,unmapped,False
CCT6A,P40227,1,HGNC_symbol,True
CCT6B,Q92526,1,HGNC_symbol,True
CCT6P1,,0,unmapped,False
CCT6P2,,0,unmapped,False
CCT6P3,,0,unmapped,False
CCT7,Q99832,1,HGNC_symbol,True
CCT8,P50990,1,HGNC_symbol,False
CCT8L2,Q96SF2,1,HGNC_symbol,False
CCT8P1,,0,unmapped,False
CCZ1,P86791,1,HGNC_symbol,False
CCZ1B,P86790,1,HGNC_symbol,False
CD101,Q93033,1,HGNC_symbol,False
CD109,Q6YHK3,1,HGNC_symbol,False
CD14,P08571,1,HGNC_symbol,True
CD151,P48509,1,HGNC_symbol,True
CD160,O95971,1,HGNC_symbol,False
CD163,Q86VB7,1,HGNC_symbol,False
CD163L1,Q9NR16,1,HGNC_symbol,False
CD164,Q04900,1,HGNC_symbol,False
CD164L2,Q6UWJ8,1,HGNC_symbol,False
CD177,Q8N6Q3,1,HGNC_symbol,False
CD177P1,,0,unmapped,False
CD180,Q99467,1,HGNC_symbol,False
CD19,P15391,1,HGNC_symbol,True
CD1A,P06126,1,HGNC_symbol,False
CD1B,P29016,1,HGNC_symbol,False
CD1C,P29017,1,HGNC_symbol,True
CD1D,P15813,1,HGNC_symbol,True
CD1E,P15812,1,HGNC_symbol,True
CD2,P06729,1,HGNC_symbol,True
CD200,P41217,1,HGNC_symbol,True
CD200R1,Q8TD46,1,HGNC_symbol,False
CD200R1L,Q6Q8B3,1,HGNC_symbol,True
CD207,Q9UJ71,1,HGNC_symbol,False
CD209,Q9NNX6,1,HGNC_symbol,False
CD22,P20273,1,HGNC_symbol,False
CD226,Q15762,1,HGNC_symbol,False
CD24,P25063,1,HGNC_symbol,False
CD244,Q9BZW8,1,HGNC_symbol,True
CD247,P20963,1,HGNC_symbol,True
CD248,Q9HCU0,1,HGNC_symbol,True
CD24P4,,0,unmapped,False
CD27,P26842,1,HGNC_symbol,True
CD27-AS1,,0,unmapped,False
CD274,Q9NZQ7,1,HGNC_symbol,False
CD276,Q5ZPR3,1,HGNC_symbol,True
CD28,P10747,1,HGNC_symbol,False
CD2AP,Q9Y5K6,1,HGNC_symbol,False
CD2BP2,O95400,1,HGNC_symbol,True
CD300A,Q9UGN4,1,HGNC_symbol,True
CD300C,Q08708,1,HGNC_symbol,True
CD300E,Q496F6,1,HGNC_symbol,False
CD300H,A0A0K2S4Q6,1,HGNC_symbol,False
CD300LB,A8K4G0,1,HGNC_symbol,False
CD300LD,Q6UXZ3,1,HGNC_symbol,False
CD300LF,Q8TDQ1,1,HGNC_symbol,True
CD300LG,Q6UXG3,1,HGNC_symbol,True
CD302,Q8IX05,1,HGNC_symbol,False
CD320,Q9NPF0,1,HGNC_symbol,True
CD33,P20138,1,HGNC_symbol,False
CD34,P28906,1,HGNC_symbol,False
CD36,P16671,1,HGNC_symbol,False
CD37,P11049,1,HGNC_symbol,False
CD38,P28907,1,HGNC_symbol,False
CD3D,P04234,1,HGNC_symbol,False
CD3E,P07766,1,HGNC_symbol,False
CD3EAP,10849,5,STRING_alias,False
CD3G,P09693,1,HGNC_symbol,False
CD4,P01730,1,HGNC_symbol,True
CD40,P25942,1,HGNC_symbol,False
CD40LG,P29965,1,HGNC_symbol,True
CD44,P16070,1,HGNC_symbol,True
CD46,P15529,1,HGNC_symbol,False
CD47,Q08722,1,HGNC_symbol,True
CD48,P09326,1,HGNC_symbol,False
CD5,P06127,1,HGNC_symbol,False
CD52,P31358,1,HGNC_symbol,False
CD53,P19397,1,HGNC_symbol,False
CD55,P08174,1,HGNC_symbol,False
CD58,P19256,1,HGNC_symbol,False
CD59,P13987,1,HGNC_symbol,False
CD5L,O43866,1,HGNC_symbol,True
CD6,P30203,1,HGNC_symbol,False
CD63,P08962,1,HGNC_symbol,True
CD68,P34810,1,HGNC_symbol,True
CD69,Q07108,1,HGNC_symbol,False
CD7,P09564,1,HGNC_symbol,False
CD70,P32970,1,HGNC_symbol,False
CD72,P21854,1,HGNC_symbol,True
CD74,P04233,1,HGNC_symbol,False
CD79A,P11912,1,HGNC_symbol,True
CD79B,P40259,1,HGNC_symbol,False
CD80,P33681,1,HGNC_symbol,False
CD81,P60033,1,HGNC_symbol,False
CD81-AS1,,0,unmapped,False
CD82,P27701,1,HGNC_symbol,True
CD83,Q01151,1,HGNC_symbol,True
CD84,Q9UIB8,1,HGNC_symbol,True
CD86,P42081,1,HGNC_symbol,True
CD8A,P01732,1,HGNC_symbol,True
CD8B,P10966,1,HGNC_symbol,False
CD8B2,A6NJW9,1,HGNC_symbol,False
CD8BP,A0A2R8Y6U7,5,STRING_alias,False
CD9,P21926,1,HGNC_symbol,False
CD93,Q9NPY3,1,HGNC_symbol,False
CD96,P40200,1,HGNC_symbol,False
CD97,2BOU,5,STRING_alias,False
CD99,P14209,1,HGNC_symbol,False
CD99L2,Q8TCZ2,1,HGNC_symbol,True
CD99P1,,0,unmapped,False
CDA,P32320,1,HGNC_symbol,True
CDADC1,Q9BWV3,1,HGNC_symbol,False
CDAN1,Q8IWY9,1,HGNC_symbol,False
CDC123,O75794,1,HGNC_symbol,False
CDC14A,Q9UNH5,1,HGNC_symbol,False
CDC14B,O60729,1,HGNC_symbol,False
CDC14C,A4D256,1,HGNC_symbol,True
CDC16,Q13042,1,HGNC_symbol,True
CDC20,Q12834,1,HGNC_symbol,False
CDC20B,Q86Y33,1,HGNC_symbol,True
CDC20P1,,0,unmapped,False
CDC23,Q9UJX2,1,HGNC_symbol,False
CDC25A,P30304,1,HGNC_symbol,False
CDC25B,P30305,1,HGNC_symbol,False
CDC25C,P30307,1,HGNC_symbol,True
CDC26,Q8NHZ8,1,HGNC_symbol,False
CDC27,P30260,1,HGNC_symbol,False
CDC27P1,,0,unmapped,False
CDC34,P49427,1,HGNC_symbol,False
CDC37,Q16543,1,HGNC_symbol,False
CDC37L1,Q7L3B6,1,HGNC_symbol,True
CDC40,O60508,1,HGNC_symbol,False
CDC42,P60953,1,HGNC_symbol,False
CDC42-IT1,,0,unmapped,False
CDC42BPA,Q5VT25,1,HGNC_symbol,False
CDC42BPB,Q9Y5S2,1,HGNC_symbol,False
CDC42BPG,Q6DT37,1,HGNC_symbol,False
CDC42EP1,Q00587,1,HGNC_symbol,True
CDC42EP2,O14613,1,HGNC_symbol,False
CDC42EP3,Q9UKI2,1,HGNC_symbol,False
CDC42EP4,Q9H3Q1,1,HGNC_symbol,False
CDC42EP5,Q6NZY7,1,HGNC_symbol,True
CDC42P1,,0,unmapped,False
CDC42P6,,0,unmapped,False
CDC42SE1,Q9NRR8,1,HGNC_symbol,True
CDC42SE2,Q9NRR3,1,HGNC_symbol,True
CDC45,O75419,1,HGNC_symbol,False
CDC5L,Q99459,1,HGNC_symbol,True
CDC6,Q99741,1,HGNC_symbol,False
CDC7,O00311,1,HGNC_symbol,False
CDC73,Q6P1J9,1,HGNC_symbol,False
CDCA2,Q69YH5,1,HGNC_symbol,False
CDCA3,Q99618,1,HGNC_symbol,False
CDCA4,Q9BXL8,1,HGNC_symbol,True
CDCA5,Q96FF9,1,HGNC_symbol,True
CDCA7,Q9BWT1,1,HGNC_symbol,True
CDCA7L,Q96GN5,1,HGNC_symbol,False
CDCA8,Q53HL2,1,HGNC_symbol,True
CDCP1,Q9H5V8,1,HGNC_symbol,True
CDCP2,Q5VXM1,1,HGNC_symbol,False
CDH1,P12830,1,HGNC_symbol,False
CDH10,Q9Y6N8,1,HGNC_symbol,False
CDH11,P55287,1,HGNC_symbol,False
CDH12,P55289,1,HGNC_symbol,False
CDH13,P55290,1,HGNC_symbol,False
CDH15,P55291,1,HGNC_symbol,False
CDH16,O75309,1,HGNC_symbol,True
CDH17,Q12864,1,HGNC_symbol,False
CDH18,Q13634,1,HGNC_symbol,True
CDH19,Q9H159,1,HGNC_symbol,True
CDH2,P19022,1,HGNC_symbol,False
CDH20,Q9HBT6,1,HGNC_symbol,True
CDH22,Q9UJ99,1,HGNC_symbol,False
CDH23,Q9H251,1,HGNC_symbol,False
CDH24,Q86UP0,1,HGNC_symbol,False
CDH26,Q8IXH8,1,HGNC_symbol,False
CDH3,P22223,1,HGNC_symbol,False
CDH4,P55283,1,HGNC_symbol,False
CDH5,P33151,1,HGNC_symbol,False
CDH6,P55285,1,HGNC_symbol,True
CDH7,Q9ULB5,1,HGNC_symbol,False
CDH8,P55286,1,HGNC_symbol,True
CDH9,Q9ULB4,1,HGNC_symbol,True
CDHR1,Q96JP9,1,HGNC_symbol,True
CDHR2,Q9BYE9,1,HGNC_symbol,False
CDHR3,Q6ZTQ4,1,HGNC_symbol,False
CDHR4,A6H8M9,1,HGNC_symbol,True
CDHR5,Q9HBB8,1,HGNC_symbol,True
CDIN1,Q9Y2V0,1,HGNC_symbol,False
CDIP1,Q9H305,1,HGNC_symbol,False
CDIPT,O14735,1,HGNC_symbol,True
CDK1,P06493,1,HGNC_symbol,True
CDK10,Q15131,1,HGNC_symbol,False
CDK11A,Q9UQ88,1,HGNC_symbol,False
CDK11B,P21127,1,HGNC_symbol,False
CDK12,Q9NYV4,1,HGNC_symbol,False
CDK13,Q14004,1,HGNC_symbol,False
CDK14,O94921,1,HGNC_symbol,False
CDK15,Q96Q40,1,HGNC_symbol,False
CDK16,Q00536,1,HGNC_symbol,False
CDK17,Q00537,1,HGNC_symbol,False
CDK18,Q07002,1,HGNC_symbol,True
CDK19,Q9BWU1,1,HGNC_symbol,True
CDK2,P24941,1,HGNC_symbol,True
CDK20,Q8IZL9,1,HGNC_symbol,True
CDK2AP1,O14519,1,HGNC_symbol,True
CDK2AP2,O75956,1,HGNC_symbol,False
CDK2AP2P1,,0,unmapped,False
CDK2AP2P2,,0,unmapped,False
CDK3,Q00526,1,HGNC_symbol,True
CDK4,P11802,1,HGNC_symbol,True
CDK5,Q00535,1,HGNC_symbol,True
CDK5R1,Q15078,1,HGNC_symbol,True
CDK5R2,Q13319,1,HGNC_symbol,True
CDK5RAP1,Q96SZ6,1,HGNC_symbol,False
CDK5RAP2,Q96SN8,1,HGNC_symbol,False
CDK5RAP3,Q96JB5,1,HGNC_symbol,True
CDK6,Q00534,1,HGNC_symbol,True
CDK7,P50613,1,HGNC_symbol,False
CDK8,P49336,1,HGNC_symbol,False
CDK9,P50750,1,HGNC_symbol,False
CDKAL1,Q5VV42,1,HGNC_symbol,False
CDKL1,Q00532,1,HGNC_symbol,True
CDKL2,Q92772,1,HGNC_symbol,False
CDKL3,Q8IVW4,1,HGNC_symbol,True
CDKL4,Q5MAI5,1,HGNC_symbol,False
CDKL5,O76039,1,HGNC_symbol,False
CDKN1A,P38936,1,HGNC_symbol,False
CDKN1B,P46527,1,HGNC_symbol,True
CDKN1C,P49918,1,HGNC_symbol,False
CDKN2A,P42771,1,HGNC_symbol,False
CDKN2AIP,Q9NXV6,1,HGNC_symbol,False
CDKN2AIPNL,Q96HQ2,1,HGNC_symbol,True
CDKN2AIPNLP1,,0,unmapped,False
CDKN2B,P42772,1,HGNC_symbol,False
CDKN2B-AS1,,0,unmapped,False
CDKN2C,P42773,1,HGNC_symbol,False
CDKN2D,P55273,1,HGNC_symbol,True
CDKN3,Q16667,1,HGNC_symbol,True
CDNF,Q49AH0,1,HGNC_symbol,True
CDO1,Q16878,1,HGNC_symbol,True
CDON,Q4KMG0,1,HGNC_symbol,False
CDPF1,Q6NVV7,1,HGNC_symbol,True
CDR2,Q01850,1,HGNC_symbol,True
CDR2L,Q86X02,1,HGNC_symbol,False
CDRT15,Q96T59,1,HGNC_symbol,True
CDRT15L2,A8MXV6,1,HGNC_symbol,True
CDRT4,Q8N9R6,1,HGNC_symbol,False
CDS1,Q92903,1,HGNC_symbol,False
CDS2,O95674,1,HGNC_symbol,True
CDSN,Q15517,1,HGNC_symbol,True
CDT1,Q9H211,1,HGNC_symbol,True
CDV3,Q9UKY7,1,HGNC_symbol,False
CDX1,P47902,1,HGNC_symbol,False
CDX2,Q99626,1,HGNC_symbol,False
CDX4,O14627,1,HGNC_symbol,False
CDY1,Q9Y6F8,1,HGNC_symbol,True
CDY1B,2.3.1.48,5,STRING_alias,False
CDY2A,Q9Y6F7,1,HGNC_symbol,False
CDY2B,2.3.1.48,5,STRING_alias,False
CDYL,Q9Y232,1,HGNC_symbol,True
CDYL2,Q8N8U2,1,HGNC_symbol,False
CEACAM1,P13688,1,HGNC_symbol,True
CEACAM16,Q2WEN9,1,HGNC_symbol,False
CEACAM18,A8MTB9,1,HGNC_symbol,False
CEACAM19,Q7Z692,1,HGNC_symbol,False
CEACAM20,Q6UY09,1,HGNC_symbol,False
CEACAM21,Q3KPI0,1,HGNC_symbol,False
CEACAM3,P40198,1,HGNC_symbol,False
CEACAM4,O75871,1,HGNC_symbol,True
CEACAM5,P06731,1,HGNC_symbol,True
CEACAM6,P40199,1,HGNC_symbol,False
CEACAM7,Q14002,1,HGNC_symbol,False
CEACAM8,P31997,1,HGNC_symbol,True
CEACAMP3,,0,unmapped,False
CEBPA,P49715,1,HGNC_symbol,False
CEBPA-AS1,,0,unmapped,False
CEBPB,P17676,1,HGNC_symbol,True
CEBPD,P49716,1,HGNC_symbol,True
CEBPE,Q15744,1,HGNC_symbol,False
CEBPG,P53567,1,HGNC_symbol,False
CEBPZ,Q03701,1,HGNC_symbol,False
CEBPZ-AS1,,0,unmapped,False
CEBPZOS,A8MTT3,1,HGNC_symbol,False
CECR1,3.5.4.4,5,STRING_alias,False
CECR2,Q9BXF3,1,HGNC_symbol,False
CECR5,27440,5,STRING_alias,False
CECR6,27439,5,STRING_alias,False
CECR7,,0,unmapped,False
CEL,P19835,1,HGNC_symbol,False
CELA1,Q9UNI1,1,HGNC_symbol,False
CELA2A,P08217,1,HGNC_symbol,False
CELA2B,P08218,1,HGNC_symbol,False
CELA3A,P09093,1,HGNC_symbol,True
CELA3B,P08861,1,HGNC_symbol,False
CELF1,Q92879,1,HGNC_symbol,True
CELF2,O95319,1,HGNC_symbol,False
CELF3,Q5SZQ8,1,HGNC_symbol,False
CELF4,Q9BZC1,1,HGNC_symbol,True
CELF5,Q8N6W0,1,HGNC_symbol,False
CELF6,Q96J87,1,HGNC_symbol,False
CELSR1,Q9NYQ6,1,HGNC_symbol,False
CELSR2,Q9HCU4,1,HGNC_symbol,False
CELSR3,Q9NYQ7,1,HGNC_symbol,False
CEMIP,Q8WUJ3,1,HGNC_symbol,False
CEMIP2,Q9UHN6,1,HGNC_symbol,False
CEMP1,Q6PRD7,1,HGNC_symbol,False
CENATAC,Q86UT8,1,HGNC_symbol,True
CEND1,Q8N111,1,HGNC_symbol,True
CENPA,P49450,1,HGNC_symbol,False
CENPB,P07199,1,HGNC_symbol,False
CENPBD1,92806,5,STRING_alias,False
CENPBD1P1,,0,unmapped,False
CENPC,Q03188,1,HGNC_symbol,False
CENPCP1,,0,unmapped,False
CENPE,Q02224,1,HGNC_symbol,False
CENPF,P49454,1,HGNC_symbol,False
CENPH,Q9H3R5,1,HGNC_symbol,False
CENPI,Q92674,1,HGNC_symbol,False
CENPJ,55835,5,STRING_alias,False
CENPK,Q9BS16,1,HGNC_symbol,False
CENPL,Q8N0S6,1,HGNC_symbol,False
CENPM,Q9NSP4,1,HGNC_symbol,False
CENPN,Q96H22,1,HGNC_symbol,True
CENPO,Q9BU64,1,HGNC_symbol,False
CENPP,Q6IPU0,1,HGNC_symbol,True
CENPQ,Q7L2Z9,1,HGNC_symbol,False
CENPS,Q8N2Z9,1,HGNC_symbol,False
CENPT,Q96BT3,1,HGNC_symbol,False
CENPU,Q71F23,1,HGNC_symbol,False
CENPV,Q7Z7K6,1,HGNC_symbol,False
CENPVL1,A0A0U1RR11,1,HGNC_symbol,False
CENPVL2,P0DPI3,1,HGNC_symbol,True
CENPVL3,A0A0U1RRI6,1,HGNC_symbol,False
CENPW,Q5EE01,1,HGNC_symbol,True
CENPX,A8MT69,1,HGNC_symbol,True
CEP104,O60308,1,HGNC_symbol,True
CEP112,Q8N8E3,1,HGNC_symbol,True
CEP120,Q8N960,1,HGNC_symbol,False
CEP126,Q9P2H0,1,HGNC_symbol,False
CEP128,Q6ZU80,1,HGNC_symbol,False
CEP131,Q9UPN4,1,HGNC_symbol,False
CEP135,Q66GS9,1,HGNC_symbol,False
CEP15,Q9HBI5,1,HGNC_symbol,False
CEP152,O94986,1,HGNC_symbol,False
CEP162,Q5TB80,1,HGNC_symbol,False
CEP164,Q9UPV0,1,HGNC_symbol,False
CEP170,Q5SW79,1,HGNC_symbol,False
CEP170B,Q9Y4F5,1,HGNC_symbol,False
CEP170P1,Q96L14,1,HGNC_symbol,False
CEP19,Q96LK0,1,HGNC_symbol,False
CEP192,Q8TEP8,1,HGNC_symbol,False
CEP20,Q96NB1,1,HGNC_symbol,False
CEP250,Q9BV73,1,HGNC_symbol,False
CEP290,O15078,1,HGNC_symbol,False
CEP295,Q9C0D2,1,HGNC_symbol,False
CEP295NL,Q96MC4,1,HGNC_symbol,True
CEP350,Q5VT06,1,HGNC_symbol,False
CEP41,Q9BYV8,1,HGNC_symbol,True
CEP43,O95684,1,HGNC_symbol,True
CEP44,Q9C0F1,1,HGNC_symbol,True
CEP55,Q53EZ4,1,HGNC_symbol,True
CEP57,Q86XR8,1,HGNC_symbol,False
CEP57L1,Q8IYX8,1,HGNC_symbol,True
CEP57L1P1,,0,unmapped,False
CEP63,Q96MT8,1,HGNC_symbol,True
CEP68,Q76N32,1,HGNC_symbol,True
CEP70,Q8NHQ1,1,HGNC_symbol,False
CEP72,Q9P209,1,HGNC_symbol,False
CEP76,Q8TAP6,1,HGNC_symbol,False
CEP78,Q5JTW2,1,HGNC_symbol,True
CEP83,Q9Y592,1,HGNC_symbol,False
CEP85,Q6P2H3,1,HGNC_symbol,False
CEP85L,Q5SZL2,1,HGNC_symbol,False
CEP89,Q96ST8,1,HGNC_symbol,True
CEP95,Q96GE4,1,HGNC_symbol,True
CEP97,Q8IW35,1,HGNC_symbol,False
CEPT1,Q9Y6K0,1,HGNC_symbol,False
CER1,O95813,1,HGNC_symbol,False
CERCAM,Q5T4B2,1,HGNC_symbol,False
CERK,Q8TCT0,1,HGNC_symbol,False
CERKL,Q49MI3,1,HGNC_symbol,True
CERS1,P27544,1,HGNC_symbol,True
CERS2,Q96G23,1,HGNC_symbol,False
CERS3,Q8IU89,1,HGNC_symbol,False
CERS4,Q9HA82,1,HGNC_symbol,False
CERS5,Q8N5B7,1,HGNC_symbol,False
CERS6,Q6ZMG9,1,HGNC_symbol,True
CERS6-AS1,,0,unmapped,False
CERT1,Q9Y5P4,1,HGNC_symbol,False
CES1,P23141,1,HGNC_symbol,False
CES1P1,Q9UKY3,1,HGNC_symbol,False
CES1P2,,0,unmapped,False
CES2,O00748,1,HGNC_symbol,True
CES3,Q6UWW8,1,HGNC_symbol,False
CES4A,Q5XG92,1,HGNC_symbol,False
CES5A,Q6NT32,1,HGNC_symbol,False
CETN1,Q12798,1,HGNC_symbol,True
CETN2,P41208,1,HGNC_symbol,False
CETN3,O15182,1,HGNC_symbol,True
CETP,P11597,1,HGNC_symbol,False
CFAP100,Q494V2,1,HGNC_symbol,True
CFAP107,Q8N1D5,1,HGNC_symbol,True
CFAP119,A1A4V9,1,HGNC_symbol,False
CFAP126,Q5VTH2,1,HGNC_symbol,False
CFAP141,Q5VU69,1,HGNC_symbol,False
CFAP144,A6NL82,1,HGNC_symbol,True
CFAP157,Q5JU67,1,HGNC_symbol,True
CFAP161,Q6P656,1,HGNC_symbol,True
CFAP184,Q2M329,1,HGNC_symbol,True
CFAP20,Q9Y6A4,1,HGNC_symbol,True
CFAP206,Q8IYR0,1,HGNC_symbol,True
CFAP20DC,Q6ZVT6,1,HGNC_symbol,True
CFAP210,Q0VFZ6,1,HGNC_symbol,True
CFAP221,Q4G0U5,1,HGNC_symbol,False
CFAP251,Q8TBY9,1,HGNC_symbol,False
CFAP263,Q9H0I3,1,HGNC_symbol,True
CFAP276,Q5T5A4,1,HGNC_symbol,False
CFAP298,P57076,1,HGNC_symbol,True
CFAP299,Q6V702,1,HGNC_symbol,False
CFAP300,Q9BRQ4,1,HGNC_symbol,False
CFAP36,Q96G28,1,HGNC_symbol,False
CFAP410,O43822,1,HGNC_symbol,False
CFAP418,Q96NL8,1,HGNC_symbol,True
CFAP43,Q8NDM7,1,HGNC_symbol,False
CFAP44,Q96MT7,1,HGNC_symbol,False
CFAP45,Q9UL16,1,HGNC_symbol,False
CFAP46,Q8IYW2,1,HGNC_symbol,False
CFAP47,Q6ZTR5,1,HGNC_symbol,False
CFAP52,Q8N1V2,1,HGNC_symbol,True
CFAP53,Q96M91,1,HGNC_symbol,False
CFAP54,Q96N23,1,HGNC_symbol,False
CFAP57,Q96MR6,1,HGNC_symbol,False
CFAP58,Q5T655,1,HGNC_symbol,True
CFAP61,Q8NHU2,1,HGNC_symbol,False
CFAP65,Q6ZU64,1,HGNC_symbol,False
CFAP68,Q9H5F2,1,HGNC_symbol,False
CFAP69,A5D8W1,1,HGNC_symbol,True
CFAP70,Q5T0N1,1,HGNC_symbol,False
CFAP73,A6NFT4,1,HGNC_symbol,False
CFAP74,Q9C0B2,1,HGNC_symbol,False
CFAP77,Q6ZQR2,1,HGNC_symbol,True
CFAP90,A4QMS7,1,HGNC_symbol,False
CFAP91,Q7Z4T9,1,HGNC_symbol,True
CFAP92,Q9ULG3,1,HGNC_symbol,True
CFAP95,Q5VTT2,1,HGNC_symbol,False
CFAP96,A7E2U8,1,HGNC_symbol,False
CFAP97,Q9P2B7,1,HGNC_symbol,False
CFAP97D1,B2RV13,1,HGNC_symbol,True
CFAP97D2,A0A1B0GU71,1,HGNC_symbol,False
CFAP99,D6REC4,1,HGNC_symbol,False
CFB,P00751,1,HGNC_symbol,True
CFC1,P0CG37,1,HGNC_symbol,False
CFC1B,P0CG36,1,HGNC_symbol,False
CFD,P00746,1,HGNC_symbol,False
CFDP1,Q9UEE9,1,HGNC_symbol,False
CFH,P08603,1,HGNC_symbol,False
CFHR1,Q03591,1,HGNC_symbol,False
CFHR2,P36980,1,HGNC_symbol,False
CFHR3,Q02985,1,HGNC_symbol,False
CFHR4,Q92496,1,HGNC_symbol,False
CFHR5,Q9BXR6,1,HGNC_symbol,True
CFI,P05156,1,HGNC_symbol,False
CFL1,P23528,1,HGNC_symbol,False
CFL1P1,,0,unmapped,False
CFL1P2,,0,unmapped,False
CFL1P5,,0,unmapped,False
CFL2,Q9Y281,1,HGNC_symbol,True
CFLAR,O15519,1,HGNC_symbol,True
CFP,P27918,1,HGNC_symbol,False
CFTR,P13569,1,HGNC_symbol,False
CGA,P01215,1,HGNC_symbol,False
CGAS,Q8N884,1,HGNC_symbol,False
CGB1,A6NKQ9,1,HGNC_symbol,True
CGB2,Q6NT52,1,HGNC_symbol,True
CGB3,P0DN86,1,HGNC_symbol,False
CGB5,1082,5,STRING_alias,False
CGB7,P0DN87,1,HGNC_symbol,True
CGB8,1082,5,STRING_alias,False
CGGBP1,Q9UFW8,1,HGNC_symbol,False
CGN,Q9P2M7,1,HGNC_symbol,False
CGNL1,Q0VF96,1,HGNC_symbol,False
CGREF1,Q99674,1,HGNC_symbol,False
CGRRF1,Q99675,1,HGNC_symbol,True
CH25H,O95992,1,HGNC_symbol,True
CHAC1,Q9BUX1,1,HGNC_symbol,False
CHAC2,Q8WUX2,1,HGNC_symbol,True
CHAD,O15335,1,HGNC_symbol,False
CHADL,Q6NUI6,1,HGNC_symbol,False
CHAF1A,Q13111,1,HGNC_symbol,True
CHAF1B,Q13112,1,HGNC_symbol,False
CHAMP1,Q96JM3,1,HGNC_symbol,True
CHAT,P28329,1,HGNC_symbol,False
CHCHD1,Q96BP2,1,HGNC_symbol,True
CHCHD10,Q8WYQ3,1,HGNC_symbol,True
CHCHD2,Q9Y6H1,1,HGNC_symbol,True
CHCHD2P2,,0,unmapped,False
CHCHD2P6,,0,unmapped,False
CHCHD2P8,,0,unmapped,False
CHCHD2P9,Q5T1J5,1,HGNC_symbol,False
CHCHD3,Q9NX63,1,HGNC_symbol,False
CHCHD3P3,,0,unmapped,False
CHCHD4,Q8N4Q1,1,HGNC_symbol,True
CHCHD5,Q9BSY4,1,HGNC_symbol,False
CHCHD6,Q9BRQ6,1,HGNC_symbol,True
CHCHD7,Q9BUK0,1,HGNC_symbol,False
CHCT1,Q86WR6,1,HGNC_symbol,True
CHD1,O14646,1,HGNC_symbol,False
CHD1L,Q86WJ1,1,HGNC_symbol,False
CHD2,O14647,1,HGNC_symbol,False
CHD3,Q12873,1,HGNC_symbol,False
CHD4,Q14839,1,HGNC_symbol,False
CHD5,Q8TDI0,1,HGNC_symbol,False
CHD6,Q8TD26,1,HGNC_symbol,False
CHD7,Q9P2D1,1,HGNC_symbol,False
CHD8,Q9HCK8,1,HGNC_symbol,False
CHD9,Q3L8U1,1,HGNC_symbol,False
CHD9NB,A0A1B0GV96,1,HGNC_symbol,False
CHDH,Q8NE62,1,HGNC_symbol,True
CHEK1,O14757,1,HGNC_symbol,True
CHEK2,O96017,1,HGNC_symbol,False
CHERP,Q8IWX8,1,HGNC_symbol,False
CHFR,Q96EP1,1,HGNC_symbol,False
CHGA,P10645,1,HGNC_symbol,False
CHGB,P05060,1,HGNC_symbol,False
CHI3L1,P36222,1,HGNC_symbol,True
CHI3L2,Q15782,1,HGNC_symbol,True
CHIA,Q9BZP6,1,HGNC_symbol,True
CHIC1,Q5VXU3,1,HGNC_symbol,True
CHIC2,Q9UKJ5,1,HGNC_symbol,True
CHID1,Q9BWS9,1,HGNC_symbol,True
CHIT1,Q13231,1,HGNC_symbol,False
CHKA,P35790,1,HGNC_symbol,False
CHKB,Q9Y259,1,HGNC_symbol,False
CHKB-AS1,,0,unmapped,False
CHL1,O00533,1,HGNC_symbol,False
CHLSN,Q9BRJ6,1,HGNC_symbol,True
CHM,P24386,1,HGNC_symbol,False
CHML,P26374,1,HGNC_symbol,False
CHMP1A,Q9HD42,1,HGNC_symbol,False
CHMP1B,Q7LBR1,1,HGNC_symbol,False
CHMP2A,O43633,1,HGNC_symbol,True
CHMP2B,Q9UQN3,1,HGNC_symbol,False
CHMP3,Q9Y3E7,1,HGNC_symbol,True
CHMP4A,Q9BY43,1,HGNC_symbol,False
CHMP4B,Q9H444,1,HGNC_symbol,True
CHMP4BP1,P59074,1,HGNC_symbol,False
CHMP4C,Q96CF2,1,HGNC_symbol,False
CHMP5,Q9NZZ3,1,HGNC_symbol,False
CHMP6,Q96FZ7,1,HGNC_symbol,False
CHMP7,Q8WUX9,1,HGNC_symbol,False
CHN1,P15882,1,HGNC_symbol,True
CHN2,P52757,1,HGNC_symbol,False
CHODL,Q9H9P2,1,HGNC_symbol,False
CHORDC1,Q9UHD1,1,HGNC_symbol,True
CHORDC2P,,0,unmapped,False
CHP1,Q99653,1,HGNC_symbol,False
CHP2,O43745,1,HGNC_symbol,False
CHPF,Q8IZ52,1,HGNC_symbol,False
CHPF2,Q9P2E5,1,HGNC_symbol,True
CHPT1,Q8WUD6,1,HGNC_symbol,False
CHRAC1,Q9NRG0,1,HGNC_symbol,True
CHRD,Q9H2X0,1,HGNC_symbol,False
CHRDL1,Q9BU40,1,HGNC_symbol,True
CHRDL2,Q6WN34,1,HGNC_symbol,False
CHRFAM7A,Q494W8,1,HGNC_symbol,False
CHRM1,P11229,1,HGNC_symbol,False
CHRM2,P08172,1,HGNC_symbol,False
CHRM3,P20309,1,HGNC_symbol,True
CHRM3-AS2,,0,unmapped,False
CHRM4,P08173,1,HGNC_symbol,True
CHRM5,P08912,1,HGNC_symbol,False
CHRNA1,P02708,1,HGNC_symbol,False
CHRNA10,Q9GZZ6,1,HGNC_symbol,True
CHRNA2,Q15822,1,HGNC_symbol,False
CHRNA3,P32297,1,HGNC_symbol,False
CHRNA4,P43681,1,HGNC_symbol,True
CHRNA5,P30532,1,HGNC_symbol,False
CHRNA6,Q15825,1,HGNC_symbol,False
CHRNA7,P36544,1,HGNC_symbol,True
CHRNA9,Q9UGM1,1,HGNC_symbol,False
CHRNB1,P11230,1,HGNC_symbol,False
CHRNB2,P17787,1,HGNC_symbol,True
CHRNB3,Q05901,1,HGNC_symbol,False
CHRNB4,P30926,1,HGNC_symbol,False
CHRND,Q07001,1,HGNC_symbol,False
CHRNE,Q04844,1,HGNC_symbol,True
CHRNG,P07510,1,HGNC_symbol,False
CHST1,O43916,1,HGNC_symbol,False
CHST10,O43529,1,HGNC_symbol,True
CHST11,Q9NPF2,1,HGNC_symbol,True
CHST12,Q9NRB3,1,HGNC_symbol,False
CHST13,Q8NET6,1,HGNC_symbol,True
CHST14,Q8NCH0,1,HGNC_symbol,False
CHST15,Q7LFX5,1,HGNC_symbol,False
CHST2,Q9Y4C5,1,HGNC_symbol,True
CHST3,Q7LGC8,1,HGNC_symbol,True
CHST4,Q8NCG5,1,HGNC_symbol,False
CHST5,Q9GZS9,1,HGNC_symbol,True
CHST6,Q9GZX3,1,HGNC_symbol,False
CHST7,Q9NS84,1,HGNC_symbol,False
CHST8,Q9H2A9,1,HGNC_symbol,False
CHST9,Q7L1S5,1,HGNC_symbol,False
CHSY1,Q86X52,1,HGNC_symbol,False
CHSY3,Q70JA7,1,HGNC_symbol,True
CHTF18,Q8WVB6,1,HGNC_symbol,False
CHTF8,P0CG13,1,HGNC_symbol,False
CHTOP,Q9Y3Y2,1,HGNC_symbol,True
CHUK,O15111,1,HGNC_symbol,False
CHURC1,Q8WUH1,1,HGNC_symbol,True
CIAO1,O76071,1,HGNC_symbol,False
CIAO2A,Q9H5X1,1,HGNC_symbol,False
CIAO2B,Q9Y3D0,1,HGNC_symbol,False
CIAO3,Q9H6Q4,1,HGNC_symbol,False
CIAPIN1,Q6FI81,1,HGNC_symbol,True
CIAPIN1P,,0,unmapped,False
CIART,Q8N365,1,HGNC_symbol,True
CIB1,Q99828,1,HGNC_symbol,False
CIB2,O75838,1,HGNC_symbol,False
CIB3,Q96Q77,1,HGNC_symbol,False
CIB4,A0PJX0,1,HGNC_symbol,False
CIBAR1,A1XBS5,1,HGNC_symbol,False
CIBAR2,Q6ZTR7,1,HGNC_symbol,True
CIC,Q96RK0,1,HGNC_symbol,False
CIDEA,O60543,1,HGNC_symbol,True
CIDEB,Q9UHD4,1,HGNC_symbol,False
CIDEC,Q96AQ7,1,HGNC_symbol,True
CIDECP,,0,unmapped,False
CIITA,P33076,1,HGNC_symbol,False
CILK1,Q9UPZ9,1,HGNC_symbol,False
CILP,O75339,1,HGNC_symbol,False
CILP2,Q8IUL8,1,HGNC_symbol,False
CIMAP1A,Q96PU9,1,HGNC_symbol,False
CIMAP1B,A8MYP8,1,HGNC_symbol,True
CIMAP1C,Q8IXM7,1,HGNC_symbol,False
CIMAP1D,Q3SX64,1,HGNC_symbol,True
CIMAP2,Q3ZCV2,1,HGNC_symbol,True
CIMAP3,Q8TCI5,1,HGNC_symbol,False
CIMIP1,Q9H1P6,1,HGNC_symbol,True
CIMIP2A,Q6J272,1,HGNC_symbol,True
CIMIP2B,A8MTA8,1,HGNC_symbol,True
CIMIP2C,A6NJV1,1,HGNC_symbol,False
CIMIP3,X6R8D5,1,HGNC_symbol,True
CIMIP4,O43247,1,HGNC_symbol,True
CIMIP5,Q96LR7,1,HGNC_symbol,True
CIMIP6,Q8N5S3,1,HGNC_symbol,False
CIMIP7,H3BNL1,1,HGNC_symbol,False
CINP,Q9BW66,1,HGNC_symbol,True
CIP2A,Q8TCG1,1,HGNC_symbol,True
CIPC,Q9C0C6,1,HGNC_symbol,False
CIR1,9541,5,STRING_alias,False
CIR1P1,,0,unmapped,False
CIR1P2,,0,unmapped,False
CIRBP,Q14011,1,HGNC_symbol,False
CIRBP-AS1,Q8TBR5,1,HGNC_symbol,True
CIRH1A,84916,5,STRING_alias,False
CIROP,A0A1B0GTW7,1,HGNC_symbol,False
CIROZ,Q8N9H9,1,HGNC_symbol,True
CIRSR,Q86X95,1,HGNC_symbol,True
CISD1,Q9NZ45,1,HGNC_symbol,False
CISD2,Q8N5K1,1,HGNC_symbol,False
CISD3,P0C7P0,1,HGNC_symbol,False
CISH,Q9NSE2,1,HGNC_symbol,True
CIST1,A0A2R8Y7Y5,1,HGNC_symbol,False
CIT,O14578,1,HGNC_symbol,False
CITED1,Q99966,1,HGNC_symbol,True
CITED2,Q99967,1,HGNC_symbol,False
CITED4,Q96RK1,1,HGNC_symbol,False
CITF22-1A6.3,,0,unmapped,False
CITF22-92A6.1,,0,unmapped,False
CIZ1,Q9ULV3,1,HGNC_symbol,False
CKAP2,Q8WWK9,1,HGNC_symbol,False
CKAP2L,Q8IYA6,1,HGNC_symbol,True
CKAP4,Q07065,1,HGNC_symbol,False
CKAP5,Q14008,1,HGNC_symbol,False
CKB,P12277,1,HGNC_symbol,False
CKLF,Q9UBR5,1,HGNC_symbol,True
CKLF-CMTM1,,0,unmapped,False
CKM,P06732,1,HGNC_symbol,False
CKMT1A,P12532,1,HGNC_symbol,False
CKMT1B,1159,5,STRING_alias,False
CKMT2,P17540,1,HGNC_symbol,True
CKMT2-AS1,,0,unmapped,False
CKS1B,P61024,1,HGNC_symbol,False
CKS1BP7,,0,unmapped,False
CKS2,P33552,1,HGNC_symbol,True
CLASP1,Q7Z460,1,HGNC_symbol,False
CLASP2,O75122,1,HGNC_symbol,False
CLASRP,Q8N2M8,1,HGNC_symbol,False
CLBA1,Q96F83,1,HGNC_symbol,False
CLC,Q05315,1,HGNC_symbol,True
CLCA1,A8K7I4,1,HGNC_symbol,False
CLCA2,Q9UQC9,1,HGNC_symbol,False
CLCA4,Q14CN2,1,HGNC_symbol,False
CLCC1,Q96S66,1,HGNC_symbol,False
CLCF1,Q9UBD9,1,HGNC_symbol,False
CLCN1,P35523,1,HGNC_symbol,True
CLCN2,P51788,1,HGNC_symbol,True
CLCN3,P51790,1,HGNC_symbol,False
CLCN4,P51793,1,HGNC_symbol,True
CLCN5,P51795,1,HGNC_symbol,False
CLCN6,P51797,1,HGNC_symbol,False
CLCN7,P51798,1,HGNC_symbol,True
CLCNKA,P51800,1,HGNC_symbol,True
CLCNKB,P51801,1,HGNC_symbol,True
CLDN1,O95832,1,HGNC_symbol,False
CLDN10,P78369,1,HGNC_symbol,True
CLDN11,O75508,1,HGNC_symbol,False
CLDN12,P56749,1,HGNC_symbol,True
CLDN14,O95500,1,HGNC_symbol,False
CLDN15,P56746,1,HGNC_symbol,False
CLDN16,Q9Y5I7,1,HGNC_symbol,False
CLDN17,P56750,1,HGNC_symbol,True
CLDN18,P56856,1,HGNC_symbol,False
CLDN19,Q8N6F1,1,HGNC_symbol,False
CLDN2,P57739,1,HGNC_symbol,False
CLDN20,P56880,1,HGNC_symbol,False
CLDN22,Q8N7P3,1,HGNC_symbol,True
CLDN23,Q96B33,1,HGNC_symbol,False
CLDN24,A6NM45,1,HGNC_symbol,False
CLDN25,C9JDP6,1,HGNC_symbol,False
CLDN3,O15551,1,HGNC_symbol,True
CLDN34,H7C241,1,HGNC_symbol,False
CLDN4,O14493,1,HGNC_symbol,True
CLDN5,O00501,1,HGNC_symbol,True
CLDN6,P56747,1,HGNC_symbol,True
CLDN7,O95471,1,HGNC_symbol,False
CLDN8,P56748,1,HGNC_symbol,False
CLDN9,O95484,1,HGNC_symbol,False
CLDND1,Q9NY35,1,HGNC_symbol,False
CLDND2,Q8NHS1,1,HGNC_symbol,True
CLEC10A,Q8IUN9,1,HGNC_symbol,False
CLEC11A,Q9Y240,1,HGNC_symbol,True
CLEC12A,Q5QGZ9,1,HGNC_symbol,False
CLEC12B,Q2HXU8,1,HGNC_symbol,False
CLEC14A,Q86T13,1,HGNC_symbol,False
CLEC16A,Q2KHT3,1,HGNC_symbol,False
CLEC17A,Q6ZS10,1,HGNC_symbol,False
CLEC18A,A5D8T8,1,HGNC_symbol,False
CLEC18B,Q6UXF7,1,HGNC_symbol,False
CLEC18C,Q8NCF0,1,HGNC_symbol,False
CLEC19A,Q6UXS0,1,HGNC_symbol,False
CLEC1A,Q8NC01,1,HGNC_symbol,False
CLEC1B,Q9P126,1,HGNC_symbol,True
CLEC20A,Q6ZU45,1,HGNC_symbol,False
CLEC2A,Q6UVW9,1,HGNC_symbol,True
CLEC2B,Q92478,1,HGNC_symbol,False
CLEC2D,Q9UHP7,1,HGNC_symbol,True
CLEC2L,P0C7M8,1,HGNC_symbol,True
CLEC3A,O75596,1,HGNC_symbol,True
CLEC3B,P05452,1,HGNC_symbol,True
CLEC4A,Q9UMR7,1,HGNC_symbol,False
CLEC4C,Q8WTT0,1,HGNC_symbol,True
CLEC4D,Q8WXI8,1,HGNC_symbol,True
CLEC4E,Q9ULY5,1,HGNC_symbol,False
CLEC4F,Q8N1N0,1,HGNC_symbol,False
CLEC4G,Q6UXB4,1,HGNC_symbol,False
CLEC4M,Q9H2X3,1,HGNC_symbol,True
CLEC5A,Q9NY25,1,HGNC_symbol,False
CLEC6A,Q6EIG7,1,HGNC_symbol,False
CLEC7A,Q9BXN2,1,HGNC_symbol,False
CLEC9A,Q6UXN8,1,HGNC_symbol,False
CLECL1,Q8IZS7,1,HGNC_symbol,False
CLGN,O14967,1,HGNC_symbol,False
CLHC1,Q8NHS4,1,HGNC_symbol,True
CLIC1,O00299,1,HGNC_symbol,False
CLIC1P1,,0,unmapped,False
CLIC2,O15247,1,HGNC_symbol,False
CLIC3,O95833,1,HGNC_symbol,False
CLIC4,Q9Y696,1,HGNC_symbol,True
CLIC5,Q9NZA1,1,HGNC_symbol,False
CLIC6,Q96NY7,1,HGNC_symbol,False
CLINT1,Q14677,1,HGNC_symbol,True
CLIP1,P30622,1,HGNC_symbol,False
CLIP2,Q9UDT6,1,HGNC_symbol,False
CLIP3,Q96DZ5,1,HGNC_symbol,False
CLIP4,Q8N3C7,1,HGNC_symbol,True
CLK1,P49759,1,HGNC_symbol,False
CLK2,P49760,1,HGNC_symbol,True
CLK3,P49761,1,HGNC_symbol,True
CLK4,Q9HAZ1,1,HGNC_symbol,True
CLMN,Q96JQ2,1,HGNC_symbol,False
CLMP,Q9H6B4,1,HGNC_symbol,False
CLN3,Q13286,1,HGNC_symbol,False
CLN5,O75503,1,HGNC_symbol,True
CLN6,Q9NWW5,1,HGNC_symbol,True
CLN8,Q9UBY8,1,HGNC_symbol,True
CLNK,Q7Z7G1,1,HGNC_symbol,False
CLNS1A,P54105,1,HGNC_symbol,False
CLOCK,O15516,1,HGNC_symbol,False
CLP1,Q92989,1,HGNC_symbol,False
CLPB,Q9H078,1,HGNC_symbol,True
CLPP,Q16740,1,HGNC_symbol,False
CLPS,P04118,1,HGNC_symbol,False
CLPSL1,A2RUU4,1,HGNC_symbol,False
CLPSL2,Q6UWE3,1,HGNC_symbol,False
CLPTM1,O96005,1,HGNC_symbol,False
CLPTM1L,Q96KA5,1,HGNC_symbol,False
CLPX,O76031,1,HGNC_symbol,True
CLRN1,P58418,1,HGNC_symbol,False
CLRN2,A0PK11,1,HGNC_symbol,False
CLRN3,Q8NCR9,1,HGNC_symbol,False
CLSPN,Q9HAW4,1,HGNC_symbol,False
CLSTN1,O94985,1,HGNC_symbol,False
CLSTN2,Q9H4D0,1,HGNC_symbol,False
CLSTN3,Q9BQT9,1,HGNC_symbol,True
CLTA,P09496,1,HGNC_symbol,False
CLTB,P09497,1,HGNC_symbol,False
CLTC,Q00610,1,HGNC_symbol,False
CLTCL1,P53675,1,HGNC_symbol,False
CLTRN,Q9HBJ8,1,HGNC_symbol,True
CLU,P10909,1,HGNC_symbol,False
CLUAP1,Q96AJ1,1,HGNC_symbol,False
CLUH,O75153,1,HGNC_symbol,False
CLUHP3,Q96NS8,1,HGNC_symbol,False
CLUL1,Q15846,1,HGNC_symbol,False
CLVS1,Q8IUQ0,1,HGNC_symbol,False
CLVS2,Q5SYC1,1,HGNC_symbol,True
CLXN,Q9HAE3,1,HGNC_symbol,False
CLYBL,Q8N0X4,1,HGNC_symbol,False
CMA1,P23946,1,HGNC_symbol,False
CMAHP,Q9Y471,1,HGNC_symbol,False
CMAS,Q8NFW8,1,HGNC_symbol,False
CMBL,Q96DG6,1,HGNC_symbol,True
CMC1,Q7Z7K0,1,HGNC_symbol,False
CMC2,Q9NRP2,1,HGNC_symbol,False
CMC4,P56277,1,HGNC_symbol,True
CMIP,Q8IY22,1,HGNC_symbol,False
CMKLR1,Q99788,1,HGNC_symbol,False
CMKLR2,P46091,1,HGNC_symbol,False
CMPK1,P30085,1,HGNC_symbol,True
CMPK2,Q5EBM0,1,HGNC_symbol,True
CMSS1,Q9BQ75,1,HGNC_symbol,True
CMTM1,Q8IZ96,1,HGNC_symbol,True
CMTM2,Q8TAZ6,1,HGNC_symbol,False
CMTM3,Q96MX0,1,HGNC_symbol,False
CMTM4,Q8IZR5,1,HGNC_symbol,False
CMTM5,Q96DZ9,1,HGNC_symbol,True
CMTM6,Q9NX76,1,HGNC_symbol,False
CMTM7,Q96FZ5,1,HGNC_symbol,False
CMTM8,Q8IZV2,1,HGNC_symbol,False
CMTR1,Q8N1G2,1,HGNC_symbol,False
CMTR2,Q8IYT2,1,HGNC_symbol,False
CMYA5,Q8N3K9,1,HGNC_symbol,False
CNBD1,Q8NA66,1,HGNC_symbol,False
CNBD2,Q96M20,1,HGNC_symbol,False
CNBP,P62633,1,HGNC_symbol,False
CNDP1,Q96KN2,1,HGNC_symbol,False
CNDP2,Q96KP4,1,HGNC_symbol,True
CNEP1R1,Q8N9A8,1,HGNC_symbol,False
CNFN,Q9BYD5,1,HGNC_symbol,True
CNGA1,P29973,1,HGNC_symbol,True
CNGA2,Q16280,1,HGNC_symbol,True
CNGA3,Q16281,1,HGNC_symbol,False
CNGA4,Q8IV77,1,HGNC_symbol,False
CNGB1,Q14028,1,HGNC_symbol,False
CNGB3,Q9NQW8,1,HGNC_symbol,True
CNIH1,O95406,1,HGNC_symbol,False
CNIH2,Q6PI25,1,HGNC_symbol,False
CNIH3,Q8TBE1,1,HGNC_symbol,False
CNIH4,Q9P003,1,HGNC_symbol,False
CNKSR1,Q969H4,1,HGNC_symbol,False
CNKSR2,Q8WXI2,1,HGNC_symbol,False
CNKSR3,Q6P9H4,1,HGNC_symbol,True
CNMD,O75829,1,HGNC_symbol,False
CNN1,P51911,1,HGNC_symbol,False
CNN2,Q99439,1,HGNC_symbol,False
CNN2P1,,0,unmapped,False
CNN2P9,,0,unmapped,False
CNN3,Q15417,1,HGNC_symbol,True
CNNM1,Q9NRU3,1,HGNC_symbol,True
CNNM2,Q9H8M5,1,HGNC_symbol,False
CNNM3,Q8NE01,1,HGNC_symbol,True
CNNM4,Q6P4Q7,1,HGNC_symbol,False
CNOT1,A5YKK6,1,HGNC_symbol,False
CNOT10,Q9H9A5,1,HGNC_symbol,False
CNOT11,Q9UKZ1,1,HGNC_symbol,True
CNOT2,Q9NZN8,1,HGNC_symbol,False
CNOT3,O75175,1,HGNC_symbol,True
CNOT4,O95628,1,HGNC_symbol,True
CNOT6,Q9ULM6,1,HGNC_symbol,True
CNOT6L,Q96LI5,1,HGNC_symbol,True
CNOT6LP1,,0,unmapped,False
CNOT7,Q9UIV1,1,HGNC_symbol,True
CNOT7P1,,0,unmapped,False
CNOT8,Q9UFF9,1,HGNC_symbol,True
CNOT9,Q92600,1,HGNC_symbol,False
CNP,P09543,1,HGNC_symbol,True
CNPPD1,Q9BV87,1,HGNC_symbol,True
CNPY1,Q3B7I2,1,HGNC_symbol,False
CNPY2,Q9Y2B0,1,HGNC_symbol,False
CNPY3,Q9BT09,1,HGNC_symbol,False
CNPY4,Q8N129,1,HGNC_symbol,True
CNR1,P21554,1,HGNC_symbol,True
CNR2,P34972,1,HGNC_symbol,False
CNRIP1,Q96F85,1,HGNC_symbol,False
CNST,Q6PJW8,1,HGNC_symbol,True
CNTD1,Q8N815,1,HGNC_symbol,False
CNTD2,79935,5,STRING_alias,False
CNTF,P26441,1,HGNC_symbol,True
CNTFR,P26992,1,HGNC_symbol,True
CNTLN,Q9NXG0,1,HGNC_symbol,False
CNTN1,Q12860,1,HGNC_symbol,False
CNTN2,Q02246,1,HGNC_symbol,False
CNTN3,Q9P232,1,HGNC_symbol,False
CNTN4,Q8IWV2,1,HGNC_symbol,False
CNTN5,O94779,1,HGNC_symbol,False
CNTN6,Q9UQ52,1,HGNC_symbol,False
CNTNAP1,P78357,1,HGNC_symbol,False
CNTNAP2,Q9UHC6,1,HGNC_symbol,False
CNTNAP3,Q9BZ76,1,HGNC_symbol,False
CNTNAP3B,Q96NU0,1,HGNC_symbol,False
CNTNAP3C,A0AAG2UUX9,1,HGNC_symbol,False
CNTNAP4,Q9C0A0,1,HGNC_symbol,False
CNTNAP5,Q8WYK1,1,HGNC_symbol,False
CNTRL,Q7Z7A1,1,HGNC_symbol,False
CNTROB,Q8N137,1,HGNC_symbol,True
COA1,Q9GZY4,1,HGNC_symbol,True
COA3,Q9Y2R0,1,HGNC_symbol,True
COA4,Q9NYJ1,1,HGNC_symbol,False
COA5,Q86WW8,1,HGNC_symbol,False
COA6,Q5JTJ3,1,HGNC_symbol,True
COA7,Q96BR5,1,HGNC_symbol,True
COA8,Q96IL0,1,HGNC_symbol,True
COASY,Q13057,1,HGNC_symbol,True
COBL,O75128,1,HGNC_symbol,False
COBLL1,Q53SF7,1,HGNC_symbol,False
COCH,O43405,1,HGNC_symbol,False
COG1,Q8WTW3,1,HGNC_symbol,True
COG2,Q14746,1,HGNC_symbol,False
COG3,Q96JB2,1,HGNC_symbol,True
COG4,Q9H9E3,1,HGNC_symbol,True
COG5,Q9UP83,1,HGNC_symbol,False
COG6,Q9Y2V7,1,HGNC_symbol,False
COG7,P83436,1,HGNC_symbol,False
COG8,Q96MW5,1,HGNC_symbol,False
COIL,P38432,1,HGNC_symbol,False
COL10A1,Q03692,1,HGNC_symbol,False
COL11A1,P12107,1,HGNC_symbol,False
COL11A2,P13942,1,HGNC_symbol,False
COL12A1,Q99715,1,HGNC_symbol,False
COL13A1,Q5TAT6,1,HGNC_symbol,False
COL14A1,Q05707,1,HGNC_symbol,False
COL15A1,P39059,1,HGNC_symbol,False
COL16A1,Q07092,1,HGNC_symbol,False
COL17A1,Q9UMD9,1,HGNC_symbol,False
COL18A1,P39060,1,HGNC_symbol,False
COL19A1,Q14993,1,HGNC_symbol,False
COL1A1,P02452,1,HGNC_symbol,False
COL1A2,P08123,1,HGNC_symbol,False
COL20A1,Q9P218,1,HGNC_symbol,False
COL21A1,Q96P44,1,HGNC_symbol,True
COL22A1,Q8NFW1,1,HGNC_symbol,False
COL23A1,Q86Y22,1,HGNC_symbol,True
COL24A1,Q17RW2,1,HGNC_symbol,False
COL25A1,Q9BXS0,1,HGNC_symbol,False
COL26A1,Q96A83,1,HGNC_symbol,True
COL27A1,Q8IZC6,1,HGNC_symbol,False
COL28A1,Q2UY09,1,HGNC_symbol,False
COL2A1,P02458,1,HGNC_symbol,False
COL3A1,P02461,1,HGNC_symbol,False
COL4A1,P02462,1,HGNC_symbol,False
COL4A2,P08572,1,HGNC_symbol,False
COL4A3,Q01955,1,HGNC_symbol,False
COL4A3BP,10087,5,STRING_alias,False
COL4A4,P53420,1,HGNC_symbol,False
COL4A5,P29400,1,HGNC_symbol,False
COL4A6,Q14031,1,HGNC_symbol,False
COL5A1,P20908,1,HGNC_symbol,False
COL5A2,P05997,1,HGNC_symbol,False
COL5A3,P25940,1,HGNC_symbol,False
COL6A1,P12109,1,HGNC_symbol,False
COL6A2,P12110,1,HGNC_symbol,False
COL6A3,P12111,1,HGNC_symbol,False
COL6A4P2,,0,unmapped,False
COL6A5,A8TX70,1,HGNC_symbol,False
COL6A6,A6NMZ7,1,HGNC_symbol,False
COL7A1,Q02388,1,HGNC_symbol,False
COL8A1,P27658,1,HGNC_symbol,True
COL8A2,P25067,1,HGNC_symbol,True
COL9A1,P20849,1,HGNC_symbol,True
COL9A2,Q14055,1,HGNC_symbol,False
COL9A3,Q14050,1,HGNC_symbol,False
COLEC10,Q9Y6Z7,1,HGNC_symbol,True
COLEC11,Q9BWP8,1,HGNC_symbol,False
COLEC12,Q5KU26,1,HGNC_symbol,True
COLGALT1,Q8NBJ5,1,HGNC_symbol,False
COLGALT2,Q8IYK4,1,HGNC_symbol,True
COLQ,Q9Y215,1,HGNC_symbol,True
COMMD1,Q8N668,1,HGNC_symbol,False
COMMD10,Q9Y6G5,1,HGNC_symbol,True
COMMD2,Q86X83,1,HGNC_symbol,True
COMMD3,Q9UBI1,1,HGNC_symbol,False
COMMD4,Q9H0A8,1,HGNC_symbol,False
COMMD5,Q9GZQ3,1,HGNC_symbol,False
COMMD6,Q7Z4G1,1,HGNC_symbol,False
COMMD7,Q86VX2,1,HGNC_symbol,False
COMMD8,Q9NX08,1,HGNC_symbol,True
COMMD9,Q9P000,1,HGNC_symbol,True
COMP,P49747,1,HGNC_symbol,True
COMT,P21964,1,HGNC_symbol,False
COMTD1,Q86VU5,1,HGNC_symbol,False
COP1,Q8NHY2,1,HGNC_symbol,False
COPA,P53621,1,HGNC_symbol,False
COPB1,P53618,1,HGNC_symbol,True
COPB2,P35606,1,HGNC_symbol,False
COPE,O14579,1,HGNC_symbol,False
COPG1,Q9Y678,1,HGNC_symbol,True
COPG2,Q9UBF2,1,HGNC_symbol,False
COPRS,Q9NQ92,1,HGNC_symbol,False
COPS2,P61201,1,HGNC_symbol,False
COPS3,Q9UNS2,1,HGNC_symbol,True
COPS4,Q9BT78,1,HGNC_symbol,False
COPS5,Q92905,1,HGNC_symbol,True
COPS6,Q7L5N1,1,HGNC_symbol,False
COPS7A,Q9UBW8,1,HGNC_symbol,True
COPS7B,Q9H9Q2,1,HGNC_symbol,True
COPS8,Q99627,1,HGNC_symbol,False
COPS8P2,,0,unmapped,False
COPS9,Q8WXC6,1,HGNC_symbol,False
COPZ1,P61923,1,HGNC_symbol,True
COPZ2,Q9P299,1,HGNC_symbol,True
COQ10A,Q96MF6,1,HGNC_symbol,False
COQ10B,Q9H8M1,1,HGNC_symbol,True
COQ2,Q96H96,1,HGNC_symbol,False
COQ3,Q9NZJ6,1,HGNC_symbol,True
COQ4,Q9Y3A0,1,HGNC_symbol,False
COQ5,Q5HYK3,1,HGNC_symbol,False
COQ6,Q9Y2Z9,1,HGNC_symbol,True
COQ7,Q99807,1,HGNC_symbol,True
COQ8A,Q8NI60,1,HGNC_symbol,True
COQ8B,Q96D53,1,HGNC_symbol,False
COQ9,O75208,1,HGNC_symbol,True
CORIN,Q9Y5Q5,1,HGNC_symbol,False
CORO1A,P31146,1,HGNC_symbol,False
CORO1B,Q9BR76,1,HGNC_symbol,True
CORO1C,Q9ULV4,1,HGNC_symbol,False
CORO2A,Q92828,1,HGNC_symbol,True
CORO2B,Q9UQ03,1,HGNC_symbol,False
CORO6,Q6QEF8,1,HGNC_symbol,True
CORO7,P57737,1,HGNC_symbol,True
CORT,O00230,1,HGNC_symbol,True
COTL1,Q14019,1,HGNC_symbol,False
COX10,Q12887,1,HGNC_symbol,False
COX10-AS1,,0,unmapped,False
COX11,Q9Y6N1,1,HGNC_symbol,False
COX11P1,,0,unmapped,False
COX14,Q96I36,1,HGNC_symbol,False
COX15,Q7KZN9,1,HGNC_symbol,False
COX16,Q9P0S2,1,HGNC_symbol,False
COX17,Q14061,1,HGNC_symbol,False
COX17P1,,0,unmapped,False
COX18,Q8N8Q8,1,HGNC_symbol,False
COX19,Q49B96,1,HGNC_symbol,True
COX20,Q5RI15,1,HGNC_symbol,True
COX20P1,,0,unmapped,False
COX20P2,,0,unmapped,False
COX4I1,P13073,1,HGNC_symbol,True
COX4I2,Q96KJ9,1,HGNC_symbol,False
COX5A,P20674,1,HGNC_symbol,True
COX5B,P10606,1,HGNC_symbol,False
COX5BP6,,0,unmapped,False
COX6A1,P12074,1,HGNC_symbol,False
COX6A1P2,,0,unmapped,False
COX6A2,Q02221,1,HGNC_symbol,False
COX6B1,P14854,1,HGNC_symbol,True
COX6B2,Q6YFQ2,1,HGNC_symbol,False
COX6C,P09669,1,HGNC_symbol,True
COX6CP1,,0,unmapped,False
COX7A1,P24310,1,HGNC_symbol,False
COX7A2,P14406,1,HGNC_symbol,True
COX7A2L,O14548,1,HGNC_symbol,True
COX7B,P24311,1,HGNC_symbol,False
COX7B2,Q8TF08,1,HGNC_symbol,False
COX7C,P15954,1,HGNC_symbol,False
COX7CP1,,0,unmapped,False
COX8A,P10176,1,HGNC_symbol,False
COX8C,Q7Z4L0,1,HGNC_symbol,True
CP,P00450,1,HGNC_symbol,False
CPA1,P15085,1,HGNC_symbol,True
CPA2,P48052,1,HGNC_symbol,False
CPA3,P15088,1,HGNC_symbol,False
CPA4,Q9UI42,1,HGNC_symbol,True
CPA5,Q8WXQ8,1,HGNC_symbol,True
CPA6,Q8N4T0,1,HGNC_symbol,False
CPAMD8,Q8IZJ3,1,HGNC_symbol,False
CPAP,Q9HC77,1,HGNC_symbol,False
CPB1,P15086,1,HGNC_symbol,False
CPB2,Q96IY4,1,HGNC_symbol,False
CPB2-AS1,,0,unmapped,False
CPD,O75976,1,HGNC_symbol,False
CPE,P16870,1,HGNC_symbol,True
CPEB1,Q9BZB8,1,HGNC_symbol,False
CPEB2,Q7Z5Q1,1,HGNC_symbol,True
CPEB2-AS1,,0,unmapped,False
CPEB3,Q8NE35,1,HGNC_symbol,False
CPEB4,Q17RY0,1,HGNC_symbol,False
CPED1,A4D0V7,1,HGNC_symbol,False
CPHL1P,,0,unmapped,False
CPHXL,A0A1W2PPM1,1,HGNC_symbol,True
CPHXL2,A0A1W2PPK0,1,HGNC_symbol,False
CPLANE1,Q9H799,1,HGNC_symbol,False
CPLANE2,Q9BU20,1,HGNC_symbol,False
CPLX1,O14810,1,HGNC_symbol,True
CPLX2,Q6PUV4,1,HGNC_symbol,False
CPLX3,Q8WVH0,1,HGNC_symbol,True
CPLX4,Q7Z7G2,1,HGNC_symbol,False
CPM,P14384,1,HGNC_symbol,False
CPN1,P15169,1,HGNC_symbol,False
CPN2,P22792,1,HGNC_symbol,True
CPNE1,Q99829,1,HGNC_symbol,True
CPNE2,Q96FN4,1,HGNC_symbol,True
CPNE3,O75131,1,HGNC_symbol,False
CPNE4,Q96A23,1,HGNC_symbol,True
CPNE5,Q9HCH3,1,HGNC_symbol,True
CPNE6,O95741,1,HGNC_symbol,False
CPNE7,Q9UBL6,1,HGNC_symbol,False
CPNE8,Q86YQ8,1,HGNC_symbol,True
CPNE9,Q8IYJ1,1,HGNC_symbol,False
CPO,Q8IVL8,1,HGNC_symbol,False
CPOX,P36551,1,HGNC_symbol,True
CPPED1,Q9BRF8,1,HGNC_symbol,False
CPQ,Q9Y646,1,HGNC_symbol,True
CPS1,P31327,1,HGNC_symbol,False
CPSF1,Q10570,1,HGNC_symbol,False
CPSF1P1,,0,unmapped,False
CPSF2,Q9P2I0,1,HGNC_symbol,False
CPSF3,Q9UKF6,1,HGNC_symbol,True
CPSF3L,3.1.27.-,5,STRING_alias,False
CPSF4,O95639,1,HGNC_symbol,False
CPSF4L,A6NMK7,1,HGNC_symbol,False
CPSF6,Q16630,1,HGNC_symbol,False
CPSF7,Q8N684,1,HGNC_symbol,True
CPT1A,P50416,1,HGNC_symbol,True
CPT1B,Q92523,1,HGNC_symbol,True
CPT1C,Q8TCG5,1,HGNC_symbol,False
CPT2,P23786,1,HGNC_symbol,False
CPTP,Q5TA50,1,HGNC_symbol,True
CPVL,Q9H3G5,1,HGNC_symbol,False
CPXCR1,Q8N123,1,HGNC_symbol,False
CPXM1,Q96SM3,1,HGNC_symbol,True
CPXM2,Q8N436,1,HGNC_symbol,False
CPZ,Q66K79,1,HGNC_symbol,False
CR1,P17927,1,HGNC_symbol,False
CR1L,Q2VPA4,1,HGNC_symbol,False
CR2,P20023,1,HGNC_symbol,False
CR848007.2,,0,unmapped,False
CRABP1,P29762,1,HGNC_symbol,True
CRABP2,P29373,1,HGNC_symbol,False
CRACD,Q6ZU35,1,HGNC_symbol,False
CRACDL,Q6NV74,1,HGNC_symbol,True
CRACR2A,Q9BSW2,1,HGNC_symbol,False
CRACR2B,Q8N4Y2,1,HGNC_symbol,False
CRADD,P78560,1,HGNC_symbol,True
CRAMP1,Q96RY5,1,HGNC_symbol,False
CRAMP1L,57585,5,STRING_alias,False
CRAT,P43155,1,HGNC_symbol,True
CRB1,P82279,1,HGNC_symbol,False
CRB2,Q5IJ48,1,HGNC_symbol,False
CRB3,Q9BUF7,1,HGNC_symbol,False
CRBN,Q96SW2,1,HGNC_symbol,True
CRCP,O75575,1,HGNC_symbol,False
CRCT1,Q9UGL9,1,HGNC_symbol,True
CREB1,P16220,1,HGNC_symbol,False
CREB3,O43889,1,HGNC_symbol,True
CREB3L1,Q96BA8,1,HGNC_symbol,False
CREB3L2,Q70SY1,1,HGNC_symbol,False
CREB3L3,Q68CJ9,1,HGNC_symbol,True
CREB3L4,Q8TEY5,1,HGNC_symbol,False
CREB5,Q02930,1,HGNC_symbol,True
CREBBP,Q92793,1,HGNC_symbol,False
CREBL2,O60519,1,HGNC_symbol,False
CREBRF,Q8IUR6,1,HGNC_symbol,False
CREBZF,Q9NS37,1,HGNC_symbol,False
CREG1,O75629,1,HGNC_symbol,False
CREG2,Q8IUH2,1,HGNC_symbol,False
CRELD1,Q96HD1,1,HGNC_symbol,True
CRELD2,Q6UXH1,1,HGNC_symbol,False
CREM,Q03060,1,HGNC_symbol,True
CRH,P06850,1,HGNC_symbol,False
CRHBP,P24387,1,HGNC_symbol,True
CRHR1,P34998,1,HGNC_symbol,True
CRHR1-IT1,,0,unmapped,False
CRHR2,Q13324,1,HGNC_symbol,True
CRIM1,Q9NZV1,1,HGNC_symbol,False
CRIP1,P50238,1,HGNC_symbol,False
CRIP1P4,,0,unmapped,False
CRIP2,P52943,1,HGNC_symbol,True
CRIP3,Q6Q6R5,1,HGNC_symbol,False
CRIPAK,CRIPAK,5,STRING_alias,False
CRIPT,Q9P021,1,HGNC_symbol,True
CRIPTO,P13385,1,HGNC_symbol,True
CRIPTO3,P51864,1,HGNC_symbol,False
CRISP1,P54107,1,HGNC_symbol,True
CRISP2,P16562,1,HGNC_symbol,False
CRISP3,P54108,1,HGNC_symbol,False
CRISPLD1,Q9H336,1,HGNC_symbol,True
CRISPLD2,Q9H0B8,1,HGNC_symbol,True
CRK,P46108,1,HGNC_symbol,False
CRKL,P46109,1,HGNC_symbol,False
CRLF1,O75462,1,HGNC_symbol,False
CRLF2,Q9HC73,1,HGNC_symbol,True
CRLF3,Q8IUI8,1,HGNC_symbol,False
CRLS1,Q9UJA2,1,HGNC_symbol,False
CRMP1,Q14194,1,HGNC_symbol,False
CRNDE,,0,unmapped,False
CRNKL1,Q9BZJ0,1,HGNC_symbol,True
CRNN,Q9UBG3,1,HGNC_symbol,True
CROCC,Q5TZA2,1,HGNC_symbol,False
CROCC2,H7BZ55,1,HGNC_symbol,False
CROCCP2,Q86T23,1,HGNC_symbol,False
CROCCP3,Q8IVE0,1,HGNC_symbol,True
CROT,Q9UKG9,1,HGNC_symbol,True
CRP,P02741,1,HGNC_symbol,True
CRPPA,A4D126,1,HGNC_symbol,False
CRTAC1,Q9NQ79,1,HGNC_symbol,True
CRTAM,O95727,1,HGNC_symbol,True
CRTAP,O75718,1,HGNC_symbol,False
CRTC1,Q6UUV9,1,HGNC_symbol,False
CRTC2,Q53ET0,1,HGNC_symbol,False
CRTC3,Q6UUV7,1,HGNC_symbol,True
CRX,O43186,1,HGNC_symbol,False
CRY1,Q16526,1,HGNC_symbol,False
CRY2,Q49AN0,1,HGNC_symbol,False
CRYAA,P02489,1,HGNC_symbol,True
CRYAB,P02511,1,HGNC_symbol,True
CRYBA1,P05813,1,HGNC_symbol,False
CRYBA2,P53672,1,HGNC_symbol,False
CRYBA4,P53673,1,HGNC_symbol,False
CRYBB1,P53674,1,HGNC_symbol,True
CRYBB2,P43320,1,HGNC_symbol,False
CRYBB2P1,,0,unmapped,False
CRYBB3,P26998,1,HGNC_symbol,False
CRYBG1,Q9Y4K1,1,HGNC_symbol,False
CRYBG2,Q8N1P7,1,HGNC_symbol,False
CRYBG3,Q68DQ2,1,HGNC_symbol,False
CRYGA,P11844,1,HGNC_symbol,False
CRYGB,P07316,1,HGNC_symbol,False
CRYGC,P07315,1,HGNC_symbol,True
CRYGD,P07320,1,HGNC_symbol,False
CRYGN,Q8WXF5,1,HGNC_symbol,True
CRYGS,P22914,1,HGNC_symbol,True
CRYL1,Q9Y2S2,1,HGNC_symbol,False
CRYM,Q14894,1,HGNC_symbol,False
CRYM-AS1,,0,unmapped,False
CRYZ,Q08257,1,HGNC_symbol,False
CRYZL1,O95825,1,HGNC_symbol,False
CS,O75390,1,HGNC_symbol,False
CSAD,Q9Y600,1,HGNC_symbol,False
CSAG1,Q6PB30,1,HGNC_symbol,True
CSAG2,Q9Y5P2,1,HGNC_symbol,False
CSAG3,389903,5,STRING_alias,False
CSDC2,Q9Y534,1,HGNC_symbol,True
CSDE1,O75534,1,HGNC_symbol,True
CSE1L,P55060,1,HGNC_symbol,False
CSF1,P09603,1,HGNC_symbol,True
CSF1R,P07333,1,HGNC_symbol,True
CSF2,P04141,1,HGNC_symbol,False
CSF2RA,P15509,1,HGNC_symbol,False
CSF2RB,P32927,1,HGNC_symbol,False
CSF3,P09919,1,HGNC_symbol,False
CSF3R,Q99062,1,HGNC_symbol,False
CSGALNACT1,Q8TDX6,1,HGNC_symbol,True
CSGALNACT2,Q8N6G5,1,HGNC_symbol,False
CSH1,P0DML2,1,HGNC_symbol,True
CSH2,P0DML3,1,HGNC_symbol,True
CSHL1,Q14406,1,HGNC_symbol,True
CSK,P41240,1,HGNC_symbol,False
CSKMT,A8MUP2,1,HGNC_symbol,False
CSMD1,Q96PZ7,1,HGNC_symbol,False
CSMD2,Q7Z408,1,HGNC_symbol,False
CSMD3,Q7Z407,1,HGNC_symbol,False
CSN1S1,P47710,1,HGNC_symbol,False
CSN2,P05814,1,HGNC_symbol,False
CSN3,P07498,1,HGNC_symbol,True
CSNK1A1,P48729,1,HGNC_symbol,True
CSNK1A1L,Q8N752,1,HGNC_symbol,False
CSNK1A1P3,,0,unmapped,False
CSNK1D,P48730,1,HGNC_symbol,False
CSNK1E,P49674,1,HGNC_symbol,False
CSNK1G1,Q9HCP0,1,HGNC_symbol,False
CSNK1G2,P78368,1,HGNC_symbol,True
CSNK1G3,Q9Y6M4,1,HGNC_symbol,True
CSNK2A1,P68400,1,HGNC_symbol,False
CSNK2A2,P19784,1,HGNC_symbol,False
CSNK2A2IP,A0A1B0GTH6,1,HGNC_symbol,True
CSNK2A3,Q8NEV1,1,HGNC_symbol,True
CSNK2B,P67870,1,HGNC_symbol,False
CSPG4,Q6UVK1,1,HGNC_symbol,False
CSPG4P11,,0,unmapped,False
CSPG4P13,,0,unmapped,False
CSPG5,O95196,1,HGNC_symbol,False
CSPP1,Q1MSJ5,1,HGNC_symbol,False
CSRNP1,Q96S65,1,HGNC_symbol,False
CSRNP2,Q9H175,1,HGNC_symbol,False
CSRNP3,Q8WYN3,1,HGNC_symbol,False
CSRP1,P21291,1,HGNC_symbol,True
CSRP2,Q16527,1,HGNC_symbol,False
CSRP2BP,57325,5,STRING_alias,False
CSRP3,P50461,1,HGNC_symbol,True
CST1,P01037,1,HGNC_symbol,False
CST11,Q9H112,1,HGNC_symbol,True
CST2,P09228,1,HGNC_symbol,False
CST3,P01034,1,HGNC_symbol,True
CST4,P01036,1,HGNC_symbol,True
CST5,P28325,1,HGNC_symbol,False
CST6,Q15828,1,HGNC_symbol,False
CST7,O76096,1,HGNC_symbol,True
CST8,O60676,1,HGNC_symbol,True
CST9,Q5W186,1,HGNC_symbol,True
CST9L,Q9H4G1,1,HGNC_symbol,False
CSTA,P01040,1,HGNC_symbol,False
CSTB,P04080,1,HGNC_symbol,False
CSTF1,Q05048,1,HGNC_symbol,True
CSTF2,P33240,1,HGNC_symbol,False
CSTF2T,Q9H0L4,1,HGNC_symbol,True
CSTF3,Q12996,1,HGNC_symbol,False
CSTF3-AS1,,0,unmapped,False
CSTL1,Q9H114,1,HGNC_symbol,False
CSTPP1,Q9H6J7,1,HGNC_symbol,False
CT45A1,Q5HYN5,1,HGNC_symbol,True
CT45A10,P0DMU9,1,HGNC_symbol,True
CT45A2,Q5DJT8,1,HGNC_symbol,False
CT45A3,Q8NHU0,1,HGNC_symbol,True
CT45A4,441519,5,STRING_alias,False
CT45A5,P0DMU8,1,HGNC_symbol,True
CT45A6,P0DMU7,1,HGNC_symbol,False
CT45A7,P0DMV0,1,HGNC_symbol,False
CT45A8,P0DMV1,1,HGNC_symbol,False
CT45A9,P0DMV2,1,HGNC_symbol,False
CT47A1,Q5JQC4,1,HGNC_symbol,False
CT47A10,100507170,5,STRING_alias,False
CT47A11,100507170,5,STRING_alias,False
CT47A12,100507170,5,STRING_alias,False
CT47A2,100507170,5,STRING_alias,False
CT47A3,100507170,5,STRING_alias,False
CT47A4,100507170,5,STRING_alias,False
CT47A5,100507170,5,STRING_alias,False
CT47A6,100507170,5,STRING_alias,False
CT47A7,100507170,5,STRING_alias,False
CT47A8,100507170,5,STRING_alias,False
CT47A9,100507170,5,STRING_alias,False
CT47B1,P0C2W7,1,HGNC_symbol,False
CT47C1,A0A0U1RQG5,1,HGNC_symbol,True
CT55,Q8WUE5,1,HGNC_symbol,True
CT83,Q5H943,1,HGNC_symbol,True
CTA-109P11.4,,0,unmapped,False
CTA-126B4.7,,0,unmapped,False
CTA-134P22.2,,0,unmapped,False
CTA-14H9.5,,0,unmapped,False
CTA-204B4.2,,0,unmapped,False
CTA-211A9.5,,0,unmapped,False
CTA-212D2.2,,0,unmapped,False
CTA-217C2.1,,0,unmapped,False
CTA-217C2.2,,0,unmapped,False
CTA-221G9.10,,0,unmapped,False
CTA-223H9.9,,0,unmapped,False
CTA-228A9.3,,0,unmapped,False
CTA-242H14.1,,0,unmapped,False
CTA-246H3.11,,0,unmapped,False
CTA-250D10.23,,0,unmapped,False
CTA-268H5.12,,0,unmapped,False
CTA-276O3.4,,0,unmapped,False
CTA-292E10.6,,0,unmapped,False
CTA-292E10.8,,0,unmapped,False
CTA-293F17.1,,0,unmapped,False
CTA-29F11.1,,0,unmapped,False
CTA-313A17.3,,0,unmapped,False
CTA-331P3.1,,0,unmapped,False
CTA-351J1.1,,0,unmapped,False
CTA-357J21.1,,0,unmapped,False
CTA-363E19.2,,0,unmapped,False
CTA-363E6.6,,0,unmapped,False
CTA-373H7.7,,0,unmapped,False
CTA-384D8.31,,0,unmapped,False
CTA-384D8.34,,0,unmapped,False
CTA-384D8.35,,0,unmapped,False
CTA-384D8.36,,0,unmapped,False
CTA-390C10.10,,0,unmapped,False
CTA-392E5.1,,0,unmapped,False
CTA-407F11.6,,0,unmapped,False
CTA-407F11.8,,0,unmapped,False
CTA-445C9.14,,0,unmapped,False
CTA-445C9.15,,0,unmapped,False
CTA-797E19.1,,0,unmapped,False
CTA-963H5.5,,0,unmapped,False
CTA-984G1.5,,0,unmapped,False
CTA-989H11.1,,0,unmapped,False
CTAG1A,P78358,1,HGNC_symbol,False
CTAG1B,1485,5,STRING_alias,False
CTAG2,O75638,1,HGNC_symbol,True
CTAGE1,Q96RT6,1,HGNC_symbol,False
CTAGE10P,,0,unmapped,False
CTAGE11P,,0,unmapped,False
CTAGE12P,,0,unmapped,False
CTAGE13P,,0,unmapped,False
CTAGE15,A4D2H0,1,HGNC_symbol,True
CTAGE16P,,0,unmapped,False
CTAGE3P,Q8IX95,1,HGNC_symbol,False
CTAGE5,4253,5,STRING_alias,False
CTAGE6,Q86UF2,1,HGNC_symbol,True
CTAGE7P,,0,unmapped,False
CTAGE9,A4FU28,1,HGNC_symbol,False
CTB-102L5.7,,0,unmapped,False
CTB-113I20.2,,0,unmapped,False
CTB-113P19.5,,0,unmapped,False
CTB-114C7.3,,0,unmapped,False
CTB-114C7.4,,0,unmapped,False
CTB-118N6.1,,0,unmapped,False
CTB-118N6.3,,0,unmapped,False
CTB-119C2.1,,0,unmapped,False
CTB-11I22.1,,0,unmapped,False
CTB-11I22.2,,0,unmapped,False
CTB-129O4.1,,0,unmapped,False
CTB-129P6.11,,0,unmapped,False
CTB-12A17.3,,0,unmapped,False
CTB-131B5.2,,0,unmapped,False
CTB-131B5.5,,0,unmapped,False
CTB-131K11.1,,0,unmapped,False
CTB-133G6.1,,0,unmapped,False
CTB-134H23.2,,0,unmapped,False
CTB-13F3.1,,0,unmapped,False
CTB-152G17.6,,0,unmapped,False
CTB-158E9.2,,0,unmapped,False
CTB-167B5.2,,0,unmapped,False
CTB-171A8.1,,0,unmapped,False
CTB-174O21.2,,0,unmapped,False
CTB-175E5.7,,0,unmapped,False
CTB-179K24.3,,0,unmapped,False
CTB-180A7.6,,0,unmapped,False
CTB-181H17.1,,0,unmapped,False
CTB-187L3.1,,0,unmapped,False
CTB-191K22.6,,0,unmapped,False
CTB-193M12.3,,0,unmapped,False
CTB-25B13.12,,0,unmapped,False
CTB-25B13.13,,0,unmapped,False
CTB-26E19.1,,0,unmapped,False
CTB-27N1.1,,0,unmapped,False
CTB-31N19.3,,0,unmapped,False
CTB-31O20.2,,0,unmapped,False
CTB-32O4.2,,0,unmapped,False
CTB-33G10.1,,0,unmapped,False
CTB-35F21.1,,0,unmapped,False
CTB-36H16.2,,0,unmapped,False
CTB-36O1.7,,0,unmapped,False
CTB-41I6.1,,0,unmapped,False
CTB-41I6.2,,0,unmapped,False
CTB-43P18.1,,0,unmapped,False
CTB-47B8.1,,0,unmapped,False
CTB-50E14.5,,0,unmapped,False
CTB-50L17.14,,0,unmapped,False
CTB-50L17.16,,0,unmapped,False
CTB-50L17.7,,0,unmapped,False
CTB-50L17.9,,0,unmapped,False
CTB-51J22.1,,0,unmapped,False
CTB-52I2.4,,0,unmapped,False
CTB-55B8.1,,0,unmapped,False
CTB-55O6.12,,0,unmapped,False
CTB-58E17.1,,0,unmapped,False
CTB-61M7.2,,0,unmapped,False
CTB-63M22.1,,0,unmapped,False
CTB-75G16.3,,0,unmapped,False
CTB-78O21.1,,0,unmapped,False
CTB-79E8.3,,0,unmapped,False
CTB-83J4.1,,0,unmapped,False
CTB-83J4.2,,0,unmapped,False
CTB-89H12.4,,0,unmapped,False
CTB-92J24.2,,0,unmapped,False
CTB-95D12.1,,0,unmapped,False
CTBP1,Q13363,1,HGNC_symbol,True
CTBP1-AS2,,0,unmapped,False
CTBP2,P56545,1,HGNC_symbol,True
CTBP2P4,,0,unmapped,False
CTBP2P7,,0,unmapped,False
CTBP2P8,,0,unmapped,False
CTBS,Q01459,1,HGNC_symbol,False
CTC-1337H24.1,,0,unmapped,False
CTC-203F4.2,,0,unmapped,False
CTC-205M6.5,,0,unmapped,False
CTC-228N24.3,,0,unmapped,False
CTC-232P5.1,,0,unmapped,False
CTC-232P5.3,,0,unmapped,False
CTC-236F12.4,,0,unmapped,False
CTC-241F20.3,,0,unmapped,False
CTC-241N9.1,,0,unmapped,False
CTC-246B18.10,,0,unmapped,False
CTC-246B18.8,,0,unmapped,False
CTC-248O19.1,,0,unmapped,False
CTC-250I14.1,,0,unmapped,False
CTC-250I14.6,,0,unmapped,False
CTC-250P20.1,,0,unmapped,False
CTC-250P20.2,,0,unmapped,False
CTC-251D13.1,,0,unmapped,False
CTC-260E6.6,,0,unmapped,False
CTC-265F19.1,,0,unmapped,False
CTC-268N12.3,,0,unmapped,False
CTC-273B12.6,,0,unmapped,False
CTC-277H1.7,,0,unmapped,False
CTC-278L1.1,,0,unmapped,False
CTC-281F24.1,,0,unmapped,False
CTC-297N7.1,,0,unmapped,False
CTC-297N7.5,,0,unmapped,False
CTC-297N7.8,,0,unmapped,False
CTC-301O7.4,,0,unmapped,False
CTC-303L1.1,,0,unmapped,False
CTC-303L1.2,,0,unmapped,False
CTC-308K20.1,,0,unmapped,False
CTC-308K20.2,,0,unmapped,False
CTC-308K20.3,,0,unmapped,False
CTC-308K20.4,,0,unmapped,False
CTC-312O10.2,,0,unmapped,False
CTC-325H20.2,,0,unmapped,False
CTC-325J23.3,,0,unmapped,False
CTC-329D1.2,,0,unmapped,False
CTC-329H14.1,,0,unmapped,False
CTC-332L22.1,,0,unmapped,False
CTC-338M12.4,,0,unmapped,False
CTC-338M12.5,,0,unmapped,False
CTC-338M12.6,,0,unmapped,False
CTC-338M12.9,,0,unmapped,False
CTC-345K18.2,,0,unmapped,False
CTC-359D24.3,,0,unmapped,False
CTC-360J11.4,,0,unmapped,False
CTC-365E16.1,,0,unmapped,False
CTC-366B18.4,,0,unmapped,False
CTC-378H22.1,,0,unmapped,False
CTC-378H22.2,,0,unmapped,False
CTC-398G3.2,,0,unmapped,False
CTC-421K24.1,,0,unmapped,False
CTC-425F1.4,,0,unmapped,False
CTC-425O23.2,,0,unmapped,False
CTC-428G20.3,,0,unmapped,False
CTC-428G20.6,,0,unmapped,False
CTC-428H11.2,,0,unmapped,False
CTC-429L19.3,,0,unmapped,False
CTC-429P9.3,,0,unmapped,False
CTC-429P9.5,,0,unmapped,False
CTC-435M10.6,,0,unmapped,False
CTC-436P18.1,,0,unmapped,False
CTC-444N24.11,,0,unmapped,False
CTC-444N24.6,,0,unmapped,False
CTC-444N24.8,,0,unmapped,False
CTC-444N24.9,,0,unmapped,False
CTC-448F2.6,,0,unmapped,False
CTC-451P13.1,,0,unmapped,False
CTC-455F18.3,,0,unmapped,False
CTC-459F4.1,,0,unmapped,False
CTC-459F4.3,,0,unmapped,False
CTC-459F4.6,,0,unmapped,False
CTC-461F20.1,,0,unmapped,False
CTC-462L7.1,,0,unmapped,False
CTC-463N11.1,,0,unmapped,False
CTC-471F3.4,,0,unmapped,False
CTC-471F3.5,,0,unmapped,False
CTC-471F3.6,,0,unmapped,False
CTC-471J1.10,,0,unmapped,False
CTC-471J1.2,,0,unmapped,False
CTC-479C5.10,,0,unmapped,False
CTC-479C5.12,,0,unmapped,False
CTC-484M2.1,,0,unmapped,False
CTC-487M23.5,,0,unmapped,False
CTC-490G23.2,,0,unmapped,False
CTC-498J12.3,,0,unmapped,False
CTC-499B15.6,,0,unmapped,False
CTC-503J8.6,,0,unmapped,False
CTC-510F12.2,,0,unmapped,False
CTC-510F12.4,,0,unmapped,False
CTC-512J14.5,,0,unmapped,False
CTC-523E23.1,,0,unmapped,False
CTC-523E23.11,,0,unmapped,False
CTC-523E23.4,,0,unmapped,False
CTC-529P8.1,,0,unmapped,False
CTC-534A2.2,,0,unmapped,False
CTC-534B23.1,,0,unmapped,False
CTC-537E7.3,,0,unmapped,False
CTC-546K23.1,,0,unmapped,False
CTC-548K16.2,,0,unmapped,False
CTC-548K16.5,,0,unmapped,False
CTC-548K16.6,,0,unmapped,False
CTC-550B14.7,,0,unmapped,False
CTC-559E9.5,,0,unmapped,False
CTC-559E9.6,,0,unmapped,False
CTC-575D19.1,,0,unmapped,False
CTC-782O7.1,,0,unmapped,False
CTC-786C10.1,,0,unmapped,False
CTC-820M8.1,,0,unmapped,False
CTC1,Q2NKJ3,1,HGNC_symbol,False
CTCF,P49711,1,HGNC_symbol,True
CTCFL,Q8NI51,1,HGNC_symbol,False
CTD-2001C12.1,,0,unmapped,False
CTD-2002H8.2,,0,unmapped,False
CTD-2005H7.2,,0,unmapped,False
CTD-2006C1.12,,0,unmapped,False
CTD-2006C1.2,,0,unmapped,False
CTD-2006C1.6,,0,unmapped,False
CTD-2006H14.2,,0,unmapped,False
CTD-2006K23.1,,0,unmapped,False
CTD-2006K23.2,,0,unmapped,False
CTD-2007H13.3,,0,unmapped,False
CTD-2008A1.2,,0,unmapped,False
CTD-2008P7.8,,0,unmapped,False
CTD-2010I16.1,,0,unmapped,False
CTD-2012J19.1,,0,unmapped,False
CTD-2012K14.2,,0,unmapped,False
CTD-2012K14.4,,0,unmapped,False
CTD-2012K14.6,,0,unmapped,False
CTD-2012K14.7,,0,unmapped,False
CTD-2013N17.1,,0,unmapped,False
CTD-2013N24.2,,0,unmapped,False
CTD-2015B23.2,,0,unmapped,False
CTD-2015H6.3,,0,unmapped,False
CTD-2017C7.2,,0,unmapped,False
CTD-2017D11.1,,0,unmapped,False
CTD-2020K17.1,,0,unmapped,False
CTD-2020K17.3,,0,unmapped,False
CTD-2020K17.4,,0,unmapped,False
CTD-2022H16.3,,0,unmapped,False
CTD-2023M8.1,,0,unmapped,False
CTD-2026D20.2,,0,unmapped,False
CTD-2027G2.1,,0,unmapped,False
CTD-2031P19.3,,0,unmapped,False
CTD-2031P19.4,,0,unmapped,False
CTD-2033A16.2,,0,unmapped,False
CTD-2033A16.3,,0,unmapped,False
CTD-2033C11.1,,0,unmapped,False
CTD-2033D15.1,,0,unmapped,False
CTD-2033D24.2,,0,unmapped,False
CTD-2035E11.3,,0,unmapped,False
CTD-2035E11.4,,0,unmapped,False
CTD-2035E11.5,,0,unmapped,False
CTD-2036P10.3,,0,unmapped,False
CTD-2037K23.2,,0,unmapped,False
CTD-2044J15.2,,0,unmapped,False
CTD-2047H16.2,,0,unmapped,False
CTD-2047H16.4,,0,unmapped,False
CTD-2054N24.2,,0,unmapped,False
CTD-2060C23.1,,0,unmapped,False
CTD-2061E19.1,,0,unmapped,False
CTD-2081C10.7,,0,unmapped,False
CTD-2083E4.4,,0,unmapped,False
CTD-2083E4.5,,0,unmapped,False
CTD-2083E4.6,,0,unmapped,False
CTD-2085J24.4,,0,unmapped,False
CTD-2086O20.3,,0,unmapped,False
CTD-2089O24.1,,0,unmapped,False
CTD-2090I13.2,,0,unmapped,False
CTD-2095E4.1,,0,unmapped,False
CTD-2102P23.1,,0,unmapped,False
CTD-2105E13.13,,0,unmapped,False
CTD-2108O9.4,,0,unmapped,False
CTD-2114J12.1,,0,unmapped,False
CTD-2116N17.1,,0,unmapped,False
CTD-2116N20.1,,0,unmapped,False
CTD-2122P11.1,,0,unmapped,False
CTD-2124B8.2,,0,unmapped,False
CTD-2132N18.2,,0,unmapped,False
CTD-2132N18.4,,0,unmapped,False
CTD-2139B15.2,,0,unmapped,False
CTD-2144E22.10,,0,unmapped,False
CTD-2152M20.2,,0,unmapped,False
CTD-2154I11.2,,0,unmapped,False
CTD-2161E19.1,,0,unmapped,False
CTD-2162K18.4,,0,unmapped,False
CTD-2162K18.5,,0,unmapped,False
CTD-2165H16.3,,0,unmapped,False
CTD-2165H16.4,,0,unmapped,False
CTD-2179L22.1,,0,unmapped,False
CTD-2184C24.2,,0,unmapped,False
CTD-2184D3.1,,0,unmapped,False
CTD-2184D3.5,,0,unmapped,False
CTD-2186M15.3,,0,unmapped,False
CTD-2192J16.11,,0,unmapped,False
CTD-2192J16.15,,0,unmapped,False
CTD-2192J16.20,,0,unmapped,False
CTD-2192J16.26,,0,unmapped,False
CTD-2196E14.4,,0,unmapped,False
CTD-2196E14.6,,0,unmapped,False
CTD-2196E14.9,,0,unmapped,False
CTD-2199O4.6,,0,unmapped,False
CTD-2201E18.3,,0,unmapped,False
CTD-2201E18.5,,0,unmapped,False
CTD-2201I18.1,,0,unmapped,False
CTD-2203K17.1,,0,unmapped,False
CTD-2206G10.2,,0,unmapped,False
CTD-2210P15.2,,0,unmapped,False
CTD-2213F21.1,,0,unmapped,False
CTD-2215E18.1,,0,unmapped,False
CTD-2228K2.5,,0,unmapped,False
CTD-2228K2.7,,0,unmapped,False
CTD-2231E14.8,,0,unmapped,False
CTD-2231H16.1,,0,unmapped,False
CTD-2235H24.2,,0,unmapped,False
CTD-2240E14.4,,0,unmapped,False
CTD-2240J17.1,,0,unmapped,False
CTD-2245F17.3,,0,unmapped,False
CTD-2248H3.1,,0,unmapped,False
CTD-2256P15.2,,0,unmapped,False
CTD-2256P15.4,,0,unmapped,False
CTD-2260A17.1,,0,unmapped,False
CTD-2260A17.2,,0,unmapped,False
CTD-2260A17.3,,0,unmapped,False
CTD-2262B20.1,,0,unmapped,False
CTD-2267D19.2,,0,unmapped,False
CTD-2267D19.3,,0,unmapped,False
CTD-2267D19.6,,0,unmapped,False
CTD-2270L9.4,,0,unmapped,False
CTD-2270N23.1,,0,unmapped,False
CTD-2272G21.2,,0,unmapped,False
CTD-2278I10.4,,0,unmapped,False
CTD-2284J15.1,,0,unmapped,False
CTD-2286N8.2,,0,unmapped,False
CTD-2287O16.1,,0,unmapped,False
CTD-2287O16.5,,0,unmapped,False
CTD-2288F12.1,,0,unmapped,False
CTD-2290P7.1,,0,unmapped,False
CTD-2291D10.4,,0,unmapped,False
CTD-2292M16.8,,0,unmapped,False
CTD-2301A4.3,,0,unmapped,False
CTD-2302E22.5,,0,unmapped,False
CTD-2303H24.2,,0,unmapped,False
CTD-2306M10.1,,0,unmapped,False
CTD-2308G16.1,,0,unmapped,False
CTD-2308N23.2,,0,unmapped,False
CTD-2310F14.1,,0,unmapped,False
CTD-2313J17.1,,0,unmapped,False
CTD-2313J17.5,,0,unmapped,False
CTD-2313N18.5,,0,unmapped,False
CTD-2314B22.3,,0,unmapped,False
CTD-2319I12.1,,0,unmapped,False
CTD-2319I12.2,,0,unmapped,False
CTD-2319I12.4,,0,unmapped,False
CTD-2323K18.1,,0,unmapped,False
CTD-2324F15.2,,0,unmapped,False
CTD-2325A15.5,,0,unmapped,False
CTD-2325M2.1,,0,unmapped,False
CTD-2330K9.3,,0,unmapped,False
CTD-2331H12.5,,0,unmapped,False
CTD-2331H12.7,,0,unmapped,False
CTD-2336O2.1,,0,unmapped,False
CTD-2341M24.1,,0,unmapped,False
CTD-2342J14.6,,0,unmapped,False
CTD-2342N23.3,,0,unmapped,False
CTD-2349P21.5,,0,unmapped,False
CTD-2349P21.9,,0,unmapped,False
CTD-2350C19.1,,0,unmapped,False
CTD-2350C19.2,,0,unmapped,False
CTD-2353F22.1,,0,unmapped,False
CTD-2357A8.3,,0,unmapped,False
CTD-2366F13.1,,0,unmapped,False
CTD-2366F13.2,,0,unmapped,False
CTD-2368P22.1,,0,unmapped,False
CTD-2369P2.2,,0,unmapped,False
CTD-2369P2.5,,0,unmapped,False
CTD-2369P2.8,,0,unmapped,False
CTD-2373J19.1,,0,unmapped,False
CTD-2377D24.6,,0,unmapped,False
CTD-2410N18.3,,0,unmapped,False
CTD-2501E16.2,,0,unmapped,False
CTD-2506J14.1,,0,unmapped,False
CTD-2514C3.1,,0,unmapped,False
CTD-2514K5.2,,0,unmapped,False
CTD-2516F10.2,,0,unmapped,False
CTD-2517M14.5,,0,unmapped,False
CTD-2517M22.14,,0,unmapped,False
CTD-2517M22.17,,0,unmapped,False
CTD-2517O10.6,,0,unmapped,False
CTD-2521M24.5,,0,unmapped,False
CTD-2521M24.9,,0,unmapped,False
CTD-2523D13.2,,0,unmapped,False
CTD-2525I3.5,,0,unmapped,False
CTD-2528L19.3,,0,unmapped,False
CTD-2528L19.6,,0,unmapped,False
CTD-2530H12.2,,0,unmapped,False
CTD-2531D15.4,,0,unmapped,False
CTD-2532N20.1,,0,unmapped,False
CTD-2537I9.13,,0,unmapped,False
CTD-2537I9.5,,0,unmapped,False
CTD-2538C1.2,,0,unmapped,False
CTD-2538G9.5,,0,unmapped,False
CTD-2540B15.11,,0,unmapped,False
CTD-2540F13.2,,0,unmapped,False
CTD-2541M15.1,,0,unmapped,False
CTD-2541M15.3,,0,unmapped,False
CTD-2541M15.4,,0,unmapped,False
CTD-2542L18.1,,0,unmapped,False
CTD-2545M3.8,,0,unmapped,False
CTD-2547E10.2,,0,unmapped,False
CTD-2547E10.3,,0,unmapped,False
CTD-2547L16.1,,0,unmapped,False
CTD-2547L16.3,,0,unmapped,False
CTD-2547L24.3,,0,unmapped,False
CTD-2552B11.2,,0,unmapped,False
CTD-2554C21.1,,0,unmapped,False
CTD-2554C21.2,,0,unmapped,False
CTD-2554C21.3,,0,unmapped,False
CTD-2555A7.2,,0,unmapped,False
CTD-2555A7.3,,0,unmapped,False
CTD-2555K7.2,,0,unmapped,False
CTD-2555O16.2,,0,unmapped,False
CTD-2555O16.4,,0,unmapped,False
CTD-2561B21.11,,0,unmapped,False
CTD-2561J22.2,,0,unmapped,False
CTD-2561J22.5,,0,unmapped,False
CTD-2562J15.6,,0,unmapped,False
CTD-2574D22.2,,0,unmapped,False
CTD-2574D22.4,,0,unmapped,False
CTD-2575K13.6,,0,unmapped,False
CTD-2576D5.4,,0,unmapped,False
CTD-2576F9.1,,0,unmapped,False
CTD-2583A14.11,,0,unmapped,False
CTD-2587H19.1,,0,unmapped,False
CTD-2587H19.3,,0,unmapped,False
CTD-2587M2.1,,0,unmapped,False
CTD-2589H19.6,,0,unmapped,False
CTD-2589M5.5,,0,unmapped,False
CTD-2589O24.1,,0,unmapped,False
CTD-2609K8.3,,0,unmapped,False
CTD-2611O12.6,,0,unmapped,False
CTD-2611O12.7,,0,unmapped,False
CTD-2611O12.8,,0,unmapped,False
CTD-2616J11.10,,0,unmapped,False
CTD-2616J11.14,,0,unmapped,False
CTD-2616J11.2,,0,unmapped,False
CTD-2616J11.3,,0,unmapped,False
CTD-2619J13.14,,0,unmapped,False
CTD-2619J13.16,,0,unmapped,False
CTD-2619J13.17,,0,unmapped,False
CTD-2619J13.19,,0,unmapped,False
CTD-2619J13.23,,0,unmapped,False
CTD-2619J13.3,,0,unmapped,False
CTD-2619J13.8,,0,unmapped,False
CTD-2619J13.9,,0,unmapped,False
CTD-2620I22.2,,0,unmapped,False
CTD-2622I13.3,,0,unmapped,False
CTD-2623N2.3,,0,unmapped,False
CTD-2630F21.1,,0,unmapped,False
CTD-2639E6.9,,0,unmapped,False
CTD-2643I7.1,,0,unmapped,False
CTD-2643K12.1,,0,unmapped,False
CTD-2647E9.1,,0,unmapped,False
CTD-2647L4.4,,0,unmapped,False
CTD-2650P22.1,,0,unmapped,False
CTD-2651B20.1,,0,unmapped,False
CTD-2651B20.3,,0,unmapped,False
CTD-2659N19.10,,0,unmapped,False
CTD-2659N19.9,,0,unmapped,False
CTD-2666L21.1,,0,unmapped,False
CTD-2666L21.3,,0,unmapped,False
CTD-3018O17.3,,0,unmapped,False
CTD-3035D6.1,,0,unmapped,False
CTD-3051D23.1,,0,unmapped,False
CTD-3064H18.1,,0,unmapped,False
CTD-3064H18.4,,0,unmapped,False
CTD-3064M3.3,,0,unmapped,False
CTD-3064M3.7,,0,unmapped,False
CTD-3065B20.3,,0,unmapped,False
CTD-3065J16.6,,0,unmapped,False
CTD-3065J16.9,,0,unmapped,False
CTD-3074O7.12,,0,unmapped,False
CTD-3074O7.5,,0,unmapped,False
CTD-3088G3.4,,0,unmapped,False
CTD-3088G3.8,,0,unmapped,False
CTD-3092A11.1,,0,unmapped,False
CTD-3092A11.2,,0,unmapped,False
CTD-3093M3.1,,0,unmapped,False
CTD-3094K11.1,,0,unmapped,False
CTD-3099C6.9,,0,unmapped,False
CTD-3105H18.13,,0,unmapped,False
CTD-3126B10.1,,0,unmapped,False
CTD-3128G10.6,,0,unmapped,False
CTD-3131K8.2,,0,unmapped,False
CTD-3138B18.5,,0,unmapped,False
CTD-3138B18.6,,0,unmapped,False
CTD-3148I10.15,,0,unmapped,False
CTD-3179P9.1,,0,unmapped,False
CTD-3184A7.4,,0,unmapped,False
CTD-3185P2.1,,0,unmapped,False
CTD-3185P2.2,,0,unmapped,False
CTD-3187F8.15,,0,unmapped,False
CTD-3193K9.3,,0,unmapped,False
CTD-3193K9.4,,0,unmapped,False
CTD-3193O13.10,,0,unmapped,False
CTD-3193O13.9,,0,unmapped,False
CTD-3195I5.1,,0,unmapped,False
CTD-3195I5.5,,0,unmapped,False
CTD-3199J23.6,,0,unmapped,False
CTD-3203P2.1,,0,unmapped,False
CTD-3203P2.2,,0,unmapped,False
CTD-3214H19.12,,0,unmapped,False
CTD-3214H19.6,,0,unmapped,False
CTD-3220F14.2,,0,unmapped,False
CTD-3222D19.5,,0,unmapped,False
CTD-3222D19.7,,0,unmapped,False
CTD-3224K15.2,,0,unmapped,False
CTD-3224K15.3,,0,unmapped,False
CTD-3232M19.2,,0,unmapped,False
CTD-3234P18.2,,0,unmapped,False
CTD-3236F5.1,,0,unmapped,False
CTD-3247F14.2,,0,unmapped,False
CTDNEP1,O95476,1,HGNC_symbol,True
CTDP1,Q9Y5B0,1,HGNC_symbol,False
CTDSP1,Q9GZU7,1,HGNC_symbol,True
CTDSP2,O14595,1,HGNC_symbol,True
CTDSPL,O15194,1,HGNC_symbol,True
CTDSPL2,Q05D32,1,HGNC_symbol,False
CTF1,Q16619,1,HGNC_symbol,False
CTGF,1490,5,STRING_alias,False
CTGLF10P,,0,unmapped,False
CTGLF11P,,0,unmapped,False
CTGLF12P,,0,unmapped,False
CTGLF8P,,0,unmapped,False
CTH,P32929,1,HGNC_symbol,True
CTHRC1,Q96CG8,1,HGNC_symbol,True
CTIF,O43310,1,HGNC_symbol,True
CTLA4,P16410,1,HGNC_symbol,False
CTNNA1,P35221,1,HGNC_symbol,True
CTNNA2,P26232,1,HGNC_symbol,False
CTNNA3,Q9UI47,1,HGNC_symbol,True
CTNNAL1,Q9UBT7,1,HGNC_symbol,False
CTNNB1,P35222,1,HGNC_symbol,True
CTNNBIP1,Q9NSA3,1,HGNC_symbol,False
CTNNBL1,Q8WYA6,1,HGNC_symbol,False
CTNND1,O60716,1,HGNC_symbol,True
CTNND2,Q9UQB3,1,HGNC_symbol,False
CTNS,O60931,1,HGNC_symbol,True
CTPS1,P17812,1,HGNC_symbol,True
CTPS2,Q9NRF8,1,HGNC_symbol,True
CTR9,Q6PD62,1,HGNC_symbol,False
CTRB1,P17538,1,HGNC_symbol,True
CTRB2,Q6GPI1,1,HGNC_symbol,False
CTRC,Q99895,1,HGNC_symbol,False
CTRL,P40313,1,HGNC_symbol,False
CTSA,P10619,1,HGNC_symbol,True
CTSB,P07858,1,HGNC_symbol,False
CTSC,P53634,1,HGNC_symbol,False
CTSD,P07339,1,HGNC_symbol,True
CTSE,P14091,1,HGNC_symbol,False
CTSF,Q9UBX1,1,HGNC_symbol,False
CTSG,P08311,1,HGNC_symbol,True
CTSH,P09668,1,HGNC_symbol,True
CTSK,P43235,1,HGNC_symbol,True
CTSL,P07711,1,HGNC_symbol,False
CTSO,P43234,1,HGNC_symbol,True
CTSS,P25774,1,HGNC_symbol,False
CTSV,O60911,1,HGNC_symbol,True
CTSW,P56202,1,HGNC_symbol,True
CTSZ,Q9UBR2,1,HGNC_symbol,False
CTTN,Q14247,1,HGNC_symbol,False
CTTNBP2,Q8WZ74,1,HGNC_symbol,False
CTTNBP2NL,Q9P2B4,1,HGNC_symbol,False
CTU1,Q7Z7A3,1,HGNC_symbol,False
CTU2,Q2VPK5,1,HGNC_symbol,True
CTXN1,P60606,1,HGNC_symbol,True
CTXN2,P0C2S0,1,HGNC_symbol,False
CTXN3,Q4LDR2,1,HGNC_symbol,False
CTXND1,A0A1B0GTU2,1,HGNC_symbol,True
CTXND2,A0A1B0GV90,1,HGNC_symbol,True
CUBN,O60494,1,HGNC_symbol,False
CUEDC1,Q9NWM3,1,HGNC_symbol,True
CUEDC2,Q9H467,1,HGNC_symbol,False
CUL1,Q13616,1,HGNC_symbol,True
CUL2,Q13617,1,HGNC_symbol,True
CUL3,Q13618,1,HGNC_symbol,True
CUL4A,Q13619,1,HGNC_symbol,False
CUL4B,Q13620,1,HGNC_symbol,True
CUL5,Q93034,1,HGNC_symbol,False
CUL7,Q14999,1,HGNC_symbol,False
CUL9,Q8IWT3,1,HGNC_symbol,False
CUTA,O60888,1,HGNC_symbol,False
CUTC,Q9NTM9,1,HGNC_symbol,True
CUX1,P39880,1,HGNC_symbol,False
CUX2,O14529,1,HGNC_symbol,False
CUZD1,Q86UP6,1,HGNC_symbol,False
CWC15,Q9P013,1,HGNC_symbol,True
CWC22,Q9HCG8,1,HGNC_symbol,False
CWC25,Q9NXE8,1,HGNC_symbol,True
CWC27,Q6UX04,1,HGNC_symbol,False
CWF19L1,Q69YN2,1,HGNC_symbol,False
CWF19L2,Q2TBE0,1,HGNC_symbol,False
CWH43,Q9H720,1,HGNC_symbol,True
CX3CL1,P78423,1,HGNC_symbol,False
CX3CR1,P49238,1,HGNC_symbol,True
CXADR,P78310,1,HGNC_symbol,False
CXCL1,P09341,1,HGNC_symbol,True
CXCL10,P02778,1,HGNC_symbol,True
CXCL11,O14625,1,HGNC_symbol,False
CXCL12,P48061,1,HGNC_symbol,False
CXCL13,O43927,1,HGNC_symbol,False
CXCL14,O95715,1,HGNC_symbol,True
CXCL16,Q9H2A7,1,HGNC_symbol,True
CXCL17,Q6UXB2,1,HGNC_symbol,False
CXCL2,P19875,1,HGNC_symbol,True
CXCL3,P19876,1,HGNC_symbol,False
CXCL5,P42830,1,HGNC_symbol,True
CXCL6,P80162,1,HGNC_symbol,False
CXCL8,P10145,1,HGNC_symbol,False
CXCL9,Q07325,1,HGNC_symbol,True
CXCR1,P25024,1,HGNC_symbol,False
CXCR2,P25025,1,HGNC_symbol,False
CXCR2P1,,0,unmapped,False
CXCR3,P49682,1,HGNC_symbol,False
CXCR4,P61073,1,HGNC_symbol,False
CXCR5,P32302,1,HGNC_symbol,True
CXCR6,O00574,1,HGNC_symbol,False
CXXC1,Q9P0U4,1,HGNC_symbol,False
CXXC11,285093,5,STRING_alias,False
CXXC4,Q9H2H0,1,HGNC_symbol,False
CXXC5,Q7LFL8,1,HGNC_symbol,False
CXorf21,80231,5,STRING_alias,False
CXorf22,286464,5,STRING_alias,False
CXorf23,256643,5,STRING_alias,False
CXorf24,,0,unmapped,False
CXorf31,,0,unmapped,False
CXorf38,Q8TB03,1,HGNC_symbol,False
CXorf40A,5Y7D,5,STRING_alias,False
CXorf40B,541578,5,STRING_alias,False
CXorf49,A8MYA2,1,HGNC_symbol,False
CXorf49B,100130361,5,STRING_alias,False
CXorf51A,A0A1B0GTR3,1,HGNC_symbol,False
CXorf51B,P0DPH9,1,HGNC_symbol,True
CXorf56,63932,5,STRING_alias,False
CXorf57,55086,5,STRING_alias,False
CXorf58,Q96LI9,1,HGNC_symbol,True
CXorf65,A6NEN9,1,HGNC_symbol,False
CXorf66,Q5JRM2,1,HGNC_symbol,True
CYB561,P49447,1,HGNC_symbol,False
CYB561A3,Q8NBI2,1,HGNC_symbol,False
CYB561D1,Q8N8Q1,1,HGNC_symbol,True
CYB561D2,O14569,1,HGNC_symbol,True
CYB5A,P00167,1,HGNC_symbol,True
CYB5B,O43169,1,HGNC_symbol,True
CYB5D1,Q6P9G0,1,HGNC_symbol,False
CYB5D2,Q8WUJ1,1,HGNC_symbol,False
CYB5R1,Q9UHQ9,1,HGNC_symbol,True
CYB5R2,Q6BCY4,1,HGNC_symbol,False
CYB5R3,P00387,1,HGNC_symbol,False
CYB5R4,Q7L1T6,1,HGNC_symbol,False
CYB5RL,Q6IPT4,1,HGNC_symbol,True
CYBA,P13498,1,HGNC_symbol,True
CYBB,P04839,1,HGNC_symbol,False
CYBC1,Q9BQA9,1,HGNC_symbol,True
CYBRD1,Q53TN4,1,HGNC_symbol,True
CYC1,P08574,1,HGNC_symbol,True
CYCS,P99999,1,HGNC_symbol,False
CYCSP34,,0,unmapped,False
CYCSP45,,0,unmapped,False
CYCSP55,,0,unmapped,False
CYFIP1,Q7L576,1,HGNC_symbol,False
CYFIP2,Q96F07,1,HGNC_symbol,False
CYGB,Q8WWM9,1,HGNC_symbol,False
CYHR1,50626,5,STRING_alias,False
CYLC1,P35663,1,HGNC_symbol,False
CYLC2,Q14093,1,HGNC_symbol,False
CYLD,Q9NQC7,1,HGNC_symbol,False
CYP11A1,P05108,1,HGNC_symbol,False
CYP11B1,P15538,1,HGNC_symbol,False
CYP11B2,P19099,1,HGNC_symbol,False
CYP17A1,P05093,1,HGNC_symbol,False
CYP19A1,P11511,1,HGNC_symbol,True
CYP1A1,P04798,1,HGNC_symbol,False
CYP1A2,P05177,1,HGNC_symbol,True
CYP1B1,Q16678,1,HGNC_symbol,True
CYP1B1-AS1,,0,unmapped,False
CYP20A1,Q6UW02,1,HGNC_symbol,True
CYP21A1P,,0,unmapped,False
CYP21A2,P08686,1,HGNC_symbol,True
CYP24A1,Q07973,1,HGNC_symbol,True
CYP26A1,O43174,1,HGNC_symbol,False
CYP26B1,Q9NR63,1,HGNC_symbol,True
CYP26C1,Q6V0L0,1,HGNC_symbol,False
CYP27A1,Q02318,1,HGNC_symbol,True
CYP27B1,O15528,1,HGNC_symbol,True
CYP27C1,Q4G0S4,1,HGNC_symbol,False
CYP2A13,Q16696,1,HGNC_symbol,True
CYP2A6,P11509,1,HGNC_symbol,True
CYP2A7,P20853,1,HGNC_symbol,False
CYP2B6,P20813,1,HGNC_symbol,True
CYP2B7P,,0,unmapped,False
CYP2C18,P33260,1,HGNC_symbol,False
CYP2C19,P33261,1,HGNC_symbol,False
CYP2C8,P10632,1,HGNC_symbol,True
CYP2C9,P11712,1,HGNC_symbol,True
CYP2D6,P10635,1,HGNC_symbol,False
CYP2D7,A0A087X1C5,1,HGNC_symbol,True
CYP2D7P,,0,unmapped,False
CYP2D8P,,0,unmapped,False
CYP2E1,P05181,1,HGNC_symbol,True
CYP2F1,P24903,1,HGNC_symbol,False
CYP2F2P,,0,unmapped,False
CYP2J2,P51589,1,HGNC_symbol,True
CYP2R1,Q6VVX0,1,HGNC_symbol,False
CYP2S1,Q96SQ9,1,HGNC_symbol,True
CYP2T2P,,0,unmapped,False
CYP2U1,Q7Z449,1,HGNC_symbol,False
CYP2W1,Q8TAV3,1,HGNC_symbol,True
CYP39A1,Q9NYL5,1,HGNC_symbol,True
CYP3A4,P08684,1,HGNC_symbol,True
CYP3A43,Q9HB55,1,HGNC_symbol,False
CYP3A5,P20815,1,HGNC_symbol,False
CYP3A7,P24462,1,HGNC_symbol,False
CYP46A1,Q9Y6A2,1,HGNC_symbol,False
CYP4A11,Q02928,1,HGNC_symbol,False
CYP4A22,Q5TCH4,1,HGNC_symbol,False
CYP4A22-AS1,,0,unmapped,False
CYP4B1,P13584,1,HGNC_symbol,True
CYP4F10P,,0,unmapped,False
CYP4F11,Q9HBI6,1,HGNC_symbol,False
CYP4F12,Q9HCS2,1,HGNC_symbol,False
CYP4F2,P78329,1,HGNC_symbol,False
CYP4F22,Q6NT55,1,HGNC_symbol,False
CYP4F26P,,0,unmapped,False
CYP4F29P,,0,unmapped,False
CYP4F3,Q08477,1,HGNC_symbol,False
CYP4F35P,,0,unmapped,False
CYP4F8,P98187,1,HGNC_symbol,True
CYP4V2,Q6ZWL3,1,HGNC_symbol,True
CYP4X1,Q8N118,1,HGNC_symbol,False
CYP4Z1,Q86W10,1,HGNC_symbol,True
CYP51A1,Q16850,1,HGNC_symbol,False
CYP51A1P1,,0,unmapped,False
CYP51A1P2,,0,unmapped,False
CYP7A1,P22680,1,HGNC_symbol,False
CYP7B1,O75881,1,HGNC_symbol,False
CYP8B1,Q9UNU6,1,HGNC_symbol,True
CYR61,3491,5,STRING_alias,False
CYREN,Q9BWK5,1,HGNC_symbol,True
CYRIA,Q9H0Q0,1,HGNC_symbol,True
CYRIB,Q9NUQ9,1,HGNC_symbol,False
CYS1,Q717R9,1,HGNC_symbol,False
CYSLTR1,Q9Y271,1,HGNC_symbol,False
CYSLTR2,Q9NS75,1,HGNC_symbol,True
CYSRT1,A8MQ03,1,HGNC_symbol,True
CYSTM1,Q9H1C7,1,HGNC_symbol,True
CYTH1,Q15438,1,HGNC_symbol,False
CYTH2,Q99418,1,HGNC_symbol,False
CYTH3,O43739,1,HGNC_symbol,False
CYTH4,Q9UIA0,1,HGNC_symbol,False
CYTIP,O60759,1,HGNC_symbol,False
CYTL1,Q9NRR1,1,HGNC_symbol,False
CYYR1,Q96J86,1,HGNC_symbol,False
CZIB,Q9NWV4,1,HGNC_symbol,False
D2HGDH,Q8N465,1,HGNC_symbol,True
DAAM1,Q9Y4D1,1,HGNC_symbol,False
DAAM2,Q86T65,1,HGNC_symbol,False
DAB1,O75553,1,HGNC_symbol,False
DAB2,P98082,1,HGNC_symbol,True
DAB2IP,Q5VWQ8,1,HGNC_symbol,False
DACH1,Q9UI36,1,HGNC_symbol,True
DACH2,Q96NX9,1,HGNC_symbol,False
DACT1,Q9NYF0,1,HGNC_symbol,True
DACT2,Q5SW24,1,HGNC_symbol,True
DACT3,Q96B18,1,HGNC_symbol,False
DAD1,P61803,1,HGNC_symbol,False
DAG1,Q14118,1,HGNC_symbol,False
DAGLA,Q9Y4D2,1,HGNC_symbol,False
DAGLB,Q8NCG7,1,HGNC_symbol,False
DAK,2.7.1.28,5,STRING_alias,False
DALRD3,Q5D0E6,1,HGNC_symbol,True
DANCR,P0C864,1,HGNC_symbol,True
DAND5,Q8N907,1,HGNC_symbol,False
DAO,P14920,1,HGNC_symbol,False
DAOA,P59103,1,HGNC_symbol,False
DAP,P51397,1,HGNC_symbol,False
DAP3,P51398,1,HGNC_symbol,False
DAP3P2,,0,unmapped,False
DAPK1,P53355,1,HGNC_symbol,False
DAPK2,Q9UIK4,1,HGNC_symbol,True
DAPK3,O43293,1,HGNC_symbol,True
DAPL1,A0PJW8,1,HGNC_symbol,False
DAPP1,Q9UN19,1,HGNC_symbol,False
DARC,2532,5,STRING_alias,False
DARS,1615,5,STRING_alias,False
DARS1,P14868,1,HGNC_symbol,True
DARS2,Q6PI48,1,HGNC_symbol,False
DAW1,Q8N136,1,HGNC_symbol,False
DAXX,Q9UER7,1,HGNC_symbol,False
DAZ1,Q9NQZ3,1,HGNC_symbol,False
DAZ2,Q13117,1,HGNC_symbol,True
DAZ3,Q9NR90,1,HGNC_symbol,False
DAZ4,Q86SG3,1,HGNC_symbol,False
DAZAP1,Q96EP5,1,HGNC_symbol,True
DAZAP2,Q15038,1,HGNC_symbol,False
DAZAP2P1,,0,unmapped,False
DAZL,Q92904,1,HGNC_symbol,True
DBF4,Q9UBU7,1,HGNC_symbol,True
DBF4B,Q8NFT6,1,HGNC_symbol,True
DBF4P1,,0,unmapped,False
DBH,P09172,1,HGNC_symbol,False
DBH-AS1,,0,unmapped,False
DBI,P07108,1,HGNC_symbol,True
DBIL5P,,0,unmapped,False
DBN1,Q16643,1,HGNC_symbol,False
DBNDD1,Q9H9R9,1,HGNC_symbol,False
DBNDD2,Q9BQY9,1,HGNC_symbol,True
DBNL,Q9UJU6,1,HGNC_symbol,False
DBP,Q10586,1,HGNC_symbol,False
DBR1,Q9UK59,1,HGNC_symbol,False
DBT,P11182,1,HGNC_symbol,True
DBX1,A6NMT0,1,HGNC_symbol,False
DBX2,Q6ZNG2,1,HGNC_symbol,True
DCAF1,Q9Y4B6,1,HGNC_symbol,False
DCAF10,Q5QP82,1,HGNC_symbol,False
DCAF11,Q8TEB1,1,HGNC_symbol,True
DCAF12,Q5T6F0,1,HGNC_symbol,False
DCAF12L1,Q5VU92,1,HGNC_symbol,True
DCAF12L2,Q5VW00,1,HGNC_symbol,False
DCAF13,Q9NV06,1,HGNC_symbol,True
DCAF13P1,,0,unmapped,False
DCAF13P3,,0,unmapped,False
DCAF15,Q66K64,1,HGNC_symbol,False
DCAF16,Q9NXF7,1,HGNC_symbol,False
DCAF17,Q5H9S7,1,HGNC_symbol,False
DCAF4,Q8WV16,1,HGNC_symbol,False
DCAF4L1,Q3SXM0,1,HGNC_symbol,True
DCAF4L2,Q8NA75,1,HGNC_symbol,False
DCAF5,Q96JK2,1,HGNC_symbol,True
DCAF6,Q58WW2,1,HGNC_symbol,True
DCAF7,P61962,1,HGNC_symbol,False
DCAF8,Q5TAQ9,1,HGNC_symbol,True
DCAF8L1,A6NGE4,1,HGNC_symbol,True
DCAF8L2,P0C7V8,1,HGNC_symbol,False
DCAKD,Q8WVC6,1,HGNC_symbol,False
DCANP1,Q8TF63,1,HGNC_symbol,True
DCBLD1,Q8N8Z6,1,HGNC_symbol,True
DCBLD2,Q96PD2,1,HGNC_symbol,False
DCC,P43146,1,HGNC_symbol,False
DCD,P81605,1,HGNC_symbol,False
DCDC1,M0R2J8,1,HGNC_symbol,False
DCDC2,Q9UHG0,1,HGNC_symbol,False
DCDC2B,A2VCK2,1,HGNC_symbol,True
DCDC2C,A8MYV0,1,HGNC_symbol,False
DCHS1,Q96JQ0,1,HGNC_symbol,False
DCHS2,Q6V1P9,1,HGNC_symbol,False
DCK,P27707,1,HGNC_symbol,True
DCLK1,O15075,1,HGNC_symbol,True
DCLK2,Q8N568,1,HGNC_symbol,False
DCLK3,Q9C098,1,HGNC_symbol,False
DCLRE1A,Q6PJP8,1,HGNC_symbol,False
DCLRE1B,Q9H816,1,HGNC_symbol,False
DCLRE1C,Q96SD1,1,HGNC_symbol,True
DCLRE1CP1,,0,unmapped,False
DCN,P07585,1,HGNC_symbol,True
DCP1A,Q9NPI6,1,HGNC_symbol,True
DCP1B,Q8IZD4,1,HGNC_symbol,True
DCP2,Q8IU60,1,HGNC_symbol,True
DCPS,Q96C86,1,HGNC_symbol,True
DCST1,Q5T197,1,HGNC_symbol,False
DCST2,Q5T1A1,1,HGNC_symbol,False
DCSTAMP,Q9H295,1,HGNC_symbol,False
DCT,P40126,1,HGNC_symbol,True
DCTD,P32321,1,HGNC_symbol,True
DCTN1,Q14203,1,HGNC_symbol,False
DCTN2,Q13561,1,HGNC_symbol,False
DCTN3,O75935,1,HGNC_symbol,False
DCTN4,Q9UJW0,1,HGNC_symbol,True
DCTN5,Q9BTE1,1,HGNC_symbol,False
DCTN6,O00399,1,HGNC_symbol,False
DCTPP1,Q9H773,1,HGNC_symbol,True
DCUN1D1,Q96GG9,1,HGNC_symbol,False
DCUN1D2,Q6PH85,1,HGNC_symbol,True
DCUN1D3,Q8IWE4,1,HGNC_symbol,True
DCUN1D4,Q92564,1,HGNC_symbol,False
DCUN1D5,Q9BTE7,1,HGNC_symbol,False
DCX,O43602,1,HGNC_symbol,False
DCXR,Q7Z4W1,1,HGNC_symbol,False
DDA1,Q9BW61,1,HGNC_symbol,True
DDAH1,O94760,1,HGNC_symbol,False
DDAH2,O95865,1,HGNC_symbol,False
DDB1,Q16531,1,HGNC_symbol,False
DDB2,Q92466,1,HGNC_symbol,False
DDC,P20711,1,HGNC_symbol,False
DDC8,,0,unmapped,False
DDHD1,Q8NEL9,1,HGNC_symbol,False
DDHD2,O94830,1,HGNC_symbol,False
DDI1,Q8WTU0,1,HGNC_symbol,False
DDI2,Q5TDH0,1,HGNC_symbol,False
DDIAS,Q8IXT1,1,HGNC_symbol,True
DDIT3,P35638,1,HGNC_symbol,False
DDIT4,Q9NX09,1,HGNC_symbol,False
DDIT4L,Q96D03,1,HGNC_symbol,False
DDN,O94850,1,HGNC_symbol,True
DDO,Q99489,1,HGNC_symbol,False
DDOST,P39656,1,HGNC_symbol,True
DDR1,Q08345,1,HGNC_symbol,True
DDR2,Q16832,1,HGNC_symbol,False
DDRGK1,Q96HY6,1,HGNC_symbol,False
DDT,P30046,1,HGNC_symbol,False
DDTL,A6NHG4,1,HGNC_symbol,False
DDX1,Q92499,1,HGNC_symbol,False
DDX10,Q13206,1,HGNC_symbol,True
DDX10P1,,0,unmapped,False
DDX10P2,,0,unmapped,False
DDX11,Q96FC9,1,HGNC_symbol,False
DDX11-AS1,,0,unmapped,False
DDX11L1,,0,unmapped,False
DDX11L10,,0,unmapped,False
DDX11L16,,0,unmapped,False
DDX11L2,,0,unmapped,False
DDX11L5,,0,unmapped,False
DDX11L8,A8MPP1,1,HGNC_symbol,True
DDX12P,Q92771,1,HGNC_symbol,False
DDX17,Q92841,1,HGNC_symbol,False
DDX18,Q9NVP1,1,HGNC_symbol,False
DDX18P1,,0,unmapped,False
DDX18P5,,0,unmapped,False
DDX19A,Q9NUU7,1,HGNC_symbol,False
DDX19B,Q9UMR2,1,HGNC_symbol,True
DDX20,Q9UHI6,1,HGNC_symbol,False
DDX21,Q9NR30,1,HGNC_symbol,False
DDX23,Q9BUQ8,1,HGNC_symbol,False
DDX24,Q9GZR7,1,HGNC_symbol,True
DDX25,Q9UHL0,1,HGNC_symbol,False
DDX26B,203522,5,STRING_alias,False
DDX27,Q96GQ7,1,HGNC_symbol,False
DDX28,Q9NUL7,1,HGNC_symbol,True
DDX31,Q9H8H2,1,HGNC_symbol,False
DDX39A,O00148,1,HGNC_symbol,False
DDX39B,Q13838,1,HGNC_symbol,True
DDX3X,O00571,1,HGNC_symbol,False
DDX3Y,O15523,1,HGNC_symbol,False
DDX3YP1,,0,unmapped,False
DDX3YP3,,0,unmapped,False
DDX4,Q9NQI0,1,HGNC_symbol,True
DDX41,Q9UJV9,1,HGNC_symbol,True
DDX42,Q86XP3,1,HGNC_symbol,True
DDX43,Q9NXZ2,1,HGNC_symbol,False
DDX46,Q7L014,1,HGNC_symbol,False
DDX47,Q9H0S4,1,HGNC_symbol,False
DDX49,Q9Y6V7,1,HGNC_symbol,False
DDX5,P17844,1,HGNC_symbol,False
DDX50,Q9BQ39,1,HGNC_symbol,True
DDX50P1,,0,unmapped,False
DDX50P2,,0,unmapped,False
DDX51,Q8N8A6,1,HGNC_symbol,False
DDX52,Q9Y2R4,1,HGNC_symbol,False
DDX53,Q86TM3,1,HGNC_symbol,False
DDX54,Q8TDD1,1,HGNC_symbol,False
DDX55,Q8NHQ9,1,HGNC_symbol,False
DDX56,Q9NY93,1,HGNC_symbol,False
DDX58,23586,5,STRING_alias,False
DDX59,Q5T1V6,1,HGNC_symbol,False
DDX6,P26196,1,HGNC_symbol,False
DDX60,Q8IY21,1,HGNC_symbol,False
DDX60L,Q5H9U9,1,HGNC_symbol,False
DDX6P2,,0,unmapped,False
DEAF1,O75398,1,HGNC_symbol,False
DECR1,Q16698,1,HGNC_symbol,False
DECR2,Q9NUI1,1,HGNC_symbol,True
DEDD,O75618,1,HGNC_symbol,False
DEDD2,Q8WXF8,1,HGNC_symbol,True
DEF6,Q9H4E7,1,HGNC_symbol,False
DEF8,Q6ZN54,1,HGNC_symbol,False
DEFA1,P59665,1,HGNC_symbol,False
DEFA1B,1667,5,STRING_alias,False
DEFA3,P59666,1,HGNC_symbol,True
DEFA4,P12838,1,HGNC_symbol,False
DEFA5,Q01523,1,HGNC_symbol,False
DEFA6,Q01524,1,HGNC_symbol,False
DEFA8P,,0,unmapped,False
DEFB1,P60022,1,HGNC_symbol,True
DEFB103A,P81534,1,HGNC_symbol,True
DEFB103B,1KJ6,5,STRING_alias,False
DEFB104A,Q8WTQ1,1,HGNC_symbol,False
DEFB104B,140596,5,STRING_alias,False
DEFB105A,Q8NG35,1,HGNC_symbol,False
DEFB105B,245908,5,STRING_alias,False
DEFB106A,Q8N104,1,HGNC_symbol,False
DEFB106B,245909,5,STRING_alias,False
DEFB107A,Q8IZN7,1,HGNC_symbol,False
DEFB107B,245910,5,STRING_alias,False
DEFB108B,Q8NET1,1,HGNC_symbol,False
DEFB109B,Q30KR1,1,HGNC_symbol,False
DEFB109C,P0DY27,1,HGNC_symbol,False
DEFB109D,P0DY26,1,HGNC_symbol,True
DEFB110,Q30KQ9,1,HGNC_symbol,False
DEFB112,Q30KQ8,1,HGNC_symbol,True
DEFB113,Q30KQ7,1,HGNC_symbol,False
DEFB114,Q30KQ6,1,HGNC_symbol,False
DEFB115,Q30KQ5,1,HGNC_symbol,True
DEFB116,Q30KQ4,1,HGNC_symbol,False
DEFB118,Q96PH6,1,HGNC_symbol,False
DEFB119,Q8N690,1,HGNC_symbol,True
DEFB121,Q5J5C9,1,HGNC_symbol,False
DEFB123,Q8N688,1,HGNC_symbol,False
DEFB124,Q8NES8,1,HGNC_symbol,True
DEFB125,Q8N687,1,HGNC_symbol,False
DEFB126,Q9BYW3,1,HGNC_symbol,True
DEFB127,Q9H1M4,1,HGNC_symbol,False
DEFB128,Q7Z7B8,1,HGNC_symbol,False
DEFB129,Q9H1M3,1,HGNC_symbol,True
DEFB130A,P0DP74,1,HGNC_symbol,False
DEFB130B,P0DP73,1,HGNC_symbol,False
DEFB131A,P59861,1,HGNC_symbol,False
DEFB131B,A0A096LNP1,1,HGNC_symbol,False
DEFB132,Q7Z7B7,1,HGNC_symbol,False
DEFB134,Q4QY38,1,HGNC_symbol,False
DEFB135,Q30KP9,1,HGNC_symbol,False
DEFB136,Q30KP8,1,HGNC_symbol,True
DEFB4A,O15263,1,HGNC_symbol,False
DEFB4B,100289462,5,STRING_alias,False
DEGS1,O15121,1,HGNC_symbol,False
DEGS2,Q6QHC5,1,HGNC_symbol,False
DEK,P35659,1,HGNC_symbol,False
DELE1,Q14154,1,HGNC_symbol,False
DENND10,Q8TCE6,1,HGNC_symbol,False
DENND11,A4D1U4,1,HGNC_symbol,False
DENND1A,Q8TEH3,1,HGNC_symbol,True
DENND1B,Q6P3S1,1,HGNC_symbol,True
DENND1C,Q8IV53,1,HGNC_symbol,False
DENND2A,Q9ULE3,1,HGNC_symbol,True
DENND2B,P78524,1,HGNC_symbol,False
DENND2C,Q68D51,1,HGNC_symbol,False
DENND2D,Q9H6A0,1,HGNC_symbol,True
DENND3,A2RUS2,1,HGNC_symbol,False
DENND4A,Q7Z401,1,HGNC_symbol,False
DENND4B,O75064,1,HGNC_symbol,False
DENND4C,Q5VZ89,1,HGNC_symbol,False
DENND5A,Q6IQ26,1,HGNC_symbol,False
DENND5B,Q6ZUT9,1,HGNC_symbol,False
DENND6A,Q8IWF6,1,HGNC_symbol,False
DENND6B,Q8NEG7,1,HGNC_symbol,False
DENR,O43583,1,HGNC_symbol,True
DEPDC1,Q5TB30,1,HGNC_symbol,True
DEPDC1B,Q8WUY9,1,HGNC_symbol,False
DEPDC4,Q8N2C3,1,HGNC_symbol,False
DEPDC5,O75140,1,HGNC_symbol,False
DEPDC7,Q96QD5,1,HGNC_symbol,True
DEPP1,Q9NTK1,1,HGNC_symbol,False
DEPTOR,Q8TB45,1,HGNC_symbol,False
DERA,Q9Y315,1,HGNC_symbol,False
DERL1,Q9BUN8,1,HGNC_symbol,False
DERL2,Q9GZP9,1,HGNC_symbol,False
DERL3,Q96Q80,1,HGNC_symbol,False
DERPC,P0CG12,1,HGNC_symbol,False
DES,P17661,1,HGNC_symbol,True
DESI1,Q6ICB0,1,HGNC_symbol,True
DESI2,Q9BSY9,1,HGNC_symbol,True
DET1,Q7L5Y6,1,HGNC_symbol,False
DEUP1,Q05D60,1,HGNC_symbol,False
DEXI,O95424,1,HGNC_symbol,False
DFFA,O00273,1,HGNC_symbol,True
DFFB,O76075,1,HGNC_symbol,False
DFNA5,1687,5,STRING_alias,False
DFNB31,1UEZ,5,STRING_alias,False
DFNB59,494513,5,STRING_alias,False
DGAT1,O75907,1,HGNC_symbol,True
DGAT2,Q96PD7,1,HGNC_symbol,False
DGAT2L6,Q6ZPD8,1,HGNC_symbol,False
DGCR11,,0,unmapped,False
DGCR14,8220,5,STRING_alias,False
DGCR2,P98153,1,HGNC_symbol,True
DGCR6,Q14129,1,HGNC_symbol,True
DGCR6L,Q9BY27,1,HGNC_symbol,False
DGCR8,Q8WYQ5,1,HGNC_symbol,True
DGKA,P23743,1,HGNC_symbol,False
DGKB,Q9Y6T7,1,HGNC_symbol,False
DGKD,Q16760,1,HGNC_symbol,False
DGKE,P52429,1,HGNC_symbol,False
DGKG,P49619,1,HGNC_symbol,False
DGKH,Q86XP1,1,HGNC_symbol,False
DGKI,O75912,1,HGNC_symbol,False
DGKK,Q5KSL6,1,HGNC_symbol,False
DGKQ,P52824,1,HGNC_symbol,False
DGKZ,Q13574,1,HGNC_symbol,True
DGKZP1,,0,unmapped,False
DGLUCY,Q7Z3D6,1,HGNC_symbol,True
DGUOK,Q16854,1,HGNC_symbol,True
DGUOK-AS1,,0,unmapped,False
DHCR24,Q15392,1,HGNC_symbol,False
DHCR7,Q9UBM7,1,HGNC_symbol,False
DHDDS,Q86SQ9,1,HGNC_symbol,False
DHDH,Q9UQ10,1,HGNC_symbol,True
DHFR,P00374,1,HGNC_symbol,True
DHFR2,Q86XF0,1,HGNC_symbol,True
DHFRL1,1.5.1.3,5,STRING_alias,False
DHFRP1,,0,unmapped,False
DHH,O43323,1,HGNC_symbol,False
DHODH,Q02127,1,HGNC_symbol,True
DHPS,P49366,1,HGNC_symbol,False
DHRS1,Q96LJ7,1,HGNC_symbol,True
DHRS11,Q6UWP2,1,HGNC_symbol,False
DHRS12,A0PJE2,1,HGNC_symbol,True
DHRS13,Q6UX07,1,HGNC_symbol,False
DHRS2,Q13268,1,HGNC_symbol,True
DHRS3,O75911,1,HGNC_symbol,False
DHRS4,Q9BTZ2,1,HGNC_symbol,True
DHRS4L2,Q6PKH6,1,HGNC_symbol,True
DHRS7,Q9Y394,1,HGNC_symbol,True
DHRS7B,Q6IAN0,1,HGNC_symbol,True
DHRS7C,A6NNS2,1,HGNC_symbol,False
DHRS9,Q9BPW9,1,HGNC_symbol,True
DHRSX,Q8N5I4,1,HGNC_symbol,False
DHRSX-IT1,,0,unmapped,False
DHTKD1,Q96HY7,1,HGNC_symbol,False
DHX15,O43143,1,HGNC_symbol,False
DHX16,O60231,1,HGNC_symbol,False
DHX29,Q7Z478,1,HGNC_symbol,False
DHX30,Q7L2E3,1,HGNC_symbol,False
DHX32,Q7L7V1,1,HGNC_symbol,False
DHX33,Q9H6R0,1,HGNC_symbol,True
DHX34,Q14147,1,HGNC_symbol,False
DHX35,Q9H5Z1,1,HGNC_symbol,False
DHX36,Q9H2U1,1,HGNC_symbol,False
DHX37,Q8IY37,1,HGNC_symbol,False
DHX38,Q92620,1,HGNC_symbol,False
DHX40,Q8IX18,1,HGNC_symbol,False
DHX40P1,,0,unmapped,False
DHX57,Q6P158,1,HGNC_symbol,False
DHX58,Q96C10,1,HGNC_symbol,False
DHX8,Q14562,1,HGNC_symbol,False
DHX9,Q08211,1,HGNC_symbol,False
DHX9P1,,0,unmapped,False
DIABLO,Q9NR28,1,HGNC_symbol,False
DIAPH1,O60610,1,HGNC_symbol,False
DIAPH2,O60879,1,HGNC_symbol,False
DIAPH3,Q9NSV4,1,HGNC_symbol,False
DICER1,Q9UPY3,1,HGNC_symbol,False
DICER1-AS1,,0,unmapped,False
DIDO1,Q9BTC0,1,HGNC_symbol,False
DIEXF,27042,5,STRING_alias,False
DIMT1,Q9UNQ2,1,HGNC_symbol,False
DIO1,P49895,1,HGNC_symbol,False
DIO2,Q92813,1,HGNC_symbol,True
DIO3,P55073,1,HGNC_symbol,True
DIO3OS,,0,unmapped,False
DIP2A,Q14689,1,HGNC_symbol,False
DIP2A-IT1,,0,unmapped,False
DIP2B,Q9P265,1,HGNC_symbol,False
DIP2C,Q9Y2E4,1,HGNC_symbol,False
DIPK1A,Q5T7M9,1,HGNC_symbol,False
DIPK1B,Q5VUD6,1,HGNC_symbol,False
DIPK1C,Q0P6D2,1,HGNC_symbol,False
DIPK2A,Q8NDZ4,1,HGNC_symbol,False
DIPK2B,Q9H7Y0,1,HGNC_symbol,True
DIRAS1,O95057,1,HGNC_symbol,False
DIRAS2,Q96HU8,1,HGNC_symbol,True
DIRAS3,O95661,1,HGNC_symbol,False
DIRC2,84925,5,STRING_alias,False
DIRC3,,0,unmapped,False
DIS3,Q9Y2L1,1,HGNC_symbol,False
DIS3L,Q8TF46,1,HGNC_symbol,False
DIS3L2,Q8IYB7,1,HGNC_symbol,False
DISC1,Q9NRI5,1,HGNC_symbol,False
DISC1-IT1,,0,unmapped,False
DISC1FP1,,0,unmapped,False
DISP1,Q96F81,1,HGNC_symbol,False
DISP2,A7MBM2,1,HGNC_symbol,False
DISP3,Q9P2K9,1,HGNC_symbol,False
DIXDC1,Q155Q3,1,HGNC_symbol,True
DKC1,O60832,1,HGNC_symbol,False
DKFZP667F0711,,0,unmapped,False
DKFZP761J1410,,0,unmapped,False
DKFZP779L1853,,0,unmapped,False
DKK1,O94907,1,HGNC_symbol,False
DKK2,Q9UBU2,1,HGNC_symbol,True
DKK3,Q9UBP4,1,HGNC_symbol,True
DKK4,Q9UBT3,1,HGNC_symbol,False
DKKL1,Q9UK85,1,HGNC_symbol,True
DLAT,P10515,1,HGNC_symbol,False
DLC1,Q96QB1,1,HGNC_symbol,False
DLD,P09622,1,HGNC_symbol,False
DLEC1,Q9Y238,1,HGNC_symbol,False
DLEU1,O43261,1,HGNC_symbol,True
DLEU2,,0,unmapped,False
DLEU2L,,0,unmapped,False
DLEU7,Q6UYE1,1,HGNC_symbol,True
DLEU7-AS1,,0,unmapped,False
DLG1,Q12959,1,HGNC_symbol,False
DLG2,Q15700,1,HGNC_symbol,True
DLG3,Q92796,1,HGNC_symbol,False
DLG4,P78352,1,HGNC_symbol,False
DLG5,Q8TDM6,1,HGNC_symbol,False
DLGAP1,O14490,1,HGNC_symbol,True
DLGAP1-AS1,,0,unmapped,False
DLGAP1-AS2,,0,unmapped,False
DLGAP1-AS3,,0,unmapped,False
DLGAP2,Q9P1A6,1,HGNC_symbol,False
DLGAP3,O95886,1,HGNC_symbol,True
DLGAP4,Q9Y2H0,1,HGNC_symbol,False
DLGAP5,Q15398,1,HGNC_symbol,False
DLK1,P80370,1,HGNC_symbol,True
DLK2,Q6UY11,1,HGNC_symbol,False
DLL1,O00548,1,HGNC_symbol,True
DLL3,Q9NYJ7,1,HGNC_symbol,True
DLL4,Q9NR61,1,HGNC_symbol,False
DLST,P36957,1,HGNC_symbol,False
DLX1,P56177,1,HGNC_symbol,True
DLX2,Q07687,1,HGNC_symbol,True
DLX3,O60479,1,HGNC_symbol,True
DLX4,Q92988,1,HGNC_symbol,False
DLX5,P56178,1,HGNC_symbol,True
DLX6,P56179,1,HGNC_symbol,False
DMAC1,Q96GE9,1,HGNC_symbol,False
DMAC2,Q9NW81,1,HGNC_symbol,False
DMAC2L,Q99766,1,HGNC_symbol,False
DMAP1,Q9NPF5,1,HGNC_symbol,True
DMBT1,Q9UGM3,1,HGNC_symbol,False
DMBX1,Q8NFW5,1,HGNC_symbol,True
DMC1,Q14565,1,HGNC_symbol,False
DMD,P11532,1,HGNC_symbol,False
DMGDH,Q9UI17,1,HGNC_symbol,False
DMKN,Q6E0U4,1,HGNC_symbol,False
DMP1,Q13316,1,HGNC_symbol,False
DMPK,Q09013,1,HGNC_symbol,False
DMRT1,Q9Y5R6,1,HGNC_symbol,True
DMRT2,Q9Y5R5,1,HGNC_symbol,True
DMRT3,Q9NQL9,1,HGNC_symbol,False
DMRTA1,Q5VZB9,1,HGNC_symbol,True
DMRTA2,Q96SC8,1,HGNC_symbol,False
DMRTB1,Q96MA1,1,HGNC_symbol,False
DMRTC1,Q5HYR2,1,HGNC_symbol,False
DMRTC1B,63947,5,STRING_alias,False
DMRTC2,Q8IXT2,1,HGNC_symbol,True
DMTF1,Q9Y222,1,HGNC_symbol,False
DMTN,Q08495,1,HGNC_symbol,False
DMWD,Q09019,1,HGNC_symbol,True
DMXL1,Q9Y485,1,HGNC_symbol,False
DMXL2,Q8TDJ6,1,HGNC_symbol,False
DNA2,P51530,1,HGNC_symbol,False
DNAAF1,Q8NEP3,1,HGNC_symbol,False
DNAAF10,Q96MX6,1,HGNC_symbol,True
DNAAF11,Q86X45,1,HGNC_symbol,True
DNAAF19,Q8IW40,1,HGNC_symbol,True
DNAAF2,Q9NVR5,1,HGNC_symbol,False
DNAAF3,Q8N9W5,1,HGNC_symbol,True
DNAAF4,Q8WXU2,1,HGNC_symbol,False
DNAAF5,Q86Y56,1,HGNC_symbol,True
DNAAF6,Q9NQM4,1,HGNC_symbol,False
DNAAF8,Q8IYS4,1,HGNC_symbol,False
DNAAF9,Q5TEA3,1,HGNC_symbol,False
DNAH1,Q9P2D7,1,HGNC_symbol,False
DNAH10,Q8IVF4,1,HGNC_symbol,False
DNAH10OS,P0CZ25,1,HGNC_symbol,False
DNAH11,Q96DT5,1,HGNC_symbol,False
DNAH12,Q6ZR08,1,HGNC_symbol,False
DNAH14,Q0VDD8,1,HGNC_symbol,False
DNAH17,Q9UFH2,1,HGNC_symbol,False
DNAH2,Q9P225,1,HGNC_symbol,False
DNAH3,Q8TD57,1,HGNC_symbol,False
DNAH5,Q8TE73,1,HGNC_symbol,False
DNAH6,Q9C0G6,1,HGNC_symbol,False
DNAH7,Q8WXX0,1,HGNC_symbol,False
DNAH8,Q96JB1,1,HGNC_symbol,False
DNAH9,Q9NYC9,1,HGNC_symbol,False
DNAI1,Q9UI46,1,HGNC_symbol,True
DNAI2,Q9GZS0,1,HGNC_symbol,True
DNAI3,Q8IWG1,1,HGNC_symbol,True
DNAI4,Q5VTH9,1,HGNC_symbol,False
DNAI7,Q6TDU7,1,HGNC_symbol,True
DNAJA1,P31689,1,HGNC_symbol,False
DNAJA1P3,,0,unmapped,False
DNAJA2,O60884,1,HGNC_symbol,False
DNAJA3,Q96EY1,1,HGNC_symbol,False
DNAJA4,Q8WW22,1,HGNC_symbol,False
DNAJB1,P25685,1,HGNC_symbol,False
DNAJB11,Q9UBS4,1,HGNC_symbol,False
DNAJB12,Q9NXW2,1,HGNC_symbol,True
DNAJB13,P59910,1,HGNC_symbol,False
DNAJB14,Q8TBM8,1,HGNC_symbol,True
DNAJB2,P25686,1,HGNC_symbol,False
DNAJB4,Q9UDY4,1,HGNC_symbol,False
DNAJB5,O75953,1,HGNC_symbol,True
DNAJB6,O75190,1,HGNC_symbol,False
DNAJB7,Q7Z6W7,1,HGNC_symbol,True
DNAJB8,Q8NHS0,1,HGNC_symbol,True
DNAJB9,Q9UBS3,1,HGNC_symbol,True
DNAJC1,Q96KC8,1,HGNC_symbol,False
DNAJC10,Q8IXB1,1,HGNC_symbol,False
DNAJC11,Q9NVH1,1,HGNC_symbol,False
DNAJC12,Q9UKB3,1,HGNC_symbol,False
DNAJC13,O75165,1,HGNC_symbol,False
DNAJC14,Q6Y2X3,1,HGNC_symbol,False
DNAJC15,Q9Y5T4,1,HGNC_symbol,False
DNAJC16,Q9Y2G8,1,HGNC_symbol,False
DNAJC17,Q9NVM6,1,HGNC_symbol,False
DNAJC18,Q9H819,1,HGNC_symbol,False
DNAJC19,Q96DA6,1,HGNC_symbol,True
DNAJC19P5,,0,unmapped,False
DNAJC19P9,,0,unmapped,False
DNAJC2,Q99543,1,HGNC_symbol,False
DNAJC21,Q5F1R6,1,HGNC_symbol,False
DNAJC22,Q8N4W6,1,HGNC_symbol,True
DNAJC24,Q6P3W2,1,HGNC_symbol,True
DNAJC25,Q9H1X3,1,HGNC_symbol,True
DNAJC27,Q9NZQ0,1,HGNC_symbol,False
DNAJC27-AS1,,0,unmapped,False
DNAJC28,Q9NX36,1,HGNC_symbol,True
DNAJC3,Q13217,1,HGNC_symbol,False
DNAJC3-AS1,,0,unmapped,False
DNAJC30,Q96LL9,1,HGNC_symbol,False
DNAJC4,Q9NNZ3,1,HGNC_symbol,True
DNAJC5,Q9H3Z4,1,HGNC_symbol,False
DNAJC5B,Q9UF47,1,HGNC_symbol,False
DNAJC5G,Q8N7S2,1,HGNC_symbol,False
DNAJC6,O75061,1,HGNC_symbol,True
DNAJC7,Q99615,1,HGNC_symbol,True
DNAJC8,O75937,1,HGNC_symbol,False
DNAJC8P1,,0,unmapped,False
DNAJC9,Q8WXX5,1,HGNC_symbol,False
DNAJC9-AS1,A6NH13,1,HGNC_symbol,False
DNAL1,Q4LDG9,1,HGNC_symbol,True
DNAL4,O96015,1,HGNC_symbol,False
DNALI1,O14645,1,HGNC_symbol,True
DNASE1,P24855,1,HGNC_symbol,True
DNASE1L1,P49184,1,HGNC_symbol,False
DNASE1L2,Q92874,1,HGNC_symbol,True
DNASE1L3,Q13609,1,HGNC_symbol,False
DNASE2,O00115,1,HGNC_symbol,False
DNASE2B,Q8WZ79,1,HGNC_symbol,True
DND1,Q8IYX4,1,HGNC_symbol,False
DND1P1,,0,unmapped,False
DNER,Q8NFT8,1,HGNC_symbol,False
DNHD1,Q96M86,1,HGNC_symbol,False
DNLZ,Q5SXM8,1,HGNC_symbol,False
DNM1,Q05193,1,HGNC_symbol,False
DNM1L,O00429,1,HGNC_symbol,False
DNM1P35,,0,unmapped,False
DNM1P46,Q6ZS02,1,HGNC_symbol,True
DNM1P47,,0,unmapped,False
DNM2,P50570,1,HGNC_symbol,False
DNM3,Q9UQ16,1,HGNC_symbol,True
DNMBP,Q6XZF7,1,HGNC_symbol,False
DNMT1,P26358,1,HGNC_symbol,False
DNMT3A,Q9Y6K1,1,HGNC_symbol,False
DNMT3B,Q9UBC3,1,HGNC_symbol,False
DNMT3L,Q9UJW3,1,HGNC_symbol,False
DNPEP,Q9ULA0,1,HGNC_symbol,False
DNPH1,O43598,1,HGNC_symbol,True
DNTT,P04053,1,HGNC_symbol,True
DNTTIP1,Q9H147,1,HGNC_symbol,False
DNTTIP2,Q5QJE6,1,HGNC_symbol,False
DOC2A,Q14183,1,HGNC_symbol,False
DOC2B,Q14184,1,HGNC_symbol,True
DOC2GP,,0,unmapped,False
DOCK1,Q14185,1,HGNC_symbol,False
DOCK10,Q96BY6,1,HGNC_symbol,False
DOCK11,Q5JSL3,1,HGNC_symbol,False
DOCK2,Q92608,1,HGNC_symbol,False
DOCK3,Q8IZD9,1,HGNC_symbol,False
DOCK4,Q8N1I0,1,HGNC_symbol,False
DOCK5,Q9H7D0,1,HGNC_symbol,False
DOCK6,Q96HP0,1,HGNC_symbol,False
DOCK7,Q96N67,1,HGNC_symbol,False
DOCK8,Q8NF50,1,HGNC_symbol,False
DOCK9,Q9BZ29,1,HGNC_symbol,False
DOCK9-AS2,,0,unmapped,False
DOHH,Q9BU89,1,HGNC_symbol,False
DOK1,Q99704,1,HGNC_symbol,True
DOK2,O60496,1,HGNC_symbol,False
DOK3,Q7L591,1,HGNC_symbol,True
DOK4,Q8TEW6,1,HGNC_symbol,True
DOK5,Q9P104,1,HGNC_symbol,True
DOK6,Q6PKX4,1,HGNC_symbol,True
DOK7,Q18PE1,1,HGNC_symbol,False
DOLK,Q9UPQ8,1,HGNC_symbol,True
DOLPP1,Q86YN1,1,HGNC_symbol,True
DONSON,Q9NYP3,1,HGNC_symbol,True
DOP1A,Q5JWR5,1,HGNC_symbol,False
DOP1B,Q9Y3R5,1,HGNC_symbol,False
DOPEY1,23033,5,STRING_alias,False
DOPEY2,9980,5,STRING_alias,False
DORIP1,Q4W4Y0,1,HGNC_symbol,False
DOT1L,Q8TEK3,1,HGNC_symbol,False
DPAGT1,Q9H3H5,1,HGNC_symbol,True
DPCD,Q9BVM2,1,HGNC_symbol,False
DPEP1,P16444,1,HGNC_symbol,False
DPEP2,Q9H4A9,1,HGNC_symbol,True
DPEP2NB,A0A0U1RQF7,1,HGNC_symbol,False
DPEP3,Q9H4B8,1,HGNC_symbol,False
DPF1,Q92782,1,HGNC_symbol,True
DPF2,Q92785,1,HGNC_symbol,True
DPF3,Q92784,1,HGNC_symbol,False
DPH1,Q9BZG8,1,HGNC_symbol,False
DPH2,Q9BQC3,1,HGNC_symbol,False
DPH3,Q96FX2,1,HGNC_symbol,False
DPH5,Q9H2P9,1,HGNC_symbol,True
DPH6,Q7L8W6,1,HGNC_symbol,False
DPH7,Q9BTV6,1,HGNC_symbol,False
DPM1,O60762,1,HGNC_symbol,False
DPM2,O94777,1,HGNC_symbol,True
DPM3,Q9P2X0,1,HGNC_symbol,False
DPP10,Q8N608,1,HGNC_symbol,True
DPP10-AS1,,0,unmapped,False
DPP3,Q9NY33,1,HGNC_symbol,True
DPP4,P27487,1,HGNC_symbol,True
DPP6,P42658,1,HGNC_symbol,False
DPP7,Q9UHL4,1,HGNC_symbol,False
DPP8,Q6V1X1,1,HGNC_symbol,False
DPP9,Q86TI2,1,HGNC_symbol,True
DPPA2,Q7Z7J5,1,HGNC_symbol,False
DPPA3,Q6W0C5,1,HGNC_symbol,False
DPPA4,Q7L190,1,HGNC_symbol,True
DPPA5,A6NC42,1,HGNC_symbol,False
DPRX,A6NFQ7,1,HGNC_symbol,False
DPRXP2,,0,unmapped,False
DPRXP4,,0,unmapped,False
DPT,Q07507,1,HGNC_symbol,True
DPY19L1,Q2PZI1,1,HGNC_symbol,True
DPY19L1P1,,0,unmapped,False
DPY19L1P2,,0,unmapped,False
DPY19L2,Q6NUT2,1,HGNC_symbol,True
DPY19L2P1,Q6NXN4,1,HGNC_symbol,True
DPY19L2P2,Q6ZN68,1,HGNC_symbol,False
DPY19L2P3,,0,unmapped,False
DPY19L2P4,,0,unmapped,False
DPY19L3,Q6ZPD9,1,HGNC_symbol,True
DPY19L4,Q7Z388,1,HGNC_symbol,False
DPY30,Q9C005,1,HGNC_symbol,False
DPYD,Q12882,1,HGNC_symbol,False
DPYS,Q14117,1,HGNC_symbol,True
DPYSL2,Q16555,1,HGNC_symbol,True
DPYSL3,Q14195,1,HGNC_symbol,False
DPYSL4,O14531,1,HGNC_symbol,False
DPYSL5,Q9BPU6,1,HGNC_symbol,False
DQX1,Q8TE96,1,HGNC_symbol,False
DR1,Q01658,1,HGNC_symbol,False
DRAM1,Q8N682,1,HGNC_symbol,False
DRAM2,Q6UX65,1,HGNC_symbol,True
DRAP1,Q14919,1,HGNC_symbol,True
DRAXIN,Q8NBI3,1,HGNC_symbol,True
DRC1,Q96MC2,1,HGNC_symbol,False
DRC12,Q494R4,1,HGNC_symbol,False
DRC3,Q9H069,1,HGNC_symbol,False
DRC7,Q8IY82,1,HGNC_symbol,False
DRD1,P21728,1,HGNC_symbol,False
DRD2,P14416,1,HGNC_symbol,True
DRD3,P35462,1,HGNC_symbol,False
DRD4,P21917,1,HGNC_symbol,False
DRD5,P21918,1,HGNC_symbol,False
DRG1,Q9Y295,1,HGNC_symbol,True
DRG2,P55039,1,HGNC_symbol,True
DRGX,A6NNA5,1,HGNC_symbol,False
DRICH1,Q6PGQ1,1,HGNC_symbol,False
DROSHA,Q9NRR4,1,HGNC_symbol,False
DRP2,Q13474,1,HGNC_symbol,True
DSC1,Q08554,1,HGNC_symbol,False
DSC2,Q02487,1,HGNC_symbol,False
DSC3,Q14574,1,HGNC_symbol,True
DSCAM,O60469,1,HGNC_symbol,False
DSCAML1,Q8TD84,1,HGNC_symbol,False
DSCC1,Q9BVC3,1,HGNC_symbol,False
DSCR3,10311,5,STRING_alias,False
DSCR9,P59020,1,HGNC_symbol,True
DSE,Q9UL01,1,HGNC_symbol,False
DSEL,Q8IZU8,1,HGNC_symbol,False
DSG1,Q02413,1,HGNC_symbol,False
DSG2,Q14126,1,HGNC_symbol,False
DSG3,P32926,1,HGNC_symbol,False
DSG4,Q86SJ6,1,HGNC_symbol,False
DSN1,Q9H410,1,HGNC_symbol,False
DSP,P15924,1,HGNC_symbol,False
DSPP,Q9NZW4,1,HGNC_symbol,False
DST,Q03001,1,HGNC_symbol,False
DSTN,P60981,1,HGNC_symbol,False
DSTNP2,,0,unmapped,False
DSTYK,Q6XUX3,1,HGNC_symbol,False
DTD1,Q8TEA8,1,HGNC_symbol,False
DTD2,Q96FN9,1,HGNC_symbol,False
DTHD1,Q6ZMT9,1,HGNC_symbol,False
DTL,Q9NZJ0,1,HGNC_symbol,False
DTNA,Q9Y4J8,1,HGNC_symbol,False
DTNB,O60941,1,HGNC_symbol,True
DTNBP1,Q96EV8,1,HGNC_symbol,True
DTWD1,Q8N5C7,1,HGNC_symbol,False
DTWD2,Q8NBA8,1,HGNC_symbol,False
DTX1,Q86Y01,1,HGNC_symbol,False
DTX2,Q86UW9,1,HGNC_symbol,False
DTX2P1,,0,unmapped,False
DTX3,Q8N9I9,1,HGNC_symbol,False
DTX3L,Q8TDB6,1,HGNC_symbol,True
DTX4,Q9Y2E6,1,HGNC_symbol,False
DTYMK,P23919,1,HGNC_symbol,True
DUOX1,Q9NRD9,1,HGNC_symbol,False
DUOX2,Q9NRD8,1,HGNC_symbol,False
DUOXA1,Q1HG43,1,HGNC_symbol,False
DUOXA2,Q1HG44,1,HGNC_symbol,True
DUS1L,Q6P1R4,1,HGNC_symbol,False
DUS2,Q9NX74,1,HGNC_symbol,False
DUS3L,Q96G46,1,HGNC_symbol,False
DUS4L,O95620,1,HGNC_symbol,True
DUSP1,P28562,1,HGNC_symbol,False
DUSP10,Q9Y6W6,1,HGNC_symbol,False
DUSP11,O75319,1,HGNC_symbol,False
DUSP12,Q9UNI6,1,HGNC_symbol,False
DUSP13,2GWO,5,STRING_alias,False
DUSP13B,Q9UII6,1,HGNC_symbol,False
DUSP14,O95147,1,HGNC_symbol,False
DUSP15,Q9H1R2,1,HGNC_symbol,False
DUSP16,Q9BY84,1,HGNC_symbol,False
DUSP18,Q8NEJ0,1,HGNC_symbol,True
DUSP19,Q8WTR2,1,HGNC_symbol,True
DUSP2,Q05923,1,HGNC_symbol,False
DUSP21,Q9H596,1,HGNC_symbol,True
DUSP22,Q9NRW4,1,HGNC_symbol,False
DUSP23,Q9BVJ7,1,HGNC_symbol,True
DUSP26,Q9BV47,1,HGNC_symbol,False
DUSP27,2Y96,5,STRING_alias,False
DUSP28,Q4G0W2,1,HGNC_symbol,False
DUSP29,Q68J44,1,HGNC_symbol,True
DUSP3,P51452,1,HGNC_symbol,False
DUSP4,Q13115,1,HGNC_symbol,True
DUSP5,Q16690,1,HGNC_symbol,False
DUSP5P1,,0,unmapped,False
DUSP6,Q16828,1,HGNC_symbol,True
DUSP7,Q16829,1,HGNC_symbol,False
DUSP8,Q13202,1,HGNC_symbol,False
DUSP8P5,,0,unmapped,False
DUSP9,Q99956,1,HGNC_symbol,True
DUT,P33316,1,HGNC_symbol,False
DUTP6,,0,unmapped,False
DUX4,Q9UBX2,1,HGNC_symbol,False
DUXA,A6NLW8,1,HGNC_symbol,True
DUXB,A0A1W2PPF3,1,HGNC_symbol,True
DVL1,O14640,1,HGNC_symbol,True
DVL2,O14641,1,HGNC_symbol,True
DVL3,Q92997,1,HGNC_symbol,False
DXO,O77932,1,HGNC_symbol,False
DYDC1,Q8WWB3,1,HGNC_symbol,True
DYDC2,Q96IM9,1,HGNC_symbol,False
DYM,Q7RTS9,1,HGNC_symbol,True
DYNAP,Q8N1N2,1,HGNC_symbol,True
DYNC1H1,Q14204,1,HGNC_symbol,False
DYNC1I1,O14576,1,HGNC_symbol,False
DYNC1I2,Q13409,1,HGNC_symbol,False
DYNC1I2P1,,0,unmapped,False
DYNC1LI1,Q9Y6G9,1,HGNC_symbol,True
DYNC1LI2,O43237,1,HGNC_symbol,True
DYNC2H1,Q8NCM8,1,HGNC_symbol,False
DYNC2I1,Q8WVS4,1,HGNC_symbol,False
DYNC2I2,Q96EX3,1,HGNC_symbol,True
DYNC2LI1,Q8TCX1,1,HGNC_symbol,True
DYNLL1,P63167,1,HGNC_symbol,False
DYNLL1-AS1,,0,unmapped,False
DYNLL1P1,,0,unmapped,False
DYNLL2,Q96FJ2,1,HGNC_symbol,False
DYNLRB1,Q9NP97,1,HGNC_symbol,False
DYNLRB2,Q8TF09,1,HGNC_symbol,False
DYNLT1,P63172,1,HGNC_symbol,True
DYNLT2,Q8IZS6,1,HGNC_symbol,True
DYNLT2B,Q8WW35,1,HGNC_symbol,False
DYNLT3,P51808,1,HGNC_symbol,True
DYNLT3P1,,0,unmapped,False
DYNLT3P2,,0,unmapped,False
DYNLT4,Q5JR98,1,HGNC_symbol,True
DYNLT5,Q8N7M0,1,HGNC_symbol,True
DYRK1A,Q13627,1,HGNC_symbol,True
DYRK1B,Q9Y463,1,HGNC_symbol,True
DYRK2,Q92630,1,HGNC_symbol,False
DYRK3,O43781,1,HGNC_symbol,False
DYRK4,Q9NR20,1,HGNC_symbol,False
DYSF,O75923,1,HGNC_symbol,False
DYTN,A2CJ06,1,HGNC_symbol,True
DYX1C1,161582,5,STRING_alias,False
DZANK1,Q9NVP4,1,HGNC_symbol,True
DZIP1,Q86YF9,1,HGNC_symbol,True
DZIP1L,Q8IYY4,1,HGNC_symbol,False
DZIP3,Q86Y13,1,HGNC_symbol,False
E2F1,Q01094,1,HGNC_symbol,False
E2F2,Q14209,1,HGNC_symbol,True
E2F3,O00716,1,HGNC_symbol,False
E2F3-IT1,,0,unmapped,False
E2F4,Q16254,1,HGNC_symbol,False
E2F5,Q15329,1,HGNC_symbol,False
E2F6,O75461,1,HGNC_symbol,False
E2F7,Q96AV8,1,HGNC_symbol,True
E2F8,A0AVK6,1,HGNC_symbol,True
E4F1,Q66K89,1,HGNC_symbol,False
EAF1,Q96JC9,1,HGNC_symbol,False
EAF1-AS1,,0,unmapped,False
EAF2,Q96CJ1,1,HGNC_symbol,False
EAPP,Q56P03,1,HGNC_symbol,False
EARS2,Q5JPH6,1,HGNC_symbol,False
EBAG9,O00559,1,HGNC_symbol,True
EBAG9P1,,0,unmapped,False
EBF1,Q9UH73,1,HGNC_symbol,False
EBF2,Q9HAK2,1,HGNC_symbol,False
EBF3,Q9H4W6,1,HGNC_symbol,True
EBF4,Q9BQW3,1,HGNC_symbol,False
EBI3,Q14213,1,HGNC_symbol,False
EBLN1,P0CF75,1,HGNC_symbol,True
EBLN2,Q6P2I7,1,HGNC_symbol,False
EBNA1BP2,Q99848,1,HGNC_symbol,True
EBP,Q15125,1,HGNC_symbol,False
EBPL,Q9BY08,1,HGNC_symbol,True
ECD,O95905,1,HGNC_symbol,True
ECE1,P42892,1,HGNC_symbol,True
ECE2,P0DPD6,1,HGNC_symbol,False
ECEL1,O95672,1,HGNC_symbol,False
ECH1,Q13011,1,HGNC_symbol,False
ECHDC1,Q9NTX5,1,HGNC_symbol,True
ECHDC2,Q86YB7,1,HGNC_symbol,False
ECHDC3,Q96DC8,1,HGNC_symbol,True
ECHS1,P30084,1,HGNC_symbol,False
ECI1,P42126,1,HGNC_symbol,False
ECI2,O75521,1,HGNC_symbol,False
ECM1,Q16610,1,HGNC_symbol,True
ECM2,O94769,1,HGNC_symbol,True
ECPAS,Q5VYK3,1,HGNC_symbol,False
ECRG4,Q9H1Z8,1,HGNC_symbol,False
ECSCR,Q19T08,1,HGNC_symbol,True
ECSIT,Q9BQ95,1,HGNC_symbol,False
ECT2,Q9H8V3,1,HGNC_symbol,True
ECT2L,Q008S8,1,HGNC_symbol,False
EDA,Q92838,1,HGNC_symbol,False
EDA2R,Q9HAV5,1,HGNC_symbol,False
EDAR,Q9UNE0,1,HGNC_symbol,False
EDARADD,Q8WWZ3,1,HGNC_symbol,True
EDC3,Q96F86,1,HGNC_symbol,False
EDC4,Q6P2E9,1,HGNC_symbol,False
EDDM13,A0A1B0GTR0,1,HGNC_symbol,True
EDDM3A,Q14507,1,HGNC_symbol,True
EDDM3B,P56851,1,HGNC_symbol,False
EDEM1,Q92611,1,HGNC_symbol,False
EDEM2,Q9BV94,1,HGNC_symbol,False
EDEM3,Q9BZQ6,1,HGNC_symbol,True
EDF1,O60869,1,HGNC_symbol,False
EDIL3,O43854,1,HGNC_symbol,False
EDN1,P05305,1,HGNC_symbol,False
EDN2,P20800,1,HGNC_symbol,False
EDN3,P14138,1,HGNC_symbol,False
EDNRA,P25101,1,HGNC_symbol,False
EDNRB,P24530,1,HGNC_symbol,False
EDRF1,Q3B7T1,1,HGNC_symbol,False
EEA1,Q15075,1,HGNC_symbol,False
EED,O75530,1,HGNC_symbol,False
EEF1A1,P68104,1,HGNC_symbol,False
EEF1A1P1,,0,unmapped,False
EEF1A1P10,,0,unmapped,False
EEF1A1P11,,0,unmapped,False
EEF1A1P12,,0,unmapped,False
EEF1A1P13,,0,unmapped,False
EEF1A1P14,,0,unmapped,False
EEF1A1P16,,0,unmapped,False
EEF1A1P17,,0,unmapped,False
EEF1A1P19,,0,unmapped,False
EEF1A1P22,,0,unmapped,False
EEF1A1P24,,0,unmapped,False
EEF1A1P25,,0,unmapped,False
EEF1A1P29,,0,unmapped,False
EEF1A1P3,,0,unmapped,False
EEF1A1P30,,0,unmapped,False
EEF1A1P38,,0,unmapped,False
EEF1A1P4,,0,unmapped,False
EEF1A1P5,Q5VTE0,1,HGNC_symbol,False
EEF1A1P6,,0,unmapped,False
EEF1A1P7,,0,unmapped,False
EEF1A1P8,,0,unmapped,False
EEF1A1P9,,0,unmapped,False
EEF1A2,Q05639,1,HGNC_symbol,False
EEF1AKMT1,Q8WVE0,1,HGNC_symbol,True
EEF1AKMT2,Q5JPI9,1,HGNC_symbol,True
EEF1AKMT3,Q96AZ1,1,HGNC_symbol,True
EEF1AKMT4,P0DPD7,1,HGNC_symbol,False
EEF1B2,P24534,1,HGNC_symbol,False
EEF1B2P1,,0,unmapped,False
EEF1B2P2,,0,unmapped,False
EEF1B2P3,,0,unmapped,False
EEF1D,P29692,1,HGNC_symbol,True
EEF1DP1,,0,unmapped,False
EEF1DP2,,0,unmapped,False
EEF1DP3,Q658K8,1,HGNC_symbol,False
EEF1E1,O43324,1,HGNC_symbol,True
EEF1G,P26641,1,HGNC_symbol,False
EEF1GP1,,0,unmapped,False
EEF1GP2,,0,unmapped,False
EEF1GP5,,0,unmapped,False
EEF2,P13639,1,HGNC_symbol,True
EEF2K,O00418,1,HGNC_symbol,False
EEF2KMT,Q96G04,1,HGNC_symbol,False
EEFSEC,P57772,1,HGNC_symbol,False
EEIG1,Q5T9C2,1,HGNC_symbol,True
EEIG2,Q5T8I3,1,HGNC_symbol,True
EEPD1,Q7L9B9,1,HGNC_symbol,False
EFCAB1,79645,5,STRING_alias,False
EFCAB10,A6NFE3,1,HGNC_symbol,False
EFCAB11,Q9BUY7,1,HGNC_symbol,False
EFCAB12,Q6NXP0,1,HGNC_symbol,False
EFCAB13,Q8IY85,1,HGNC_symbol,False
EFCAB14,O75071,1,HGNC_symbol,False
EFCAB14P1,,0,unmapped,False
EFCAB2,84288,5,STRING_alias,False
EFCAB3,Q8N7B9,1,HGNC_symbol,True
EFCAB4A,283229,5,STRING_alias,False
EFCAB4B,84766,5,STRING_alias,False
EFCAB5,A4FU69,1,HGNC_symbol,False
EFCAB6,Q5THR3,1,HGNC_symbol,False
EFCAB7,A8K855,1,HGNC_symbol,False
EFCAB8,A8MWE9,1,HGNC_symbol,False
EFCAB9,A8MZ26,1,HGNC_symbol,True
EFCC1,Q9HA90,1,HGNC_symbol,True
EFEMP1,Q12805,1,HGNC_symbol,False
EFEMP2,O95967,1,HGNC_symbol,True
EFHB,Q8N7U6,1,HGNC_symbol,True
EFHC1,Q5JVL4,1,HGNC_symbol,True
EFHC2,Q5JST6,1,HGNC_symbol,True
EFHD1,Q9BUP0,1,HGNC_symbol,True
EFHD2,Q96C19,1,HGNC_symbol,False
EFL1,Q7Z2Z2,1,HGNC_symbol,False
EFNA1,P20827,1,HGNC_symbol,False
EFNA2,O43921,1,HGNC_symbol,False
EFNA3,P52797,1,HGNC_symbol,False
EFNA4,P52798,1,HGNC_symbol,True
EFNA5,P52803,1,HGNC_symbol,True
EFNB1,P98172,1,HGNC_symbol,False
EFNB2,P52799,1,HGNC_symbol,False
EFNB3,Q15768,1,HGNC_symbol,True
EFR3A,Q14156,1,HGNC_symbol,False
EFR3B,Q9Y2G0,1,HGNC_symbol,True
EFS,O43281,1,HGNC_symbol,False
EFTUD1,5ANB,5,STRING_alias,False
EFTUD1P1,,0,unmapped,False
EFTUD2,Q15029,1,HGNC_symbol,True
EGF,P01133,1,HGNC_symbol,False
EGFEM1P,Q0D2K5,1,HGNC_symbol,False
EGFL6,Q8IUX8,1,HGNC_symbol,False
EGFL7,Q9UHF1,1,HGNC_symbol,True
EGFL8,Q99944,1,HGNC_symbol,False
EGFLAM,Q63HQ2,1,HGNC_symbol,True
EGFR,P00533,1,HGNC_symbol,False
EGLN1,Q9GZT9,1,HGNC_symbol,True
EGLN2,Q96KS0,1,HGNC_symbol,True
EGLN3,Q9H6Z9,1,HGNC_symbol,False
EGOT,,0,unmapped,False
EGR1,P18146,1,HGNC_symbol,False
EGR2,P11161,1,HGNC_symbol,False
EGR3,Q06889,1,HGNC_symbol,False
EGR4,Q05215,1,HGNC_symbol,True
EHBP1,Q8NDI1,1,HGNC_symbol,False
EHBP1L1,Q8N3D4,1,HGNC_symbol,False
EHD1,Q9H4M9,1,HGNC_symbol,True
EHD2,Q9NZN4,1,HGNC_symbol,True
EHD3,Q9NZN3,1,HGNC_symbol,True
EHD4,Q9H223,1,HGNC_symbol,False
EHF,Q9NZC4,1,HGNC_symbol,True
EHHADH,Q08426,1,HGNC_symbol,True
EHMT1,Q9H9B1,1,HGNC_symbol,False
EHMT2,Q96KQ7,1,HGNC_symbol,False
EI24,O14681,1,HGNC_symbol,False
EID1,Q9Y6B2,1,HGNC_symbol,True
EID2,Q8N6I1,1,HGNC_symbol,False
EID2B,Q96D98,1,HGNC_symbol,False
EID3,Q8N140,1,HGNC_symbol,True
EIF1,P41567,1,HGNC_symbol,False
EIF1AD,Q8N9N8,1,HGNC_symbol,False
EIF1AX,P47813,1,HGNC_symbol,False
EIF1AXP1,,0,unmapped,False
EIF1AY,O14602,1,HGNC_symbol,True
EIF1B,O60739,1,HGNC_symbol,False
EIF2A,Q9BY44,1,HGNC_symbol,False
EIF2AK1,Q9BQI3,1,HGNC_symbol,True
EIF2AK2,P19525,1,HGNC_symbol,True
EIF2AK3,Q9NZJ5,1,HGNC_symbol,False
EIF2AK4,Q9P2K8,1,HGNC_symbol,False
EIF2B1,Q14232,1,HGNC_symbol,True
EIF2B2,P49770,1,HGNC_symbol,True
EIF2B3,Q9NR50,1,HGNC_symbol,True
EIF2B4,Q9UI10,1,HGNC_symbol,True
EIF2B5,Q13144,1,HGNC_symbol,False
EIF2D,P41214,1,HGNC_symbol,False
EIF2S1,P05198,1,HGNC_symbol,True
EIF2S2,P20042,1,HGNC_symbol,False
EIF2S2P3,,0,unmapped,False
EIF2S2P4,,0,unmapped,False
EIF2S3,P41091,1,HGNC_symbol,False
EIF2S3B,Q2VIR3,1,HGNC_symbol,True
EIF2S3L,,0,unmapped,False
EIF3A,Q14152,1,HGNC_symbol,False
EIF3B,P55884,1,HGNC_symbol,True
EIF3C,Q99613,1,HGNC_symbol,True
EIF3CL,B5ME19,1,HGNC_symbol,False
EIF3D,O15371,1,HGNC_symbol,True
EIF3E,P60228,1,HGNC_symbol,True
EIF3EP1,,0,unmapped,False
EIF3F,O00303,1,HGNC_symbol,False
EIF3FP1,,0,unmapped,False
EIF3FP3,,0,unmapped,False
EIF3G,O75821,1,HGNC_symbol,False
EIF3H,O15372,1,HGNC_symbol,False
EIF3I,Q13347,1,HGNC_symbol,False
EIF3IP1,,0,unmapped,False
EIF3J,O75822,1,HGNC_symbol,False
EIF3J-AS1,,0,unmapped,False
EIF3K,Q9UBQ5,1,HGNC_symbol,True
EIF3L,Q9Y262,1,HGNC_symbol,True
EIF3LP1,,0,unmapped,False
EIF3LP2,,0,unmapped,False
EIF3LP3,,0,unmapped,False
EIF3M,Q7L2H7,1,HGNC_symbol,True
EIF4A1,P60842,1,HGNC_symbol,True
EIF4A1P10,,0,unmapped,False
EIF4A1P2,,0,unmapped,False
EIF4A1P7,,0,unmapped,False
EIF4A1P9,,0,unmapped,False
EIF4A2,Q14240,1,HGNC_symbol,False
EIF4A2P2,,0,unmapped,False
EIF4A2P4,,0,unmapped,False
EIF4A3,P38919,1,HGNC_symbol,False
EIF4B,P23588,1,HGNC_symbol,True
EIF4BP2,,0,unmapped,False
EIF4BP3,,0,unmapped,False
EIF4BP5,,0,unmapped,False
EIF4BP6,,0,unmapped,False
EIF4BP7,,0,unmapped,False
EIF4BP8,,0,unmapped,False
EIF4E,P06730,1,HGNC_symbol,False
EIF4E1B,A6NMX2,1,HGNC_symbol,False
EIF4E2,O60573,1,HGNC_symbol,True
EIF4E3,Q8N5X7,1,HGNC_symbol,True
EIF4EBP1,Q13541,1,HGNC_symbol,True
EIF4EBP2,Q13542,1,HGNC_symbol,False
EIF4EBP3,O60516,1,HGNC_symbol,False
EIF4ENIF1,Q9NRA8,1,HGNC_symbol,False
EIF4G1,Q04637,1,HGNC_symbol,False
EIF4G2,P78344,1,HGNC_symbol,False
EIF4G3,O43432,1,HGNC_symbol,False
EIF4H,Q15056,1,HGNC_symbol,False
EIF4HP1,,0,unmapped,False
EIF4HP2,,0,unmapped,False
EIF5,P55010,1,HGNC_symbol,True
EIF5A,P63241,1,HGNC_symbol,False
EIF5A2,Q9GZV4,1,HGNC_symbol,False
EIF5AL1,Q6IS14,1,HGNC_symbol,False
EIF5AP2,,0,unmapped,False
EIF5AP3,,0,unmapped,False
EIF5AP4,,0,unmapped,False
EIF5B,O60841,1,HGNC_symbol,False
EIF6,P56537,1,HGNC_symbol,False
EIPR1,Q53HC9,1,HGNC_symbol,True
ELAC1,Q9H777,1,HGNC_symbol,True
ELAC2,Q9BQ52,1,HGNC_symbol,False
ELANE,P08246,1,HGNC_symbol,False
ELAPOR1,Q6UXG2,1,HGNC_symbol,False
ELAPOR2,A8MWY0,1,HGNC_symbol,False
ELAVL1,Q15717,1,HGNC_symbol,True
ELAVL2,Q12926,1,HGNC_symbol,True
ELAVL3,Q14576,1,HGNC_symbol,False
ELAVL4,P26378,1,HGNC_symbol,False
ELF1,P32519,1,HGNC_symbol,False
ELF2,Q15723,1,HGNC_symbol,True
ELF3,P78545,1,HGNC_symbol,True
ELF4,Q99607,1,HGNC_symbol,False
ELF5,Q9UKW6,1,HGNC_symbol,False
ELFN1,P0C7U0,1,HGNC_symbol,False
ELFN2,Q5R3F8,1,HGNC_symbol,True
ELK1,P19419,1,HGNC_symbol,True
ELK3,P41970,1,HGNC_symbol,False
ELK4,P28324,1,HGNC_symbol,False
ELL,P55199,1,HGNC_symbol,False
ELL2,O00472,1,HGNC_symbol,True
ELL2P1,,0,unmapped,False
ELL3,Q9HB65,1,HGNC_symbol,False
ELMO1,Q92556,1,HGNC_symbol,False
ELMO2,Q96JJ3,1,HGNC_symbol,False
ELMO3,Q96BJ8,1,HGNC_symbol,False
ELMOD1,Q8N336,1,HGNC_symbol,True
ELMOD2,Q8IZ81,1,HGNC_symbol,True
ELMOD3,Q96FG2,1,HGNC_symbol,False
ELMSAN1,91748,5,STRING_alias,False
ELN,P15502,1,HGNC_symbol,False
ELOA,Q14241,1,HGNC_symbol,True
ELOA2,Q8IYF1,1,HGNC_symbol,False
ELOB,Q15370,1,HGNC_symbol,False
ELOC,Q15369,1,HGNC_symbol,False
ELOF1,P60002,1,HGNC_symbol,False
ELOVL1,Q9BW60,1,HGNC_symbol,True
ELOVL2,Q9NXB9,1,HGNC_symbol,False
ELOVL3,Q9HB03,1,HGNC_symbol,False
ELOVL4,Q9GZR5,1,HGNC_symbol,False
ELOVL5,Q9NYP7,1,HGNC_symbol,False
ELOVL6,Q9H5J4,1,HGNC_symbol,True
ELOVL7,A1L3X0,1,HGNC_symbol,False
ELP1,O95163,1,HGNC_symbol,False
ELP2,Q6IA86,1,HGNC_symbol,False
ELP3,Q9H9T3,1,HGNC_symbol,True
ELP4,Q96EB1,1,HGNC_symbol,False
ELP5,Q8TE02,1,HGNC_symbol,True
ELP6,Q0PNE2,1,HGNC_symbol,True
ELSPBP1,Q96BH3,1,HGNC_symbol,False
ELTD1,64123,5,STRING_alias,False
EMB,Q6PCB8,1,HGNC_symbol,True
EMBP1,,0,unmapped,False
EMC1,Q8N766,1,HGNC_symbol,False
EMC10,Q5UCC4,1,HGNC_symbol,False
EMC2,Q15006,1,HGNC_symbol,True
EMC3,Q9P0I2,1,HGNC_symbol,False
EMC3-AS1,,0,unmapped,False
EMC4,Q5J8M3,1,HGNC_symbol,True
EMC6,Q9BV81,1,HGNC_symbol,True
EMC7,Q9NPA0,1,HGNC_symbol,True
EMC8,O43402,1,HGNC_symbol,True
EMC9,Q9Y3B6,1,HGNC_symbol,False
EMCN,Q9ULC0,1,HGNC_symbol,True
EMCN-IT1,,0,unmapped,False
EMD,P50402,1,HGNC_symbol,False
EME1,Q96AY2,1,HGNC_symbol,True
EME2,A4GXA9,1,HGNC_symbol,True
EMG1,Q92979,1,HGNC_symbol,True
EMID1,Q96A84,1,HGNC_symbol,False
EMILIN1,Q9Y6C2,1,HGNC_symbol,False
EMILIN2,Q9BXX0,1,HGNC_symbol,False
EMILIN3,Q9NT22,1,HGNC_symbol,False
EML1,O00423,1,HGNC_symbol,False
EML2,O95834,1,HGNC_symbol,True
EML3,Q32P44,1,HGNC_symbol,False
EML4,Q9HC35,1,HGNC_symbol,True
EML5,Q05BV3,1,HGNC_symbol,False
EML6,Q6ZMW3,1,HGNC_symbol,False
EMP1,P54849,1,HGNC_symbol,True
EMP2,P54851,1,HGNC_symbol,False
EMP3,P54852,1,HGNC_symbol,False
EMR1,2015,5,STRING_alias,False
EMR2,2BO2,5,STRING_alias,False
EMR3,84658,5,STRING_alias,False
EMR4P,,0,unmapped,False
EMSY,Q7Z589,1,HGNC_symbol,False
EMX1,Q04741,1,HGNC_symbol,True
EMX2,Q04743,1,HGNC_symbol,False
EN1,Q05925,1,HGNC_symbol,False
EN2,P19622,1,HGNC_symbol,True
ENAH,Q8N8S7,1,HGNC_symbol,False
ENAM,Q9NRM1,1,HGNC_symbol,False
ENC1,O14682,1,HGNC_symbol,False
ENDOD1,O94919,1,HGNC_symbol,False
ENDOG,Q14249,1,HGNC_symbol,True
ENDOU,P21128,1,HGNC_symbol,True
ENDOV,Q8N8Q3,1,HGNC_symbol,False
ENG,P17813,1,HGNC_symbol,False
ENGASE,Q8NFI3,1,HGNC_symbol,False
ENHO,Q6UWT2,1,HGNC_symbol,True
ENKD1,Q9H0I2,1,HGNC_symbol,False
ENKUR,Q8TC29,1,HGNC_symbol,False
ENO1,P06733,1,HGNC_symbol,True
ENO1-AS1,,0,unmapped,False
ENO1-IT1,,0,unmapped,False
ENO2,P09104,1,HGNC_symbol,True
ENO3,P13929,1,HGNC_symbol,True
ENO4,A6NNW6,1,HGNC_symbol,True
ENOPH1,Q9UHY7,1,HGNC_symbol,False
ENOSF1,Q7L5Y1,1,HGNC_symbol,False
ENOX1,Q8TC92,1,HGNC_symbol,True
ENOX2,Q16206,1,HGNC_symbol,True
ENPEP,Q07075,1,HGNC_symbol,False
ENPP1,P22413,1,HGNC_symbol,False
ENPP2,Q13822,1,HGNC_symbol,True
ENPP3,O14638,1,HGNC_symbol,False
ENPP4,Q9Y6X5,1,HGNC_symbol,True
ENPP5,Q9UJA9,1,HGNC_symbol,False
ENPP6,Q6UWR7,1,HGNC_symbol,False
ENPP7,Q6UWV6,1,HGNC_symbol,True
ENPP7P11,,0,unmapped,False
ENSA,O43768,1,HGNC_symbol,True
ENSAP2,,0,unmapped,False
ENTHD1,Q8IYW4,1,HGNC_symbol,True
ENTHD2,146705,5,STRING_alias,False
ENTPD1,P49961,1,HGNC_symbol,True
ENTPD1-AS1,,0,unmapped,False
ENTPD2,Q9Y5L3,1,HGNC_symbol,False
ENTPD3,O75355,1,HGNC_symbol,False
ENTPD3-AS1,,0,unmapped,False
ENTPD4,Q9Y227,1,HGNC_symbol,False
ENTPD5,O75356,1,HGNC_symbol,False
ENTPD6,O75354,1,HGNC_symbol,False
ENTPD7,Q9NQZ7,1,HGNC_symbol,False
ENTPD8,Q5MY95,1,HGNC_symbol,False
ENTR1,Q96C92,1,HGNC_symbol,True
ENTREP1,Q15884,1,HGNC_symbol,False
ENTREP2,O60320,1,HGNC_symbol,False
ENTREP3,P81408,1,HGNC_symbol,True
ENY2,Q9NPA8,1,HGNC_symbol,False
EOGT,Q5NDL2,1,HGNC_symbol,False
EOLA1,Q8TE69,1,HGNC_symbol,False
EOLA2,Q96DE9,1,HGNC_symbol,False
EOMES,O95936,1,HGNC_symbol,True
EP300,Q09472,1,HGNC_symbol,False
EP400,Q96L91,1,HGNC_symbol,False
EP400NL,,0,unmapped,False
EPAS1,Q99814,1,HGNC_symbol,True
EPB41,P11171,1,HGNC_symbol,False
EPB41L1,Q9H4G0,1,HGNC_symbol,False
EPB41L2,O43491,1,HGNC_symbol,False
EPB41L3,Q9Y2J2,1,HGNC_symbol,False
EPB41L4A,Q9HCS5,1,HGNC_symbol,False
EPB41L4A-AS1,,0,unmapped,False
EPB41L4B,Q9H329,1,HGNC_symbol,False
EPB41L5,Q9HCM4,1,HGNC_symbol,True
EPB42,P16452,1,HGNC_symbol,True
EPC1,Q9H2F5,1,HGNC_symbol,True
EPC2,Q52LR7,1,HGNC_symbol,True
EPCAM,P16422,1,HGNC_symbol,False
EPCIP,Q9NYP8,1,HGNC_symbol,True
EPDR1,Q9UM22,1,HGNC_symbol,False
EPG5,Q9HCE0,1,HGNC_symbol,False
EPGN,Q6UW88,1,HGNC_symbol,True
EPHA1,P21709,1,HGNC_symbol,False
EPHA1-AS1,,0,unmapped,False
EPHA10,Q5JZY3,1,HGNC_symbol,True
EPHA2,P29317,1,HGNC_symbol,False
EPHA3,P29320,1,HGNC_symbol,True
EPHA4,P54764,1,HGNC_symbol,True
EPHA5,P54756,1,HGNC_symbol,False
EPHA6,Q9UF33,1,HGNC_symbol,False
EPHA7,Q15375,1,HGNC_symbol,True
EPHA8,P29322,1,HGNC_symbol,False
EPHB1,P54762,1,HGNC_symbol,False
EPHB2,P29323,1,HGNC_symbol,False
EPHB3,P54753,1,HGNC_symbol,True
EPHB4,P54760,1,HGNC_symbol,False
EPHB6,O15197,1,HGNC_symbol,True
EPHX1,P07099,1,HGNC_symbol,False
EPHX2,P34913,1,HGNC_symbol,False
EPHX3,Q9H6B9,1,HGNC_symbol,False
EPHX4,Q8IUS5,1,HGNC_symbol,True
EPM2A,B3EWF7,1,HGNC_symbol,False
EPM2AIP1,Q7L775,1,HGNC_symbol,False
EPN1,Q9Y6I3,1,HGNC_symbol,False
EPN2,O95208,1,HGNC_symbol,False
EPN3,Q9H201,1,HGNC_symbol,True
EPO,P01588,1,HGNC_symbol,True
EPOP,A6NHQ4,1,HGNC_symbol,False
EPOR,P19235,1,HGNC_symbol,True
EPPIN,O95925,1,HGNC_symbol,False
EPPK1,P58107,1,HGNC_symbol,False
EPRS,1FYJ,5,STRING_alias,False
EPRS1,P07814,1,HGNC_symbol,False
EPS15,P42566,1,HGNC_symbol,True
EPS15L1,Q9UBC2,1,HGNC_symbol,True
EPS8,Q12929,1,HGNC_symbol,False
EPS8L1,Q8TE68,1,HGNC_symbol,True
EPS8L2,Q9H6S3,1,HGNC_symbol,False
EPS8L3,Q8TE67,1,HGNC_symbol,True
EPSTI1,Q96J88,1,HGNC_symbol,False
EPT1,2.7.8.1,5,STRING_alias,False
EPX,P11678,1,HGNC_symbol,False
EPYC,Q99645,1,HGNC_symbol,True
EQTN,Q9NQ60,1,HGNC_symbol,True
ERAL1,O75616,1,HGNC_symbol,False
ERAP1,Q9NZ08,1,HGNC_symbol,False
ERAP2,Q6P179,1,HGNC_symbol,False
ERAS,Q7Z444,1,HGNC_symbol,False
ERBB2,P04626,1,HGNC_symbol,False
ERBB2IP,1MFG,5,STRING_alias,False
ERBB3,P21860,1,HGNC_symbol,False
ERBB4,Q15303,1,HGNC_symbol,False
ERBIN,Q96RT1,1,HGNC_symbol,False
ERC1,Q8IUD2,1,HGNC_symbol,False
ERC2,O15083,1,HGNC_symbol,False
ERCC1,P07992,1,HGNC_symbol,True
ERCC2,P18074,1,HGNC_symbol,False
ERCC3,P19447,1,HGNC_symbol,False
ERCC4,Q92889,1,HGNC_symbol,False
ERCC5,P28715,1,HGNC_symbol,False
ERCC6,Q03468,1,HGNC_symbol,False
ERCC6L,Q2NKX8,1,HGNC_symbol,False
ERCC6L2,Q5T890,1,HGNC_symbol,False
ERCC8,Q13216,1,HGNC_symbol,False
EREG,O14944,1,HGNC_symbol,False
ERF,P50548,1,HGNC_symbol,True
ERFE,Q4G0M1,1,HGNC_symbol,True
ERFL,A0A1W2PQ73,1,HGNC_symbol,False
ERG,P11308,1,HGNC_symbol,False
ERG28,Q9UKR5,1,HGNC_symbol,False
ERGIC1,Q969X5,1,HGNC_symbol,True
ERGIC2,Q96RQ1,1,HGNC_symbol,True
ERGIC3,Q9Y282,1,HGNC_symbol,True
ERH,P84090,1,HGNC_symbol,False
ERHP1,,0,unmapped,False
ERI1,Q8IV48,1,HGNC_symbol,True
ERI2,A8K979,1,HGNC_symbol,True
ERI3,O43414,1,HGNC_symbol,True
ERI3-IT1,,0,unmapped,False
ERICH1,Q86X53,1,HGNC_symbol,False
ERICH1-AS1,,0,unmapped,False
ERICH2,A1L162,1,HGNC_symbol,False
ERICH3,Q5RHP9,1,HGNC_symbol,False
ERICH4,A6NGS2,1,HGNC_symbol,False
ERICH5,Q6P6B1,1,HGNC_symbol,True
ERICH6,Q7L0X2,1,HGNC_symbol,False
ERICH6B,Q5W0A0,1,HGNC_symbol,False
ERLEC1,Q96DZ1,1,HGNC_symbol,True
ERLIN1,O75477,1,HGNC_symbol,False
ERLIN2,O94905,1,HGNC_symbol,True
ERLN,P0DI80,1,HGNC_symbol,False
ERMAP,Q96PL5,1,HGNC_symbol,False
ERMARD,Q5T6L9,1,HGNC_symbol,True
ERMN,Q8TAM6,1,HGNC_symbol,False
ERMP1,Q7Z2K6,1,HGNC_symbol,True
ERN1,O75460,1,HGNC_symbol,True
ERN2,Q76MJ5,1,HGNC_symbol,False
ERO1A,Q96HE7,1,HGNC_symbol,False
ERO1B,Q86YB8,1,HGNC_symbol,False
ERO1L,1.8.4.-,5,STRING_alias,False
ERO1LB,1.8.4.-,5,STRING_alias,False
ERP27,Q96DN0,1,HGNC_symbol,False
ERP29,P30040,1,HGNC_symbol,True
ERP29P1,,0,unmapped,False
ERP44,Q9BS26,1,HGNC_symbol,False
ERRFI1,Q9UJM3,1,HGNC_symbol,True
ERV3-1,Q14264,1,HGNC_symbol,True
ERVFRD-1,P60508,1,HGNC_symbol,False
ERVK13-1,Q9NX77,1,HGNC_symbol,True
ERVK3-1,B3KNS4,1,HGNC_symbol,True
ERVMER34-1,Q9H9K5,1,HGNC_symbol,True
ERVV-1,B6SEH8,1,HGNC_symbol,False
ERVV-2,B6SEH9,1,HGNC_symbol,False
ERVW-1,Q9UQF0,1,HGNC_symbol,False
ESAM,Q96AP7,1,HGNC_symbol,False
ESCO1,Q5FWF5,1,HGNC_symbol,True
ESCO2,Q56NI9,1,HGNC_symbol,False
ESD,P10768,1,HGNC_symbol,False
ESF1,Q9H501,1,HGNC_symbol,False
ESM1,Q9NQ30,1,HGNC_symbol,False
ESPL1,Q14674,1,HGNC_symbol,False
ESPN,B1AK53,1,HGNC_symbol,False
ESPNL,Q6ZVH7,1,HGNC_symbol,False
ESPNP,,0,unmapped,False
ESR1,P03372,1,HGNC_symbol,False
ESR2,Q92731,1,HGNC_symbol,False
ESRP1,Q6NXG1,1,HGNC_symbol,False
ESRP2,Q9H6T0,1,HGNC_symbol,False
ESRRA,P11474,1,HGNC_symbol,True
ESRRB,O95718,1,HGNC_symbol,True
ESRRG,P62508,1,HGNC_symbol,False
ESS2,Q96DF8,1,HGNC_symbol,True
ESX1,Q8N693,1,HGNC_symbol,True
ESYT1,Q9BSJ8,1,HGNC_symbol,False
ESYT2,A0FGR8,1,HGNC_symbol,True
ESYT3,A0FGR9,1,HGNC_symbol,True
ETAA1,Q9NY74,1,HGNC_symbol,True
ETDA,Q3ZM63,1,HGNC_symbol,False
ETDB,P0DPP9,1,HGNC_symbol,False
ETDC,A0A1B0GVM5,1,HGNC_symbol,True
ETF1,P62495,1,HGNC_symbol,True
ETF1P2,,0,unmapped,False
ETF1P3,,0,unmapped,False
ETFA,P13804,1,HGNC_symbol,False
ETFB,P38117,1,HGNC_symbol,False
ETFBKMT,Q8IXQ9,1,HGNC_symbol,False
ETFDH,Q16134,1,HGNC_symbol,True
ETFRF1,Q6IPR1,1,HGNC_symbol,False
ETHE1,O95571,1,HGNC_symbol,True
ETNK1,Q9HBU6,1,HGNC_symbol,True
ETNK2,Q9NVF9,1,HGNC_symbol,True
ETNPPL,Q8TBG4,1,HGNC_symbol,False
ETS1,P14921,1,HGNC_symbol,False
ETS2,P15036,1,HGNC_symbol,False
ETV1,P50549,1,HGNC_symbol,True
ETV2,O00321,1,HGNC_symbol,True
ETV3,P41162,1,HGNC_symbol,False
ETV3L,Q6ZN32,1,HGNC_symbol,True
ETV4,P43268,1,HGNC_symbol,True
ETV5,P41161,1,HGNC_symbol,False
ETV6,P41212,1,HGNC_symbol,False
ETV7,Q9Y603,1,HGNC_symbol,False
EVA1A,Q9H8M9,1,HGNC_symbol,False
EVA1B,Q9NVM1,1,HGNC_symbol,True
EVA1C,P58658,1,HGNC_symbol,False
EVC,P57679,1,HGNC_symbol,False
EVC2,Q86UK5,1,HGNC_symbol,False
EVI2A,P22794,1,HGNC_symbol,False
EVI2B,P34910,1,HGNC_symbol,True
EVI5,O60447,1,HGNC_symbol,True
EVI5L,Q96CN4,1,HGNC_symbol,True
EVL,Q9UI08,1,HGNC_symbol,False
EVPL,Q92817,1,HGNC_symbol,False
EVPLL,A8MZ36,1,HGNC_symbol,True
EVX1,P49640,1,HGNC_symbol,False
EVX2,Q03828,1,HGNC_symbol,True
EWSR1,Q01844,1,HGNC_symbol,False
EXD1,Q8NHP7,1,HGNC_symbol,False
EXD2,Q9NVH0,1,HGNC_symbol,False
EXD3,Q8N9H8,1,HGNC_symbol,True
EXO1,Q9UQ84,1,HGNC_symbol,True
EXO5,Q9H790,1,HGNC_symbol,False
EXOC1,Q9NV70,1,HGNC_symbol,False
EXOC1L,A0A1B0GW35,1,HGNC_symbol,False
EXOC2,Q96KP1,1,HGNC_symbol,True
EXOC3,O60645,1,HGNC_symbol,False
EXOC3L1,Q86VI1,1,HGNC_symbol,True
EXOC3L2,Q2M3D2,1,HGNC_symbol,False
EXOC3L4,Q17RC7,1,HGNC_symbol,False
EXOC4,Q96A65,1,HGNC_symbol,False
EXOC5,O00471,1,HGNC_symbol,True
EXOC5P1,,0,unmapped,False
EXOC6,Q8TAG9,1,HGNC_symbol,True
EXOC6B,Q9Y2D4,1,HGNC_symbol,False
EXOC7,Q9UPT5,1,HGNC_symbol,False
EXOC8,Q8IYI6,1,HGNC_symbol,True
EXOG,Q9Y2C4,1,HGNC_symbol,True
EXOSC1,Q9Y3B2,1,HGNC_symbol,True
EXOSC10,Q01780,1,HGNC_symbol,True
EXOSC2,Q13868,1,HGNC_symbol,False
EXOSC3,Q9NQT5,1,HGNC_symbol,False
EXOSC3P1,,0,unmapped,False
EXOSC4,Q9NPD3,1,HGNC_symbol,False
EXOSC5,Q9NQT4,1,HGNC_symbol,True
EXOSC6,Q5RKV6,1,HGNC_symbol,False
EXOSC7,Q15024,1,HGNC_symbol,False
EXOSC8,Q96B26,1,HGNC_symbol,False
EXOSC9,Q06265,1,HGNC_symbol,True
EXPH5,Q8NEV8,1,HGNC_symbol,False
EXT1,Q16394,1,HGNC_symbol,True
EXT2,Q93063,1,HGNC_symbol,False
EXTL1,Q92935,1,HGNC_symbol,False
EXTL2,Q9UBQ6,1,HGNC_symbol,False
EXTL3,O43909,1,HGNC_symbol,True
EXTL3-AS1,,0,unmapped,False
EYA1,Q99502,1,HGNC_symbol,True
EYA2,O00167,1,HGNC_symbol,False
EYA3,Q99504,1,HGNC_symbol,False
EYA4,O95677,1,HGNC_symbol,True
EYS,Q5T1H1,1,HGNC_symbol,False
EZH1,Q92800,1,HGNC_symbol,True
EZH2,Q15910,1,HGNC_symbol,True
EZH2P1,,0,unmapped,False
EZHIP,Q86X51,1,HGNC_symbol,False
EZR,P15311,1,HGNC_symbol,True
F10,P00742,1,HGNC_symbol,False
F11,P03951,1,HGNC_symbol,False
F11R,Q9Y624,1,HGNC_symbol,False
F12,P00748,1,HGNC_symbol,False
F13A1,P00488,1,HGNC_symbol,False
F13B,P05160,1,HGNC_symbol,True
F2,P00734,1,HGNC_symbol,False
F2R,P25116,1,HGNC_symbol,True
F2RL1,P55085,1,HGNC_symbol,True
F2RL2,O00254,1,HGNC_symbol,True
F2RL3,Q96RI0,1,HGNC_symbol,True
F3,P13726,1,HGNC_symbol,True
F5,P12259,1,HGNC_symbol,False
F7,P08709,1,HGNC_symbol,False
F8,P00451,1,HGNC_symbol,False
F8A1,P23610,1,HGNC_symbol,True
F8A2,40-kDa huntingtin-associated protein,5,STRING_alias,False
F8A3,40-kDa huntingtin-associated protein,5,STRING_alias,False
F9,P00740,1,HGNC_symbol,True
FA2H,Q7L5A8,1,HGNC_symbol,True
FAAH,O00519,1,HGNC_symbol,False
FAAH2,Q6GMR7,1,HGNC_symbol,False
FAAP100,Q0VG06,1,HGNC_symbol,True
FAAP20,Q6NZ36,1,HGNC_symbol,True
FAAP24,Q9BTP7,1,HGNC_symbol,True
FABP1,P07148,1,HGNC_symbol,True
FABP12,A6NFH5,1,HGNC_symbol,True
FABP2,P12104,1,HGNC_symbol,True
FABP3,P05413,1,HGNC_symbol,True
FABP4,P15090,1,HGNC_symbol,False
FABP5,Q01469,1,HGNC_symbol,False
FABP5P1,,0,unmapped,False
FABP5P2,,0,unmapped,False
FABP5P7,,0,unmapped,False
FABP6,P51161,1,HGNC_symbol,False
FABP7,O15540,1,HGNC_symbol,False
FABP9,Q0Z7S8,1,HGNC_symbol,False
FADD,Q13158,1,HGNC_symbol,False
FADS1,O60427,1,HGNC_symbol,True
FADS2,O95864,1,HGNC_symbol,False
FADS3,Q9Y5Q0,1,HGNC_symbol,False
FADS6,Q8N9I5,1,HGNC_symbol,True
FAF1,Q9UNN5,1,HGNC_symbol,False
FAF2,Q96CS3,1,HGNC_symbol,False
FAH,P16930,1,HGNC_symbol,True
FAHD1,Q6P587,1,HGNC_symbol,False
FAHD2A,Q96GK7,1,HGNC_symbol,True
FAHD2B,Q6P2I3,1,HGNC_symbol,False
FAHD2CP,,0,unmapped,False
FAIM,Q9NVQ4,1,HGNC_symbol,False
FAIM2,Q9BWQ8,1,HGNC_symbol,False
FAIM3,9214,5,STRING_alias,False
FAM101A,100533183,5,STRING_alias,False
FAM101B,,0,unmapped,False
FAM102A,399665,5,STRING_alias,False
FAM102B,284611,5,STRING_alias,False
FAM103A1,5E8J,5,STRING_alias,False
FAM103A2P,,0,unmapped,False
FAM104A,84923,5,STRING_alias,False
FAM104B,90736,5,STRING_alias,False
FAM105A,54491,5,STRING_alias,False
FAM105B,3.4.19.12,5,STRING_alias,False
FAM106A,Q4KMX7,1,HGNC_symbol,False
FAM106B,,0,unmapped,False
FAM106CP,,0,unmapped,False
FAM107A,O95990,1,HGNC_symbol,True
FAM107B,Q9H098,1,HGNC_symbol,False
FAM109A,144717,5,STRING_alias,False
FAM109B,150368,5,STRING_alias,False
FAM110A,Q9BQ89,1,HGNC_symbol,False
FAM110B,Q8TC76,1,HGNC_symbol,True
FAM110C,Q1W6H9,1,HGNC_symbol,False
FAM110D,Q8TAY7,1,HGNC_symbol,True
FAM111A,Q96PZ2,1,HGNC_symbol,True
FAM111B,Q6SJ93,1,HGNC_symbol,False
FAM114A1,Q8IWE2,1,HGNC_symbol,True
FAM114A2,Q9NRY5,1,HGNC_symbol,False
FAM115A,9747,5,STRING_alias,False
FAM115B,,0,unmapped,False
FAM115C,285966,5,STRING_alias,False
FAM115D,,0,unmapped,False
FAM117A,Q9C073,1,HGNC_symbol,False
FAM117B,Q6P1L5,1,HGNC_symbol,False
FAM118A,Q9NWS6,1,HGNC_symbol,True
FAM118B,Q9BPY3,1,HGNC_symbol,True
FAM120A,Q9NZB2,1,HGNC_symbol,False
FAM120AOS,Q5T036,1,HGNC_symbol,True
FAM120B,Q96EK7,1,HGNC_symbol,False
FAM120C,Q9NX05,1,HGNC_symbol,False
FAM122A,116224,5,STRING_alias,False
FAM122B,159090,5,STRING_alias,False
FAM122C,159091,5,STRING_alias,False
FAM124A,Q86V42,1,HGNC_symbol,False
FAM124B,Q9H5Z6,1,HGNC_symbol,False
FAM126A,5DSE,5,STRING_alias,False
FAM126B,285172,5,STRING_alias,False
FAM127A,8933,5,STRING_alias,False
FAM127B,26071,5,STRING_alias,False
FAM127C,441518,5,STRING_alias,False
FAM129A,116496,5,STRING_alias,False
FAM129B,64855,5,STRING_alias,False
FAM129C,199786,5,STRING_alias,False
FAM131A,Q6UXB0,1,HGNC_symbol,False
FAM131B,Q86XD5,1,HGNC_symbol,True
FAM131C,Q96AQ9,1,HGNC_symbol,True
FAM132A,388581,5,STRING_alias,False
FAM132B,151176,5,STRING_alias,False
FAM133A,Q8N9E0,1,HGNC_symbol,True
FAM133B,Q5BKY9,1,HGNC_symbol,False
FAM133DP,,0,unmapped,False
FAM134A,6EWC,5,STRING_alias,False
FAM134B,54463,5,STRING_alias,False
FAM134C,162427,5,STRING_alias,False
FAM135A,Q9P2D6,1,HGNC_symbol,False
FAM135B,Q49AJ0,1,HGNC_symbol,False
FAM136A,Q96C01,1,HGNC_symbol,False
FAM13A,O94988,1,HGNC_symbol,False
FAM13A-AS1,,0,unmapped,False
FAM13B,Q9NYF5,1,HGNC_symbol,False
FAM13C,Q8NE31,1,HGNC_symbol,True
FAM149A,A5PLN7,1,HGNC_symbol,False
FAM149B1,Q96BN6,1,HGNC_symbol,True
FAM149B1P1,,0,unmapped,False
FAM150B,285016,5,STRING_alias,False
FAM151A,Q8WW52,1,HGNC_symbol,True
FAM151B,Q6UXP7,1,HGNC_symbol,False
FAM153A,Q9UHL3,1,HGNC_symbol,False
FAM153B,P0C7A2,1,HGNC_symbol,False
FAM153C,,0,unmapped,False
FAM154B,283726,5,STRING_alias,False
FAM155B,27112,5,STRING_alias,False
FAM156A,Q8NDB6,1,HGNC_symbol,False
FAM156B,29057,5,STRING_alias,False
FAM157A,C9JC47,1,HGNC_symbol,False
FAM157B,P0CG42,1,HGNC_symbol,False
FAM157C,P0CG43,1,HGNC_symbol,False
FAM159A,348378,5,STRING_alias,False
FAM160A1,729830,5,STRING_alias,False
FAM160A2,84067,5,STRING_alias,False
FAM160B1,57700,5,STRING_alias,False
FAM160B2,64760,5,STRING_alias,False
FAM161A,Q3B820,1,HGNC_symbol,False
FAM161B,Q96MY7,1,HGNC_symbol,False
FAM162A,Q96A26,1,HGNC_symbol,False
FAM162B,Q5T6X4,1,HGNC_symbol,False
FAM163A,Q96GL9,1,HGNC_symbol,True
FAM163B,P0C2L3,1,HGNC_symbol,True
FAM166A,401565,5,STRING_alias,False
FAM166B,730112,5,STRING_alias,False
FAM167A,Q96KS9,1,HGNC_symbol,False
FAM167B,Q9BTA0,1,HGNC_symbol,True
FAM168A,Q92567,1,HGNC_symbol,False
FAM168B,A1KXE4,1,HGNC_symbol,True
FAM169A,Q9Y6X4,1,HGNC_symbol,False
FAM170A,A1A519,1,HGNC_symbol,False
FAM170B,A6NMN3,1,HGNC_symbol,True
FAM171A1,Q5VUB5,1,HGNC_symbol,True
FAM171A2,A8MVW0,1,HGNC_symbol,False
FAM171B,Q6P995,1,HGNC_symbol,True
FAM172A,83989,5,STRING_alias,False
FAM172BP,,0,unmapped,False
FAM173A,2.1.1.-,5,STRING_alias,False
FAM173B,134145,5,STRING_alias,False
FAM174A,Q8TBP5,1,HGNC_symbol,False
FAM174B,Q3ZCQ3,1,HGNC_symbol,False
FAM174C,Q9BVV8,1,HGNC_symbol,True
FAM175A,4JLU,5,STRING_alias,False
FAM175B,23172,5,STRING_alias,False
FAM177A1,Q8N128,1,HGNC_symbol,True
FAM177B,A6PVY3,1,HGNC_symbol,False
FAM178A,55719,5,STRING_alias,False
FAM178B,Q8IXR5,1,HGNC_symbol,False
FAM179A,165186,5,STRING_alias,False
FAM179B,23116,5,STRING_alias,False
FAM180A,Q6UWF9,1,HGNC_symbol,False
FAM180B,Q6P0A1,1,HGNC_symbol,True
FAM181A,Q8N9Y4,1,HGNC_symbol,True
FAM181B,A6NEQ2,1,HGNC_symbol,False
FAM183B,,0,unmapped,False
FAM184A,Q8NB25,1,HGNC_symbol,False
FAM184B,Q9ULE4,1,HGNC_symbol,False
FAM185A,Q8N0U4,1,HGNC_symbol,False
FAM185BP,,0,unmapped,False
FAM186A,A6NE01,1,HGNC_symbol,False
FAM186B,Q8IYM0,1,HGNC_symbol,False
FAM187A,A6NFU0,1,HGNC_symbol,False
FAM187B,Q17R55,1,HGNC_symbol,True
FAM188A,3.4.19.12,5,STRING_alias,False
FAM188B,3.4.19.12,5,STRING_alias,False
FAM189B,10712,5,STRING_alias,False
FAM192A,80011,5,STRING_alias,False
FAM193A,P78312,1,HGNC_symbol,False
FAM193B,Q96PV7,1,HGNC_symbol,False
FAM194A,131831,5,STRING_alias,False
FAM195A,84331,5,STRING_alias,False
FAM195B,348262,5,STRING_alias,False
FAM196A,642938,5,STRING_alias,False
FAM198A,729085,5,STRING_alias,False
FAM198B,51313,5,STRING_alias,False
FAM199X,Q6PEV8,1,HGNC_symbol,False
FAM19A2,338811,5,STRING_alias,False
FAM19A5,25817,5,STRING_alias,False
FAM200A,Q8TCP9,1,HGNC_symbol,True
FAM200B,P0CF97,1,HGNC_symbol,False
FAM200C,Q8IZ13,1,HGNC_symbol,False
FAM201A,Q5SY85,1,HGNC_symbol,False
FAM203A,51236,5,STRING_alias,False
FAM203B,51236,5,STRING_alias,False
FAM204A,Q9H8W3,1,HGNC_symbol,True
FAM204BP,,0,unmapped,False
FAM206A,54942,5,STRING_alias,False
FAM207A,85395,5,STRING_alias,False
FAM207BP,,0,unmapped,False
FAM208A,23272,5,STRING_alias,False
FAM208B,54906,5,STRING_alias,False
FAM209A,Q5JX71,1,HGNC_symbol,False
FAM209B,Q5JX69,1,HGNC_symbol,False
FAM20A,Q96MK3,1,HGNC_symbol,True
FAM20B,O75063,1,HGNC_symbol,False
FAM20C,Q8IXL6,1,HGNC_symbol,False
FAM210A,Q96ND0,1,HGNC_symbol,False
FAM210B,Q96KR6,1,HGNC_symbol,True
FAM211A,388341,5,STRING_alias,False
FAM211A-AS1,,0,unmapped,False
FAM211B,388886,5,STRING_alias,False
FAM212A,389119,5,STRING_alias,False
FAM212B,55924,5,STRING_alias,False
FAM212B-AS1,,0,unmapped,False
FAM213A,84293,5,STRING_alias,False
FAM213B,1.11.1.20,5,STRING_alias,False
FAM214A,56204,5,STRING_alias,False
FAM214B,Q7L5A3,5,STRING_alias,False
FAM215A,Q9Y5M1,1,HGNC_symbol,False
FAM216A,Q8WUB2,1,HGNC_symbol,True
FAM216B,Q8N7L0,1,HGNC_symbol,True
FAM217A,Q8IXS0,1,HGNC_symbol,True
FAM217B,Q9NTX9,1,HGNC_symbol,False
FAM218A,Q96MZ4,1,HGNC_symbol,False
FAM219A,Q8IW50,1,HGNC_symbol,False
FAM219B,Q5XKK7,1,HGNC_symbol,False
FAM21A,387680,5,STRING_alias,False
FAM21B,387680,5,STRING_alias,False
FAM21C,253725,5,STRING_alias,False
FAM21D,,0,unmapped,False
FAM21FP,,0,unmapped,False
FAM220A,Q7Z4H9,1,HGNC_symbol,False
FAM221A,A4D161,1,HGNC_symbol,False
FAM221B,A6H8Z2,1,HGNC_symbol,False
FAM222A,Q5U5X8,1,HGNC_symbol,False
FAM222B,Q8WU58,1,HGNC_symbol,True
FAM225A,,0,unmapped,False
FAM225B,,0,unmapped,False
FAM227A,F5H4B4,1,HGNC_symbol,False
FAM227B,Q96M60,1,HGNC_symbol,True
FAM228A,Q86W67,1,HGNC_symbol,True
FAM228B,P0C875,1,HGNC_symbol,True
FAM229A,H3BQW9,1,HGNC_symbol,False
FAM229B,Q4G0N7,1,HGNC_symbol,True
FAM231D,,0,unmapped,False
FAM234A,Q9H0X4,1,HGNC_symbol,True
FAM234B,A2RU67,1,HGNC_symbol,False
FAM236A,A0A1B0GUQ0,1,HGNC_symbol,False
FAM236B,A0A1B0GV22,1,HGNC_symbol,True
FAM236C,P0DP71,1,HGNC_symbol,False
FAM236D,A0A1B0GTK5,1,HGNC_symbol,False
FAM237A,A0A1B0GTK4,1,HGNC_symbol,True
FAM237B,A0A1B0GVD1,1,HGNC_symbol,True
FAM240A,A0A1B0GVK7,1,HGNC_symbol,False
FAM240B,A0A1B0GVZ2,1,HGNC_symbol,True
FAM240C,A0A1B0GVR7,1,HGNC_symbol,False
FAM241A,Q8N8J7,1,HGNC_symbol,False
FAM241B,Q96D05,1,HGNC_symbol,True
FAM246A,A0A494C0Y3,1,HGNC_symbol,True
FAM246B,A0A494C0N9,1,HGNC_symbol,True
FAM246C,P0DSO1,1,HGNC_symbol,False
FAM24A,A6NFZ4,1,HGNC_symbol,False
FAM24B,Q8N5W8,1,HGNC_symbol,True
FAM25A,B3EWG3,1,HGNC_symbol,False
FAM25C,B3EWG5,1,HGNC_symbol,True
FAM25G,B3EWG6,1,HGNC_symbol,True
FAM26E,254228,5,STRING_alias,False
FAM26F,441168,5,STRING_alias,False
FAM27E3,Q08E93,1,HGNC_symbol,False
FAM32A,Q9Y421,1,HGNC_symbol,True
FAM32B,,0,unmapped,False
FAM35A,54537,5,STRING_alias,False
FAM35BP,,0,unmapped,False
FAM35CP,,0,unmapped,False
FAM35DP,,0,unmapped,False
FAM3A,P98173,1,HGNC_symbol,False
FAM3B,P58499,1,HGNC_symbol,True
FAM3C,Q92520,1,HGNC_symbol,True
FAM3C2,,0,unmapped,False
FAM3D,Q96BQ1,1,HGNC_symbol,True
FAM43A,Q8N2R8,1,HGNC_symbol,False
FAM43B,Q6ZT52,1,HGNC_symbol,False
FAM45A,404636,5,STRING_alias,False
FAM45B,,0,unmapped,False
FAM46A,2.7.7.-,5,STRING_alias,False
FAM46B,115572,5,STRING_alias,False
FAM46C,2.7.7.19,5,STRING_alias,False
FAM47A,Q5JRC9,1,HGNC_symbol,False
FAM47B,Q8NA70,1,HGNC_symbol,True
FAM47C,Q5HY64,1,HGNC_symbol,False
FAM47E,Q6ZV65,1,HGNC_symbol,False
FAM47E-STBD1,,0,unmapped,False
FAM49A,81553,5,STRING_alias,False
FAM49B,51571,5,STRING_alias,False
FAM50A,Q14320,1,HGNC_symbol,True
FAM50B,Q9Y247,1,HGNC_symbol,False
FAM53A,Q6NSI3,1,HGNC_symbol,False
FAM53B,Q14153,1,HGNC_symbol,True
FAM53C,Q9NYF3,1,HGNC_symbol,False
FAM57A,79850,5,STRING_alias,False
FAM57B,2.3.1.-,5,STRING_alias,False
FAM58A,92002,5,STRING_alias,False
FAM58DP,,0,unmapped,False
FAM60A,58516,5,STRING_alias,False
FAM60BP,,0,unmapped,False
FAM60CP,,0,unmapped,False
FAM63A,3.4.19.12,5,STRING_alias,False
FAM63B,3.4.19.12,5,STRING_alias,False
FAM64A,54478,5,STRING_alias,False
FAM65A,79567,5,STRING_alias,False
FAM65B,9750,5,STRING_alias,False
FAM65C,140876,5,STRING_alias,False
FAM66A,,0,unmapped,False
FAM66B,,0,unmapped,False
FAM66C,,0,unmapped,False
FAM66D,,0,unmapped,False
FAM69A,388650,5,STRING_alias,False
FAM69B,138311,5,STRING_alias,False
FAM71A,149647,5,STRING_alias,False
FAM71E1,112703,5,STRING_alias,False
FAM71F2,346653,5,STRING_alias,False
FAM72A,Q5TYM5,1,HGNC_symbol,True
FAM72B,Q86X60,1,HGNC_symbol,False
FAM72C,H0Y354,1,HGNC_symbol,False
FAM72D,Q6L9T8,1,HGNC_symbol,True
FAM73A,374986,5,STRING_alias,False
FAM73B,84895,5,STRING_alias,False
FAM76A,Q8TAV0,1,HGNC_symbol,False
FAM76B,Q5HYJ3,1,HGNC_symbol,False
FAM78A,Q5JUQ0,1,HGNC_symbol,False
FAM78B,Q5VT40,1,HGNC_symbol,True
FAM81A,Q8TBF8,1,HGNC_symbol,False
FAM81B,Q96LP2,1,HGNC_symbol,False
FAM83A,Q86UY5,1,HGNC_symbol,False
FAM83B,Q5T0W9,1,HGNC_symbol,True
FAM83C,Q9BQN1,1,HGNC_symbol,True
FAM83D,Q9H4H8,1,HGNC_symbol,False
FAM83E,Q2M2I3,1,HGNC_symbol,False
FAM83F,Q8NEG4,1,HGNC_symbol,True
FAM83G,A6ND36,1,HGNC_symbol,True
FAM83H,Q6ZRV2,1,HGNC_symbol,False
FAM83H-AS1,,0,unmapped,False
FAM84A,151354,5,STRING_alias,False
FAM84B,157638,5,STRING_alias,False
FAM85A,,0,unmapped,False
FAM85B,,0,unmapped,False
FAM86A,196483,5,STRING_alias,False
FAM86B1,Q8N7N1,1,HGNC_symbol,True
FAM86B2,P0C5J1,1,HGNC_symbol,False
FAM86B3P,,0,unmapped,False
FAM86C1,2.1.1.-,5,STRING_alias,False
FAM86C2P,A6NEL3,1,HGNC_symbol,False
FAM86DP,,0,unmapped,False
FAM86EP,,0,unmapped,False
FAM86FP,,0,unmapped,False
FAM86HP,,0,unmapped,False
FAM86JP,Q05BU3,1,HGNC_symbol,False
FAM89A,Q96GI7,1,HGNC_symbol,True
FAM89B,Q8N5H3,1,HGNC_symbol,True
FAM8A1,Q9UBU6,1,HGNC_symbol,True
FAM8A6P,,0,unmapped,False
FAM90A1,Q86YD7,1,HGNC_symbol,True
FAM90A10,A6NDY2,1,HGNC_symbol,False
FAM90A11,A0A8V8TNH8,1,HGNC_symbol,True
FAM90A12,A8MX19,1,HGNC_symbol,False
FAM90A13,P0C7W8,1,HGNC_symbol,True
FAM90A14,P0C7W9,1,HGNC_symbol,True
FAM90A15,P0C7V4,1,HGNC_symbol,False
FAM90A16,P0DV73,1,HGNC_symbol,True
FAM90A17,P0DV74,1,HGNC_symbol,True
FAM90A18,P0DV75,1,HGNC_symbol,False
FAM90A19,P0DV76,1,HGNC_symbol,False
FAM90A20,A6NIJ5,1,HGNC_symbol,False
FAM90A22,A8MWA6,1,HGNC_symbol,True
FAM90A23,A8MXZ1,1,HGNC_symbol,False
FAM90A24,P0C7X0,1,HGNC_symbol,True
FAM90A26,D6RGX4,1,HGNC_symbol,True
FAM90A3,A0A8V8TPE2,1,HGNC_symbol,False
FAM90A5,A8MXJ8,1,HGNC_symbol,False
FAM90A7,A6NKC0,1,HGNC_symbol,False
FAM90A8,A6NJQ4,1,HGNC_symbol,True
FAM90A9,A6NNJ1,1,HGNC_symbol,True
FAM91A1,Q658Y4,1,HGNC_symbol,False
FAM92A1,137392,5,STRING_alias,False
FAM92A1P1,,0,unmapped,False
FAM95B1,,0,unmapped,False
FAM96A,2M5H,5,STRING_alias,False
FAM96AP2,,0,unmapped,False
FAM96B,51647,5,STRING_alias,False
FAM98A,Q8NCA5,1,HGNC_symbol,False
FAM98B,Q52LJ0,1,HGNC_symbol,True
FAM98C,Q17RN3,1,HGNC_symbol,True
FAM9A,Q8IZU1,1,HGNC_symbol,True
FAM9B,Q8IZU0,1,HGNC_symbol,True
FAM9C,Q8IZT9,1,HGNC_symbol,False
FAN1,Q9Y2M0,1,HGNC_symbol,True
FANCA,O15360,1,HGNC_symbol,False
FANCB,Q8NB91,1,HGNC_symbol,True
FANCC,Q00597,1,HGNC_symbol,False
FANCD2,Q9BXW9,1,HGNC_symbol,False
FANCD2OS,Q96PS1,1,HGNC_symbol,False
FANCD2P2,,0,unmapped,False
FANCE,Q9HB96,1,HGNC_symbol,False
FANCF,Q9NPI8,1,HGNC_symbol,False
FANCG,O15287,1,HGNC_symbol,True
FANCI,Q9NVI1,1,HGNC_symbol,False
FANCL,Q9NW38,1,HGNC_symbol,True
FANCM,Q8IYD8,1,HGNC_symbol,False
FANK1,Q8TC84,1,HGNC_symbol,False
FAP,Q12884,1,HGNC_symbol,True
FAR1,Q8WVX9,1,HGNC_symbol,True
FAR1-IT1,,0,unmapped,False
FAR2,Q96K12,1,HGNC_symbol,False
FAR2P2,,0,unmapped,False
FARP1,Q9Y4F1,1,HGNC_symbol,False
FARP2,O94887,1,HGNC_symbol,False
FARS2,O95363,1,HGNC_symbol,True
FARSA,Q9Y285,1,HGNC_symbol,False
FARSB,Q9NSD9,1,HGNC_symbol,True
FAS,P25445,1,HGNC_symbol,True
FASLG,P48023,1,HGNC_symbol,True
FASN,P49327,1,HGNC_symbol,False
FASTK,Q14296,1,HGNC_symbol,True
FASTKD1,Q53R41,1,HGNC_symbol,True
FASTKD2,Q9NYY8,1,HGNC_symbol,True
FASTKD3,Q14CZ7,1,HGNC_symbol,False
FASTKD5,Q7L8L6,1,HGNC_symbol,True
FAT1,Q14517,1,HGNC_symbol,False
FAT2,Q9NYQ8,1,HGNC_symbol,False
FAT3,Q8TDW7,1,HGNC_symbol,False
FAT4,Q6V0I7,1,HGNC_symbol,False
FATE1,Q969F0,1,HGNC_symbol,True
FAU,P62861,1,HGNC_symbol,True
FAUP1,,0,unmapped,False
FAXC,Q5TGI0,1,HGNC_symbol,False
FAXDC2,Q96IV6,1,HGNC_symbol,True
FBF1,Q8TES7,1,HGNC_symbol,False
FBH1,Q8NFZ0,1,HGNC_symbol,False
FBL,P22087,1,HGNC_symbol,False
FBLIM1,Q8WUP2,1,HGNC_symbol,False
FBLL1,A6NHQ2,1,HGNC_symbol,False
FBLN1,P23142,1,HGNC_symbol,False
FBLN2,P98095,1,HGNC_symbol,False
FBLN5,Q9UBX5,1,HGNC_symbol,False
FBLN7,Q53RD9,1,HGNC_symbol,False
FBN1,P35555,1,HGNC_symbol,False
FBN2,P35556,1,HGNC_symbol,False
FBN3,Q75N90,1,HGNC_symbol,False
FBP1,P09467,1,HGNC_symbol,False
FBP2,O00757,1,HGNC_symbol,False
FBRS,Q9HAH7,1,HGNC_symbol,False
FBRSL1,Q9HCM7,1,HGNC_symbol,False
FBXL12,Q9NXK8,1,HGNC_symbol,True
FBXL13,Q8NEE6,1,HGNC_symbol,True
FBXL14,Q8N1E6,1,HGNC_symbol,True
FBXL15,Q9H469,1,HGNC_symbol,True
FBXL16,Q8N461,1,HGNC_symbol,False
FBXL17,Q9UF56,1,HGNC_symbol,False
FBXL18,Q96ME1,1,HGNC_symbol,False
FBXL19,Q6PCT2,1,HGNC_symbol,False
FBXL19-AS1,Q494R0,1,HGNC_symbol,False
FBXL2,Q9UKC9,1,HGNC_symbol,False
FBXL20,Q96IG2,1,HGNC_symbol,False
FBXL22,Q6P050,1,HGNC_symbol,False
FBXL3,Q9UKT7,1,HGNC_symbol,True
FBXL4,Q9UKA2,1,HGNC_symbol,True
FBXL5,Q9UKA1,1,HGNC_symbol,False
FBXL6,Q8N531,1,HGNC_symbol,True
FBXL7,Q9UJT9,1,HGNC_symbol,True
FBXL8,Q96CD0,1,HGNC_symbol,True
FBXO10,Q9UK96,1,HGNC_symbol,True
FBXO11,Q86XK2,1,HGNC_symbol,True
FBXO15,Q8NCQ5,1,HGNC_symbol,True
FBXO16,Q8IX29,1,HGNC_symbol,False
FBXO17,Q96EF6,1,HGNC_symbol,False
FBXO18,3.6.4.12,5,STRING_alias,False
FBXO2,Q9UK22,1,HGNC_symbol,False
FBXO21,O94952,1,HGNC_symbol,False
FBXO22,Q8NEZ5,1,HGNC_symbol,False
FBXO24,O75426,1,HGNC_symbol,False
FBXO25,Q8TCJ0,1,HGNC_symbol,True
FBXO27,Q8NI29,1,HGNC_symbol,True
FBXO28,Q9NVF7,1,HGNC_symbol,False
FBXO3,Q9UK99,1,HGNC_symbol,False
FBXO30,Q8TB52,1,HGNC_symbol,False
FBXO31,Q5XUX0,1,HGNC_symbol,False
FBXO32,Q969P5,1,HGNC_symbol,False
FBXO33,Q7Z6M2,1,HGNC_symbol,True
FBXO34,Q9NWN3,1,HGNC_symbol,False
FBXO36,Q8NEA4,1,HGNC_symbol,False
FBXO38,Q6PIJ6,1,HGNC_symbol,False
FBXO39,Q8N4B4,1,HGNC_symbol,False
FBXO4,Q9UKT5,1,HGNC_symbol,False
FBXO40,Q9UH90,1,HGNC_symbol,True
FBXO41,Q8TF61,1,HGNC_symbol,True
FBXO42,Q6P3S6,1,HGNC_symbol,False
FBXO43,Q4G163,1,HGNC_symbol,True
FBXO44,Q9H4M3,1,HGNC_symbol,False
FBXO45,P0C2W1,1,HGNC_symbol,True
FBXO46,Q6PJ61,1,HGNC_symbol,False
FBXO47,Q5MNV8,1,HGNC_symbol,False
FBXO48,Q5FWF7,1,HGNC_symbol,False
FBXO5,Q9UKT4,1,HGNC_symbol,False
FBXO6,Q9NRD1,1,HGNC_symbol,True
FBXO7,Q9Y3I1,1,HGNC_symbol,True
FBXO8,Q9NRD0,1,HGNC_symbol,True
FBXO9,Q9UK97,1,HGNC_symbol,False
FBXW10,Q5XX13,1,HGNC_symbol,False
FBXW10B,O95170,1,HGNC_symbol,True
FBXW11,Q9UKB1,1,HGNC_symbol,False
FBXW11P1,,0,unmapped,False
FBXW12,Q6X9E4,1,HGNC_symbol,False
FBXW2,Q9UKT8,1,HGNC_symbol,False
FBXW4,P57775,1,HGNC_symbol,True
FBXW4P1,,0,unmapped,False
FBXW5,Q969U6,1,HGNC_symbol,False
FBXW7,Q969H0,1,HGNC_symbol,True
FBXW8,Q8N3Y1,1,HGNC_symbol,False
FBXW9,Q5XUX1,1,HGNC_symbol,True
FCAMR,Q8WWV6,1,HGNC_symbol,False
FCAR,P24071,1,HGNC_symbol,True
FCER1A,P12319,1,HGNC_symbol,False
FCER1G,P30273,1,HGNC_symbol,False
FCER2,P06734,1,HGNC_symbol,True
FCF1,Q9Y324,1,HGNC_symbol,False
FCF1P1,,0,unmapped,False
FCF1P2,,0,unmapped,False
FCF1P6,,0,unmapped,False
FCF1P7,,0,unmapped,False
FCGBP,Q9Y6R7,1,HGNC_symbol,False
FCGR1A,P12314,1,HGNC_symbol,False
FCGR1B,2210,5,STRING_alias,False
FCGR1C,,0,unmapped,False
FCGR2A,P12318,1,HGNC_symbol,False
FCGR2B,P31994,1,HGNC_symbol,False
FCGR2C,P31995,1,HGNC_symbol,False
FCGR3A,P08637,1,HGNC_symbol,True
FCGR3B,O75015,1,HGNC_symbol,False
FCGRT,P55899,1,HGNC_symbol,False
FCHO1,O14526,1,HGNC_symbol,True
FCHO2,Q0JRZ9,1,HGNC_symbol,True
FCHSD1,Q86WN1,1,HGNC_symbol,False
FCHSD2,O94868,1,HGNC_symbol,True
FCMR,O60667,1,HGNC_symbol,True
FCN1,O00602,1,HGNC_symbol,False
FCN2,Q15485,1,HGNC_symbol,True
FCN3,O75636,1,HGNC_symbol,False
FCRL1,Q96LA6,1,HGNC_symbol,True
FCRL2,Q96LA5,1,HGNC_symbol,True
FCRL3,Q96P31,1,HGNC_symbol,False
FCRL4,Q96PJ5,1,HGNC_symbol,False
FCRL5,Q96RD9,1,HGNC_symbol,False
FCRL6,Q6DN72,1,HGNC_symbol,True
FCRLA,Q7L513,1,HGNC_symbol,False
FCRLB,Q6BAA4,1,HGNC_symbol,False
FCSK,Q8N0W3,1,HGNC_symbol,False
FDCSP,Q8NFU4,1,HGNC_symbol,True
FDFT1,P37268,1,HGNC_symbol,True
FDPS,P14324,1,HGNC_symbol,True
FDPSP1,,0,unmapped,False
FDPSP3,,0,unmapped,False
FDPSP5,,0,unmapped,False
FDPSP8,,0,unmapped,False
FDX1,P10109,1,HGNC_symbol,True
FDX2,Q6P4F2,1,HGNC_symbol,False
FDXACB1,Q9BRP7,1,HGNC_symbol,True
FDXR,P22570,1,HGNC_symbol,False
FECH,P22830,1,HGNC_symbol,False
FEM1A,Q9BSK4,1,HGNC_symbol,False
FEM1B,Q9UK73,1,HGNC_symbol,False
FEM1C,Q96JP0,1,HGNC_symbol,False
FEN1,P39748,1,HGNC_symbol,True
FER,P16591,1,HGNC_symbol,True
FER1L4,,0,unmapped,False
FER1L5,A0AVI2,1,HGNC_symbol,False
FER1L6,Q2WGJ9,1,HGNC_symbol,False
FER1L6-AS1,Q8NA97,1,HGNC_symbol,True
FERD3L,Q96RJ6,1,HGNC_symbol,False
FERMT1,Q9BQL6,1,HGNC_symbol,False
FERMT2,Q96AC1,1,HGNC_symbol,True
FERMT3,Q86UX7,1,HGNC_symbol,True
FERRY3,Q9NQ89,1,HGNC_symbol,False
FES,P07332,1,HGNC_symbol,False
FETUB,Q9UGM5,1,HGNC_symbol,False
FEV,Q99581,1,HGNC_symbol,True
FEZ1,Q99689,1,HGNC_symbol,False
FEZ2,Q9UHY8,1,HGNC_symbol,False
FEZF1,A0PJY2,1,HGNC_symbol,False
FEZF2,Q8TBJ5,1,HGNC_symbol,False
FFAR1,O14842,1,HGNC_symbol,False
FFAR2,O15552,1,HGNC_symbol,True
FFAR3,O14843,1,HGNC_symbol,False
FFAR4,Q5NUL3,1,HGNC_symbol,True
FGA,P02671,1,HGNC_symbol,False
FGB,P02675,1,HGNC_symbol,False
FGD1,P98174,1,HGNC_symbol,False
FGD2,Q7Z6J4,1,HGNC_symbol,True
FGD3,Q5JSP0,1,HGNC_symbol,True
FGD4,Q96M96,1,HGNC_symbol,False
FGD5,Q6ZNL6,1,HGNC_symbol,False
FGD5-AS1,,0,unmapped,False
FGD6,Q6ZV73,1,HGNC_symbol,False
FGF1,P05230,1,HGNC_symbol,True
FGF10,O15520,1,HGNC_symbol,True
FGF11,Q92914,1,HGNC_symbol,False
FGF12,P61328,1,HGNC_symbol,False
FGF13,Q92913,1,HGNC_symbol,False
FGF14,Q92915,1,HGNC_symbol,False
FGF14-AS2,,0,unmapped,False
FGF16,O43320,1,HGNC_symbol,False
FGF17,O60258,1,HGNC_symbol,False
FGF18,O76093,1,HGNC_symbol,True
FGF19,O95750,1,HGNC_symbol,True
FGF2,P09038,1,HGNC_symbol,False
FGF20,Q9NP95,1,HGNC_symbol,False
FGF21,Q9NSA1,1,HGNC_symbol,True
FGF22,Q9HCT0,1,HGNC_symbol,True
FGF23,Q9GZV9,1,HGNC_symbol,True
FGF3,P11487,1,HGNC_symbol,False
FGF4,P08620,1,HGNC_symbol,False
FGF5,P12034,1,HGNC_symbol,True
FGF6,P10767,1,HGNC_symbol,True
FGF7,P21781,1,HGNC_symbol,True
FGF8,P55075,1,HGNC_symbol,False
FGF9,P31371,1,HGNC_symbol,False
FGFBP1,Q14512,1,HGNC_symbol,True
FGFBP2,Q9BYJ0,1,HGNC_symbol,True
FGFBP3,Q8TAT2,1,HGNC_symbol,False
FGFR1,P11362,1,HGNC_symbol,True
FGFR1OP,NM_194429.2,5,STRING_alias,False
FGFR1OP2,Q9NVK5,1,HGNC_symbol,True
FGFR2,P21802,1,HGNC_symbol,False
FGFR3,P22607,1,HGNC_symbol,False
FGFR4,P22455,1,HGNC_symbol,False
FGFRL1,Q8N441,1,HGNC_symbol,False
FGG,P02679,1,HGNC_symbol,True
FGGY,Q96C11,1,HGNC_symbol,True
FGL1,Q08830,1,HGNC_symbol,False
FGL2,Q14314,1,HGNC_symbol,True
FGR,P09769,1,HGNC_symbol,False
FH,P07954,1,HGNC_symbol,True
FHAD1,B1AJZ9,1,HGNC_symbol,False
FHDC1,Q9C0D6,1,HGNC_symbol,False
FHIP1A,Q05DH4,1,HGNC_symbol,False
FHIP1B,Q8N612,1,HGNC_symbol,False
FHIP2A,Q5W0V3,1,HGNC_symbol,False
FHIP2B,Q86V87,1,HGNC_symbol,False
FHIT,P49789,1,HGNC_symbol,False
FHL1,Q13642,1,HGNC_symbol,False
FHL2,Q14192,1,HGNC_symbol,False
FHL3,Q13643,1,HGNC_symbol,True
FHL5,Q5TD97,1,HGNC_symbol,False
FHOD1,Q9Y613,1,HGNC_symbol,False
FHOD3,Q2V2M9,1,HGNC_symbol,False
FHP1,,0,unmapped,False
FIBCD1,Q8N539,1,HGNC_symbol,True
FIBIN,Q8TAL6,1,HGNC_symbol,False
FIBP,O43427,1,HGNC_symbol,True
FICD,Q9BVA6,1,HGNC_symbol,False
FIG4,Q92562,1,HGNC_symbol,True
FIGLA,Q6QHK4,1,HGNC_symbol,True
FIGN,Q5HY92,1,HGNC_symbol,False
FIGNL1,Q6PIW4,1,HGNC_symbol,False
FIGNL2,A6NMB9,1,HGNC_symbol,False
FILIP1,Q7Z7B0,1,HGNC_symbol,False
FILIP1L,Q4L180,1,HGNC_symbol,False
FIP1L1,Q6UN15,1,HGNC_symbol,False
FIRRM,Q9NSG2,1,HGNC_symbol,False
FIS1,Q9Y3D6,1,HGNC_symbol,True
FITM1,A5D6W6,1,HGNC_symbol,True
FITM2,Q8N6M3,1,HGNC_symbol,False
FIZ1,Q96SL8,1,HGNC_symbol,False
FJX1,Q86VR8,1,HGNC_symbol,False
FKBP10,Q96AY3,1,HGNC_symbol,False
FKBP11,Q9NYL4,1,HGNC_symbol,True
FKBP14,Q9NWM8,1,HGNC_symbol,False
FKBP15,Q5T1M5,1,HGNC_symbol,False
FKBP1A,P62942,1,HGNC_symbol,False
FKBP1B,P68106,1,HGNC_symbol,False
FKBP1C,Q5VVH2,1,HGNC_symbol,False
FKBP2,P26885,1,HGNC_symbol,False
FKBP3,Q00688,1,HGNC_symbol,False
FKBP4,Q02790,1,HGNC_symbol,False
FKBP4P1,,0,unmapped,False
FKBP5,Q13451,1,HGNC_symbol,True
FKBP6,O75344,1,HGNC_symbol,False
FKBP7,Q9Y680,1,HGNC_symbol,True
FKBP8,Q14318,1,HGNC_symbol,False
FKBP9,O95302,1,HGNC_symbol,False
FKBP9L,,0,unmapped,False
FKBPL,Q9UIM3,1,HGNC_symbol,False
FKRP,Q9H9S5,1,HGNC_symbol,False
FKTN,O75072,1,HGNC_symbol,False
FLACC1,Q96Q35,1,HGNC_symbol,False
FLAD1,Q8NFF5,1,HGNC_symbol,False
FLCN,Q8NFG4,1,HGNC_symbol,True
FLG,P20930,1,HGNC_symbol,False
FLG-AS1,,0,unmapped,False
FLG2,Q5D862,1,HGNC_symbol,False
FLI1,Q01543,1,HGNC_symbol,False
FLII,Q13045,1,HGNC_symbol,False
FLJ00104,,0,unmapped,False
FLJ00273,,0,unmapped,False
FLJ00418,,0,unmapped,False
FLJ20306,,0,unmapped,False
FLJ27365,,0,unmapped,False
FLJ45079,,0,unmapped,False
FLNA,P21333,1,HGNC_symbol,False
FLNB,O75369,1,HGNC_symbol,False
FLNC,Q14315,1,HGNC_symbol,False
FLOT1,O75955,1,HGNC_symbol,True
FLOT2,Q14254,1,HGNC_symbol,False
FLRT1,Q9NZU1,1,HGNC_symbol,True
FLRT2,O43155,1,HGNC_symbol,True
FLRT3,Q9NZU0,1,HGNC_symbol,True
FLT1,P17948,1,HGNC_symbol,False
FLT3,P36888,1,HGNC_symbol,True
FLT3LG,P49771,1,HGNC_symbol,False
FLT4,P35916,1,HGNC_symbol,False
FLVCR1,Q9Y5Y0,1,HGNC_symbol,False
FLVCR1-AS1,,0,unmapped,False
FLVCR2,Q9UPI3,1,HGNC_symbol,True
FLYWCH1,Q4VC44,1,HGNC_symbol,True
FLYWCH2,Q96CP2,1,HGNC_symbol,False
FMC1,Q96HJ9,1,HGNC_symbol,False
FMN1,Q68DA7,1,HGNC_symbol,False
FMN2,Q9NZ56,1,HGNC_symbol,False
FMNL1,O95466,1,HGNC_symbol,False
FMNL2,Q96PY5,1,HGNC_symbol,False
FMNL3,Q8IVF7,1,HGNC_symbol,False
FMO1,Q01740,1,HGNC_symbol,True
FMO2,Q99518,1,HGNC_symbol,True
FMO3,P31513,1,HGNC_symbol,True
FMO4,P31512,1,HGNC_symbol,True
FMO5,P49326,1,HGNC_symbol,True
FMOD,Q06828,1,HGNC_symbol,True
FMR1,Q06787,1,HGNC_symbol,False
FMR1-IT1,,0,unmapped,False
FMR1NB,Q8N0W7,1,HGNC_symbol,False
FN1,P02751,1,HGNC_symbol,False
FN3K,Q9H479,1,HGNC_symbol,True
FN3KRP,Q9HA64,1,HGNC_symbol,True
FNBP1,Q96RU3,1,HGNC_symbol,False
FNBP1L,Q5T0N5,1,HGNC_symbol,False
FNBP1P1,,0,unmapped,False
FNBP4,Q8N3X1,1,HGNC_symbol,True
FNDC1,Q4ZHG4,1,HGNC_symbol,False
FNDC10,F2Z333,1,HGNC_symbol,False
FNDC11,Q9BVV2,1,HGNC_symbol,False
FNDC3A,Q9Y2H6,1,HGNC_symbol,False
FNDC3B,Q53EP0,1,HGNC_symbol,False
FNDC4,Q9H6D8,1,HGNC_symbol,True
FNDC5,Q8NAU1,1,HGNC_symbol,False
FNDC7,Q5VTL7,1,HGNC_symbol,True
FNDC8,Q8TC99,1,HGNC_symbol,False
FNDC9,Q8TBE3,1,HGNC_symbol,False
FNIP1,Q8TF40,1,HGNC_symbol,False
FNIP2,Q9P278,1,HGNC_symbol,False
FNTA,P49354,1,HGNC_symbol,True
FNTAL1,,0,unmapped,False
FNTAP2,,0,unmapped,False
FNTB,P49356,1,HGNC_symbol,False
FOCAD,Q5VW36,1,HGNC_symbol,False
FOLH1,Q04609,1,HGNC_symbol,False
FOLR1,P15328,1,HGNC_symbol,True
FOLR2,P14207,1,HGNC_symbol,False
FOLR3,P41439,1,HGNC_symbol,False
FOPNL,123811,5,STRING_alias,False
FOS,P01100,1,HGNC_symbol,True
FOSB,P53539,1,HGNC_symbol,False
FOSL1,P15407,1,HGNC_symbol,True
FOSL2,P15408,1,HGNC_symbol,False
FOXA1,P55317,1,HGNC_symbol,True
FOXA2,Q9Y261,1,HGNC_symbol,False
FOXA3,P55318,1,HGNC_symbol,True
FOXB1,Q99853,1,HGNC_symbol,False
FOXB2,Q5VYV0,1,HGNC_symbol,True
FOXC1,Q12948,1,HGNC_symbol,False
FOXC2,Q99958,1,HGNC_symbol,False
FOXD1,Q16676,1,HGNC_symbol,False
FOXD2,O60548,1,HGNC_symbol,False
FOXD2-AS1,,0,unmapped,False
FOXD3,Q9UJU5,1,HGNC_symbol,False
FOXD4,Q12950,1,HGNC_symbol,False
FOXD4L1,Q9NU39,1,HGNC_symbol,True
FOXD4L3,Q6VB84,1,HGNC_symbol,False
FOXD4L4,Q8WXT5,1,HGNC_symbol,False
FOXD4L5,Q5VV16,1,HGNC_symbol,False
FOXD4L6,Q3SYB3,1,HGNC_symbol,False
FOXE1,O00358,1,HGNC_symbol,False
FOXE3,Q13461,1,HGNC_symbol,True
FOXF1,Q12946,1,HGNC_symbol,False
FOXF2,Q12947,1,HGNC_symbol,False
FOXG1,P55316,1,HGNC_symbol,True
FOXH1,O75593,1,HGNC_symbol,False
FOXI1,Q12951,1,HGNC_symbol,True
FOXI2,Q6ZQN5,1,HGNC_symbol,False
FOXI3,A8MTJ6,1,HGNC_symbol,False
FOXJ1,Q92949,1,HGNC_symbol,True
FOXJ2,Q9P0K8,1,HGNC_symbol,False
FOXJ3,Q9UPW0,1,HGNC_symbol,True
FOXK1,P85037,1,HGNC_symbol,True
FOXK2,Q01167,1,HGNC_symbol,False
FOXL1,Q12952,1,HGNC_symbol,False
FOXL2,P58012,1,HGNC_symbol,False
FOXL2NB,Q6ZUU3,1,HGNC_symbol,False
FOXL3,A0A1W2PRP0,1,HGNC_symbol,False
FOXM1,Q08050,1,HGNC_symbol,False
FOXN1,O15353,1,HGNC_symbol,False
FOXN2,P32314,1,HGNC_symbol,True
FOXN3,O00409,1,HGNC_symbol,False
FOXN3-AS1,,0,unmapped,False
FOXN3P1,,0,unmapped,False
FOXN4,Q96NZ1,1,HGNC_symbol,True
FOXO1,Q12778,1,HGNC_symbol,True
FOXO3,O43524,1,HGNC_symbol,False
FOXO3B,A0A2Z4LIS9,1,HGNC_symbol,False
FOXO4,P98177,1,HGNC_symbol,False
FOXO6,A8MYZ6,1,HGNC_symbol,True
FOXP1,Q9H334,1,HGNC_symbol,True
FOXP1-IT1,,0,unmapped,False
FOXP2,O15409,1,HGNC_symbol,False
FOXP3,Q9BZS1,1,HGNC_symbol,False
FOXP4,Q8IVH2,1,HGNC_symbol,False
FOXQ1,Q9C009,1,HGNC_symbol,False
FOXR1,Q6PIV2,1,HGNC_symbol,True
FOXR2,Q6PJQ5,1,HGNC_symbol,True
FOXRED1,Q96CU9,1,HGNC_symbol,True
FOXRED2,Q8IWF2,1,HGNC_symbol,False
FOXS1,O43638,1,HGNC_symbol,True
FPGS,Q05932,1,HGNC_symbol,True
FPGT,O14772,1,HGNC_symbol,False
FPGT-TNNI3K,,0,unmapped,False
FPR1,P21462,1,HGNC_symbol,True
FPR2,P25090,1,HGNC_symbol,False
FPR3,P25089,1,HGNC_symbol,True
FRA10AC1,Q70Z53,1,HGNC_symbol,True
FRAS1,Q86XX4,1,HGNC_symbol,False
FRAT1,Q92837,1,HGNC_symbol,False
FRAT2,O75474,1,HGNC_symbol,True
FREM1,Q5H8C1,1,HGNC_symbol,False
FREM2,Q5SZK8,1,HGNC_symbol,False
FREM3,P0C091,1,HGNC_symbol,False
FREY1,C9JXX5,1,HGNC_symbol,False
FRG1,Q14331,1,HGNC_symbol,False
FRG1B,,0,unmapped,False
FRG2,Q64ET8,1,HGNC_symbol,True
FRG2B,Q96QU4,1,HGNC_symbol,True
FRG2C,A6NGY1,1,HGNC_symbol,True
FRK,P42685,1,HGNC_symbol,False
FRMD1,Q8N878,1,HGNC_symbol,True
FRMD3,A2A2Y4,1,HGNC_symbol,False
FRMD4A,Q9P2Q2,1,HGNC_symbol,False
FRMD4B,Q9Y2L6,1,HGNC_symbol,False
FRMD5,Q7Z6J6,1,HGNC_symbol,True
FRMD6,Q96NE9,1,HGNC_symbol,False
FRMD7,Q6ZUT3,1,HGNC_symbol,False
FRMD8,Q9BZ67,1,HGNC_symbol,False
FRMD8P1,Q9BZ68,1,HGNC_symbol,False
FRMPD1,Q5SYB0,1,HGNC_symbol,False
FRMPD2,Q68DX3,1,HGNC_symbol,False
FRMPD3,Q5JV73,1,HGNC_symbol,False
FRMPD4,Q14CM0,1,HGNC_symbol,False
FRRS1,Q6ZNA5,1,HGNC_symbol,False
FRRS1L,Q9P0K9,1,HGNC_symbol,False
FRS2,Q8WU20,1,HGNC_symbol,False
FRS3,O43559,1,HGNC_symbol,False
FRY,Q5TBA9,1,HGNC_symbol,False
FRY-AS1,,0,unmapped,False
FRYL,O94915,1,HGNC_symbol,False
FRZB,Q92765,1,HGNC_symbol,False
FSAF1,Q8NDD1,1,HGNC_symbol,False
FSBP,O95073,1,HGNC_symbol,False
FSCB,Q5H9T9,1,HGNC_symbol,False
FSCN1,Q16658,1,HGNC_symbol,False
FSCN2,O14926,1,HGNC_symbol,False
FSCN3,Q9NQT6,1,HGNC_symbol,False
FSD1,Q9BTV5,1,HGNC_symbol,True
FSD1L,Q9BXM9,1,HGNC_symbol,False
FSD2,A1L4K1,1,HGNC_symbol,False
FSHB,P01225,1,HGNC_symbol,True
FSHR,P23945,1,HGNC_symbol,True
FSIP1,Q8NA03,1,HGNC_symbol,True
FSIP2,Q5CZC0,1,HGNC_symbol,False
FST,P19883,1,HGNC_symbol,False
FSTL1,Q12841,1,HGNC_symbol,False
FSTL3,O95633,1,HGNC_symbol,False
FSTL4,Q6MZW2,1,HGNC_symbol,False
FSTL5,Q8N475,1,HGNC_symbol,True
FTCD,O95954,1,HGNC_symbol,True
FTCDNL1,E5RQL4,1,HGNC_symbol,False
FTH1,P02794,1,HGNC_symbol,True
FTH1P10,,0,unmapped,False
FTH1P11,,0,unmapped,False
FTH1P12,,0,unmapped,False
FTH1P15,,0,unmapped,False
FTH1P16,,0,unmapped,False
FTH1P2,,0,unmapped,False
FTH1P20,,0,unmapped,False
FTH1P22,,0,unmapped,False
FTH1P23,,0,unmapped,False
FTH1P3,,0,unmapped,False
FTH1P4,,0,unmapped,False
FTH1P5,,0,unmapped,False
FTH1P7,,0,unmapped,False
FTH1P8,,0,unmapped,False
FTHL17,Q9BXU8,1,HGNC_symbol,False
FTL,P02792,1,HGNC_symbol,False
FTLP17,,0,unmapped,False
FTLP2,,0,unmapped,False
FTLP3,,0,unmapped,False
FTLP5,,0,unmapped,False
FTMT,Q8N4E7,1,HGNC_symbol,True
FTO,Q9C0B1,1,HGNC_symbol,True
FTO-IT1,,0,unmapped,False
FTSJ1,Q9UET6,1,HGNC_symbol,True
FTSJ2,16S rRNA (uridine(1369)-2'-O)-methyltransferase,5,STRING_alias,False
FTSJ3,Q8IY81,1,HGNC_symbol,False
FTX,,0,unmapped,False
FUBP1,Q96AE4,1,HGNC_symbol,True
FUBP3,Q96I24,1,HGNC_symbol,False
FUCA1,P04066,1,HGNC_symbol,False
FUCA2,Q9BTY2,1,HGNC_symbol,True
FUK,197258,5,STRING_alias,False
FUNDC1,Q8IVP5,1,HGNC_symbol,False
FUNDC2,Q9BWH2,1,HGNC_symbol,True
FUNDC2P2,,0,unmapped,False
FUOM,A2VDF0,1,HGNC_symbol,False
FURIN,P09958,1,HGNC_symbol,True
FUS,P35637,1,HGNC_symbol,False
FUT1,P19526,1,HGNC_symbol,True
FUT10,2.4.1.-,5,STRING_alias,False
FUT11,170384,5,STRING_alias,False
FUT2,Q10981,1,HGNC_symbol,False
FUT3,P21217,1,HGNC_symbol,False
FUT4,P22083,1,HGNC_symbol,False
FUT5,Q11128,1,HGNC_symbol,True
FUT6,P51993,1,HGNC_symbol,False
FUT7,Q11130,1,HGNC_symbol,True
FUT8,Q9BYC5,1,HGNC_symbol,True
FUT9,Q9Y231,1,HGNC_symbol,True
FUZ,Q9BT04,1,HGNC_symbol,True
FXN,Q16595,1,HGNC_symbol,True
FXR1,P51114,1,HGNC_symbol,True
FXR2,P51116,1,HGNC_symbol,False
FXYD1,O00168,1,HGNC_symbol,True
FXYD2,P54710,1,HGNC_symbol,False
FXYD3,Q14802,1,HGNC_symbol,False
FXYD4,P59646,1,HGNC_symbol,False
FXYD5,Q96DB9,1,HGNC_symbol,False
FXYD6,Q9H0Q3,1,HGNC_symbol,True
FXYD7,P58549,1,HGNC_symbol,True
FYB,1RI9,5,STRING_alias,False
FYB1,O15117,1,HGNC_symbol,True
FYB2,Q5VWT5,1,HGNC_symbol,True
FYCO1,Q9BQS8,1,HGNC_symbol,False
FYN,P06241,1,HGNC_symbol,False
FYTTD1,Q96QD9,1,HGNC_symbol,False
FZD1,Q9UP38,1,HGNC_symbol,False
FZD10,Q9ULW2,1,HGNC_symbol,True
FZD2,Q14332,1,HGNC_symbol,False
FZD3,Q9NPG1,1,HGNC_symbol,True
FZD4,Q9ULV1,1,HGNC_symbol,True
FZD5,Q13467,1,HGNC_symbol,False
FZD6,O60353,1,HGNC_symbol,True
FZD7,O75084,1,HGNC_symbol,False
FZD8,Q9H461,1,HGNC_symbol,True
FZD9,O00144,1,HGNC_symbol,True
FZR1,Q9UM11,1,HGNC_symbol,False
G0S2,P27469,1,HGNC_symbol,False
G2E3,Q7L622,1,HGNC_symbol,True
G3BP1,Q13283,1,HGNC_symbol,True
G3BP2,Q9UN86,1,HGNC_symbol,True
G6PC1,P35575,1,HGNC_symbol,False
G6PC2,Q9NQR9,1,HGNC_symbol,True
G6PC3,Q9BUM1,1,HGNC_symbol,True
G6PD,P11413,1,HGNC_symbol,False
GAA,P10253,1,HGNC_symbol,False
GAB1,Q13480,1,HGNC_symbol,False
GAB2,Q9UQC2,1,HGNC_symbol,False
GAB3,Q8WWW8,1,HGNC_symbol,False
GAB4,Q2WGN9,1,HGNC_symbol,True
GABARAP,O95166,1,HGNC_symbol,False
GABARAPL1,Q9H0R8,1,HGNC_symbol,False
GABARAPL2,P60520,1,HGNC_symbol,False
GABARAPL3,Q9BY60,1,HGNC_symbol,True
GABBR1,Q9UBS5,1,HGNC_symbol,True
GABBR2,O75899,1,HGNC_symbol,True
GABPA,Q06546,1,HGNC_symbol,False
GABPB1,Q06547,1,HGNC_symbol,False
GABPB1-AS1,,0,unmapped,False
GABPB2,Q8TAK5,1,HGNC_symbol,False
GABRA1,P14867,1,HGNC_symbol,True
GABRA2,P47869,1,HGNC_symbol,True
GABRA3,P34903,1,HGNC_symbol,True
GABRA4,P48169,1,HGNC_symbol,False
GABRA5,P31644,1,HGNC_symbol,False
GABRA6,Q16445,1,HGNC_symbol,True
GABRB1,P18505,1,HGNC_symbol,False
GABRB2,P47870,1,HGNC_symbol,False
GABRB3,P28472,1,HGNC_symbol,True
GABRD,O14764,1,HGNC_symbol,False
GABRE,P78334,1,HGNC_symbol,True
GABRG1,Q8N1C3,1,HGNC_symbol,False
GABRG2,P18507,1,HGNC_symbol,False
GABRG3,Q99928,1,HGNC_symbol,False
GABRP,O00591,1,HGNC_symbol,True
GABRQ,Q9UN88,1,HGNC_symbol,False
GABRR1,P24046,1,HGNC_symbol,False
GABRR2,P28476,1,HGNC_symbol,False
GABRR3,A8MPY1,1,HGNC_symbol,False
GAD1,Q99259,1,HGNC_symbol,True
GAD2,Q05329,1,HGNC_symbol,True
GADD45A,P24522,1,HGNC_symbol,False
GADD45B,O75293,1,HGNC_symbol,False
GADD45G,O95257,1,HGNC_symbol,False
GADD45GIP1,Q8TAE8,1,HGNC_symbol,True
GADL1,Q6ZQY3,1,HGNC_symbol,True
GAGE1,P0DTW1,1,HGNC_symbol,False
GAGE10,A6NGK3,1,HGNC_symbol,False
GAGE12B,A1L429,1,HGNC_symbol,True
GAGE12C,100132399,5,STRING_alias,False
GAGE12D,100132399,5,STRING_alias,False
GAGE12E,100132399,5,STRING_alias,False
GAGE12F,P0CL80,1,HGNC_symbol,False
GAGE12G,P0CL81,1,HGNC_symbol,False
GAGE12H,A6NDE8,1,HGNC_symbol,True
GAGE12J,A6NER3,1,HGNC_symbol,False
GAGE13,Q4V321,1,HGNC_symbol,False
GAGE2A,Q6NT46,1,HGNC_symbol,False
GAGE2E,Q4V326,1,HGNC_symbol,True
GAK,O14976,1,HGNC_symbol,False
GAL,P22466,1,HGNC_symbol,False
GAL3ST1,Q99999,1,HGNC_symbol,False
GAL3ST2,Q9H3Q3,1,HGNC_symbol,False
GAL3ST3,Q96A11,1,HGNC_symbol,True
GAL3ST4,Q96RP7,1,HGNC_symbol,False
GALC,P54803,1,HGNC_symbol,False
GALE,Q14376,1,HGNC_symbol,False
GALK1,P51570,1,HGNC_symbol,True
GALK2,Q01415,1,HGNC_symbol,False
GALM,Q96C23,1,HGNC_symbol,False
GALNS,P34059,1,HGNC_symbol,False
GALNT1,Q10472,1,HGNC_symbol,True
GALNT10,Q86SR1,1,HGNC_symbol,True
GALNT11,Q8NCW6,1,HGNC_symbol,True
GALNT12,Q8IXK2,1,HGNC_symbol,True
GALNT13,Q8IUC8,1,HGNC_symbol,False
GALNT14,Q96FL9,1,HGNC_symbol,True
GALNT15,Q8N3T1,1,HGNC_symbol,True
GALNT16,Q8N428,1,HGNC_symbol,False
GALNT17,Q6IS24,1,HGNC_symbol,True
GALNT18,Q6P9A2,1,HGNC_symbol,False
GALNT2,Q10471,1,HGNC_symbol,True
GALNT3,Q14435,1,HGNC_symbol,False
GALNT4,Q8N4A0,1,HGNC_symbol,False
GALNT5,Q7Z7M9,1,HGNC_symbol,True
GALNT6,Q8NCL4,1,HGNC_symbol,True
GALNT7,Q86SF2,1,HGNC_symbol,True
GALNT8,Q9NY28,1,HGNC_symbol,True
GALNT9,Q9HCQ5,1,HGNC_symbol,False
GALNTL5,Q7Z4T8,1,HGNC_symbol,True
GALNTL6,Q49A17,1,HGNC_symbol,False
GALP,Q9UBC7,1,HGNC_symbol,False
GALR1,P47211,1,HGNC_symbol,False
GALR2,O43603,1,HGNC_symbol,False
GALR3,O60755,1,HGNC_symbol,False
GALT,P07902,1,HGNC_symbol,False
GAMT,Q14353,1,HGNC_symbol,False
GAN,Q9H2C0,1,HGNC_symbol,True
GANAB,Q14697,1,HGNC_symbol,False
GANC,Q8TET4,1,HGNC_symbol,False
GAP43,P17677,1,HGNC_symbol,False
GAPDH,P04406,1,HGNC_symbol,False
GAPDHP1,,0,unmapped,False
GAPDHP14,,0,unmapped,False
GAPDHP21,,0,unmapped,False
GAPDHP38,,0,unmapped,False
GAPDHP40,,0,unmapped,False
GAPDHP44,,0,unmapped,False
GAPDHP60,,0,unmapped,False
GAPDHP61,,0,unmapped,False
GAPDHP63,,0,unmapped,False
GAPDHP65,,0,unmapped,False
GAPDHP67,,0,unmapped,False
GAPDHP69,,0,unmapped,False
GAPDHP70,,0,unmapped,False
GAPDHP71,,0,unmapped,False
GAPDHP72,,0,unmapped,False
GAPDHP73,,0,unmapped,False
GAPDHS,O14556,1,HGNC_symbol,True
GAPT,Q8N292,1,HGNC_symbol,False
GAPVD1,Q14C86,1,HGNC_symbol,False
GAR1,Q9NY12,1,HGNC_symbol,False
GAREM,2DKZ,5,STRING_alias,False
GAREM1,Q9H706,1,HGNC_symbol,True
GAREM2,Q75VX8,1,HGNC_symbol,False
GAREML,150946,5,STRING_alias,False
GARIN1A,Q6NXP2,1,HGNC_symbol,False
GARIN1B,Q96KD3,1,HGNC_symbol,False
GARIN2,Q8N9W8,1,HGNC_symbol,False
GARIN3,Q8TC56,1,HGNC_symbol,True
GARIN4,Q8IYT1,1,HGNC_symbol,False
GARIN5A,Q6IPT2,1,HGNC_symbol,True
GARIN5B,Q8N5Q1,1,HGNC_symbol,False
GARIN6,Q8NEG0,1,HGNC_symbol,False
GARNL3,Q5VVW2,1,HGNC_symbol,True
GARRE1,O15063,1,HGNC_symbol,False
GARS,C9JBJ1,5,STRING_alias,False
GARS1,P41250,1,HGNC_symbol,False
GART,P22102,1,HGNC_symbol,True
GAS1,P54826,1,HGNC_symbol,False
GAS2,O43903,1,HGNC_symbol,True
GAS2L1,Q99501,1,HGNC_symbol,False
GAS2L2,Q8NHY3,1,HGNC_symbol,False
GAS2L3,Q86XJ1,1,HGNC_symbol,True
GAS5,,0,unmapped,False
GAS5-AS1,,0,unmapped,False
GAS6,Q14393,1,HGNC_symbol,True
GAS6-AS1,,0,unmapped,False
GAS7,O60861,1,HGNC_symbol,True
GAS8,2622,5,STRING_alias,False
GASK1A,Q9UFP1,1,HGNC_symbol,False
GASK1B,Q6UWH4,1,HGNC_symbol,False
GAST,P01350,1,HGNC_symbol,False
GATA1,P15976,1,HGNC_symbol,True
GATA2,P23769,1,HGNC_symbol,False
GATA3,P23771,1,HGNC_symbol,False
GATA4,P43694,1,HGNC_symbol,True
GATA5,Q9BWX5,1,HGNC_symbol,True
GATA6,Q92908,1,HGNC_symbol,False
GATAD1,Q8WUU5,1,HGNC_symbol,False
GATAD2A,Q86YP4,1,HGNC_symbol,False
GATAD2B,Q8WXI9,1,HGNC_symbol,True
GATB,O75879,1,HGNC_symbol,False
GATC,O43716,1,HGNC_symbol,True
GATD1,Q8NB37,1,HGNC_symbol,True
GATD3,P0DPI2,1,HGNC_symbol,True
GATM,P50440,1,HGNC_symbol,False
GATSL1,729438,5,STRING_alias,False
GATSL2,729438,5,STRING_alias,False
GATSL3,5GS9,5,STRING_alias,False
GBA,1OGS,5,STRING_alias,False
GBA1,P04062,1,HGNC_symbol,False
GBA2,Q9HCG7,1,HGNC_symbol,False
GBA3,Q9H227,1,HGNC_symbol,True
GBAP1,,0,unmapped,False
GBAS,2631,5,STRING_alias,False
GBE1,Q04446,1,HGNC_symbol,False
GBF1,Q92538,1,HGNC_symbol,False
GBGT1,Q8N5D6,1,HGNC_symbol,True
GBP1,P32455,1,HGNC_symbol,False
GBP1P1,,0,unmapped,False
GBP2,P32456,1,HGNC_symbol,False
GBP3,Q9H0R5,1,HGNC_symbol,False
GBP4,Q96PP9,1,HGNC_symbol,True
GBP5,Q96PP8,1,HGNC_symbol,False
GBP6,Q6ZN66,1,HGNC_symbol,False
GBP7,Q8N8V2,1,HGNC_symbol,False
GBX1,Q14549,1,HGNC_symbol,True
GBX2,P52951,1,HGNC_symbol,False
GC,P02774,1,HGNC_symbol,False
GCA,P28676,1,HGNC_symbol,False
GCAT,O75600,1,HGNC_symbol,False
GCC1,Q96CN9,1,HGNC_symbol,False
GCC2,Q8IWJ2,1,HGNC_symbol,False
GCDH,Q92947,1,HGNC_symbol,False
GCFC2,P16383,1,HGNC_symbol,False
GCG,P01275,1,HGNC_symbol,True
GCGR,P47871,1,HGNC_symbol,False
GCH1,P30793,1,HGNC_symbol,True
GCHFR,P30047,1,HGNC_symbol,True
GCK,P35557,1,HGNC_symbol,False
GCKR,Q14397,1,HGNC_symbol,False
GCLC,P48506,1,HGNC_symbol,True
GCLM,P48507,1,HGNC_symbol,False
GCM1,Q9NP62,1,HGNC_symbol,False
GCM2,O75603,1,HGNC_symbol,True
GCN1,Q92616,1,HGNC_symbol,False
GCN1L1,10985,5,STRING_alias,False
GCNA,Q96QF7,1,HGNC_symbol,False
GCNT1,Q02742,1,HGNC_symbol,False
GCNT1P1,,0,unmapped,False
GCNT1P3,,0,unmapped,False
GCNT2,Q8N0V5,1,HGNC_symbol,True
GCNT3,O95395,1,HGNC_symbol,True
GCNT4,Q9P109,1,HGNC_symbol,False
GCNT7,Q6ZNI0,1,HGNC_symbol,False
GCOM2,,0,unmapped,False
GCSAM,Q8N6F7,1,HGNC_symbol,True
GCSAML,Q5JQS6,1,HGNC_symbol,True
GCSAML-AS1,,0,unmapped,False
GCSH,P23434,1,HGNC_symbol,True
GCSHP5,,0,unmapped,False
GDA,Q9Y2T3,1,HGNC_symbol,True
GDAP1,Q8TB36,1,HGNC_symbol,False
GDAP1L1,Q96MZ0,1,HGNC_symbol,False
GDAP2,Q9NXN4,1,HGNC_symbol,True
GDE1,Q9NZC3,1,HGNC_symbol,False
GDF1,P27539,1,HGNC_symbol,False
GDF10,P55107,1,HGNC_symbol,False
GDF11,O95390,1,HGNC_symbol,False
GDF15,Q99988,1,HGNC_symbol,True
GDF2,Q9UK05,1,HGNC_symbol,False
GDF3,Q9NR23,1,HGNC_symbol,False
GDF5,P43026,1,HGNC_symbol,False
GDF6,Q6KF10,1,HGNC_symbol,False
GDF7,Q7Z4P5,1,HGNC_symbol,False
GDF9,O60383,1,HGNC_symbol,True
GDI1,P31150,1,HGNC_symbol,False
GDI2,P50395,1,HGNC_symbol,True
GDI2P2,,0,unmapped,False
GDNF,P39905,1,HGNC_symbol,False
GDPD1,Q8N9F7,1,HGNC_symbol,True
GDPD2,Q9HCC8,1,HGNC_symbol,True
GDPD3,Q7L5L3,1,HGNC_symbol,False
GDPD4,Q6W3E5,1,HGNC_symbol,False
GDPD5,Q8WTR4,1,HGNC_symbol,False
GDPGP1,Q6ZNW5,1,HGNC_symbol,False
GEM,P55040,1,HGNC_symbol,False
GEMIN2,O14893,1,HGNC_symbol,False
GEMIN4,P57678,1,HGNC_symbol,False
GEMIN5,Q8TEQ6,1,HGNC_symbol,False
GEMIN6,Q8WXD5,1,HGNC_symbol,True
GEMIN7,Q9H840,1,HGNC_symbol,False
GEMIN8,Q9NWZ8,1,HGNC_symbol,True
GEMIN8P4,,0,unmapped,False
GEN1,Q17RS7,1,HGNC_symbol,True
GET1,O00258,1,HGNC_symbol,True
GET3,O43681,1,HGNC_symbol,True
GET4,Q7L5D6,1,HGNC_symbol,False
GFAP,P14136,1,HGNC_symbol,True
GFER,P55789,1,HGNC_symbol,False
GFI1,Q99684,1,HGNC_symbol,True
GFI1B,Q5VTD9,1,HGNC_symbol,False
GFM1,Q96RP9,1,HGNC_symbol,False
GFM2,Q969S9,1,HGNC_symbol,False
GFOD1,Q9NXC2,1,HGNC_symbol,False
GFOD2,Q3B7J2,1,HGNC_symbol,True
GFPT1,Q06210,1,HGNC_symbol,False
GFPT2,O94808,1,HGNC_symbol,False
GFRA1,P56159,1,HGNC_symbol,False
GFRA2,O00451,1,HGNC_symbol,True
GFRA3,O60609,1,HGNC_symbol,False
GFRA4,Q9GZZ7,1,HGNC_symbol,False
GFRAL,Q6UXV0,1,HGNC_symbol,True
GFUS,Q13630,1,HGNC_symbol,True
GFY,I3L273,1,HGNC_symbol,True
GGA1,Q9UJY5,1,HGNC_symbol,False
GGA2,Q9UJY4,1,HGNC_symbol,True
GGA3,Q9NZ52,1,HGNC_symbol,False
GGACT,Q9BVM4,1,HGNC_symbol,False
GGCT,O75223,1,HGNC_symbol,False
GGCX,P38435,1,HGNC_symbol,False
GGH,Q92820,1,HGNC_symbol,False
GGN,Q86UU5,1,HGNC_symbol,True
GGNBP2,Q9H3C7,1,HGNC_symbol,True
GGPS1,O95749,1,HGNC_symbol,True
GGT1,P19440,1,HGNC_symbol,False
GGT3P,A6NGU5,1,HGNC_symbol,True
GGT5,P36269,1,HGNC_symbol,True
GGT6,Q6P531,1,HGNC_symbol,False
GGT7,Q9UJ14,1,HGNC_symbol,False
GGTA1,Q4G0N0,1,HGNC_symbol,False
GGTA1P,,0,unmapped,False
GGTLC1,Q9BX51,1,HGNC_symbol,True
GGTLC2,Q14390,1,HGNC_symbol,False
GGTLC3,B5MD39,1,HGNC_symbol,False
GH1,P01241,1,HGNC_symbol,False
GH2,P01242,1,HGNC_symbol,False
GHDC,Q8N2G8,1,HGNC_symbol,True
GHITM,Q9H3K2,1,HGNC_symbol,False
GHR,P10912,1,HGNC_symbol,True
GHRH,P01286,1,HGNC_symbol,False
GHRHR,Q02643,1,HGNC_symbol,True
GHRL,Q9UBU3,1,HGNC_symbol,False
GHRLOS,,0,unmapped,False
GHSR,Q92847,1,HGNC_symbol,True
GHc-362H12.3,,0,unmapped,False
GID4,Q8IVV7,1,HGNC_symbol,False
GID8,Q9NWU2,1,HGNC_symbol,False
GIGYF1,O75420,1,HGNC_symbol,False
GIGYF2,Q6Y7W6,1,HGNC_symbol,False
GIMAP1,Q8WWP7,1,HGNC_symbol,True
GIMAP2,Q9UG22,1,HGNC_symbol,False
GIMAP4,Q9NUV9,1,HGNC_symbol,True
GIMAP5,Q96F15,1,HGNC_symbol,False
GIMAP6,Q6P9H5,1,HGNC_symbol,False
GIMAP7,Q8NHV1,1,HGNC_symbol,False
GIMAP8,Q8ND71,1,HGNC_symbol,False
GIMD1,P0DJR0,1,HGNC_symbol,False
GIN1,Q9NXP7,1,HGNC_symbol,True
GINM1,Q9NU53,1,HGNC_symbol,True
GINS1,Q14691,1,HGNC_symbol,False
GINS2,Q9Y248,1,HGNC_symbol,False
GINS3,Q9BRX5,1,HGNC_symbol,True
GINS4,Q9BRT9,1,HGNC_symbol,True
GIP,P09681,1,HGNC_symbol,True
GIPC1,O14908,1,HGNC_symbol,False
GIPC2,Q8TF65,1,HGNC_symbol,False
GIPC3,Q8TF64,1,HGNC_symbol,True
GIPR,P48546,1,HGNC_symbol,False
GIT1,Q9Y2X7,1,HGNC_symbol,False
GIT2,Q14161,1,HGNC_symbol,False
GJA1,P17302,1,HGNC_symbol,True
GJA10,Q969M2,1,HGNC_symbol,True
GJA3,Q9Y6H8,1,HGNC_symbol,True
GJA4,P35212,1,HGNC_symbol,True
GJA5,P36382,1,HGNC_symbol,False
GJA8,P48165,1,HGNC_symbol,False
GJA9,P57773,1,HGNC_symbol,False
GJB1,P08034,1,HGNC_symbol,False
GJB2,P29033,1,HGNC_symbol,True
GJB3,O75712,1,HGNC_symbol,False
GJB4,Q9NTQ9,1,HGNC_symbol,False
GJB5,O95377,1,HGNC_symbol,True
GJB6,O95452,1,HGNC_symbol,False
GJB7,Q6PEY0,1,HGNC_symbol,False
GJC1,P36383,1,HGNC_symbol,False
GJC2,Q5T442,1,HGNC_symbol,False
GJC3,Q8NFK1,1,HGNC_symbol,False
GJD2,Q9UKL4,1,HGNC_symbol,True
GJD3,Q8N144,1,HGNC_symbol,False
GJD4,Q96KN9,1,HGNC_symbol,False
GJE1,A6NN92,1,HGNC_symbol,False
GK,P32189,1,HGNC_symbol,True
GK-IT1,,0,unmapped,False
GK2,Q14410,1,HGNC_symbol,True
GK3,Q14409,1,HGNC_symbol,False
GK3P,2.7.1.30,5,STRING_alias,False
GK5,Q6ZS86,1,HGNC_symbol,False
GKAP1,Q5VSY0,1,HGNC_symbol,False
GKN1,Q9NS71,1,HGNC_symbol,False
GKN2,Q86XP6,1,HGNC_symbol,True
GLA,P06280,1,HGNC_symbol,False
GLB1,P16278,1,HGNC_symbol,False
GLB1L,Q6UWU2,1,HGNC_symbol,False
GLB1L2,Q8IW92,1,HGNC_symbol,True
GLB1L3,Q8NCI6,1,HGNC_symbol,True
GLCCI1,Q86VQ1,1,HGNC_symbol,True
GLCE,O94923,1,HGNC_symbol,True
GLDC,P23378,1,HGNC_symbol,True
GLDCP1,,0,unmapped,False
GLDN,Q6ZMI3,1,HGNC_symbol,True
GLE1,Q53GS7,1,HGNC_symbol,True
GLG1,Q92896,1,HGNC_symbol,False
GLI1,P08151,1,HGNC_symbol,False
GLI2,P10070,1,HGNC_symbol,False
GLI3,P10071,1,HGNC_symbol,False
GLI4,P10075,1,HGNC_symbol,False
GLIPR1,P48060,1,HGNC_symbol,True
GLIPR1L1,Q6UWM5,1,HGNC_symbol,False
GLIPR1L2,Q4G1C9,1,HGNC_symbol,False
GLIPR2,Q9H4G4,1,HGNC_symbol,False
GLIS1,Q8NBF1,1,HGNC_symbol,False
GLIS2,Q9BZE0,1,HGNC_symbol,True
GLIS3,Q8NEA6,1,HGNC_symbol,True
GLMN,Q92990,1,HGNC_symbol,False
GLMP,Q8WWB7,1,HGNC_symbol,True
GLO1,Q04760,1,HGNC_symbol,False
GLOD4,Q9HC38,1,HGNC_symbol,False
GLOD5,A6NK44,1,HGNC_symbol,False
GLP1R,P43220,1,HGNC_symbol,False
GLP2R,O95838,1,HGNC_symbol,True
GLRA1,P23415,1,HGNC_symbol,False
GLRA2,P23416,1,HGNC_symbol,True
GLRA3,O75311,1,HGNC_symbol,False
GLRB,P48167,1,HGNC_symbol,False
GLRX,P35754,1,HGNC_symbol,True
GLRX2,Q9NS18,1,HGNC_symbol,False
GLRX3,O76003,1,HGNC_symbol,True
GLRX5,Q86SX6,1,HGNC_symbol,False
GLS,O94925,1,HGNC_symbol,True
GLS2,Q9UI32,1,HGNC_symbol,False
GLT1D1,Q96MS3,1,HGNC_symbol,False
GLT6D1,Q7Z4J2,1,HGNC_symbol,True
GLT8D1,Q68CQ7,1,HGNC_symbol,True
GLT8D2,Q9H1C3,1,HGNC_symbol,False
GLTP,Q9NZD2,1,HGNC_symbol,False
GLTPD1,4K80,5,STRING_alias,False
GLTPD2,A6NH11,1,HGNC_symbol,False
GLTPP1,,0,unmapped,False
GLTSCR1,29998,5,STRING_alias,False
GLTSCR1L,23506,5,STRING_alias,False
GLTSCR2,29997,5,STRING_alias,False
GLUD1,P00367,1,HGNC_symbol,False
GLUD1P2,,0,unmapped,False
GLUD1P3,,0,unmapped,False
GLUD2,P49448,1,HGNC_symbol,False
GLUL,P15104,1,HGNC_symbol,False
GLULP4,,0,unmapped,False
GLYAT,Q6IB77,1,HGNC_symbol,True
GLYATL1,Q969I3,1,HGNC_symbol,True
GLYATL1B,A0A0U1RQE8,1,HGNC_symbol,True
GLYATL2,Q8WU03,1,HGNC_symbol,False
GLYATL3,Q5SZD4,1,HGNC_symbol,False
GLYCTK,Q8IVS8,1,HGNC_symbol,True
GLYCTK-AS1,,0,unmapped,False
GLYR1,Q49A26,1,HGNC_symbol,True
GM2A,P17900,1,HGNC_symbol,False
GMCL1,Q96IK5,1,HGNC_symbol,False
GMCL1P1,B2RDW6,5,STRING_alias,False
GMCL2,Q8NEA9,1,HGNC_symbol,True
GMDS,O60547,1,HGNC_symbol,True
GMDS-AS1,,0,unmapped,False
GMEB1,Q9Y692,1,HGNC_symbol,False
GMEB2,Q9UKD1,1,HGNC_symbol,True
GMFB,P60983,1,HGNC_symbol,False
GMFBP1,,0,unmapped,False
GMFG,O60234,1,HGNC_symbol,True
GMIP,Q9P107,1,HGNC_symbol,True
GML,Q99445,1,HGNC_symbol,True
GMNC,A6NCL1,1,HGNC_symbol,True
GMNN,O75496,1,HGNC_symbol,True
GMPPA,Q96IJ6,1,HGNC_symbol,False
GMPPB,Q9Y5P6,1,HGNC_symbol,False
GMPR,P36959,1,HGNC_symbol,False
GMPR2,Q9P2T1,1,HGNC_symbol,True
GMPS,P49915,1,HGNC_symbol,False
GMPSP1,,0,unmapped,False
GNA11,P29992,1,HGNC_symbol,True
GNA12,Q03113,1,HGNC_symbol,False
GNA13,Q14344,1,HGNC_symbol,True
GNA14,O95837,1,HGNC_symbol,False
GNA15,P30679,1,HGNC_symbol,False
GNAI1,P63096,1,HGNC_symbol,False
GNAI2,P04899,1,HGNC_symbol,False
GNAI3,P08754,1,HGNC_symbol,True
GNAL,P38405,1,HGNC_symbol,True
GNAO1,P09471,1,HGNC_symbol,True
GNAQ,P50148,1,HGNC_symbol,False
GNAQP1,,0,unmapped,False
GNAS,Q5JWF2,1,HGNC_symbol,False
GNAT1,P11488,1,HGNC_symbol,True
GNAT2,P19087,1,HGNC_symbol,False
GNAT3,A8MTJ3,1,HGNC_symbol,False
GNAZ,P19086,1,HGNC_symbol,False
GNB1,P62873,1,HGNC_symbol,True
GNB1L,Q9BYB4,1,HGNC_symbol,False
GNB2,P62879,1,HGNC_symbol,False
GNB2L1,10399,5,STRING_alias,False
GNB3,P16520,1,HGNC_symbol,True
GNB4,Q9HAV0,1,HGNC_symbol,False
GNB5,O14775,1,HGNC_symbol,False
GNE,Q9Y223,1,HGNC_symbol,True
GNG10,P50151,1,HGNC_symbol,True
GNG11,P61952,1,HGNC_symbol,False
GNG12,Q9UBI6,1,HGNC_symbol,True
GNG13,Q9P2W3,1,HGNC_symbol,False
GNG14,A0A1W2PPG7,1,HGNC_symbol,False
GNG2,P59768,1,HGNC_symbol,True
GNG3,P63215,1,HGNC_symbol,True
GNG4,P50150,1,HGNC_symbol,False
GNG5,P63218,1,HGNC_symbol,False
GNG5B,A0A804HLA8,1,HGNC_symbol,True
GNG5P2,,0,unmapped,False
GNG7,O60262,1,HGNC_symbol,True
GNG8,Q9UK08,1,HGNC_symbol,False
GNGT1,P63211,1,HGNC_symbol,True
GNGT2,O14610,1,HGNC_symbol,True
GNL1,P36915,1,HGNC_symbol,True
GNL2,Q13823,1,HGNC_symbol,True
GNL3,Q9BVP2,1,HGNC_symbol,True
GNL3L,Q9NVN8,1,HGNC_symbol,True
GNLY,P22749,1,HGNC_symbol,False
GNMT,Q14749,1,HGNC_symbol,False
GNPAT,O15228,1,HGNC_symbol,False
GNPDA1,P46926,1,HGNC_symbol,False
GNPDA2,Q8TDQ7,1,HGNC_symbol,False
GNPNAT1,Q96EK6,1,HGNC_symbol,True
GNPTAB,Q3T906,1,HGNC_symbol,False
GNPTG,Q9UJJ9,1,HGNC_symbol,True
GNRH1,P01148,1,HGNC_symbol,True
GNRH2,O43555,1,HGNC_symbol,True
GNRHR,P30968,1,HGNC_symbol,False
GNRHR2,Q96P88,1,HGNC_symbol,True
GNS,P15586,1,HGNC_symbol,False
GOLGA1,Q92805,1,HGNC_symbol,False
GOLGA2,Q08379,1,HGNC_symbol,True
GOLGA2P5,Q9HBQ8,1,HGNC_symbol,True
GOLGA2P7,,0,unmapped,False
GOLGA3,Q08378,1,HGNC_symbol,False
GOLGA4,Q13439,1,HGNC_symbol,False
GOLGA5,Q8TBA6,1,HGNC_symbol,False
GOLGA5P1,,0,unmapped,False
GOLGA6A,Q9NYA3,1,HGNC_symbol,False
GOLGA6B,A6NDN3,1,HGNC_symbol,False
GOLGA6C,A6NDK9,1,HGNC_symbol,False
GOLGA6D,P0CG33,1,HGNC_symbol,True
GOLGA6L1,Q8N7Z2,1,HGNC_symbol,False
GOLGA6L10,A0A0M3HER8,1,HGNC_symbol,False
GOLGA6L17P,,0,unmapped,False
GOLGA6L18,647042,5,STRING_alias,False
GOLGA6L19,H0YKK7,1,HGNC_symbol,False
GOLGA6L2,Q8N9W4,1,HGNC_symbol,False
GOLGA6L20,440295,5,STRING_alias,False
GOLGA6L21P,,0,unmapped,False
GOLGA6L22,H0YM25,1,HGNC_symbol,False
GOLGA6L24,P0DX00,1,HGNC_symbol,True
GOLGA6L25,P0DX01,1,HGNC_symbol,False
GOLGA6L26,P0DX02,1,HGNC_symbol,False
GOLGA6L3,,0,unmapped,False
GOLGA6L4,A6NEF3,1,HGNC_symbol,True
GOLGA6L5P,,0,unmapped,False
GOLGA6L6,A8MZA4,1,HGNC_symbol,False
GOLGA6L7,A0A1B0GV03,1,HGNC_symbol,False
GOLGA6L9,A6NEM1,1,HGNC_symbol,False
GOLGA7,Q7Z5G4,1,HGNC_symbol,True
GOLGA7B,Q2TAP0,1,HGNC_symbol,False
GOLGA8A,A7E2F4,1,HGNC_symbol,False
GOLGA8B,A8MQT2,1,HGNC_symbol,False
GOLGA8EP,,0,unmapped,False
GOLGA8F,P0DX52,1,HGNC_symbol,False
GOLGA8G,P0DX53,1,HGNC_symbol,False
GOLGA8H,P0CJ92,1,HGNC_symbol,False
GOLGA8I,,0,unmapped,False
GOLGA8J,A6NMD2,1,HGNC_symbol,False
GOLGA8K,D6RF30,1,HGNC_symbol,True
GOLGA8M,H3BSY2,1,HGNC_symbol,False
GOLGA8N,F8WBI6,1,HGNC_symbol,False
GOLGA8O,A6NCC3,1,HGNC_symbol,False
GOLGA8Q,H3BV12,1,HGNC_symbol,False
GOLGA8R,I6L899,1,HGNC_symbol,False
GOLGA8S,H3BPF8,1,HGNC_symbol,True
GOLGA8T,H3BQL2,1,HGNC_symbol,False
GOLGA8UP,,0,unmapped,False
GOLGB1,Q14789,1,HGNC_symbol,False
GOLIM4,O00461,1,HGNC_symbol,False
GOLM1,Q8NBJ4,1,HGNC_symbol,False
GOLM2,Q6P4E1,1,HGNC_symbol,False
GOLPH3,Q9H4A6,1,HGNC_symbol,True
GOLPH3L,Q9H4A5,1,HGNC_symbol,True
GOLT1A,Q6ZVE7,1,HGNC_symbol,False
GOLT1B,Q9Y3E0,1,HGNC_symbol,True
GON4L,Q3T8J9,1,HGNC_symbol,False
GON7,Q9BXV9,1,HGNC_symbol,True
GOPC,Q9HD26,1,HGNC_symbol,False
GORAB,Q5T7V8,1,HGNC_symbol,False
GORASP1,Q9BQQ3,1,HGNC_symbol,False
GORASP2,Q9H8Y8,1,HGNC_symbol,False
GOSR1,O95249,1,HGNC_symbol,False
GOSR2,O14653,1,HGNC_symbol,False
GOT1,P17174,1,HGNC_symbol,True
GOT1L1,Q8NHS2,1,HGNC_symbol,True
GOT2,P00505,1,HGNC_symbol,False
GOT2P2,,0,unmapped,False
GOT2P3,,0,unmapped,False
GP1BA,P07359,1,HGNC_symbol,False
GP1BB,P13224,1,HGNC_symbol,True
GP2,P55259,1,HGNC_symbol,True
GP5,P40197,1,HGNC_symbol,False
GP6,Q9HCN6,1,HGNC_symbol,True
GP9,P14770,1,HGNC_symbol,False
GPA33,Q99795,1,HGNC_symbol,False
GPAA1,O43292,1,HGNC_symbol,False
GPALPP1,Q8IXQ4,1,HGNC_symbol,False
GPAM,Q9HCL2,1,HGNC_symbol,False
GPANK1,O95872,1,HGNC_symbol,False
GPAT2,Q6NUI2,1,HGNC_symbol,True
GPAT3,Q53EU6,1,HGNC_symbol,False
GPAT4,Q86UL3,1,HGNC_symbol,False
GPATCH1,Q9BRR8,1,HGNC_symbol,False
GPATCH11,Q8N954,1,HGNC_symbol,False
GPATCH2,Q9NW75,1,HGNC_symbol,False
GPATCH2L,Q9NWQ4,1,HGNC_symbol,True
GPATCH3,Q96I76,1,HGNC_symbol,False
GPATCH4,Q5T3I0,1,HGNC_symbol,True
GPATCH8,Q9UKJ3,1,HGNC_symbol,False
GPBAR1,Q8TDU6,1,HGNC_symbol,True
GPBP1,Q86WP2,1,HGNC_symbol,False
GPBP1L1,Q9HC44,1,HGNC_symbol,True
GPC1,P35052,1,HGNC_symbol,True
GPC2,Q8N158,1,HGNC_symbol,True
GPC3,P51654,1,HGNC_symbol,False
GPC4,O75487,1,HGNC_symbol,False
GPC5,P78333,1,HGNC_symbol,True
GPC6,Q9Y625,1,HGNC_symbol,False
GPCPD1,Q9NPB8,1,HGNC_symbol,False
GPD1,P21695,1,HGNC_symbol,False
GPD1L,Q8N335,1,HGNC_symbol,True
GPD2,P43304,1,HGNC_symbol,False
GPER1,Q99527,1,HGNC_symbol,True
GPHA2,Q96T91,1,HGNC_symbol,False
GPHB5,Q86YW7,1,HGNC_symbol,True
GPHN,Q9NQX3,1,HGNC_symbol,True
GPI,P06744,1,HGNC_symbol,True
GPIHBP1,Q8IV16,1,HGNC_symbol,False
GPKOW,Q92917,1,HGNC_symbol,False
GPLD1,P80108,1,HGNC_symbol,False
GPM6A,P51674,1,HGNC_symbol,False
GPM6B,Q13491,1,HGNC_symbol,False
GPN1,Q9HCN4,1,HGNC_symbol,False
GPN2,Q9H9Y4,1,HGNC_symbol,False
GPN3,Q9UHW5,1,HGNC_symbol,True
GPNMB,Q14956,1,HGNC_symbol,True
GPR101,Q96P66,1,HGNC_symbol,True
GPR107,Q5VW38,1,HGNC_symbol,False
GPR108,Q9NPR9,1,HGNC_symbol,False
GPR110,266977,5,STRING_alias,False
GPR113,165082,5,STRING_alias,False
GPR114,221188,5,STRING_alias,False
GPR116,221395,5,STRING_alias,False
GPR119,Q8TDV5,1,HGNC_symbol,True
GPR12,P47775,1,HGNC_symbol,True
GPR124,25960,5,STRING_alias,False
GPR125,166647,5,STRING_alias,False
GPR126,57211,5,STRING_alias,False
GPR132,Q9UNW8,1,HGNC_symbol,False
GPR133,283383,5,STRING_alias,False
GPR135,Q8IZ08,1,HGNC_symbol,False
GPR137,Q96N19,1,HGNC_symbol,True
GPR137B,O60478,1,HGNC_symbol,True
GPR137C,Q8N3F9,1,HGNC_symbol,False
GPR139,Q6DWJ6,1,HGNC_symbol,False
GPR141,Q7Z602,1,HGNC_symbol,True
GPR142,Q7Z601,1,HGNC_symbol,True
GPR143,P51810,1,HGNC_symbol,False
GPR144,A0A087WWT7,5,STRING_alias,False
GPR146,Q96CH1,1,HGNC_symbol,True
GPR148,Q8TDV2,1,HGNC_symbol,True
GPR149,Q86SP6,1,HGNC_symbol,False
GPR15,P49685,1,HGNC_symbol,True
GPR150,Q8NGU9,1,HGNC_symbol,False
GPR151,Q8TDV0,1,HGNC_symbol,False
GPR152,Q8TDT2,1,HGNC_symbol,False
GPR153,Q6NV75,1,HGNC_symbol,True
GPR155,Q7Z3F1,1,HGNC_symbol,True
GPR156,Q8NFN8,1,HGNC_symbol,False
GPR157,Q5UAW9,1,HGNC_symbol,True
GPR158,Q5T848,1,HGNC_symbol,False
GPR15LG,Q6UWK7,1,HGNC_symbol,False
GPR160,Q9UJ42,1,HGNC_symbol,False
GPR161,Q8N6U8,1,HGNC_symbol,True
GPR162,Q16538,1,HGNC_symbol,False
GPR17,Q13304,1,HGNC_symbol,False
GPR171,O14626,1,HGNC_symbol,False
GPR173,Q9NS66,1,HGNC_symbol,False
GPR174,Q9BXC1,1,HGNC_symbol,True
GPR176,Q14439,1,HGNC_symbol,True
GPR179,Q6PRD1,1,HGNC_symbol,False
GPR18,Q14330,1,HGNC_symbol,True
GPR180,Q86V85,1,HGNC_symbol,True
GPR182,11318,5,STRING_alias,False
GPR183,P32249,1,HGNC_symbol,True
GPR19,Q15760,1,HGNC_symbol,False
GPR20,Q99678,1,HGNC_symbol,False
GPR21,Q99679,1,HGNC_symbol,False
GPR22,Q99680,1,HGNC_symbol,False
GPR25,O00155,1,HGNC_symbol,False
GPR26,Q8NDV2,1,HGNC_symbol,False
GPR27,Q9NS67,1,HGNC_symbol,False
GPR3,P46089,1,HGNC_symbol,True
GPR31,O00270,1,HGNC_symbol,True
GPR32,O75388,1,HGNC_symbol,False
GPR33,Q49SQ1,1,HGNC_symbol,True
GPR34,Q9UPC5,1,HGNC_symbol,True
GPR35,Q9HC97,1,HGNC_symbol,False
GPR37,O15354,1,HGNC_symbol,True
GPR37L1,O60883,1,HGNC_symbol,False
GPR39,O43194,1,HGNC_symbol,True
GPR4,P46093,1,HGNC_symbol,False
GPR42,O15529,1,HGNC_symbol,False
GPR45,Q9Y5Y3,1,HGNC_symbol,False
GPR50,Q13585,1,HGNC_symbol,True
GPR52,Q9Y2T5,1,HGNC_symbol,False
GPR55,Q9Y2T6,1,HGNC_symbol,False
GPR56,9289,5,STRING_alias,False
GPR6,P46095,1,HGNC_symbol,False
GPR61,Q9BZJ8,1,HGNC_symbol,False
GPR62,Q9BZJ7,1,HGNC_symbol,True
GPR63,Q9BZJ6,1,HGNC_symbol,True
GPR65,Q8IYL9,1,HGNC_symbol,False
GPR68,Q15743,1,HGNC_symbol,True
GPR75,O95800,1,HGNC_symbol,True
GPR75-ASB3,,0,unmapped,False
GPR78,Q96P69,1,HGNC_symbol,False
GPR82,Q96P67,1,HGNC_symbol,False
GPR83,Q9NYM4,1,HGNC_symbol,False
GPR84,Q9NQS5,1,HGNC_symbol,False
GPR85,P60893,1,HGNC_symbol,True
GPR87,Q9BY21,1,HGNC_symbol,False
GPR88,Q9GZN0,1,HGNC_symbol,True
GPR89A,B7ZAQ6,1,HGNC_symbol,True
GPR89B,P0CG08,1,HGNC_symbol,True
GPR89C,,0,unmapped,False
GPR97,222487,5,STRING_alias,False
GPR98,3.4.-.-,5,STRING_alias,False
GPRASP1,Q5JY77,1,HGNC_symbol,False
GPRASP2,Q96D09,1,HGNC_symbol,True
GPRASP3,Q6PI77,1,HGNC_symbol,True
GPRC5A,Q8NFJ5,1,HGNC_symbol,True
GPRC5B,Q9NZH0,1,HGNC_symbol,True
GPRC5C,Q9NQ84,1,HGNC_symbol,True
GPRC5D,Q9NZD1,1,HGNC_symbol,True
GPRC6A,Q5T6X5,1,HGNC_symbol,False
GPRIN1,Q7Z2K8,1,HGNC_symbol,False
GPRIN2,O60269,1,HGNC_symbol,False
GPRIN3,Q6ZVF9,1,HGNC_symbol,True
GPS1,Q13098,1,HGNC_symbol,True
GPS2,Q13227,1,HGNC_symbol,True
GPSM1,Q86YR5,1,HGNC_symbol,False
GPSM2,P81274,1,HGNC_symbol,True
GPSM3,Q9Y4H4,1,HGNC_symbol,True
GPT,P24298,1,HGNC_symbol,False
GPT2,Q8TD30,1,HGNC_symbol,False
GPX1,P07203,1,HGNC_symbol,False
GPX1P1,,0,unmapped,False
GPX1P2,,0,unmapped,False
GPX2,P18283,1,HGNC_symbol,True
GPX3,P22352,1,HGNC_symbol,False
GPX4,P36969,1,HGNC_symbol,False
GPX5,O75715,1,HGNC_symbol,False
GPX6,P59796,1,HGNC_symbol,False
GPX7,Q96SL4,1,HGNC_symbol,False
GPX8,Q8TED1,1,HGNC_symbol,True
GRAMD1A,Q96CP6,1,HGNC_symbol,True
GRAMD1B,Q3KR37,1,HGNC_symbol,True
GRAMD1C,Q8IYS0,1,HGNC_symbol,False
GRAMD2,196996,5,STRING_alias,False
GRAMD2A,Q8IUY3,1,HGNC_symbol,False
GRAMD2B,Q96HH9,1,HGNC_symbol,False
GRAMD3,65983,5,STRING_alias,False
GRAMD4,Q6IC98,1,HGNC_symbol,False
GRAP,Q13588,1,HGNC_symbol,False
GRAP2,O75791,1,HGNC_symbol,False
GRAPL,Q8TC17,1,HGNC_symbol,False
GRASP,160622,5,STRING_alias,False
GRB10,Q13322,1,HGNC_symbol,False
GRB14,Q14449,1,HGNC_symbol,True
GRB2,P62993,1,HGNC_symbol,True
GRB7,Q14451,1,HGNC_symbol,True
GREB1,Q4ZG55,1,HGNC_symbol,False
GREB1L,Q9C091,1,HGNC_symbol,False
GREM1,O60565,1,HGNC_symbol,False
GREM2,Q9H772,1,HGNC_symbol,True
GREP1,A0A0J9YXV3,1,HGNC_symbol,True
GRHL1,Q9NZI5,1,HGNC_symbol,True
GRHL2,Q6ISB3,1,HGNC_symbol,True
GRHL3,Q8TE85,1,HGNC_symbol,True
GRHPR,Q9UBQ7,1,HGNC_symbol,False
GRIA1,P42261,1,HGNC_symbol,False
GRIA2,P42262,1,HGNC_symbol,True
GRIA3,P42263,1,HGNC_symbol,True
GRIA4,P48058,1,HGNC_symbol,False
GRID1,Q9ULK0,1,HGNC_symbol,True
GRID2,O43424,1,HGNC_symbol,False
GRID2IP,A4D2P6,1,HGNC_symbol,False
GRIFIN,A4D1Z8,1,HGNC_symbol,False
GRIK1,P39086,1,HGNC_symbol,True
GRIK2,Q13002,1,HGNC_symbol,False
GRIK3,Q13003,1,HGNC_symbol,False
GRIK4,Q16099,1,HGNC_symbol,False
GRIK5,Q16478,1,HGNC_symbol,False
GRIN1,Q05586,1,HGNC_symbol,True
GRIN2A,Q12879,1,HGNC_symbol,False
GRIN2B,Q13224,1,HGNC_symbol,False
GRIN2C,Q14957,1,HGNC_symbol,False
GRIN2D,O15399,1,HGNC_symbol,False
GRIN3A,Q8TCU5,1,HGNC_symbol,False
GRIN3B,O60391,1,HGNC_symbol,False
GRINA,Q7Z429,1,HGNC_symbol,False
GRIP1,Q9Y3R0,1,HGNC_symbol,False
GRIP2,Q9C0E4,1,HGNC_symbol,False
GRIPAP1,Q4V328,1,HGNC_symbol,False
GRK1,Q15835,1,HGNC_symbol,False
GRK2,P25098,1,HGNC_symbol,True
GRK3,P35626,1,HGNC_symbol,False
GRK4,P32298,1,HGNC_symbol,False
GRK5,P34947,1,HGNC_symbol,False
GRK5-IT1,,0,unmapped,False
GRK6,P43250,1,HGNC_symbol,False
GRK6P1,,0,unmapped,False
GRK7,Q8WTQ7,1,HGNC_symbol,True
GRM1,Q13255,1,HGNC_symbol,False
GRM2,Q14416,1,HGNC_symbol,True
GRM3,Q14832,1,HGNC_symbol,False
GRM4,Q14833,1,HGNC_symbol,False
GRM5,P41594,1,HGNC_symbol,False
GRM6,O15303,1,HGNC_symbol,True
GRM7,Q14831,1,HGNC_symbol,True
GRM8,O00222,1,HGNC_symbol,True
GRN,P28799,1,HGNC_symbol,True
GRP,P07492,1,HGNC_symbol,True
GRPEL1,Q9HAV7,1,HGNC_symbol,False
GRPEL2,Q8TAA5,1,HGNC_symbol,True
GRPR,P30550,1,HGNC_symbol,True
GRSF1,Q12849,1,HGNC_symbol,False
GRTP1,Q5TC63,1,HGNC_symbol,True
GRWD1,Q9BQ67,1,HGNC_symbol,False
GRXCR1,A8MXD5,1,HGNC_symbol,False
GRXCR2,A6NFK2,1,HGNC_symbol,False
GS1-114I9.1,,0,unmapped,False
GS1-115G20.1,,0,unmapped,False
GS1-124K5.11,,0,unmapped,False
GS1-124K5.12,,0,unmapped,False
GS1-124K5.2,,0,unmapped,False
GS1-124K5.3,,0,unmapped,False
GS1-124K5.4,,0,unmapped,False
GS1-124K5.6,,0,unmapped,False
GS1-166A23.2,,0,unmapped,False
GS1-184P14.2,,0,unmapped,False
GS1-24F4.2,,0,unmapped,False
GS1-251I9.4,,0,unmapped,False
GS1-257G1.1,,0,unmapped,False
GS1-259H13.2,,0,unmapped,False
GS1-259H13.7,,0,unmapped,False
GS1-279B7.2,,0,unmapped,False
GS1-309P15.4,,0,unmapped,False
GS1-358P8.4,,0,unmapped,False
GS1-393G12.12,,0,unmapped,False
GS1-393G12.13,,0,unmapped,False
GS1-421I3.2,,0,unmapped,False
GS1-421I3.4,,0,unmapped,False
GS1-44D20.1,,0,unmapped,False
GS1-57L11.1,,0,unmapped,False
GSAP,A4D1B5,1,HGNC_symbol,True
GSC,P56915,1,HGNC_symbol,False
GSC2,O15499,1,HGNC_symbol,False
GSDMA,Q96QA5,1,HGNC_symbol,True
GSDMB,Q8TAX9,1,HGNC_symbol,False
GSDMC,Q9BYG8,1,HGNC_symbol,True
GSDMD,P57764,1,HGNC_symbol,True
GSDME,O60443,1,HGNC_symbol,False
GSE1,Q14687,1,HGNC_symbol,False
GSG1,Q2KHT4,1,HGNC_symbol,True
GSG1L,Q6UXU4,1,HGNC_symbol,True
GSG1L2,A8MUP6,1,HGNC_symbol,True
GSG2,2.7.11.1,5,STRING_alias,False
GSK3A,P49840,1,HGNC_symbol,True
GSK3B,P49841,1,HGNC_symbol,False
GSKIP,Q9P0R6,1,HGNC_symbol,False
GSN,P06396,1,HGNC_symbol,True
GSN-AS1,Q9NRJ2,1,HGNC_symbol,True
GSPT1,P15170,1,HGNC_symbol,False
GSPT2,Q8IYD1,1,HGNC_symbol,True
GSR,P00390,1,HGNC_symbol,False
GSS,P48637,1,HGNC_symbol,True
GSTA1,P08263,1,HGNC_symbol,True
GSTA2,P09210,1,HGNC_symbol,True
GSTA3,Q16772,1,HGNC_symbol,False
GSTA4,O15217,1,HGNC_symbol,True
GSTA5,Q7RTV2,1,HGNC_symbol,False
GSTCD,Q8NEC7,1,HGNC_symbol,True
GSTK1,Q9Y2Q3,1,HGNC_symbol,False
GSTM1,P09488,1,HGNC_symbol,False
GSTM2,P28161,1,HGNC_symbol,False
GSTM2P1,,0,unmapped,False
GSTM3,P21266,1,HGNC_symbol,True
GSTM4,Q03013,1,HGNC_symbol,False
GSTM5,P46439,1,HGNC_symbol,True
GSTO1,P78417,1,HGNC_symbol,True
GSTO2,Q9H4Y5,1,HGNC_symbol,False
GSTP1,P09211,1,HGNC_symbol,True
GSTT1,P30711,1,HGNC_symbol,True
GSTT2,P0CG29,1,HGNC_symbol,True
GSTT2B,P0CG30,1,HGNC_symbol,False
GSTT4,A0A1W2PR19,1,HGNC_symbol,False
GSTZ1,O43708,1,HGNC_symbol,False
GSX1,Q9H4S2,1,HGNC_symbol,False
GSX2,Q9BZM3,1,HGNC_symbol,False
GTDC1,79712,5,STRING_alias,False
GTF2A1,P52655,1,HGNC_symbol,False
GTF2A1L,Q9UNN4,1,HGNC_symbol,False
GTF2A2,P52657,1,HGNC_symbol,False
GTF2B,Q00403,1,HGNC_symbol,False
GTF2E1,P29083,1,HGNC_symbol,True
GTF2E2,P29084,1,HGNC_symbol,True
GTF2F1,P35269,1,HGNC_symbol,True
GTF2F2,P13984,1,HGNC_symbol,True
GTF2H1,P32780,1,HGNC_symbol,False
GTF2H2,Q13888,1,HGNC_symbol,True
GTF2H2B,,0,unmapped,False
GTF2H2C,Q6P1K8,1,HGNC_symbol,True
GTF2H3,Q13889,1,HGNC_symbol,False
GTF2H4,Q92759,1,HGNC_symbol,True
GTF2H5,Q6ZYL4,1,HGNC_symbol,False
GTF2I,P78347,1,HGNC_symbol,False
GTF2IP1,,0,unmapped,False
GTF2IRD1,Q9UHL9,1,HGNC_symbol,True
GTF2IRD1P1,,0,unmapped,False
GTF2IRD2,Q86UP8,1,HGNC_symbol,True
GTF2IRD2B,Q6EKJ0,1,HGNC_symbol,True
GTF2IRD2P1,,0,unmapped,False
GTF3A,Q92664,1,HGNC_symbol,False
GTF3C1,Q12789,1,HGNC_symbol,False
GTF3C2,Q8WUA4,1,HGNC_symbol,False
GTF3C3,Q9Y5Q9,1,HGNC_symbol,True
GTF3C4,Q9UKN8,1,HGNC_symbol,True
GTF3C5,Q9Y5Q8,1,HGNC_symbol,False
GTF3C6,Q969F1,1,HGNC_symbol,False
GTPBP1,O00178,1,HGNC_symbol,False
GTPBP10,A4D1E9,1,HGNC_symbol,True
GTPBP2,Q9BX10,1,HGNC_symbol,False
GTPBP3,Q969Y2,1,HGNC_symbol,False
GTPBP4,Q9BZE4,1,HGNC_symbol,False
GTPBP6,O43824,1,HGNC_symbol,True
GTPBP8,Q8N3Z3,1,HGNC_symbol,False
GTSE1,Q9NYZ3,1,HGNC_symbol,True
GTSF1,Q8WW33,1,HGNC_symbol,False
GTSF1L,Q9H1H1,1,HGNC_symbol,False
GUCA1A,P43080,1,HGNC_symbol,False
GUCA1B,Q9UMX6,1,HGNC_symbol,True
GUCA1C,O95843,1,HGNC_symbol,True
GUCA2A,Q02747,1,HGNC_symbol,False
GUCA2B,Q16661,1,HGNC_symbol,False
GUCD1,Q96NT3,1,HGNC_symbol,True
GUCY1A1,Q02108,1,HGNC_symbol,True
GUCY1A2,P33402,1,HGNC_symbol,True
GUCY1A3,2982,5,STRING_alias,False
GUCY1B1,Q02153,1,HGNC_symbol,False
GUCY1B2,O75343,1,HGNC_symbol,True
GUCY1B3,2983,5,STRING_alias,False
GUCY2C,P25092,1,HGNC_symbol,False
GUCY2D,Q02846,1,HGNC_symbol,False
GUCY2F,P51841,1,HGNC_symbol,False
GUF1,Q8N442,1,HGNC_symbol,False
GUK1,Q16774,1,HGNC_symbol,False
GULP1,Q9UBP9,1,HGNC_symbol,True
GUSB,P08236,1,HGNC_symbol,True
GUSBP1,Q15486,1,HGNC_symbol,True
GUSBP11,Q6P575,1,HGNC_symbol,False
GUSBP2,,0,unmapped,False
GUSBP3,,0,unmapped,False
GUSBP4,,0,unmapped,False
GUSBP5,,0,unmapped,False
GUSBP9,,0,unmapped,False
GVINP1,Q7Z2Y8,1,HGNC_symbol,False
GVINP2,,0,unmapped,False
GVQW1,,0,unmapped,False
GVQW3,Q3ZCU0,1,HGNC_symbol,True
GXYLT1,Q4G148,1,HGNC_symbol,True
GXYLT2,A0PJZ3,1,HGNC_symbol,False
GYG1,P46976,1,HGNC_symbol,True
GYG1P1,,0,unmapped,False
GYG2,O15488,1,HGNC_symbol,True
GYLTL1B,120071,5,STRING_alias,False
GYPA,P02724,1,HGNC_symbol,True
GYPB,P06028,1,HGNC_symbol,False
GYPC,P04921,1,HGNC_symbol,False
GYPE,P15421,1,HGNC_symbol,True
GYS1,P13807,1,HGNC_symbol,False
GYS2,P54840,1,HGNC_symbol,True
GZF1,Q9H116,1,HGNC_symbol,False
GZMA,P12544,1,HGNC_symbol,False
GZMB,P10144,1,HGNC_symbol,False
GZMH,P20718,1,HGNC_symbol,False
GZMK,P49863,1,HGNC_symbol,False
GZMM,P51124,1,HGNC_symbol,True
H1-0,P07305,1,HGNC_symbol,True
H1-1,Q02539,1,HGNC_symbol,True
H1-10,Q92522,1,HGNC_symbol,False
H1-2,P16403,1,HGNC_symbol,False
H1-3,P16402,1,HGNC_symbol,True
H1-4,P10412,1,HGNC_symbol,True
H1-5,P16401,1,HGNC_symbol,False
H1-6,P22492,1,HGNC_symbol,False
H1-7,Q75WM6,1,HGNC_symbol,False
H1-8,Q8IZA3,1,HGNC_symbol,False
H19,,0,unmapped,False
H1F0,3005,5,STRING_alias,False
H1FX,2LSO,5,STRING_alias,False
H1FX-AS1,,0,unmapped,False
H2AB1,P0C5Y9,1,HGNC_symbol,False
H2AB2,P0C5Z0,1,HGNC_symbol,True
H2AB3,474381,5,STRING_alias,False
H2AC1,Q96QV6,1,HGNC_symbol,False
H2AC11,P0C0S8,1,HGNC_symbol,True
H2AC12,Q96KK5,1,HGNC_symbol,False
H2AC13,4QYL,5,STRING_alias,False
H2AC14,Q99878,1,HGNC_symbol,False
H2AC15,4QYL,5,STRING_alias,False
H2AC16,4QYL,5,STRING_alias,False
H2AC17,4QYL,5,STRING_alias,False
H2AC20,Q16777,1,HGNC_symbol,False
H2AC21,Q8IUE6,1,HGNC_symbol,False
H2AC25,Q7L7L0,1,HGNC_symbol,False
H2AC4,P04908,1,HGNC_symbol,True
H2AC6,Q93077,1,HGNC_symbol,False
H2AC7,P20671,1,HGNC_symbol,True
H2AC8,2CV5,5,STRING_alias,False
H2AFJ,4EDU,5,STRING_alias,False
H2AFV,3WAA,5,STRING_alias,False
H2AFX,1YDP,5,STRING_alias,False
H2AFY,1U35,5,STRING_alias,False
H2AFY2,2XD7,5,STRING_alias,False
H2AFZ,1F66,5,STRING_alias,False
H2AFZP3,,0,unmapped,False
H2AJ,Q9BTM1,1,HGNC_symbol,False
H2AL3,A0A3B3IU63,1,HGNC_symbol,False
H2AP,O75409,1,HGNC_symbol,True
H2AX,P16104,1,HGNC_symbol,False
H2AZ1,P0C0S5,1,HGNC_symbol,True
H2AZ2,Q71UI9,1,HGNC_symbol,False
H2BC1,Q96A08,1,HGNC_symbol,False
H2BC10,3017,5,STRING_alias,False
H2BC11,P06899,1,HGNC_symbol,False
H2BC12,O60814,1,HGNC_symbol,True
H2BC12L,P57053,1,HGNC_symbol,True
H2BC13,Q99880,1,HGNC_symbol,False
H2BC14,Q99879,1,HGNC_symbol,True
H2BC15,Q99877,1,HGNC_symbol,False
H2BC17,P23527,1,HGNC_symbol,True
H2BC18,Q5QNW6,1,HGNC_symbol,True
H2BC21,Q16778,1,HGNC_symbol,True
H2BC26,Q8N257,1,HGNC_symbol,False
H2BC3,P33778,1,HGNC_symbol,False
H2BC4,P62807,1,HGNC_symbol,True
H2BC5,P58876,1,HGNC_symbol,False
H2BC6,3017,5,STRING_alias,False
H2BC7,3017,5,STRING_alias,False
H2BC8,3017,5,STRING_alias,False
H2BC9,Q93079,1,HGNC_symbol,False
H2BFS,102724334,5,STRING_alias,False
H2BK1,A0A2R8Y619,1,HGNC_symbol,False
H2BW1,Q7Z2G1,1,HGNC_symbol,False
H2BW2,P0C1H6,1,HGNC_symbol,False
H3-3A,P84243,1,HGNC_symbol,True
H3-3B,,0,unmapped,False
H3-4,Q16695,1,HGNC_symbol,False
H3-5,Q6NXT2,1,HGNC_symbol,False
H3-7,Q5TEC6,1,HGNC_symbol,True
H3C1,P68431,1,HGNC_symbol,False
H3C10,1CS9,5,STRING_alias,False
H3C11,1CS9,5,STRING_alias,False
H3C12,1CS9,5,STRING_alias,False
H3C13,,0,unmapped,False
H3C14,,0,unmapped,False
H3C15,Q71DI3,1,HGNC_symbol,False
H3C2,1CS9,5,STRING_alias,False
H3C3,1CS9,5,STRING_alias,False
H3C4,1CS9,5,STRING_alias,False
H3C6,1CS9,5,STRING_alias,False
H3C7,1CS9,5,STRING_alias,False
H3C8,1CS9,5,STRING_alias,False
H3F3A,6R0C,5,STRING_alias,False
H3F3AP4,,0,unmapped,False
H3F3AP6,,0,unmapped,False
H3F3B,6R0C,5,STRING_alias,False
H3F3BP1,,0,unmapped,False
H3F3C,2PUY,5,STRING_alias,False
H3Y1,P0DPK2,1,HGNC_symbol,False
H3Y2,P0DPK5,1,HGNC_symbol,False
H4C1,P62805,1,HGNC_symbol,False
H4C11,121504,5,STRING_alias,False
H4C12,121504,5,STRING_alias,False
H4C13,121504,5,STRING_alias,False
H4C14,121504,5,STRING_alias,False
H4C15,121504,5,STRING_alias,False
H4C16,,0,unmapped,False
H4C2,121504,5,STRING_alias,False
H4C3,121504,5,STRING_alias,False
H4C4,121504,5,STRING_alias,False
H4C5,121504,5,STRING_alias,False
H4C6,121504,5,STRING_alias,False
H4C7,Q99525,1,HGNC_symbol,True
H4C8,121504,5,STRING_alias,False
H4C9,121504,5,STRING_alias,False
H6PD,O95479,1,HGNC_symbol,True
HAAO,P46952,1,HGNC_symbol,False
HABP2,Q14520,1,HGNC_symbol,True
HABP4,Q5JVS0,1,HGNC_symbol,False
HACD1,B0YJ81,1,HGNC_symbol,True
HACD2,Q6Y1H2,1,HGNC_symbol,False
HACD3,Q9P035,1,HGNC_symbol,False
HACD4,Q5VWC8,1,HGNC_symbol,True
HACE1,Q8IYU2,1,HGNC_symbol,False
HACL1,Q9UJ83,1,HGNC_symbol,True
HADH,Q16836,1,HGNC_symbol,False
HADHA,P40939,1,HGNC_symbol,False
HADHAP1,,0,unmapped,False
HADHB,P55084,1,HGNC_symbol,True
HAGH,Q16775,1,HGNC_symbol,False
HAGHL,Q6PII5,1,HGNC_symbol,False
HAL,P42357,1,HGNC_symbol,False
HAMP,P81172,1,HGNC_symbol,True
HAND1,O96004,1,HGNC_symbol,False
HAND2,P61296,1,HGNC_symbol,True
HAO1,Q9UJM8,1,HGNC_symbol,True
HAO2,Q9NYQ3,1,HGNC_symbol,False
HAP1,P54257,1,HGNC_symbol,True
HAPLN1,P10915,1,HGNC_symbol,True
HAPLN2,Q9GZV7,1,HGNC_symbol,False
HAPLN3,Q96S86,1,HGNC_symbol,False
HAPLN4,Q86UW8,1,HGNC_symbol,False
HAPSTR1,Q14CZ0,1,HGNC_symbol,True
HAPSTR2,A0A7P0TBJ1,1,HGNC_symbol,True
HAR1A,,0,unmapped,False
HAR1B,,0,unmapped,False
HARBI1,Q96MB7,1,HGNC_symbol,False
HARS,1X59,5,STRING_alias,False
HARS1,P12081,1,HGNC_symbol,True
HARS2,P49590,1,HGNC_symbol,False
HAS1,Q92839,1,HGNC_symbol,True
HAS2,Q92819,1,HGNC_symbol,True
HAS3,O00219,1,HGNC_symbol,True
HASPIN,Q8TF76,1,HGNC_symbol,True
HAT1,O14929,1,HGNC_symbol,True
HAUS1,Q96CS2,1,HGNC_symbol,False
HAUS1P1,,0,unmapped,False
HAUS1P2,,0,unmapped,False
HAUS2,Q9NVX0,1,HGNC_symbol,False
HAUS3,Q68CZ6,1,HGNC_symbol,False
HAUS4,Q9H6D7,1,HGNC_symbol,False
HAUS5,O94927,1,HGNC_symbol,False
HAUS6,Q7Z4H7,1,HGNC_symbol,False
HAUS6P1,,0,unmapped,False
HAUS7,Q99871,1,HGNC_symbol,False
HAUS8,Q9BT25,1,HGNC_symbol,True
HAVCR1,Q96D42,1,HGNC_symbol,True
HAVCR2,Q8TDQ0,1,HGNC_symbol,False
HAX1,O00165,1,HGNC_symbol,True
HBA1,P69905,1,HGNC_symbol,True
HBA2,1A00,5,STRING_alias,False
HBB,P68871,1,HGNC_symbol,False
HBBP1,,0,unmapped,False
HBD,P02042,1,HGNC_symbol,False
HBE1,P02100,1,HGNC_symbol,False
HBEGF,Q99075,1,HGNC_symbol,True
HBG1,P69891,1,HGNC_symbol,True
HBG2,P69892,1,HGNC_symbol,False
HBM,Q6B0K9,1,HGNC_symbol,False
HBP1,O60381,1,HGNC_symbol,True
HBQ1,P09105,1,HGNC_symbol,False
HBS1L,Q9Y450,1,HGNC_symbol,False
HBZ,P02008,1,HGNC_symbol,False
HCAR1,Q9BXC0,1,HGNC_symbol,False
HCAR2,Q8TDS4,1,HGNC_symbol,True
HCAR3,P49019,1,HGNC_symbol,True
HCCAT3,,0,unmapped,False
HCCS,P53701,1,HGNC_symbol,False
HCFC1,P51610,1,HGNC_symbol,False
HCFC1R1,Q9NWW0,1,HGNC_symbol,False
HCFC2,Q9Y5Z7,1,HGNC_symbol,True
HCG11,,0,unmapped,False
HCG15,,0,unmapped,False
HCG18,,0,unmapped,False
HCG25,,0,unmapped,False
HCG27,,0,unmapped,False
HCG4,,0,unmapped,False
HCG4B,,0,unmapped,False
HCG4P3,,0,unmapped,False
HCG4P5,,0,unmapped,False
HCG4P7,,0,unmapped,False
HCG9,,0,unmapped,False
HCK,P08631,1,HGNC_symbol,False
HCLS1,P14317,1,HGNC_symbol,True
HCN1,O60741,1,HGNC_symbol,False
HCN2,Q9UL51,1,HGNC_symbol,False
HCN3,Q9P1Z3,1,HGNC_symbol,False
HCN4,Q9Y3Q4,1,HGNC_symbol,False
HCP5,Q6MZN7,1,HGNC_symbol,True
HCRT,O43612,1,HGNC_symbol,False
HCRTR1,O43613,1,HGNC_symbol,True
HCRTR2,O43614,1,HGNC_symbol,False
HCST,Q9UBK5,1,HGNC_symbol,False
HDAC1,Q13547,1,HGNC_symbol,False
HDAC10,Q969S8,1,HGNC_symbol,True
HDAC11,Q96DB2,1,HGNC_symbol,True
HDAC2,Q92769,1,HGNC_symbol,False
HDAC3,O15379,1,HGNC_symbol,True
HDAC4,P56524,1,HGNC_symbol,False
HDAC5,Q9UQL6,1,HGNC_symbol,False
HDAC6,Q9UBN7,1,HGNC_symbol,False
HDAC7,Q8WUI4,1,HGNC_symbol,False
HDAC8,Q9BY41,1,HGNC_symbol,True
HDAC9,Q9UKV0,1,HGNC_symbol,True
HDC,P19113,1,HGNC_symbol,False
HDDC2,Q7Z4H3,1,HGNC_symbol,True
HDDC3,Q8N4P3,1,HGNC_symbol,True
HDGF,P51858,1,HGNC_symbol,True
HDGFL1,Q5TGJ6,1,HGNC_symbol,True
HDGFL2,Q7Z4V5,1,HGNC_symbol,True
HDGFL3,Q9Y3E1,1,HGNC_symbol,True
HDGFP1,,0,unmapped,False
HDGFRP2,3EAE,5,STRING_alias,False
HDGFRP3,50810,5,STRING_alias,False
HDHD1,3.1.3.96,5,STRING_alias,False
HDHD2,Q9H0R4,1,HGNC_symbol,True
HDHD3,Q9BSH5,1,HGNC_symbol,True
HDHD5,Q9BXW7,1,HGNC_symbol,True
HDLBP,Q00341,1,HGNC_symbol,False
HDX,Q7Z353,1,HGNC_symbol,True
HEATR1,Q9H583,1,HGNC_symbol,False
HEATR2,54919,5,STRING_alias,False
HEATR3,Q7Z4Q2,1,HGNC_symbol,True
HEATR4,Q86WZ0,1,HGNC_symbol,False
HEATR5A,Q86XA9,1,HGNC_symbol,False
HEATR5B,Q9P2D3,1,HGNC_symbol,False
HEATR6,Q6AI08,1,HGNC_symbol,False
HEATR9,A2RTY3,1,HGNC_symbol,False
HEBP1,Q9NRV9,1,HGNC_symbol,True
HEBP2,Q9Y5Z4,1,HGNC_symbol,False
HECA,Q9UBI9,1,HGNC_symbol,True
HECTD1,Q9ULT8,1,HGNC_symbol,False
HECTD2,Q5U5R9,1,HGNC_symbol,False
HECTD3,Q5T447,1,HGNC_symbol,True
HECTD4,Q9Y4D8,1,HGNC_symbol,False
HECW1,Q76N89,1,HGNC_symbol,False
HECW2,Q9P2P5,1,HGNC_symbol,False
HEG1,Q9ULI3,1,HGNC_symbol,False
HELB,Q8NG08,1,HGNC_symbol,False
HELLS,Q9NRZ9,1,HGNC_symbol,True
HELQ,Q8TDG4,1,HGNC_symbol,False
HELT,A6NFD8,1,HGNC_symbol,False
HELZ,P42694,1,HGNC_symbol,False
HELZ2,Q9BYK8,1,HGNC_symbol,False
HEMGN,Q9BXL5,1,HGNC_symbol,False
HEMK1,Q9Y5R4,1,HGNC_symbol,False
HEMK2,Q9Y5N5,1,HGNC_symbol,True
HENMT1,Q5T8I9,1,HGNC_symbol,False
HEPACAM,Q14CZ8,1,HGNC_symbol,False
HEPACAM2,A8MVW5,1,HGNC_symbol,True
HEPH,Q9BQS7,1,HGNC_symbol,False
HEPHL1,Q6MZM0,1,HGNC_symbol,False
HEPN1,Q6WQI6,1,HGNC_symbol,False
HERC1,Q15751,1,HGNC_symbol,False
HERC2,O95714,1,HGNC_symbol,False
HERC2P10,,0,unmapped,False
HERC2P2,,0,unmapped,False
HERC2P3,Q9BVR0,1,HGNC_symbol,False
HERC2P4,,0,unmapped,False
HERC2P5,,0,unmapped,False
HERC2P7,,0,unmapped,False
HERC2P8,,0,unmapped,False
HERC2P9,,0,unmapped,False
HERC3,Q15034,1,HGNC_symbol,False
HERC4,Q5GLZ8,1,HGNC_symbol,False
HERC5,Q9UII4,1,HGNC_symbol,True
HERC6,Q8IVU3,1,HGNC_symbol,True
HERPUD1,Q15011,1,HGNC_symbol,False
HERPUD2,Q9BSE4,1,HGNC_symbol,False
HES1,Q14469,1,HGNC_symbol,False
HES2,Q9Y543,1,HGNC_symbol,False
HES3,Q5TGS1,1,HGNC_symbol,True
HES4,Q9HCC6,1,HGNC_symbol,True
HES5,Q5TA89,1,HGNC_symbol,True
HES6,Q96HZ4,1,HGNC_symbol,False
HES7,Q9BYE0,1,HGNC_symbol,True
HESX1,Q9UBX0,1,HGNC_symbol,True
HEXA,P06865,1,HGNC_symbol,True
HEXA-AS1,Q9H8Q6,1,HGNC_symbol,False
HEXB,P07686,1,HGNC_symbol,False
HEXD,Q8WVB3,1,HGNC_symbol,False
HEXDC,284004,5,STRING_alias,False
HEXIM1,O94992,1,HGNC_symbol,False
HEXIM2,Q96MH2,1,HGNC_symbol,True
HEY1,Q9Y5J3,1,HGNC_symbol,False
HEY2,Q9UBP5,1,HGNC_symbol,False
HEYL,Q9NQ87,1,HGNC_symbol,False
HFE,Q30201,1,HGNC_symbol,False
HFM1,A2PYH4,1,HGNC_symbol,False
HGD,Q93099,1,HGNC_symbol,False
HGF,P14210,1,HGNC_symbol,True
HGFAC,Q04756,1,HGNC_symbol,False
HGH1,Q9BTY7,1,HGNC_symbol,False
HGS,O14964,1,HGNC_symbol,False
HGSNAT,Q68CP4,1,HGNC_symbol,False
HHAT,Q5VTY9,1,HGNC_symbol,True
HHATL,Q9HCP6,1,HGNC_symbol,False
HHEX,Q03014,1,HGNC_symbol,False
HHIP,Q96QV1,1,HGNC_symbol,True
HHIP-AS1,,0,unmapped,False
HHIPL1,Q96JK4,1,HGNC_symbol,True
HHIPL2,Q6UWX4,1,HGNC_symbol,False
HHLA1,C9JL84,1,HGNC_symbol,False
HHLA2,Q9UM44,1,HGNC_symbol,False
HHLA3,11147,5,STRING_alias,False
HIAT1,64645,5,STRING_alias,False
HIATL1,84641,5,STRING_alias,False
HIATL2,A0A3F2YNX9,5,STRING_alias,False
HIBADH,P31937,1,HGNC_symbol,False
HIBCH,Q6NVY1,1,HGNC_symbol,False
HIC1,Q14526,1,HGNC_symbol,False
HIC2,Q96JB3,1,HGNC_symbol,True
HID1,Q8IV36,1,HGNC_symbol,False
HIF1A,Q16665,1,HGNC_symbol,True
HIF1A-AS2,,0,unmapped,False
HIF1AN,Q9NWT6,1,HGNC_symbol,False
HIF3A,Q9Y2N7,1,HGNC_symbol,True
HIGD1A,Q9Y241,1,HGNC_symbol,False
HIGD1AP1,,0,unmapped,False
HIGD1AP14,,0,unmapped,False
HIGD1B,Q9P298,1,HGNC_symbol,False
HIGD1C,A8MV81,1,HGNC_symbol,True
HIGD2A,Q9BW72,1,HGNC_symbol,False
HIGD2B,Q4VC39,1,HGNC_symbol,False
HIKESHI,Q53FT3,1,HGNC_symbol,True
HILPDA,Q9Y5L2,1,HGNC_symbol,False
HIN1L,,0,unmapped,False
HINFP,Q9BQA5,1,HGNC_symbol,False
HINT1,P49773,1,HGNC_symbol,True
HINT2,Q9BX68,1,HGNC_symbol,True
HINT3,Q9NQE9,1,HGNC_symbol,False
HIP1,O00291,1,HGNC_symbol,False
HIP1R,O75146,1,HGNC_symbol,False
HIPK1,Q86Z02,1,HGNC_symbol,False
HIPK2,Q9H2X6,1,HGNC_symbol,False
HIPK3,Q9H422,1,HGNC_symbol,False
HIPK4,Q8NE63,1,HGNC_symbol,True
HIRA,P54198,1,HGNC_symbol,True
HIRIP3,Q9BW71,1,HGNC_symbol,False
HIST1H1B,2FE2,5,STRING_alias,False
HIST1H1C,3006,5,STRING_alias,False
HIST1H1D,3007,5,STRING_alias,False
HIST1H1E,3008,5,STRING_alias,False
HIST1H2AB,2CV5,5,STRING_alias,False
HIST1H2AC,6C0W,5,STRING_alias,False
HIST1H2AE,2CV5,5,STRING_alias,False
HIST1H2AG,4QYL,5,STRING_alias,False
HIST1H2AH,A3KPC7,5,STRING_alias,False
HIST1H2AI,4QYL,5,STRING_alias,False
HIST1H2AJ,8331,5,STRING_alias,False
HIST1H2AK,4QYL,5,STRING_alias,False
HIST1H2AL,4QYL,5,STRING_alias,False
HIST1H2AM,4QYL,5,STRING_alias,False
HIST1H2BB,3018,5,STRING_alias,False
HIST1H2BC,3017,5,STRING_alias,False
HIST1H2BD,H2BFB,5,STRING_alias,False
HIST1H2BE,3017,5,STRING_alias,False
HIST1H2BF,3017,5,STRING_alias,False
HIST1H2BG,3017,5,STRING_alias,False
HIST1H2BH,8345,5,STRING_alias,False
HIST1H2BI,3017,5,STRING_alias,False
HIST1H2BJ,2RVQ,5,STRING_alias,False
HIST1H2BK,2CV5,5,STRING_alias,False
HIST1H2BL,8340,5,STRING_alias,False
HIST1H2BM,8342,5,STRING_alias,False
HIST1H2BN,8341,5,STRING_alias,False
HIST1H2BO,8348,5,STRING_alias,False
HIST1H2BPS2,,0,unmapped,False
HIST1H3A,1CS9,5,STRING_alias,False
HIST1H3B,1CS9,5,STRING_alias,False
HIST1H3C,,0,unmapped,False
HIST1H3D,1CS9,5,STRING_alias,False
HIST1H3E,1CS9,5,STRING_alias,False
HIST1H3F,1CS9,5,STRING_alias,False
HIST1H3G,1CS9,5,STRING_alias,False
HIST1H3H,1CS9,5,STRING_alias,False
HIST1H3I,1CS9,5,STRING_alias,False
HIST1H3J,1CS9,5,STRING_alias,False
HIST1H4A,121504,5,STRING_alias,False
HIST1H4B,121504,5,STRING_alias,False
HIST1H4C,121504,5,STRING_alias,False
HIST1H4D,121504,5,STRING_alias,False
HIST1H4E,121504,5,STRING_alias,False
HIST1H4F,121504,5,STRING_alias,False
HIST1H4H,121504,5,STRING_alias,False
HIST1H4I,121504,5,STRING_alias,False
HIST1H4J,121504,5,STRING_alias,False
HIST1H4K,121504,5,STRING_alias,False
HIST2H2AA3,6SE6,5,STRING_alias,False
HIST2H2AA4,6SE6,5,STRING_alias,False
HIST2H2AB,317772,5,STRING_alias,False
HIST2H2AC,8338,5,STRING_alias,False
HIST2H2BA,,0,unmapped,False
HIST2H2BC,,0,unmapped,False
HIST2H2BD,,0,unmapped,False
HIST2H2BE,4NFT,5,STRING_alias,False
HIST2H2BF,440689,5,STRING_alias,False
HIST2H3D,126961,5,STRING_alias,False
HIST2H4A,121504,5,STRING_alias,False
HIST2H4B,121504,5,STRING_alias,False
HIST3H2A,92815,5,STRING_alias,False
HIST4H4,121504,5,STRING_alias,False
HIVEP1,P15822,1,HGNC_symbol,False
HIVEP2,P31629,1,HGNC_symbol,False
HIVEP3,Q5T1R4,1,HGNC_symbol,False
HJURP,Q8NCD3,1,HGNC_symbol,False
HJV,Q6ZVN8,1,HGNC_symbol,True
HK1,P19367,1,HGNC_symbol,False
HK2,P52789,1,HGNC_symbol,False
HK2P1,,0,unmapped,False
HK3,P52790,1,HGNC_symbol,False
HKDC1,Q2TB90,1,HGNC_symbol,True
HKR1,284459,5,STRING_alias,False
HLA-A,P04439,1,HGNC_symbol,False
HLA-AS1,,0,unmapped,False
HLA-B,P01889,1,HGNC_symbol,True
HLA-C,P10321,1,HGNC_symbol,False
HLA-DMA,P28067,1,HGNC_symbol,False
HLA-DMB,P28068,1,HGNC_symbol,True
HLA-DOA,P06340,1,HGNC_symbol,False
HLA-DOB,P13765,1,HGNC_symbol,True
HLA-DPA1,P20036,1,HGNC_symbol,True
HLA-DPB1,P04440,1,HGNC_symbol,False
HLA-DPB2,,0,unmapped,False
HLA-DQA1,P01909,1,HGNC_symbol,False
HLA-DQA2,P01906,1,HGNC_symbol,False
HLA-DQB1,P01920,1,HGNC_symbol,True
HLA-DQB2,P05538,1,HGNC_symbol,False
HLA-DRA,P01903,1,HGNC_symbol,False
HLA-DRB1,P01911,1,HGNC_symbol,True
HLA-DRB5,Q30154,1,HGNC_symbol,False
HLA-DRB6,,0,unmapped,False
HLA-DRB9,,0,unmapped,False
HLA-E,P13747,1,HGNC_symbol,True
HLA-F,P30511,1,HGNC_symbol,True
HLA-F-AS1,,0,unmapped,False
HLA-G,P17693,1,HGNC_symbol,True
HLA-H,P01893,1,HGNC_symbol,False
HLA-J,,0,unmapped,False
HLA-K,,0,unmapped,False
HLA-L,,0,unmapped,False
HLA-S,,0,unmapped,False
HLA-U,,0,unmapped,False
HLA-V,,0,unmapped,False
HLA-W,,0,unmapped,False
HLCS,P50747,1,HGNC_symbol,True
HLF,Q16534,1,HGNC_symbol,False
HLTF,Q14527,1,HGNC_symbol,False
HLX,Q14774,1,HGNC_symbol,False
HM13,Q8TCT9,1,HGNC_symbol,False
HM13-IT1,,0,unmapped,False
HMBOX1,Q6NT76,1,HGNC_symbol,False
HMBS,P08397,1,HGNC_symbol,True
HMCES,Q96FZ2,1,HGNC_symbol,True
HMCN1,Q96RW7,1,HGNC_symbol,False
HMCN2,Q8NDA2,1,HGNC_symbol,False
HMG20A,Q9NP66,1,HGNC_symbol,False
HMG20B,Q9P0W2,1,HGNC_symbol,True
HMGA1,P17096,1,HGNC_symbol,False
HMGA1P1,,0,unmapped,False
HMGA1P2,,0,unmapped,False
HMGA1P3,,0,unmapped,False
HMGA1P4,,0,unmapped,False
HMGA1P8,,0,unmapped,False
HMGA2,P52926,1,HGNC_symbol,True
HMGB1,P09429,1,HGNC_symbol,False
HMGB1P1,B2RPK0,1,HGNC_symbol,True
HMGB1P10,,0,unmapped,False
HMGB1P19,,0,unmapped,False
HMGB1P24,,0,unmapped,False
HMGB1P3,,0,unmapped,False
HMGB1P31,,0,unmapped,False
HMGB1P4,,0,unmapped,False
HMGB1P5,,0,unmapped,False
HMGB2,P26583,1,HGNC_symbol,False
HMGB2P1,,0,unmapped,False
HMGB3,O15347,1,HGNC_symbol,False
HMGB3P22,,0,unmapped,False
HMGB3P24,,0,unmapped,False
HMGB3P32,,0,unmapped,False
HMGB3P4,,0,unmapped,False
HMGB3P6,,0,unmapped,False
HMGB4,Q8WW32,1,HGNC_symbol,False
HMGCL,P35914,1,HGNC_symbol,True
HMGCLL1,Q8TB92,1,HGNC_symbol,False
HMGCR,P04035,1,HGNC_symbol,False
HMGCS1,Q01581,1,HGNC_symbol,False
HMGCS2,P54868,1,HGNC_symbol,True
HMGN1,P05114,1,HGNC_symbol,True
HMGN1P30,,0,unmapped,False
HMGN1P36,,0,unmapped,False
HMGN1P37,,0,unmapped,False
HMGN1P38,,0,unmapped,False
HMGN1P4,,0,unmapped,False
HMGN1P8,,0,unmapped,False
HMGN2,P05204,1,HGNC_symbol,False
HMGN2P15,,0,unmapped,False
HMGN2P21,,0,unmapped,False
HMGN2P28,,0,unmapped,False
HMGN2P3,,0,unmapped,False
HMGN2P4,,0,unmapped,False
HMGN2P41,,0,unmapped,False
HMGN2P46,Q86SG4,1,HGNC_symbol,True
HMGN2P5,,0,unmapped,False
HMGN2P6,,0,unmapped,False
HMGN3,Q15651,1,HGNC_symbol,False
HMGN3-AS1,,0,unmapped,False
HMGN3P1,,0,unmapped,False
HMGN4,O00479,1,HGNC_symbol,False
HMGN5,P82970,1,HGNC_symbol,False
HMGXB3,Q12766,1,HGNC_symbol,False
HMGXB4,Q9UGU5,1,HGNC_symbol,False
HMHA1,23526,5,STRING_alias,False
HMHB1,O97980,1,HGNC_symbol,True
HMMR,O75330,1,HGNC_symbol,False
HMOX1,P09601,1,HGNC_symbol,False
HMOX2,P30519,1,HGNC_symbol,False
HMSD,A8MTL9,1,HGNC_symbol,False
HMX1,Q9NP08,1,HGNC_symbol,False
HMX2,A2RU54,1,HGNC_symbol,False
HMX3,A6NHT5,1,HGNC_symbol,False
HN1,51155,5,STRING_alias,False
HN1L,90861,5,STRING_alias,False
HNF1A,P20823,1,HGNC_symbol,True
HNF1B,P35680,1,HGNC_symbol,False
HNF4A,P41235,1,HGNC_symbol,True
HNF4G,Q14541,1,HGNC_symbol,True
HNMT,P50135,1,HGNC_symbol,False
HNRNPA0,Q13151,1,HGNC_symbol,True
HNRNPA1,P09651,1,HGNC_symbol,False
HNRNPA1L2,Q32P51,1,HGNC_symbol,False
HNRNPA1L3,A0A2R8Y4L2,1,HGNC_symbol,True
HNRNPA1P10,,0,unmapped,False
HNRNPA1P12,,0,unmapped,False
HNRNPA1P15,,0,unmapped,False
HNRNPA1P16,,0,unmapped,False
HNRNPA1P2,,0,unmapped,False
HNRNPA1P21,,0,unmapped,False
HNRNPA1P26,,0,unmapped,False
HNRNPA1P27,,0,unmapped,False
HNRNPA1P28,,0,unmapped,False
HNRNPA1P30,,0,unmapped,False
HNRNPA1P33,,0,unmapped,False
HNRNPA1P35,,0,unmapped,False
HNRNPA1P39,,0,unmapped,False
HNRNPA1P4,,0,unmapped,False
HNRNPA1P41,,0,unmapped,False
HNRNPA1P48,A0A2R8Y4L2,5,STRING_alias,True
HNRNPA1P50,,0,unmapped,False
HNRNPA1P51,,0,unmapped,False
HNRNPA1P52,,0,unmapped,False
HNRNPA1P54,,0,unmapped,False
HNRNPA1P67,,0,unmapped,False
HNRNPA1P7,,0,unmapped,False
HNRNPA1P8,,0,unmapped,False
HNRNPA2B1,P22626,1,HGNC_symbol,True
HNRNPA3,P51991,1,HGNC_symbol,False
HNRNPA3P1,,0,unmapped,False
HNRNPA3P10,,0,unmapped,False
HNRNPA3P11,,0,unmapped,False
HNRNPA3P12,,0,unmapped,False
HNRNPA3P13,,0,unmapped,False
HNRNPA3P3,,0,unmapped,False
HNRNPA3P4,,0,unmapped,False
HNRNPA3P5,,0,unmapped,False
HNRNPA3P6,,0,unmapped,False
HNRNPAB,Q99729,1,HGNC_symbol,False
HNRNPC,P07910,1,HGNC_symbol,True
HNRNPCL1,O60812,1,HGNC_symbol,True
HNRNPCL2,B2RXH8,1,HGNC_symbol,True
HNRNPCL3,B7ZW38,1,HGNC_symbol,True
HNRNPCL4,P0DMR1,1,HGNC_symbol,False
HNRNPCP1,,0,unmapped,False
HNRNPCP2,,0,unmapped,False
HNRNPCP3,,0,unmapped,False
HNRNPCP4,,0,unmapped,False
HNRNPCP5,440563,5,STRING_alias,False
HNRNPCP6,,0,unmapped,False
HNRNPD,Q14103,1,HGNC_symbol,True
HNRNPDL,O14979,1,HGNC_symbol,False
HNRNPDP1,,0,unmapped,False
HNRNPF,P52597,1,HGNC_symbol,True
HNRNPH1,P31943,1,HGNC_symbol,False
HNRNPH1P1,,0,unmapped,False
HNRNPH1P3,,0,unmapped,False
HNRNPH2,P55795,1,HGNC_symbol,False
HNRNPH3,P31942,1,HGNC_symbol,False
HNRNPK,P61978,1,HGNC_symbol,False
HNRNPKP1,,0,unmapped,False
HNRNPKP2,,0,unmapped,False
HNRNPKP4,,0,unmapped,False
HNRNPL,P14866,1,HGNC_symbol,False
HNRNPLL,Q8WVV9,1,HGNC_symbol,False
HNRNPLP1,,0,unmapped,False
HNRNPLP2,,0,unmapped,False
HNRNPM,P52272,1,HGNC_symbol,False
HNRNPR,O43390,1,HGNC_symbol,False
HNRNPRP1,,0,unmapped,False
HNRNPU,Q00839,1,HGNC_symbol,False
HNRNPU-AS1,,0,unmapped,False
HNRNPUL1,Q9BUJ2,1,HGNC_symbol,False
HNRNPUL2,Q1KMD3,1,HGNC_symbol,True
HNRNPUL2-BSCL2,,0,unmapped,False
HNRNPUP1,,0,unmapped,False
HOATZ,Q6PI97,1,HGNC_symbol,False
HOGA1,Q86XE5,1,HGNC_symbol,False
HOMER1,Q86YM7,1,HGNC_symbol,True
HOMER2,Q9NSB8,1,HGNC_symbol,True
HOMER3,Q9NSC5,1,HGNC_symbol,False
HOMEZ,Q8IX15,1,HGNC_symbol,False
HOOK1,Q9UJC3,1,HGNC_symbol,True
HOOK2,Q96ED9,1,HGNC_symbol,False
HOOK3,Q86VS8,1,HGNC_symbol,False
HOPX,Q9BPY8,1,HGNC_symbol,False
HORMAD1,Q86X24,1,HGNC_symbol,False
HORMAD2,Q8N7B1,1,HGNC_symbol,False
HOTAIRM1,,0,unmapped,False
HOTTIP,,0,unmapped,False
HOXA-AS2,,0,unmapped,False
HOXA-AS3,,0,unmapped,False
HOXA1,P49639,1,HGNC_symbol,False
HOXA10,P31260,1,HGNC_symbol,False
HOXA10-AS,,0,unmapped,False
HOXA11,P31270,1,HGNC_symbol,True
HOXA11-AS,,0,unmapped,False
HOXA13,P31271,1,HGNC_symbol,False
HOXA2,O43364,1,HGNC_symbol,False
HOXA3,O43365,1,HGNC_symbol,False
HOXA4,Q00056,1,HGNC_symbol,True
HOXA5,P20719,1,HGNC_symbol,False
HOXA6,P31267,1,HGNC_symbol,True
HOXA7,P31268,1,HGNC_symbol,False
HOXA9,P31269,1,HGNC_symbol,False
HOXB-AS1,,0,unmapped,False
HOXB-AS3,C0HLZ6,1,HGNC_symbol,False
HOXB1,P14653,1,HGNC_symbol,False
HOXB13,Q92826,1,HGNC_symbol,True
HOXB2,P14652,1,HGNC_symbol,True
HOXB3,P14651,1,HGNC_symbol,True
HOXB4,P17483,1,HGNC_symbol,False
HOXB5,P09067,1,HGNC_symbol,True
HOXB6,P17509,1,HGNC_symbol,False
HOXB7,P09629,1,HGNC_symbol,False
HOXB8,P17481,1,HGNC_symbol,False
HOXB9,P17482,1,HGNC_symbol,False
HOXC10,Q9NYD6,1,HGNC_symbol,True
HOXC11,O43248,1,HGNC_symbol,True
HOXC12,P31275,1,HGNC_symbol,True
HOXC13,P31276,1,HGNC_symbol,True
HOXC4,P09017,1,HGNC_symbol,True
HOXC5,Q00444,1,HGNC_symbol,False
HOXC6,P09630,1,HGNC_symbol,True
HOXC8,P31273,1,HGNC_symbol,False
HOXC9,P31274,1,HGNC_symbol,False
HOXD1,Q9GZZ0,1,HGNC_symbol,False
HOXD10,P28358,1,HGNC_symbol,True
HOXD11,P31277,1,HGNC_symbol,False
HOXD12,P35452,1,HGNC_symbol,True
HOXD13,P35453,1,HGNC_symbol,False
HOXD3,P31249,1,HGNC_symbol,False
HOXD4,P09016,1,HGNC_symbol,True
HOXD8,P13378,1,HGNC_symbol,False
HOXD9,P28356,1,HGNC_symbol,False
HP,P00738,1,HGNC_symbol,True
HP1BP3,Q5SSJ5,1,HGNC_symbol,False
HPCA,P84074,1,HGNC_symbol,False
HPCAL1,P37235,1,HGNC_symbol,False
HPCAL4,Q9UM19,1,HGNC_symbol,False
HPD,P32754,1,HGNC_symbol,True
HPDL,Q96IR7,1,HGNC_symbol,False
HPF1,Q9NWY4,1,HGNC_symbol,False
HPGD,P15428,1,HGNC_symbol,True
HPGDS,O60760,1,HGNC_symbol,True
HPN,P05981,1,HGNC_symbol,False
HPR,P00739,1,HGNC_symbol,True
HPRT1,P00492,1,HGNC_symbol,True
HPS1,Q92902,1,HGNC_symbol,False
HPS3,Q969F9,1,HGNC_symbol,True
HPS4,Q9NQG7,1,HGNC_symbol,False
HPS5,Q9UPZ3,1,HGNC_symbol,False
HPS6,Q86YV9,1,HGNC_symbol,False
HPSE,Q9Y251,1,HGNC_symbol,True
HPSE2,Q8WWQ2,1,HGNC_symbol,True
HPX,P02790,1,HGNC_symbol,True
HR,O43593,1,HGNC_symbol,False
HRAS,P01112,1,HGNC_symbol,False
HRASLS5,117245,5,STRING_alias,False
HRC,P23327,1,HGNC_symbol,True
HRCT1,Q6UXD1,1,HGNC_symbol,True
HRG,P04196,1,HGNC_symbol,False
HRH1,P35367,1,HGNC_symbol,False
HRH2,P25021,1,HGNC_symbol,True
HRH3,Q9Y5N1,1,HGNC_symbol,False
HRH4,Q9H3N8,1,HGNC_symbol,False
HRK,O00198,1,HGNC_symbol,True
HRNR,Q86YZ3,1,HGNC_symbol,False
HROB,Q8N3J3,1,HGNC_symbol,False
HRSP12,10247,5,STRING_alias,False
HRURF,P0DUH7,1,HGNC_symbol,False
HS1BP3,Q53T59,1,HGNC_symbol,False
HS2ST1,Q7LGA3,1,HGNC_symbol,True
HS3ST1,O14792,1,HGNC_symbol,True
HS3ST2,Q9Y278,1,HGNC_symbol,False
HS3ST3A1,Q9Y663,1,HGNC_symbol,False
HS3ST3B1,Q9Y662,1,HGNC_symbol,True
HS3ST4,Q9Y661,1,HGNC_symbol,False
HS3ST5,Q8IZT8,1,HGNC_symbol,False
HS3ST6,Q96QI5,1,HGNC_symbol,True
HS6ST1,O60243,1,HGNC_symbol,True
HS6ST1P1,,0,unmapped,False
HS6ST2,Q96MM7,1,HGNC_symbol,False
HS6ST3,Q8IZP7,1,HGNC_symbol,False
HSBP1,O75506,1,HGNC_symbol,True
HSBP1L1,C9JCN9,1,HGNC_symbol,True
HSCB,Q8IWL3,1,HGNC_symbol,False
HSD11B1,P28845,1,HGNC_symbol,False
HSD11B1L,Q7Z5J1,1,HGNC_symbol,True
HSD11B2,P80365,1,HGNC_symbol,False
HSD17B1,P14061,1,HGNC_symbol,False
HSD17B10,Q99714,1,HGNC_symbol,True
HSD17B11,Q8NBQ5,1,HGNC_symbol,False
HSD17B12,Q53GQ0,1,HGNC_symbol,False
HSD17B13,Q7Z5P4,1,HGNC_symbol,False
HSD17B14,Q9BPX1,1,HGNC_symbol,True
HSD17B1P1,,0,unmapped,False
HSD17B2,P37059,1,HGNC_symbol,True
HSD17B3,P37058,1,HGNC_symbol,False
HSD17B4,P51659,1,HGNC_symbol,False
HSD17B6,O14756,1,HGNC_symbol,False
HSD17B7,P56937,1,HGNC_symbol,False
HSD17B7P2,,0,unmapped,False
HSD17B8,Q92506,1,HGNC_symbol,False
HSD3B1,P14060,1,HGNC_symbol,False
HSD3B2,P26439,1,HGNC_symbol,False
HSD3B7,Q9H2F3,1,HGNC_symbol,False
HSDL1,Q3SXM5,1,HGNC_symbol,False
HSDL2,Q6YN16,1,HGNC_symbol,False
HSF1,Q00613,1,HGNC_symbol,True
HSF2,Q03933,1,HGNC_symbol,True
HSF2BP,O75031,1,HGNC_symbol,True
HSF4,Q9ULV5,1,HGNC_symbol,False
HSF5,Q4G112,1,HGNC_symbol,True
HSFX1,Q9UBD0,1,HGNC_symbol,False
HSFX2,100130086,5,STRING_alias,False
HSFX3,A0A1B0GWH4,1,HGNC_symbol,False
HSFX4,A0A1B0GTS1,1,HGNC_symbol,True
HSFY1,Q96LI6,1,HGNC_symbol,True
HSFY2,159119,5,STRING_alias,False
HSH2D,Q96JZ2,1,HGNC_symbol,True
HSP90AA1,P07900,1,HGNC_symbol,False
HSP90AA4P,Q58FG1,1,HGNC_symbol,True
HSP90AA6P,,0,unmapped,False
HSP90AB1,P08238,1,HGNC_symbol,False
HSP90AB2P,Q58FF8,1,HGNC_symbol,True
HSP90AB3P,Q58FF7,1,HGNC_symbol,False
HSP90AB7P,,0,unmapped,False
HSP90B1,P14625,1,HGNC_symbol,True
HSP90B2P,Q58FF3,1,HGNC_symbol,False
HSP90B3P,,0,unmapped,False
HSPA12A,O43301,1,HGNC_symbol,False
HSPA12B,Q96MM6,1,HGNC_symbol,False
HSPA13,P48723,1,HGNC_symbol,False
HSPA14,Q0VDF9,1,HGNC_symbol,False
HSPA1A,P0DMV8,1,HGNC_symbol,True
HSPA1B,P0DMV9,1,HGNC_symbol,True
HSPA1L,P34931,1,HGNC_symbol,False
HSPA2,P54652,1,HGNC_symbol,True
HSPA4,P34932,1,HGNC_symbol,True
HSPA4L,O95757,1,HGNC_symbol,True
HSPA5,P11021,1,HGNC_symbol,False
HSPA6,P17066,1,HGNC_symbol,False
HSPA7,P48741,1,HGNC_symbol,False
HSPA8,P11142,1,HGNC_symbol,True
HSPA8P1,,0,unmapped,False
HSPA8P11,,0,unmapped,False
HSPA8P14,,0,unmapped,False
HSPA8P15,,0,unmapped,False
HSPA8P3,,0,unmapped,False
HSPA8P5,,0,unmapped,False
HSPA8P7,,0,unmapped,False
HSPA8P8,,0,unmapped,False
HSPA8P9,,0,unmapped,False
HSPA9,P38646,1,HGNC_symbol,False
HSPA9P1,,0,unmapped,False
HSPB1,P04792,1,HGNC_symbol,True
HSPB11,1TVG,5,STRING_alias,False
HSPB1P1,,0,unmapped,False
HSPB1P2,,0,unmapped,False
HSPB2,Q16082,1,HGNC_symbol,False
HSPB3,Q12988,1,HGNC_symbol,False
HSPB6,O14558,1,HGNC_symbol,True
HSPB7,Q9UBY9,1,HGNC_symbol,False
HSPB8,Q9UJY1,1,HGNC_symbol,True
HSPB9,Q9BQS6,1,HGNC_symbol,False
HSPBAP1,Q96EW2,1,HGNC_symbol,True
HSPBP1,Q9NZL4,1,HGNC_symbol,True
HSPD1,P10809,1,HGNC_symbol,False
HSPD1P1,,0,unmapped,False
HSPD1P11,,0,unmapped,False
HSPD1P5,,0,unmapped,False
HSPD1P6,,0,unmapped,False
HSPE1,P61604,1,HGNC_symbol,True
HSPE1P11,,0,unmapped,False
HSPE1P13,,0,unmapped,False
HSPE1P18,,0,unmapped,False
HSPE1P2,,0,unmapped,False
HSPE1P26,,0,unmapped,False
HSPE1P3,,0,unmapped,False
HSPE1P4,,0,unmapped,False
HSPG2,P98160,1,HGNC_symbol,False
HSPH1,Q92598,1,HGNC_symbol,False
HTATIP2,Q9BUP3,1,HGNC_symbol,False
HTATSF1,O43719,1,HGNC_symbol,False
HTATSF1P2,,0,unmapped,False
HTD2,P86397,1,HGNC_symbol,False
HTN1,P15515,1,HGNC_symbol,False
HTN3,P15516,1,HGNC_symbol,True
HTR1A,P08908,1,HGNC_symbol,True
HTR1B,P28222,1,HGNC_symbol,False
HTR1D,P28221,1,HGNC_symbol,False
HTR1E,P28566,1,HGNC_symbol,False
HTR1F,P30939,1,HGNC_symbol,False
HTR2A,P28223,1,HGNC_symbol,True
HTR2B,P41595,1,HGNC_symbol,False
HTR2C,P28335,1,HGNC_symbol,True
HTR3A,P46098,1,HGNC_symbol,True
HTR3B,O95264,1,HGNC_symbol,False
HTR3C,Q8WXA8,1,HGNC_symbol,False
HTR3D,Q70Z44,1,HGNC_symbol,False
HTR3E,A5X5Y0,1,HGNC_symbol,True
HTR4,Q13639,1,HGNC_symbol,True
HTR5A,P47898,1,HGNC_symbol,False
HTR6,P50406,1,HGNC_symbol,False
HTR7,P34969,1,HGNC_symbol,False
HTR7P1,,0,unmapped,False
HTRA1,Q92743,1,HGNC_symbol,False
HTRA2,O43464,1,HGNC_symbol,True
HTRA3,P83110,1,HGNC_symbol,False
HTRA4,P83105,1,HGNC_symbol,False
HTT,P42858,1,HGNC_symbol,False
HUNK,P57058,1,HGNC_symbol,False
HUS1,O60921,1,HGNC_symbol,True
HUS1B,Q8NHY5,1,HGNC_symbol,True
HUWE1,Q7Z6Z7,1,HGNC_symbol,False
HVCN1,Q96D96,1,HGNC_symbol,False
HYAL1,Q12794,1,HGNC_symbol,False
HYAL2,Q12891,1,HGNC_symbol,False
HYAL3,O43820,1,HGNC_symbol,True
HYAL4,Q2M3T9,1,HGNC_symbol,False
HYCC1,Q9BYI3,1,HGNC_symbol,True
HYCC2,Q8IXS8,1,HGNC_symbol,True
HYDIN,Q4G0P3,1,HGNC_symbol,False
HYI,Q5T013,1,HGNC_symbol,True
HYI-AS1,,0,unmapped,False
HYKK,A2RU49,1,HGNC_symbol,False
HYLS1,Q96M11,1,HGNC_symbol,False
HYOU1,Q9Y4L1,1,HGNC_symbol,False
HYPK,Q9NX55,1,HGNC_symbol,True
IAH1,Q2TAA2,1,HGNC_symbol,True
IAPP,P10997,1,HGNC_symbol,True
IARS,3376,5,STRING_alias,False
IARS1,P41252,1,HGNC_symbol,False
IARS2,Q9NSE4,1,HGNC_symbol,False
IBA57,Q5T440,1,HGNC_symbol,False
IBA57-AS1,,0,unmapped,False
IBSP,P21815,1,HGNC_symbol,True
IBTK,Q9P2D0,1,HGNC_symbol,False
ICA1,Q05084,1,HGNC_symbol,False
ICA1L,Q8NDH6,1,HGNC_symbol,False
ICAM1,P05362,1,HGNC_symbol,False
ICAM2,P13598,1,HGNC_symbol,True
ICAM3,P32942,1,HGNC_symbol,True
ICAM4,Q14773,1,HGNC_symbol,False
ICAM5,Q9UMF0,1,HGNC_symbol,True
ICE1,Q9Y2F5,1,HGNC_symbol,False
ICE2,Q659A1,1,HGNC_symbol,True
ICK,2.7.11.1,5,STRING_alias,False
ICMT,O60725,1,HGNC_symbol,True
ICOS,Q9Y6W8,1,HGNC_symbol,True
ICOSLG,O75144,1,HGNC_symbol,False
ICT1,3.1.1.29,5,STRING_alias,False
ID1,P41134,1,HGNC_symbol,True
ID2,Q02363,1,HGNC_symbol,False
ID3,Q02535,1,HGNC_symbol,False
ID4,P47928,1,HGNC_symbol,False
IDE,P14735,1,HGNC_symbol,False
IDH1,O75874,1,HGNC_symbol,False
IDH2,P48735,1,HGNC_symbol,False
IDH3A,P50213,1,HGNC_symbol,True
IDH3B,O43837,1,HGNC_symbol,True
IDH3G,P51553,1,HGNC_symbol,False
IDI1,Q13907,1,HGNC_symbol,False
IDI2,Q9BXS1,1,HGNC_symbol,True
IDI2-AS1,Q9NZ38,1,HGNC_symbol,False
IDNK,Q5T6J7,1,HGNC_symbol,True
IDO1,P14902,1,HGNC_symbol,True
IDO2,Q6ZQW0,1,HGNC_symbol,False
IDS,P22304,1,HGNC_symbol,True
IDSP1,,0,unmapped,False
IDUA,P35475,1,HGNC_symbol,True
IER2,Q9BTL4,1,HGNC_symbol,True
IER3,P46695,1,HGNC_symbol,False
IER3IP1,Q9Y5U9,1,HGNC_symbol,True
IER5,Q5VY09,1,HGNC_symbol,False
IER5L,Q5T953,1,HGNC_symbol,False
IFFO1,Q0D2I5,1,HGNC_symbol,False
IFFO2,Q5TF58,1,HGNC_symbol,True
IFI16,Q16666,1,HGNC_symbol,False
IFI27,P40305,1,HGNC_symbol,True
IFI27L1,Q96BM0,1,HGNC_symbol,False
IFI27L2,Q9H2X8,1,HGNC_symbol,True
IFI30,P13284,1,HGNC_symbol,False
IFI35,P80217,1,HGNC_symbol,True
IFI44,Q8TCB0,1,HGNC_symbol,True
IFI44L,Q53G44,1,HGNC_symbol,True
IFI6,P09912,1,HGNC_symbol,False
IFIH1,Q9BYX4,1,HGNC_symbol,False
IFIT1,P09914,1,HGNC_symbol,False
IFIT1B,Q5T764,1,HGNC_symbol,True
IFIT1P1,,0,unmapped,False
IFIT2,P09913,1,HGNC_symbol,False
IFIT3,O14879,1,HGNC_symbol,True
IFIT5,Q13325,1,HGNC_symbol,False
IFITM1,P13164,1,HGNC_symbol,False
IFITM10,A6NMD0,1,HGNC_symbol,False
IFITM2,Q01629,1,HGNC_symbol,False
IFITM3,Q01628,1,HGNC_symbol,False
IFITM4P,,0,unmapped,False
IFITM5,A6NNB3,1,HGNC_symbol,False
IFNA1,P0DY56,1,HGNC_symbol,True
IFNA10,P01566,1,HGNC_symbol,True
IFNA13,A0A087WWS6,1,HGNC_symbol,True
IFNA14,P01570,1,HGNC_symbol,False
IFNA16,P05015,1,HGNC_symbol,False
IFNA17,P01571,1,HGNC_symbol,False
IFNA2,P01563,1,HGNC_symbol,False
IFNA21,P01568,1,HGNC_symbol,False
IFNA4,P05014,1,HGNC_symbol,False
IFNA5,P01569,1,HGNC_symbol,False
IFNA6,P05013,1,HGNC_symbol,True
IFNA7,P01567,1,HGNC_symbol,False
IFNA8,P32881,1,HGNC_symbol,False
IFNAR1,P17181,1,HGNC_symbol,True
IFNAR2,P48551,1,HGNC_symbol,True
IFNB1,P01574,1,HGNC_symbol,True
IFNE,Q86WN2,1,HGNC_symbol,True
IFNG,P01579,1,HGNC_symbol,True
IFNG-AS1,,0,unmapped,False
IFNGR1,P15260,1,HGNC_symbol,False
IFNGR2,P38484,1,HGNC_symbol,False
IFNK,Q9P0W0,1,HGNC_symbol,False
IFNL1,Q8IU54,1,HGNC_symbol,False
IFNL2,Q8IZJ0,1,HGNC_symbol,True
IFNL3,Q8IZI9,1,HGNC_symbol,True
IFNL3P1,,0,unmapped,False
IFNL4,K9M1U5,1,HGNC_symbol,True
IFNLR1,Q8IU57,1,HGNC_symbol,True
IFNW1,P05000,1,HGNC_symbol,False
IFRD1,O00458,1,HGNC_symbol,True
IFRD2,Q12894,1,HGNC_symbol,False
IFT122,Q9HBG6,1,HGNC_symbol,False
IFT140,Q96RY7,1,HGNC_symbol,False
IFT172,Q9UG01,1,HGNC_symbol,False
IFT20,Q8IY31,1,HGNC_symbol,True
IFT22,Q9H7X7,1,HGNC_symbol,False
IFT25,Q9Y547,1,HGNC_symbol,True
IFT27,Q9BW83,1,HGNC_symbol,False
IFT43,Q96FT9,1,HGNC_symbol,True
IFT46,Q9NQC8,1,HGNC_symbol,False
IFT52,Q9Y366,1,HGNC_symbol,False
IFT56,A0AVF1,1,HGNC_symbol,True
IFT57,Q9NWB7,1,HGNC_symbol,False
IFT70A,Q86WT1,1,HGNC_symbol,True
IFT70B,Q8N4P2,1,HGNC_symbol,False
IFT74,Q96LB3,1,HGNC_symbol,False
IFT80,Q9P2H3,1,HGNC_symbol,False
IFT81,Q8WYA0,1,HGNC_symbol,False
IFT88,Q13099,1,HGNC_symbol,True
IFTAP,Q86VG3,1,HGNC_symbol,False
IGBP1,P78318,1,HGNC_symbol,False
IGBP1C,A0A1W2PR95,1,HGNC_symbol,False
IGBP1P1,,0,unmapped,False
IGBP1P4,,0,unmapped,False
IGDCC3,Q8IVU1,1,HGNC_symbol,False
IGDCC4,Q8TDY8,1,HGNC_symbol,False
IGF1,P05019,1,HGNC_symbol,False
IGF1R,P08069,1,HGNC_symbol,False
IGF2,P01344,1,HGNC_symbol,False
IGF2BP1,Q9NZI8,1,HGNC_symbol,False
IGF2BP2,Q9Y6M1,1,HGNC_symbol,True
IGF2BP3,O00425,1,HGNC_symbol,False
IGF2R,P11717,1,HGNC_symbol,False
IGFALS,P35858,1,HGNC_symbol,False
IGFBP1,P08833,1,HGNC_symbol,True
IGFBP2,P18065,1,HGNC_symbol,False
IGFBP3,P17936,1,HGNC_symbol,False
IGFBP4,P22692,1,HGNC_symbol,True
IGFBP5,P24593,1,HGNC_symbol,False
IGFBP6,P24592,1,HGNC_symbol,False
IGFBP7,Q16270,1,HGNC_symbol,False
IGFBP7-AS1,,0,unmapped,False
IGFBPL1,Q8WX77,1,HGNC_symbol,True
IGFL1,Q6UW32,1,HGNC_symbol,True
IGFL2,Q6UWQ7,1,HGNC_symbol,True
IGFL3,Q6UXB1,1,HGNC_symbol,False
IGFL4,Q6B9Z1,1,HGNC_symbol,True
IGFLR1,Q9H665,1,HGNC_symbol,False
IGFN1,Q86VF2,1,HGNC_symbol,False
IGHA1,P01876,1,HGNC_symbol,True
IGHA2,P01877,1,HGNC_symbol,True
IGHD,P01880,1,HGNC_symbol,False
IGHD7-27,,0,unmapped,False
IGHE,P01854,1,HGNC_symbol,False
IGHEP2,3698,5,STRING_alias,False
IGHG1,P01857,1,HGNC_symbol,False
IGHG2,P01859,1,HGNC_symbol,True
IGHG3,P01860,1,HGNC_symbol,False
IGHG4,P01861,1,HGNC_symbol,False
IGHGP,,0,unmapped,False
IGHJ1,A0A0C4DH62,1,HGNC_symbol,True
IGHJ1P,,0,unmapped,False
IGHJ2,A0A0J9YWN2,1,HGNC_symbol,False
IGHJ2P,,0,unmapped,False
IGHJ3,A0A0J9YW14,1,HGNC_symbol,False
IGHJ3P,,0,unmapped,False
IGHJ4,A0A0J9YVS3,1,HGNC_symbol,True
IGHJ5,A0A0J9YVP9,1,HGNC_symbol,False
IGHJ6,A0A0J9YVP2,1,HGNC_symbol,False
IGHM,P01871,1,HGNC_symbol,True
IGHMBP2,P38935,1,HGNC_symbol,True
IGHV1-18,A0A0C4DH31,1,HGNC_symbol,False
IGHV1-2,P23083,1,HGNC_symbol,False
IGHV1-24,A0A0C4DH33,1,HGNC_symbol,False
IGHV1-3,A0A0C4DH29,1,HGNC_symbol,True
IGHV1-46,P01743,1,HGNC_symbol,True
IGHV1-58,A0A0C4DH39,1,HGNC_symbol,False
IGHV1-69,P01742,1,HGNC_symbol,True
IGHV1-8,P0DP01,1,HGNC_symbol,True
IGHV1OR15-1,A0A075B7D0,1,HGNC_symbol,False
IGHV1OR15-2,,0,unmapped,False
IGHV1OR15-3,,0,unmapped,False
IGHV1OR16-3,,0,unmapped,False
IGHV2-26,A0A0B4J1V2,1,HGNC_symbol,False
IGHV2-5,P01817,1,HGNC_symbol,False
IGHV2-70,P01814,1,HGNC_symbol,False
IGHV3-11,P01762,1,HGNC_symbol,False
IGHV3-13,P01766,1,HGNC_symbol,True
IGHV3-15,A0A0B4J1V0,1,HGNC_symbol,True
IGHV3-19,,0,unmapped,False
IGHV3-20,A0A0C4DH32,1,HGNC_symbol,False
IGHV3-21,A0A0B4J1V1,1,HGNC_symbol,False
IGHV3-23,P01764,1,HGNC_symbol,True
IGHV3-30,P01768,1,HGNC_symbol,True
IGHV3-33,P01772,1,HGNC_symbol,False
IGHV3-38,A0A0C4DH36,1,HGNC_symbol,False
IGHV3-41,,0,unmapped,False
IGHV3-43,A0A0B4J1X8,1,HGNC_symbol,True
IGHV3-48,P01763,1,HGNC_symbol,True
IGHV3-49,A0A0A0MS15,1,HGNC_symbol,False
IGHV3-53,P01767,1,HGNC_symbol,False
IGHV3-62,,0,unmapped,False
IGHV3-64,A0A075B6Q5,1,HGNC_symbol,False
IGHV3-65,,0,unmapped,False
IGHV3-66,A0A0C4DH42,1,HGNC_symbol,False
IGHV3-7,P01780,1,HGNC_symbol,True
IGHV3-71,,0,unmapped,False
IGHV3-72,A0A0B4J1Y9,1,HGNC_symbol,False
IGHV3-73,A0A0B4J1V6,1,HGNC_symbol,False
IGHV3-74,A0A0B4J1X5,1,HGNC_symbol,True
IGHV3-9,P01782,1,HGNC_symbol,True
IGHV3OR15-7,A0A075B7D8,1,HGNC_symbol,True
IGHV3OR16-13,A0A075B7E8,1,HGNC_symbol,False
IGHV3OR16-6,,0,unmapped,False
IGHV3OR16-8,A0A075B7F1,1,HGNC_symbol,True
IGHV3OR16-9,A0A0B4J2B5,1,HGNC_symbol,False
IGHV4-28,A0A0C4DH34,1,HGNC_symbol,False
IGHV4-31,P0DP07,1,HGNC_symbol,True
IGHV4-34,P06331,1,HGNC_symbol,False
IGHV4-39,P01824,1,HGNC_symbol,True
IGHV4-4,A0A075B6R2,1,HGNC_symbol,False
IGHV4-55,,0,unmapped,False
IGHV4-59,P01825,1,HGNC_symbol,True
IGHV4-61,A0A0C4DH41,1,HGNC_symbol,False
IGHV4OR15-8,A0A075B7B6,1,HGNC_symbol,True
IGHV5-51,A0A0C4DH38,1,HGNC_symbol,False
IGHV5-78,,0,unmapped,False
IGHV6-1,A0A0B4J1U7,1,HGNC_symbol,True
IGHVIII-38-1,,0,unmapped,False
IGIP,A6NJ69,1,HGNC_symbol,True
IGJ,3512,5,STRING_alias,False
IGKJ3,A0A0A0MT96,1,HGNC_symbol,True
IGKJ4,A0A0A0MT69,1,HGNC_symbol,True
IGKJ5,A0A0A0MTA3,1,HGNC_symbol,True
IGKV1-12,A0A0C4DH73,1,HGNC_symbol,True
IGKV1-13,P0DP09,1,HGNC_symbol,False
IGKV1-16,P04430,1,HGNC_symbol,False
IGKV1-17,P01599,1,HGNC_symbol,True
IGKV1-22,,0,unmapped,False
IGKV1-27,A0A075B6S5,1,HGNC_symbol,False
IGKV1-32,,0,unmapped,False
IGKV1-33,P01594,1,HGNC_symbol,True
IGKV1-39,P01597,1,HGNC_symbol,True
IGKV1-5,P01602,1,HGNC_symbol,False
IGKV1-6,A0A0C4DH72,1,HGNC_symbol,False
IGKV1-8,A0A0C4DH67,1,HGNC_symbol,False
IGKV1-9,A0A0C4DH69,1,HGNC_symbol,False
IGKV1D-12,P01611,1,HGNC_symbol,False
IGKV1D-13,A0A0B4J2D9,1,HGNC_symbol,True
IGKV1D-16,P01601,1,HGNC_symbol,False
IGKV1D-17,A0A075B6S4,1,HGNC_symbol,False
IGKV1D-22,,0,unmapped,False
IGKV1D-27,,0,unmapped,False
IGKV1D-33,P01593,1,HGNC_symbol,True
IGKV1D-39,P04432,1,HGNC_symbol,True
IGKV1D-8,A0A087WSZ0,1,HGNC_symbol,True
IGKV1OR10-1,,0,unmapped,False
IGKV1OR2-108,A0A075B7D4,1,HGNC_symbol,True
IGKV1OR2-118,,0,unmapped,False
IGKV1OR22-5,,0,unmapped,False
IGKV2-23,,0,unmapped,False
IGKV2-24,A0A0C4DH68,1,HGNC_symbol,False
IGKV2-28,A0A075B6P5,1,HGNC_symbol,True
IGKV2-29,A2NJV5,1,HGNC_symbol,False
IGKV2-30,P06310,1,HGNC_symbol,True
IGKV2D-24,A0A075B6R9,1,HGNC_symbol,True
IGKV2D-28,P01615,1,HGNC_symbol,False
IGKV2D-29,A0A075B6S2,1,HGNC_symbol,False
IGKV2D-30,A0A075B6S6,1,HGNC_symbol,True
IGKV2D-40,P01614,1,HGNC_symbol,True
IGKV2OR22-4,,0,unmapped,False
IGKV3-11,P04433,1,HGNC_symbol,False
IGKV3-15,P01624,1,HGNC_symbol,False
IGKV3-20,P01619,1,HGNC_symbol,False
IGKV3-7,A0A075B6H7,1,HGNC_symbol,True
IGKV3D-11,A0A0A0MRZ8,1,HGNC_symbol,True
IGKV3D-15,A0A087WSY6,1,HGNC_symbol,False
IGKV3D-20,A0A0C4DH25,1,HGNC_symbol,False
IGKV3D-7,A0A0C4DH55,1,HGNC_symbol,False
IGKV3OR2-268,A0A0C4DH90,1,HGNC_symbol,True
IGKV4-1,P06312,1,HGNC_symbol,False
IGKV5-2,P06315,1,HGNC_symbol,False
IGKV6-21,A0A0C4DH24,1,HGNC_symbol,False
IGKV6D-21,A0A0A0MT36,1,HGNC_symbol,False
IGLC2,P0DOY2,1,HGNC_symbol,False
IGLC3,P0DOY3,1,HGNC_symbol,True
IGLC5,,0,unmapped,False
IGLC6,P0CF74,1,HGNC_symbol,False
IGLC7,A0M8Q6,1,HGNC_symbol,False
IGLJ2,A0A0A0MT82,1,HGNC_symbol,True
IGLJ3,A0A0A0MT99,1,HGNC_symbol,True
IGLL1,P15814,1,HGNC_symbol,False
IGLL3P,,0,unmapped,False
IGLL5,B9A064,1,HGNC_symbol,False
IGLON5,A6NGN9,1,HGNC_symbol,False
IGLV1-36,A0A0B4J1U3,1,HGNC_symbol,True
IGLV1-40,P01703,1,HGNC_symbol,False
IGLV1-41,,0,unmapped,False
IGLV1-44,P01699,1,HGNC_symbol,True
IGLV1-47,P01700,1,HGNC_symbol,True
IGLV1-50,A0A075B6I6,1,HGNC_symbol,True
IGLV1-51,P01701,1,HGNC_symbol,True
IGLV10-54,A0A075B6I4,1,HGNC_symbol,False
IGLV2-11,P01706,1,HGNC_symbol,False
IGLV2-14,P01704,1,HGNC_symbol,False
IGLV2-18,A0A075B6J9,1,HGNC_symbol,True
IGLV2-23,P01705,1,HGNC_symbol,False
IGLV2-34,,0,unmapped,False
IGLV2-5,,0,unmapped,False
IGLV2-8,P01709,1,HGNC_symbol,True
IGLV3-1,P01715,1,HGNC_symbol,True
IGLV3-10,A0A075B6K4,1,HGNC_symbol,False
IGLV3-12,A0A075B6K2,1,HGNC_symbol,False
IGLV3-16,A0A075B6K0,1,HGNC_symbol,False
IGLV3-19,P01714,1,HGNC_symbol,False
IGLV3-21,P80748,1,HGNC_symbol,False
IGLV3-25,P01717,1,HGNC_symbol,True
IGLV3-27,P01718,1,HGNC_symbol,True
IGLV3-9,A0A075B6K5,1,HGNC_symbol,True
IGLV4-60,A0A075B6I1,1,HGNC_symbol,False
IGLV4-69,A0A075B6H9,1,HGNC_symbol,True
IGLV5-37,A0A075B6J1,1,HGNC_symbol,True
IGLV5-45,A0A087WSX0,1,HGNC_symbol,False
IGLV6-57,P01721,1,HGNC_symbol,True
IGLV7-43,P04211,1,HGNC_symbol,False
IGLV7-46,A0A075B6I9,1,HGNC_symbol,True
IGLV8-61,A0A075B6I0,1,HGNC_symbol,False
IGLV9-49,A0A0B4J1Y8,1,HGNC_symbol,True
IGSF1,Q8N6C5,1,HGNC_symbol,False
IGSF10,Q6WRI0,1,HGNC_symbol,False
IGSF11,Q5DX21,1,HGNC_symbol,True
IGSF21,Q96ID5,1,HGNC_symbol,True
IGSF22,Q8N9C0,1,HGNC_symbol,False
IGSF23,A1L1A6,1,HGNC_symbol,False
IGSF3,O75054,1,HGNC_symbol,False
IGSF5,Q9NSI5,1,HGNC_symbol,True
IGSF6,O95976,1,HGNC_symbol,False
IGSF8,Q969P0,1,HGNC_symbol,False
IGSF9,Q9P2J2,1,HGNC_symbol,False
IGSF9B,Q9UPX0,1,HGNC_symbol,False
IHH,Q14623,1,HGNC_symbol,True
IHO1,Q8IYA8,1,HGNC_symbol,False
IK,Q13123,1,HGNC_symbol,True
IKBIP,Q70UQ0,1,HGNC_symbol,False
IKBKAP,5CQR,5,STRING_alias,False
IKBKB,O14920,1,HGNC_symbol,True
IKBKE,Q14164,1,HGNC_symbol,False
IKBKG,Q9Y6K9,1,HGNC_symbol,False
IKBKGP1,,0,unmapped,False
IKZF1,Q13422,1,HGNC_symbol,True
IKZF2,Q9UKS7,1,HGNC_symbol,True
IKZF3,Q9UKT9,1,HGNC_symbol,True
IKZF4,Q9H2S9,1,HGNC_symbol,False
IKZF5,Q9H5V7,1,HGNC_symbol,False
IL10,P22301,1,HGNC_symbol,False
IL10RA,Q13651,1,HGNC_symbol,True
IL10RB,Q08334,1,HGNC_symbol,True
IL10RB-AS1,,0,unmapped,False
IL11,P20809,1,HGNC_symbol,False
IL11RA,Q14626,1,HGNC_symbol,False
IL12A,P29459,1,HGNC_symbol,True
IL12A-AS1,,0,unmapped,False
IL12B,P29460,1,HGNC_symbol,False
IL12RB1,P42701,1,HGNC_symbol,False
IL12RB2,Q99665,1,HGNC_symbol,False
IL13,P35225,1,HGNC_symbol,False
IL13RA1,P78552,1,HGNC_symbol,False
IL13RA2,Q14627,1,HGNC_symbol,False
IL15,P40933,1,HGNC_symbol,False
IL15RA,Q13261,1,HGNC_symbol,True
IL16,Q14005,1,HGNC_symbol,False
IL17A,Q16552,1,HGNC_symbol,False
IL17B,Q9UHF5,1,HGNC_symbol,True
IL17C,Q9P0M4,1,HGNC_symbol,False
IL17D,Q8TAD2,1,HGNC_symbol,False
IL17F,Q96PD4,1,HGNC_symbol,True
IL17RA,Q96F46,1,HGNC_symbol,False
IL17RB,Q9NRM6,1,HGNC_symbol,True
IL17RC,Q8NAC3,1,HGNC_symbol,False
IL17RD,Q8NFM7,1,HGNC_symbol,False
IL17RE,Q8NFR9,1,HGNC_symbol,False
IL17REL,Q6ZVW7,1,HGNC_symbol,True
IL18,Q14116,1,HGNC_symbol,True
IL18BP,O95998,1,HGNC_symbol,False
IL18R1,Q13478,1,HGNC_symbol,False
IL18RAP,O95256,1,HGNC_symbol,False
IL19,Q9UHD0,1,HGNC_symbol,False
IL1A,P01583,1,HGNC_symbol,True
IL1B,P01584,1,HGNC_symbol,True
IL1F10,Q8WWZ1,1,HGNC_symbol,False
IL1R1,P14778,1,HGNC_symbol,False
IL1R2,P27930,1,HGNC_symbol,False
IL1RAP,Q9NPH3,1,HGNC_symbol,False
IL1RAPL1,Q9NZN1,1,HGNC_symbol,True
IL1RAPL2,Q9NP60,1,HGNC_symbol,False
IL1RL1,Q01638,1,HGNC_symbol,True
IL1RL2,Q9HB29,1,HGNC_symbol,False
IL1RN,P18510,1,HGNC_symbol,False
IL2,P60568,1,HGNC_symbol,True
IL20,Q9NYY1,1,HGNC_symbol,True
IL20RA,Q9UHF4,1,HGNC_symbol,True
IL20RB,Q6UXL0,1,HGNC_symbol,False
IL21,Q9HBE4,1,HGNC_symbol,False
IL21R,Q9HBE5,1,HGNC_symbol,True
IL22,Q9GZX6,1,HGNC_symbol,True
IL22RA1,Q8N6P7,1,HGNC_symbol,True
IL22RA2,Q969J5,1,HGNC_symbol,False
IL23A,Q9NPF7,1,HGNC_symbol,False
IL23R,Q5VWK5,1,HGNC_symbol,True
IL24,Q13007,1,HGNC_symbol,False
IL25,Q9H293,1,HGNC_symbol,False
IL26,Q9NPH9,1,HGNC_symbol,False
IL27,Q8NEV9,1,HGNC_symbol,True
IL27RA,Q6UWB1,1,HGNC_symbol,True
IL2RA,P01589,1,HGNC_symbol,False
IL2RB,P14784,1,HGNC_symbol,True
IL2RG,P31785,1,HGNC_symbol,False
IL3,P08700,1,HGNC_symbol,False
IL31,Q6EBC2,1,HGNC_symbol,False
IL31RA,Q8NI17,1,HGNC_symbol,False
IL32,P24001,1,HGNC_symbol,False
IL33,O95760,1,HGNC_symbol,True
IL34,Q6ZMJ4,1,HGNC_symbol,False
IL36A,Q9UHA7,1,HGNC_symbol,True
IL36B,Q9NZH7,1,HGNC_symbol,False
IL36G,Q9NZH8,1,HGNC_symbol,False
IL36RN,Q9UBH0,1,HGNC_symbol,False
IL37,Q9NZH6,1,HGNC_symbol,False
IL3RA,P26951,1,HGNC_symbol,False
IL4,P05112,1,HGNC_symbol,True
IL4I1,Q96RQ9,1,HGNC_symbol,False
IL4R,P24394,1,HGNC_symbol,False
IL5,P05113,1,HGNC_symbol,False
IL5RA,Q01344,1,HGNC_symbol,False
IL6,P05231,1,HGNC_symbol,True
IL6R,P08887,1,HGNC_symbol,True
IL6ST,P40189,1,HGNC_symbol,True
IL6STP1,,0,unmapped,False
IL7,P13232,1,HGNC_symbol,True
IL7R,P16871,1,HGNC_symbol,True
IL8,(Ala-IL-8)77,5,STRING_alias,False
IL9,P15248,1,HGNC_symbol,False
IL9R,Q01113,1,HGNC_symbol,False
IL9RP3,,0,unmapped,False
ILDR1,Q86SU0,1,HGNC_symbol,True
ILDR2,Q71H61,1,HGNC_symbol,False
ILF2,Q12905,1,HGNC_symbol,True
ILF2P1,,0,unmapped,False
ILF3,Q12906,1,HGNC_symbol,False
ILF3-AS1,,0,unmapped,False
ILK,Q13418,1,HGNC_symbol,False
ILKAP,Q9H0C8,1,HGNC_symbol,True
ILRUN,Q9H6K1,1,HGNC_symbol,False
ILVBL,10994,5,STRING_alias,False
IMMP1L,Q96LU5,1,HGNC_symbol,False
IMMP2L,Q96T52,1,HGNC_symbol,False
IMMT,Q16891,1,HGNC_symbol,True
IMMTP1,,0,unmapped,False
IMP3,Q9NV31,1,HGNC_symbol,False
IMP4,Q96G21,1,HGNC_symbol,True
IMPA1,P29218,1,HGNC_symbol,False
IMPA2,O14732,1,HGNC_symbol,True
IMPACT,Q9P2X3,1,HGNC_symbol,False
IMPAD1,3.1.3.7,5,STRING_alias,False
IMPDH1,P20839,1,HGNC_symbol,False
IMPDH1P10,,0,unmapped,False
IMPDH1P11,,0,unmapped,False
IMPDH1P4,,0,unmapped,False
IMPDH1P6,,0,unmapped,False
IMPDH2,P12268,1,HGNC_symbol,False
IMPG1,Q17R60,1,HGNC_symbol,False
IMPG2,Q9BZV3,1,HGNC_symbol,False
INA,Q16352,1,HGNC_symbol,True
INADL,1VF6,5,STRING_alias,False
INAFM1,C9JVW0,1,HGNC_symbol,True
INAFM2,P0DMQ5,1,HGNC_symbol,True
INAVA,Q3KP66,1,HGNC_symbol,False
INCA1,Q0VD86,1,HGNC_symbol,False
INCENP,Q9NQS7,1,HGNC_symbol,False
INE1,O15225,1,HGNC_symbol,False
INF2,Q27J81,1,HGNC_symbol,False
ING1,Q9UK53,1,HGNC_symbol,True
ING2,Q9H160,1,HGNC_symbol,False
ING3,Q9NXR8,1,HGNC_symbol,True
ING4,Q9UNL4,1,HGNC_symbol,False
ING5,Q8WYH8,1,HGNC_symbol,True
INGX,,0,unmapped,False
INHA,P05111,1,HGNC_symbol,False
INHBA,P08476,1,HGNC_symbol,False
INHBA-AS1,,0,unmapped,False
INHBB,P09529,1,HGNC_symbol,False
INHBC,P55103,1,HGNC_symbol,True
INHBE,P58166,1,HGNC_symbol,False
INIP,Q9NRY2,1,HGNC_symbol,True
INKA1,Q96EL1,1,HGNC_symbol,True
INKA2,Q9NTI7,1,HGNC_symbol,True
INMT,O95050,1,HGNC_symbol,True
INO80,Q9ULG1,1,HGNC_symbol,False
INO80B,Q9C086,1,HGNC_symbol,True
INO80C,Q6PI98,1,HGNC_symbol,False
INO80D,Q53TQ3,1,HGNC_symbol,False
INO80E,Q8NBZ0,1,HGNC_symbol,False
INPP1,P49441,1,HGNC_symbol,False
INPP4A,Q96PE3,1,HGNC_symbol,False
INPP4B,O15327,1,HGNC_symbol,False
INPP5A,Q14642,1,HGNC_symbol,True
INPP5B,P32019,1,HGNC_symbol,True
INPP5D,Q92835,1,HGNC_symbol,False
INPP5E,Q9NRR6,1,HGNC_symbol,True
INPP5F,Q9Y2H2,1,HGNC_symbol,False
INPP5J,Q15735,1,HGNC_symbol,False
INPP5K,Q9BT40,1,HGNC_symbol,True
INPPL1,O15357,1,HGNC_symbol,False
INS,P01308,1,HGNC_symbol,False
INSC,Q1MX18,1,HGNC_symbol,True
INSIG1,O15503,1,HGNC_symbol,False
INSIG2,Q9Y5U4,1,HGNC_symbol,False
INSL3,P51460,1,HGNC_symbol,True
INSL4,Q14641,1,HGNC_symbol,False
INSL5,Q9Y5Q6,1,HGNC_symbol,False
INSL6,Q9Y581,1,HGNC_symbol,False
INSM1,Q01101,1,HGNC_symbol,False
INSM2,Q96T92,1,HGNC_symbol,True
INSR,P06213,1,HGNC_symbol,False
INSRR,P14616,1,HGNC_symbol,False
INSYN1,Q2T9L4,1,HGNC_symbol,False
INSYN2A,Q6ZSG2,1,HGNC_symbol,False
INSYN2B,A6NMK8,1,HGNC_symbol,False
INTS1,Q8N201,1,HGNC_symbol,False
INTS10,Q9NVR2,1,HGNC_symbol,True
INTS11,Q5TA45,1,HGNC_symbol,True
INTS12,Q96CB8,1,HGNC_symbol,False
INTS13,Q9NVM9,1,HGNC_symbol,False
INTS14,Q96SY0,1,HGNC_symbol,False
INTS15,Q96N11,1,HGNC_symbol,False
INTS2,Q9H0H0,1,HGNC_symbol,False
INTS3,Q68E01,1,HGNC_symbol,False
INTS4,Q96HW7,1,HGNC_symbol,True
INTS4L1,,0,unmapped,False
INTS4L2,,0,unmapped,False
INTS5,Q6P9B9,1,HGNC_symbol,False
INTS6,Q9UL03,1,HGNC_symbol,True
INTS6-AS1,,0,unmapped,False
INTS6L,Q5JSJ4,1,HGNC_symbol,True
INTS6P1,,0,unmapped,False
INTS7,Q9NVH2,1,HGNC_symbol,False
INTS8,Q75QN2,1,HGNC_symbol,False
INTS9,Q9NV88,1,HGNC_symbol,True
INTU,Q9ULD6,1,HGNC_symbol,True
INVS,Q9Y283,1,HGNC_symbol,False
IP6K1,Q92551,1,HGNC_symbol,True
IP6K2,Q9UHH9,1,HGNC_symbol,True
IP6K3,Q96PC2,1,HGNC_symbol,False
IPCEF1,Q8WWN9,1,HGNC_symbol,True
IPMK,Q8NFU5,1,HGNC_symbol,False
IPO11,Q9UI26,1,HGNC_symbol,False
IPO13,O94829,1,HGNC_symbol,True
IPO4,Q8TEX9,1,HGNC_symbol,False
IPO5,O00410,1,HGNC_symbol,False
IPO7,O95373,1,HGNC_symbol,False
IPO7P1,,0,unmapped,False
IPO7P2,,0,unmapped,False
IPO8,O15397,1,HGNC_symbol,False
IPO8P1,,0,unmapped,False
IPO9,Q96P70,1,HGNC_symbol,False
IPO9-AS1,,0,unmapped,False
IPP,Q9Y573,1,HGNC_symbol,False
IPPK,Q9H8X2,1,HGNC_symbol,True
IQANK1,A8MXQ7,1,HGNC_symbol,True
IQCA1,79781,5,STRING_alias,False
IQCA1L,392843,5,STRING_alias,False
IQCB1,Q15051,1,HGNC_symbol,False
IQCB2P,,0,unmapped,False
IQCC,Q4KMZ1,1,HGNC_symbol,False
IQCD,115811,5,STRING_alias,False
IQCE,Q6IPM2,1,HGNC_symbol,False
IQCF1,Q8N6M8,1,HGNC_symbol,True
IQCF2,Q8IXL9,1,HGNC_symbol,False
IQCF3,P0C7M6,1,HGNC_symbol,False
IQCF5,A8MTL0,1,HGNC_symbol,False
IQCF6,A8MYZ5,1,HGNC_symbol,False
IQCG,4LZX,5,STRING_alias,False
IQCH,Q86VS3,1,HGNC_symbol,False
IQCH-AS1,,0,unmapped,False
IQCJ,Q1A5X6,1,HGNC_symbol,False
IQCJ-SCHIP1,B3KU38,1,HGNC_symbol,True
IQCK,Q8N0W5,1,HGNC_symbol,False
IQCM,A0A1B0GVH7,1,HGNC_symbol,False
IQCN,Q9H0B3,1,HGNC_symbol,False
IQGAP1,P46940,1,HGNC_symbol,False
IQGAP2,Q13576,1,HGNC_symbol,False
IQGAP3,Q86VI3,1,HGNC_symbol,False
IQSEC1,Q6DN90,1,HGNC_symbol,False
IQSEC2,Q5JU85,1,HGNC_symbol,False
IQSEC3,Q9UPP2,1,HGNC_symbol,False
IQUB,Q8NA54,1,HGNC_symbol,True
IRAG1,Q9Y6F6,1,HGNC_symbol,True
IRAG2,Q12912,1,HGNC_symbol,True
IRAK1,P51617,1,HGNC_symbol,False
IRAK1BP1,Q5VVH5,1,HGNC_symbol,True
IRAK2,O43187,1,HGNC_symbol,True
IRAK3,Q9Y616,1,HGNC_symbol,False
IRAK4,Q9NWZ3,1,HGNC_symbol,True
IREB2,P48200,1,HGNC_symbol,True
IRF1,P10914,1,HGNC_symbol,False
IRF2,P14316,1,HGNC_symbol,True
IRF2BP1,Q8IU81,1,HGNC_symbol,True
IRF2BP2,Q7Z5L9,1,HGNC_symbol,False
IRF2BPL,Q9H1B7,1,HGNC_symbol,False
IRF3,Q14653,1,HGNC_symbol,False
IRF4,Q15306,1,HGNC_symbol,False
IRF5,Q13568,1,HGNC_symbol,False
IRF6,O14896,1,HGNC_symbol,False
IRF7,Q92985,1,HGNC_symbol,True
IRF8,Q02556,1,HGNC_symbol,False
IRF9,Q00978,1,HGNC_symbol,False
IRGC,Q6NXR0,1,HGNC_symbol,False
IRGM,A1A4Y4,1,HGNC_symbol,False
IRGQ,Q8WZA9,1,HGNC_symbol,True
IRS1,P35568,1,HGNC_symbol,False
IRS2,Q9Y4H2,1,HGNC_symbol,False
IRS4,O14654,1,HGNC_symbol,False
IRX1,P78414,1,HGNC_symbol,False
IRX2,Q9BZI1,1,HGNC_symbol,False
IRX3,P78415,1,HGNC_symbol,True
IRX4,P78413,1,HGNC_symbol,False
IRX5,P78411,1,HGNC_symbol,False
IRX6,P78412,1,HGNC_symbol,False
ISCA1,Q9BUE6,1,HGNC_symbol,True
ISCA1P1,,0,unmapped,False
ISCA1P6,,0,unmapped,False
ISCA2,Q86U28,1,HGNC_symbol,False
ISCU,Q9H1K1,1,HGNC_symbol,True
ISG15,P05161,1,HGNC_symbol,False
ISG20,Q96AZ6,1,HGNC_symbol,True
ISG20L2,Q9H9L3,1,HGNC_symbol,True
ISL1,P61371,1,HGNC_symbol,False
ISL2,Q96A47,1,HGNC_symbol,True
ISLR,O14498,1,HGNC_symbol,False
ISLR2,Q6UXK2,1,HGNC_symbol,False
ISM1,B1AKI9,1,HGNC_symbol,False
ISM2,Q6H9L7,1,HGNC_symbol,False
ISOC1,Q96CN7,1,HGNC_symbol,False
ISOC2,Q96AB3,1,HGNC_symbol,True
ISPD,2.7.7.40,5,STRING_alias,False
IST1,P53990,1,HGNC_symbol,False
ISX,Q2M1V0,1,HGNC_symbol,True
ISY1,Q9ULR0,1,HGNC_symbol,False
ISYNA1,Q9NPH2,1,HGNC_symbol,False
ITCH,Q96J02,1,HGNC_symbol,True
ITFG1,Q8TB96,1,HGNC_symbol,False
ITFG2,Q969R8,1,HGNC_symbol,True
ITFG3,83986,5,STRING_alias,False
ITGA1,P56199,1,HGNC_symbol,False
ITGA10,O75578,1,HGNC_symbol,False
ITGA11,Q9UKX5,1,HGNC_symbol,False
ITGA2,P17301,1,HGNC_symbol,False
ITGA2B,P08514,1,HGNC_symbol,False
ITGA3,P26006,1,HGNC_symbol,False
ITGA4,P13612,1,HGNC_symbol,False
ITGA5,P08648,1,HGNC_symbol,False
ITGA6,P23229,1,HGNC_symbol,False
ITGA7,Q13683,1,HGNC_symbol,False
ITGA8,P53708,1,HGNC_symbol,False
ITGA9,Q13797,1,HGNC_symbol,False
ITGAD,Q13349,1,HGNC_symbol,False
ITGAE,P38570,1,HGNC_symbol,False
ITGAL,P20701,1,HGNC_symbol,False
ITGAM,P11215,1,HGNC_symbol,False
ITGAV,P06756,1,HGNC_symbol,False
ITGAX,P20702,1,HGNC_symbol,False
ITGB1,P05556,1,HGNC_symbol,False
ITGB1BP1,O14713,1,HGNC_symbol,False
ITGB1BP2,Q9UKP3,1,HGNC_symbol,True
ITGB1P1,,0,unmapped,False
ITGB2,P05107,1,HGNC_symbol,False
ITGB2-AS1,,0,unmapped,False
ITGB3,P05106,1,HGNC_symbol,False
ITGB3BP,Q13352,1,HGNC_symbol,False
ITGB4,P16144,1,HGNC_symbol,False
ITGB5,P18084,1,HGNC_symbol,True
ITGB6,P18564,1,HGNC_symbol,False
ITGB7,P26010,1,HGNC_symbol,True
ITGB8,P26012,1,HGNC_symbol,False
ITGBL1,O95965,1,HGNC_symbol,True
ITIH1,P19827,1,HGNC_symbol,False
ITIH2,P19823,1,HGNC_symbol,True
ITIH3,Q06033,1,HGNC_symbol,False
ITIH4,Q14624,1,HGNC_symbol,False
ITIH5,Q86UX2,1,HGNC_symbol,True
ITIH6,Q6UXX5,1,HGNC_symbol,False
ITK,Q08881,1,HGNC_symbol,False
ITLN1,Q8WWA0,1,HGNC_symbol,False
ITLN2,Q8WWU7,1,HGNC_symbol,False
ITM2A,O43736,1,HGNC_symbol,True
ITM2B,Q9Y287,1,HGNC_symbol,False
ITM2C,Q9NQX7,1,HGNC_symbol,True
ITPA,Q9BY32,1,HGNC_symbol,False
ITPK1,Q13572,1,HGNC_symbol,False
ITPKA,P23677,1,HGNC_symbol,False
ITPKB,P27987,1,HGNC_symbol,True
ITPKB-IT1,,0,unmapped,False
ITPKC,Q96DU7,1,HGNC_symbol,True
ITPR1,Q14643,1,HGNC_symbol,False
ITPR1-AS1,,0,unmapped,False
ITPR2,Q14571,1,HGNC_symbol,False
ITPR3,Q14573,1,HGNC_symbol,False
ITPRID1,Q6ZRS4,1,HGNC_symbol,False
ITPRID2,P28290,1,HGNC_symbol,False
ITPRIP,Q8IWB1,1,HGNC_symbol,False
ITPRIPL1,Q6GPH6,1,HGNC_symbol,True
ITPRIPL2,Q3MIP1,1,HGNC_symbol,False
ITSN1,Q15811,1,HGNC_symbol,False
ITSN2,Q9NZM3,1,HGNC_symbol,False
IVD,P26440,1,HGNC_symbol,True
IVL,P07476,1,HGNC_symbol,True
IVNS1ABP,Q9Y6Y0,1,HGNC_symbol,False
IWS1,Q96ST2,1,HGNC_symbol,True
IYD,Q6PHW0,1,HGNC_symbol,False
IZUMO1,Q8IYV9,1,HGNC_symbol,False
IZUMO1R,A6ND01,1,HGNC_symbol,False
IZUMO2,Q6UXV1,1,HGNC_symbol,True
IZUMO3,Q5VZ72,1,HGNC_symbol,False
IZUMO4,Q1ZYL8,1,HGNC_symbol,False
JADE1,Q6IE81,1,HGNC_symbol,False
JADE2,Q9NQC1,1,HGNC_symbol,False
JADE3,Q92613,1,HGNC_symbol,False
JAG1,P78504,1,HGNC_symbol,False
JAG2,Q9Y219,1,HGNC_symbol,False
JAGN1,Q8N5M9,1,HGNC_symbol,True
JAK1,P23458,1,HGNC_symbol,False
JAK2,O60674,1,HGNC_symbol,False
JAK3,P52333,1,HGNC_symbol,False
JAKMIP1,Q96N16,1,HGNC_symbol,False
JAKMIP2,Q96AA8,1,HGNC_symbol,False
JAKMIP3,Q5VZ66,1,HGNC_symbol,False
JAM2,P57087,1,HGNC_symbol,True
JAM3,Q9BX67,1,HGNC_symbol,False
JAML,Q86YT9,1,HGNC_symbol,False
JARID2,Q92833,1,HGNC_symbol,False
JARID2-AS1,,0,unmapped,False
JAZF1,Q86VZ6,1,HGNC_symbol,True
JAZF1-AS1,,0,unmapped,False
JCAD,Q9P266,1,HGNC_symbol,False
JCHAIN,P01591,1,HGNC_symbol,False
JDP2,Q8WYK2,1,HGNC_symbol,False
JHDM1D-AS1,,0,unmapped,False
JHY,Q6NUN7,1,HGNC_symbol,False
JKAMP,Q9P055,1,HGNC_symbol,True
JMJD1C,Q15652,1,HGNC_symbol,False
JMJD1C-AS1,,0,unmapped,False
JMJD4,Q9H9V9,1,HGNC_symbol,True
JMJD6,Q6NYC1,1,HGNC_symbol,False
JMJD7,P0C870,1,HGNC_symbol,False
JMJD7-PLA2G4B,,0,unmapped,False
JMJD8,Q96S16,1,HGNC_symbol,False
JMY,Q8N9B5,1,HGNC_symbol,False
JOSD1,Q15040,1,HGNC_symbol,False
JOSD2,Q8TAC2,1,HGNC_symbol,False
JPH1,Q9HDC5,1,HGNC_symbol,False
JPH2,Q9BR39,1,HGNC_symbol,True
JPH3,Q8WXH2,1,HGNC_symbol,True
JPH4,Q96JJ6,1,HGNC_symbol,False
JPT1,Q9UK76,1,HGNC_symbol,False
JPT2,Q9H910,1,HGNC_symbol,False
JPX,,0,unmapped,False
JRK,O75564,1,HGNC_symbol,True
JRKL,Q9Y4A0,1,HGNC_symbol,True
JSRP1,Q96MG2,1,HGNC_symbol,False
JTB,O76095,1,HGNC_symbol,True
JUN,P05412,1,HGNC_symbol,False
JUNB,P17275,1,HGNC_symbol,True
JUND,P17535,1,HGNC_symbol,False
JUP,P14923,1,HGNC_symbol,True
KAL1,1ZLG,5,STRING_alias,False
KALP,,0,unmapped,False
KALRN,O60229,1,HGNC_symbol,False
KANK1,Q14678,1,HGNC_symbol,False
KANK2,Q63ZY3,1,HGNC_symbol,False
KANK3,Q6NY19,1,HGNC_symbol,False
KANK4,Q5T7N3,1,HGNC_symbol,True
KANSL1,Q7Z3B3,1,HGNC_symbol,False
KANSL1-AS1,,0,unmapped,False
KANSL1L,A0AUZ9,1,HGNC_symbol,True
KANSL2,Q9H9L4,1,HGNC_symbol,False
KANSL3,Q9P2N6,1,HGNC_symbol,False
KANTR,A0A1W2PQU2,1,HGNC_symbol,False
KARS,2.7.7.-,5,STRING_alias,False
KARS1,Q15046,1,HGNC_symbol,False
KASH5,Q8N6L0,1,HGNC_symbol,False
KAT14,Q9H8E8,1,HGNC_symbol,False
KAT2A,Q92830,1,HGNC_symbol,False
KAT2B,Q92831,1,HGNC_symbol,False
KAT5,Q92993,1,HGNC_symbol,True
KAT6A,Q92794,1,HGNC_symbol,False
KAT6B,Q8WYB5,1,HGNC_symbol,False
KAT7,O95251,1,HGNC_symbol,False
KAT8,Q9H7Z6,1,HGNC_symbol,True
KATNA1,O75449,1,HGNC_symbol,False
KATNAL1,Q9BW62,1,HGNC_symbol,False
KATNAL2,Q8IYT4,1,HGNC_symbol,True
KATNB1,Q9BVA0,1,HGNC_symbol,False
KATNBL1,Q9H079,1,HGNC_symbol,True
KATNBL1P6,,0,unmapped,False
KATNIP,O60303,1,HGNC_symbol,False
KAZALD1,Q96I82,1,HGNC_symbol,True
KAZN,Q674X7,1,HGNC_symbol,False
KB-1027C11.4,,0,unmapped,False
KB-1208A12.3,,0,unmapped,False
KB-1410C5.5,,0,unmapped,False
KB-1440D3.13,,0,unmapped,False
KB-1460A1.1,,0,unmapped,False
KB-1460A1.5,,0,unmapped,False
KB-1471A8.1,,0,unmapped,False
KB-1507C5.2,,0,unmapped,False
KB-1507C5.3,,0,unmapped,False
KB-1507C5.4,,0,unmapped,False
KB-1562D12.2,,0,unmapped,False
KB-1562D12.3,,0,unmapped,False
KB-1572G7.2,,0,unmapped,False
KB-1572G7.3,,0,unmapped,False
KB-1683C8.1,,0,unmapped,False
KB-1732A1.1,,0,unmapped,False
KB-1836B5.1,,0,unmapped,False
KB-1836B5.4,,0,unmapped,False
KB-1980E6.3,,0,unmapped,False
KB-1991G8.1,,0,unmapped,False
KB-208E9.1,,0,unmapped,False
KB-226F1.1,,0,unmapped,False
KB-226F1.2,,0,unmapped,False
KB-318B8.7,,0,unmapped,False
KB-431C1.4,,0,unmapped,False
KB-431C1.5,,0,unmapped,False
KBTBD11,O94819,1,HGNC_symbol,True
KBTBD11-OT1,,0,unmapped,False
KBTBD12,Q3ZCT8,1,HGNC_symbol,False
KBTBD13,C9JR72,1,HGNC_symbol,False
KBTBD2,Q8IY47,1,HGNC_symbol,False
KBTBD3,Q8NAB2,1,HGNC_symbol,True
KBTBD4,Q9NVX7,1,HGNC_symbol,False
KBTBD6,Q86V97,1,HGNC_symbol,False
KBTBD7,Q8WVZ9,1,HGNC_symbol,False
KBTBD8,Q8NFY9,1,HGNC_symbol,False
KCMF1,Q9P0J7,1,HGNC_symbol,False
KCNA1,Q09470,1,HGNC_symbol,True
KCNA10,Q16322,1,HGNC_symbol,False
KCNA2,P16389,1,HGNC_symbol,True
KCNA3,P22001,1,HGNC_symbol,False
KCNA4,P22459,1,HGNC_symbol,True
KCNA5,P22460,1,HGNC_symbol,True
KCNA6,P17658,1,HGNC_symbol,True
KCNA7,Q96RP8,1,HGNC_symbol,False
KCNAB1,Q14722,1,HGNC_symbol,False
KCNAB2,Q13303,1,HGNC_symbol,True
KCNAB3,O43448,1,HGNC_symbol,True
KCNB1,Q14721,1,HGNC_symbol,False
KCNB2,Q92953,1,HGNC_symbol,False
KCNC1,P48547,1,HGNC_symbol,True
KCNC2,Q96PR1,1,HGNC_symbol,False
KCNC3,Q14003,1,HGNC_symbol,False
KCNC4,Q03721,1,HGNC_symbol,False
KCNC4-AS1,,0,unmapped,False
KCND1,Q9NSA2,1,HGNC_symbol,False
KCND2,Q9NZV8,1,HGNC_symbol,False
KCND3,Q9UK17,1,HGNC_symbol,False
KCNE1,P15382,1,HGNC_symbol,False
KCNE1L,23630,5,STRING_alias,False
KCNE2,Q9Y6J6,1,HGNC_symbol,False
KCNE3,Q9Y6H6,1,HGNC_symbol,False
KCNE4,Q8WWG9,1,HGNC_symbol,False
KCNE5,Q9UJ90,1,HGNC_symbol,False
KCNF1,Q9H3M0,1,HGNC_symbol,True
KCNG1,Q9UIX4,1,HGNC_symbol,False
KCNG2,Q9UJ96,1,HGNC_symbol,False
KCNG3,Q8TAE7,1,HGNC_symbol,True
KCNG4,Q8TDN1,1,HGNC_symbol,True
KCNH1,O95259,1,HGNC_symbol,True
KCNH2,Q12809,1,HGNC_symbol,False
KCNH3,Q9ULD8,1,HGNC_symbol,False
KCNH4,Q9UQ05,1,HGNC_symbol,True
KCNH5,Q8NCM2,1,HGNC_symbol,True
KCNH6,Q9H252,1,HGNC_symbol,False
KCNH7,Q9NS40,1,HGNC_symbol,False
KCNH8,Q96L42,1,HGNC_symbol,False
KCNIP1,Q9NZI2,1,HGNC_symbol,False
KCNIP2,Q9NS61,1,HGNC_symbol,False
KCNIP3,Q9Y2W7,1,HGNC_symbol,False
KCNIP4,Q6PIL6,1,HGNC_symbol,False
KCNJ1,P48048,1,HGNC_symbol,True
KCNJ10,P78508,1,HGNC_symbol,True
KCNJ11,Q14654,1,HGNC_symbol,False
KCNJ12,Q14500,1,HGNC_symbol,False
KCNJ13,O60928,1,HGNC_symbol,True
KCNJ14,Q9UNX9,1,HGNC_symbol,True
KCNJ15,Q99712,1,HGNC_symbol,True
KCNJ16,Q9NPI9,1,HGNC_symbol,True
KCNJ18,B7U540,1,HGNC_symbol,False
KCNJ2,P63252,1,HGNC_symbol,False
KCNJ2-AS1,,0,unmapped,False
KCNJ3,P48549,1,HGNC_symbol,True
KCNJ4,P48050,1,HGNC_symbol,False
KCNJ5,P48544,1,HGNC_symbol,True
KCNJ6,P48051,1,HGNC_symbol,False
KCNJ8,Q15842,1,HGNC_symbol,False
KCNJ9,Q92806,1,HGNC_symbol,True
KCNK1,O00180,1,HGNC_symbol,True
KCNK10,P57789,1,HGNC_symbol,True
KCNK12,Q9HB15,1,HGNC_symbol,False
KCNK13,Q9HB14,1,HGNC_symbol,True
KCNK15,Q9H427,1,HGNC_symbol,True
KCNK16,Q96T55,1,HGNC_symbol,True
KCNK17,Q96T54,1,HGNC_symbol,True
KCNK18,Q7Z418,1,HGNC_symbol,True
KCNK2,O95069,1,HGNC_symbol,True
KCNK3,O14649,1,HGNC_symbol,True
KCNK4,Q9NYG8,1,HGNC_symbol,False
KCNK5,O95279,1,HGNC_symbol,False
KCNK6,Q9Y257,1,HGNC_symbol,False
KCNK7,Q9Y2U2,1,HGNC_symbol,True
KCNK9,Q9NPC2,1,HGNC_symbol,False
KCNMA1,Q12791,1,HGNC_symbol,False
KCNMB1,Q16558,1,HGNC_symbol,False
KCNMB2,Q9Y691,1,HGNC_symbol,True
KCNMB3,Q9NPA1,1,HGNC_symbol,True
KCNMB4,Q86W47,1,HGNC_symbol,True
KCNN1,Q92952,1,HGNC_symbol,False
KCNN2,Q9H2S1,1,HGNC_symbol,True
KCNN3,Q9UGI6,1,HGNC_symbol,True
KCNN4,O15554,1,HGNC_symbol,False
KCNQ1,P51787,1,HGNC_symbol,True
KCNQ1OT1,,0,unmapped,False
KCNQ2,O43526,1,HGNC_symbol,True
KCNQ3,O43525,1,HGNC_symbol,True
KCNQ4,P56696,1,HGNC_symbol,False
KCNQ5,Q9NR82,1,HGNC_symbol,False
KCNQ5-IT1,,0,unmapped,False
KCNRG,Q8N5I3,1,HGNC_symbol,False
KCNS1,Q96KK3,1,HGNC_symbol,True
KCNS2,Q9ULS6,1,HGNC_symbol,False
KCNS3,Q9BQ31,1,HGNC_symbol,True
KCNT1,Q5JUK3,1,HGNC_symbol,False
KCNT2,Q6UVM3,1,HGNC_symbol,False
KCNU1,A8MYU2,1,HGNC_symbol,False
KCNV1,Q6PIU1,1,HGNC_symbol,False
KCNV2,Q8TDN2,1,HGNC_symbol,False
KCP,Q6ZWJ8,1,HGNC_symbol,False
KCTD1,Q719H9,1,HGNC_symbol,False
KCTD10,Q9H3F6,1,HGNC_symbol,False
KCTD11,Q693B1,1,HGNC_symbol,False
KCTD12,Q96CX2,1,HGNC_symbol,True
KCTD13,Q8WZ19,1,HGNC_symbol,True
KCTD14,Q9BQ13,1,HGNC_symbol,False
KCTD15,Q96SI1,1,HGNC_symbol,False
KCTD16,Q68DU8,1,HGNC_symbol,False
KCTD17,Q8N5Z5,1,HGNC_symbol,True
KCTD18,Q6PI47,1,HGNC_symbol,True
KCTD19,Q17RG1,1,HGNC_symbol,False
KCTD2,Q14681,1,HGNC_symbol,True
KCTD20,Q7Z5Y7,1,HGNC_symbol,False
KCTD21,Q4G0X4,1,HGNC_symbol,False
KCTD21-AS1,,0,unmapped,False
KCTD3,Q9Y597,1,HGNC_symbol,False
KCTD4,Q8WVF5,1,HGNC_symbol,True
KCTD5,Q9NXV2,1,HGNC_symbol,True
KCTD6,Q8NC69,1,HGNC_symbol,True
KCTD7,Q96MP8,1,HGNC_symbol,True
KCTD8,Q6ZWB6,1,HGNC_symbol,False
KCTD9,Q7L273,1,HGNC_symbol,False
KCTD9P1,,0,unmapped,False
KCTD9P2,,0,unmapped,False
KDELC1,2.4.1.-,5,STRING_alias,False
KDELC1P1,,0,unmapped,False
KDELC2,143888,5,STRING_alias,False
KDELR1,P24390,1,HGNC_symbol,True
KDELR2,P33947,1,HGNC_symbol,False
KDELR3,O43731,1,HGNC_symbol,True
KDF1,Q8NAX2,1,HGNC_symbol,False
KDM1A,O60341,1,HGNC_symbol,False
KDM1B,Q8NB78,1,HGNC_symbol,False
KDM2A,Q9Y2K7,1,HGNC_symbol,False
KDM2B,Q8NHM5,1,HGNC_symbol,False
KDM3A,Q9Y4C1,1,HGNC_symbol,False
KDM3B,Q7LBC6,1,HGNC_symbol,False
KDM4A,O75164,1,HGNC_symbol,False
KDM4A-AS1,,0,unmapped,False
KDM4B,O94953,1,HGNC_symbol,False
KDM4C,Q9H3R0,1,HGNC_symbol,False
KDM4D,Q6B0I6,1,HGNC_symbol,True
KDM4E,B2RXH2,1,HGNC_symbol,False
KDM4F,A0A1W2PPD8,1,HGNC_symbol,False
KDM5A,P29375,1,HGNC_symbol,False
KDM5B,Q9UGL1,1,HGNC_symbol,False
KDM5C,P41229,1,HGNC_symbol,False
KDM5C-IT1,,0,unmapped,False
KDM5D,Q9BY66,1,HGNC_symbol,False
KDM6A,O15550,1,HGNC_symbol,False
KDM6B,O15054,1,HGNC_symbol,False
KDM7A,Q6ZMT4,1,HGNC_symbol,False
KDM8,Q8N371,1,HGNC_symbol,True
KDR,P35968,1,HGNC_symbol,False
KDSR,Q06136,1,HGNC_symbol,False
KEAP1,Q14145,1,HGNC_symbol,False
KEL,P23276,1,HGNC_symbol,False
KERA,O60938,1,HGNC_symbol,True
KGD4,P82909,1,HGNC_symbol,True
KHDC1,Q4VXA5,1,HGNC_symbol,False
KHDC1L,Q5JSQ8,1,HGNC_symbol,False
KHDC3L,Q587J8,1,HGNC_symbol,False
KHDC4,Q7Z7F0,1,HGNC_symbol,True
KHDRBS1,Q07666,1,HGNC_symbol,True
KHDRBS2,Q5VWX1,1,HGNC_symbol,False
KHDRBS3,O75525,1,HGNC_symbol,False
KHK,P50053,1,HGNC_symbol,True
KHNYN,O15037,1,HGNC_symbol,False
KHSRP,Q92945,1,HGNC_symbol,True
KHSRPP1,,0,unmapped,False
KIAA0020,4WZR,5,STRING_alias,False
KIAA0040,Q15053,1,HGNC_symbol,True
KIAA0087,Q14695,1,HGNC_symbol,False
KIAA0100,9703,5,STRING_alias,False
KIAA0101,4D2G,5,STRING_alias,False
KIAA0125,,0,unmapped,False
KIAA0141,9812,5,STRING_alias,False
KIAA0195,9772,5,STRING_alias,False
KIAA0196,9897,5,STRING_alias,False
KIAA0226,9711,5,STRING_alias,False
KIAA0226L,Q5W053,5,STRING_alias,False
KIAA0232,Q92628,1,HGNC_symbol,False
KIAA0247,9766,5,STRING_alias,False
KIAA0319,Q5VV43,1,HGNC_symbol,False
KIAA0319L,Q8IZA0,1,HGNC_symbol,False
KIAA0355,9710,5,STRING_alias,False
KIAA0368,ECM29,5,STRING_alias,False
KIAA0391,4XGL,5,STRING_alias,False
KIAA0408,Q6ZU52,1,HGNC_symbol,True
KIAA0430,2DGX,5,STRING_alias,False
KIAA0513,O60268,1,HGNC_symbol,True
KIAA0556,23247,5,STRING_alias,False
KIAA0586,Q9BVV6,1,HGNC_symbol,False
KIAA0753,Q2KHM9,1,HGNC_symbol,False
KIAA0754,,0,unmapped,False
KIAA0825,Q8IV33,1,HGNC_symbol,False
KIAA0895,23366,5,STRING_alias,False
KIAA0895L,653319,5,STRING_alias,False
KIAA0907,22889,5,STRING_alias,False
KIAA0922,23240,5,STRING_alias,False
KIAA0930,Q6ICG6,1,HGNC_symbol,False
KIAA0947,23379,5,STRING_alias,False
KIAA1009,22832,5,STRING_alias,False
KIAA1024,23251,5,STRING_alias,False
KIAA1033,23325,5,STRING_alias,False
KIAA1045,1WIL,5,STRING_alias,False
KIAA1107,284697,5,STRING_alias,False
KIAA1109,84162,5,STRING_alias,False
KIAA1143,Q96AT1,1,HGNC_symbol,True
KIAA1147,57189,5,STRING_alias,False
KIAA1161,3.2.1.-,5,STRING_alias,False
KIAA1191,Q96A73,1,HGNC_symbol,False
KIAA1199,3.2.1.35,5,STRING_alias,False
KIAA1210,Q9ULL0,1,HGNC_symbol,False
KIAA1211,57482,5,STRING_alias,False
KIAA1211L,343990,5,STRING_alias,False
KIAA1217,Q5T5P2,1,HGNC_symbol,False
KIAA1244,57221,5,STRING_alias,False
KIAA1257,57501,5,STRING_alias,False
KIAA1279,26128,5,STRING_alias,False
KIAA1324,57535,5,STRING_alias,False
KIAA1324L,222223,5,STRING_alias,False
KIAA1328,Q86T90,1,HGNC_symbol,False
KIAA1377,57562,5,STRING_alias,False
KIAA1407,57577,5,STRING_alias,False
KIAA1429,25962,5,STRING_alias,False
KIAA1430,57587,5,STRING_alias,False
KIAA1432,57589,5,STRING_alias,False
KIAA1456,2.1.1.-,5,STRING_alias,False
KIAA1462,57608,5,STRING_alias,False
KIAA1467,57613,5,STRING_alias,False
KIAA1468,57614,5,STRING_alias,False
KIAA1522,57648,5,STRING_alias,False
KIAA1524,57650,5,STRING_alias,False
KIAA1549,Q9HCM3,1,HGNC_symbol,False
KIAA1549L,Q6ZVL6,1,HGNC_symbol,False
KIAA1551,55196,5,STRING_alias,False
KIAA1586,Q9HCI6,1,HGNC_symbol,True
KIAA1598,57698,5,STRING_alias,False
KIAA1614,Q5VZ46,1,HGNC_symbol,False
KIAA1671,Q9BY89,1,HGNC_symbol,False
KIAA1683,80726,5,STRING_alias,False
KIAA1715,80856,5,STRING_alias,False
KIAA1731,85459,5,STRING_alias,False
KIAA1755,Q5JYT7,1,HGNC_symbol,False
KIAA1841,84542,5,STRING_alias,False
KIAA1875,340390,5,STRING_alias,False
KIAA1919,91749,5,STRING_alias,False
KIAA1958,Q8N8K9,1,HGNC_symbol,False
KIAA2012,Q0VF49,1,HGNC_symbol,False
KIAA2013,Q8IYS2,1,HGNC_symbol,False
KIAA2018,205717,5,STRING_alias,False
KIAA2022,340533,5,STRING_alias,False
KIAA2026,158358,5,STRING_alias,False
KICS2,Q96MD2,1,HGNC_symbol,True
KIDINS220,Q9ULH0,1,HGNC_symbol,False
KIF11,P52732,1,HGNC_symbol,False
KIF12,Q96FN5,1,HGNC_symbol,False
KIF13A,Q9H1H9,1,HGNC_symbol,False
KIF13B,Q9NQT8,1,HGNC_symbol,False
KIF14,Q15058,1,HGNC_symbol,False
KIF15,Q9NS87,1,HGNC_symbol,False
KIF16B,Q96L93,1,HGNC_symbol,False
KIF17,Q9P2E2,1,HGNC_symbol,False
KIF18A,Q8NI77,1,HGNC_symbol,False
KIF18B,Q86Y91,1,HGNC_symbol,False
KIF19,Q2TAC6,1,HGNC_symbol,True
KIF1A,Q12756,1,HGNC_symbol,False
KIF1B,O60333,1,HGNC_symbol,False
KIF1C,O43896,1,HGNC_symbol,False
KIF20A,O95235,1,HGNC_symbol,False
KIF20B,Q96Q89,1,HGNC_symbol,False
KIF21A,Q7Z4S6,1,HGNC_symbol,False
KIF21B,O75037,1,HGNC_symbol,False
KIF22,Q14807,1,HGNC_symbol,True
KIF23,Q02241,1,HGNC_symbol,True
KIF24,Q5T7B8,1,HGNC_symbol,False
KIF25,Q9UIL4,1,HGNC_symbol,False
KIF25-AS1,Q9Y6Z4,1,HGNC_symbol,False
KIF26A,Q9ULI4,1,HGNC_symbol,False
KIF26B,Q2KJY2,1,HGNC_symbol,False
KIF27,Q86VH2,1,HGNC_symbol,False
KIF28P,B7ZC32,1,HGNC_symbol,False
KIF2A,O00139,1,HGNC_symbol,True
KIF2B,Q8N4N8,1,HGNC_symbol,False
KIF2C,Q99661,1,HGNC_symbol,True
KIF3A,Q9Y496,1,HGNC_symbol,False
KIF3B,O15066,1,HGNC_symbol,True
KIF3C,O14782,1,HGNC_symbol,True
KIF4A,O95239,1,HGNC_symbol,False
KIF4B,Q2VIQ3,1,HGNC_symbol,False
KIF5A,Q12840,1,HGNC_symbol,False
KIF5B,P33176,1,HGNC_symbol,False
KIF5C,O60282,1,HGNC_symbol,True
KIF6,Q6ZMV9,1,HGNC_symbol,False
KIF7,Q2M1P5,1,HGNC_symbol,False
KIF9,Q9HAQ2,1,HGNC_symbol,True
KIF9-AS1,,0,unmapped,False
KIFAP3,Q92845,1,HGNC_symbol,True
KIFBP,Q96EK5,1,HGNC_symbol,False
KIFC1,Q9BW19,1,HGNC_symbol,False
KIFC2,Q96AC6,1,HGNC_symbol,False
KIFC3,Q9BVG8,1,HGNC_symbol,False
KIN,O60870,1,HGNC_symbol,False
KIR2DL1,P43626,1,HGNC_symbol,False
KIR2DL2,P43627,1,HGNC_symbol,True
KIR2DL3,P43628,1,HGNC_symbol,False
KIR2DL4,Q99706,1,HGNC_symbol,False
KIR2DP1,A0A0G2JNF4,1,HGNC_symbol,False
KIR2DS4,P43632,1,HGNC_symbol,False
KIR3DL1,P43629,1,HGNC_symbol,False
KIR3DL2,P43630,1,HGNC_symbol,True
KIR3DL3,Q8N743,1,HGNC_symbol,False
KIR3DX1,Q9H7L2,1,HGNC_symbol,False
KIRREL,55243,5,STRING_alias,False
KIRREL1,Q96J84,1,HGNC_symbol,False
KIRREL2,Q6UWL6,1,HGNC_symbol,False
KIRREL3,Q8IZU9,1,HGNC_symbol,False
KISS1,Q15726,1,HGNC_symbol,True
KISS1R,Q969F8,1,HGNC_symbol,False
KIT,P10721,1,HGNC_symbol,False
KITLG,P21583,1,HGNC_symbol,False
KIZ,Q2M2Z5,1,HGNC_symbol,False
KL,Q9UEF7,1,HGNC_symbol,False
KLB,Q86Z14,1,HGNC_symbol,False
KLC1,Q07866,1,HGNC_symbol,False
KLC2,Q9H0B6,1,HGNC_symbol,False
KLC3,Q6P597,1,HGNC_symbol,False
KLC4,Q9NSK0,1,HGNC_symbol,True
KLF1,Q13351,1,HGNC_symbol,False
KLF10,Q13118,1,HGNC_symbol,True
KLF11,O14901,1,HGNC_symbol,True
KLF12,Q9Y4X4,1,HGNC_symbol,True
KLF13,Q9Y2Y9,1,HGNC_symbol,True
KLF14,Q8TD94,1,HGNC_symbol,True
KLF15,Q9UIH9,1,HGNC_symbol,False
KLF16,Q9BXK1,1,HGNC_symbol,True
KLF17,Q5JT82,1,HGNC_symbol,True
KLF18,A0A0U1RQI7,1,HGNC_symbol,False
KLF2,Q9Y5W3,1,HGNC_symbol,False
KLF3,P57682,1,HGNC_symbol,True
KLF3P1,,0,unmapped,False
KLF4,O43474,1,HGNC_symbol,False
KLF5,Q13887,1,HGNC_symbol,False
KLF6,Q99612,1,HGNC_symbol,False
KLF7,O75840,1,HGNC_symbol,False
KLF7-IT1,,0,unmapped,False
KLF8,O95600,1,HGNC_symbol,False
KLF9,Q13886,1,HGNC_symbol,True
KLHDC1,Q8N7A1,1,HGNC_symbol,True
KLHDC10,Q6PID8,1,HGNC_symbol,False
KLHDC2,Q9Y2U9,1,HGNC_symbol,True
KLHDC3,Q9BQ90,1,HGNC_symbol,True
KLHDC4,Q8TBB5,1,HGNC_symbol,False
KLHDC7A,Q5VTJ3,1,HGNC_symbol,True
KLHDC7B,Q96G42,1,HGNC_symbol,False
KLHDC8A,Q8IYD2,1,HGNC_symbol,False
KLHDC8B,Q8IXV7,1,HGNC_symbol,False
KLHDC9,Q8NEP7,1,HGNC_symbol,False
KLHL1,Q9NR64,1,HGNC_symbol,True
KLHL10,Q6JEL2,1,HGNC_symbol,True
KLHL11,Q9NVR0,1,HGNC_symbol,False
KLHL12,Q53G59,1,HGNC_symbol,False
KLHL13,Q9P2N7,1,HGNC_symbol,True
KLHL14,Q9P2G3,1,HGNC_symbol,False
KLHL15,Q96M94,1,HGNC_symbol,True
KLHL17,Q6TDP4,1,HGNC_symbol,True
KLHL18,O94889,1,HGNC_symbol,True
KLHL2,O95198,1,HGNC_symbol,False
KLHL20,Q9Y2M5,1,HGNC_symbol,False
KLHL21,Q9UJP4,1,HGNC_symbol,False
KLHL22,Q53GT1,1,HGNC_symbol,True
KLHL23,Q8NBE8,1,HGNC_symbol,True
KLHL24,Q6TFL4,1,HGNC_symbol,True
KLHL25,Q9H0H3,1,HGNC_symbol,False
KLHL26,Q53HC5,1,HGNC_symbol,False
KLHL28,Q9NXS3,1,HGNC_symbol,False
KLHL29,Q96CT2,1,HGNC_symbol,False
KLHL2P1,,0,unmapped,False
KLHL3,Q9UH77,1,HGNC_symbol,True
KLHL30,Q0D2K2,1,HGNC_symbol,False
KLHL31,Q9H511,1,HGNC_symbol,True
KLHL32,Q96NJ5,1,HGNC_symbol,True
KLHL33,A6NCF5,1,HGNC_symbol,True
KLHL34,Q8N239,1,HGNC_symbol,True
KLHL35,Q6PF15,1,HGNC_symbol,False
KLHL36,Q8N4N3,1,HGNC_symbol,False
KLHL38,Q2WGJ6,1,HGNC_symbol,True
KLHL4,Q9C0H6,1,HGNC_symbol,False
KLHL40,Q2TBA0,1,HGNC_symbol,True
KLHL41,O60662,1,HGNC_symbol,False
KLHL42,Q9P2K6,1,HGNC_symbol,False
KLHL5,Q96PQ7,1,HGNC_symbol,True
KLHL6,Q8WZ60,1,HGNC_symbol,True
KLHL7,Q8IXQ5,1,HGNC_symbol,False
KLHL7-AS1,,0,unmapped,False
KLHL8,Q9P2G9,1,HGNC_symbol,False
KLHL9,Q9P2J3,1,HGNC_symbol,False
KLK1,P06870,1,HGNC_symbol,False
KLK10,O43240,1,HGNC_symbol,True
KLK11,Q9UBX7,1,HGNC_symbol,True
KLK12,Q9UKR0,1,HGNC_symbol,True
KLK13,Q9UKR3,1,HGNC_symbol,False
KLK14,Q9P0G3,1,HGNC_symbol,False
KLK15,Q9H2R5,1,HGNC_symbol,False
KLK2,P20151,1,HGNC_symbol,True
KLK3,P07288,1,HGNC_symbol,True
KLK4,Q9Y5K2,1,HGNC_symbol,True
KLK5,Q9Y337,1,HGNC_symbol,True
KLK6,Q92876,1,HGNC_symbol,True
KLK7,P49862,1,HGNC_symbol,True
KLK8,O60259,1,HGNC_symbol,False
KLK9,Q9UKQ9,1,HGNC_symbol,True
KLKB1,P03952,1,HGNC_symbol,False
KLLN,B2CW77,1,HGNC_symbol,False
KLRAP1,,0,unmapped,False
KLRB1,Q12918,1,HGNC_symbol,True
KLRC1,P26715,1,HGNC_symbol,True
KLRC2,P26717,1,HGNC_symbol,False
KLRC3,Q07444,1,HGNC_symbol,False
KLRC4,O43908,1,HGNC_symbol,False
KLRC4-KLRK1,,0,unmapped,False
KLRD1,Q13241,1,HGNC_symbol,False
KLRF1,Q9NZS2,1,HGNC_symbol,False
KLRF2,D3W0D1,1,HGNC_symbol,True
KLRG1,Q96E93,1,HGNC_symbol,False
KLRG2,A4D1S0,1,HGNC_symbol,False
KLRK1,P26718,1,HGNC_symbol,True
KM-PA-2,,0,unmapped,False
KMO,O15229,1,HGNC_symbol,True
KMT2A,Q03164,1,HGNC_symbol,False
KMT2B,Q9UMN6,1,HGNC_symbol,False
KMT2C,Q8NEZ4,1,HGNC_symbol,False
KMT2D,O14686,1,HGNC_symbol,False
KMT2E,Q8IZD2,1,HGNC_symbol,False
KMT2E-AS1,,0,unmapped,False
KMT5A,Q9NQR1,1,HGNC_symbol,True
KMT5B,Q4FZB7,1,HGNC_symbol,True
KMT5C,Q86Y97,1,HGNC_symbol,False
KNCN,A6PVL3,1,HGNC_symbol,False
KNDC1,Q76NI1,1,HGNC_symbol,False
KNG1,P01042,1,HGNC_symbol,False
KNL1,Q8NG31,1,HGNC_symbol,False
KNOP1,Q1ED39,1,HGNC_symbol,False
KNSTRN,Q9Y448,1,HGNC_symbol,True
KNTC1,P50748,1,HGNC_symbol,False
KPLCE,Q5T750,1,HGNC_symbol,False
KPNA1,P52294,1,HGNC_symbol,False
KPNA2,P52292,1,HGNC_symbol,True
KPNA3,O00505,1,HGNC_symbol,False
KPNA4,O00629,1,HGNC_symbol,False
KPNA5,O15131,1,HGNC_symbol,False
KPNA6,O60684,1,HGNC_symbol,True
KPNA7,A9QM74,1,HGNC_symbol,True
KPNB1,Q14974,1,HGNC_symbol,True
KPRP,Q5T749,1,HGNC_symbol,True
KPTN,Q9Y664,1,HGNC_symbol,True
KRAS,P01116,1,HGNC_symbol,True
KRBA1,KRBA1,5,STRING_alias,False
KRBA2,124751,5,STRING_alias,False
KRBOX1,100506243,5,STRING_alias,False
KRBOX4,55634,5,STRING_alias,False
KRBOX5,,0,unmapped,False
KRCC1,Q9NPI7,1,HGNC_symbol,False
KREMEN1,Q96MU8,1,HGNC_symbol,False
KREMEN2,Q8NCW0,1,HGNC_symbol,True
KRI1,Q8N9T8,1,HGNC_symbol,True
KRIT1,O00522,1,HGNC_symbol,True
KRR1,Q13601,1,HGNC_symbol,True
KRT1,P04264,1,HGNC_symbol,True
KRT10,P13645,1,HGNC_symbol,False
KRT12,Q99456,1,HGNC_symbol,False
KRT13,P13646,1,HGNC_symbol,False
KRT14,P02533,1,HGNC_symbol,False
KRT15,P19012,1,HGNC_symbol,True
KRT16,P08779,1,HGNC_symbol,True
KRT17,Q04695,1,HGNC_symbol,True
KRT17P1,,0,unmapped,False
KRT17P2,,0,unmapped,False
KRT18,P05783,1,HGNC_symbol,True
KRT18P10,,0,unmapped,False
KRT18P11,,0,unmapped,False
KRT18P15,,0,unmapped,False
KRT18P17,,0,unmapped,False
KRT18P29,,0,unmapped,False
KRT18P31,,0,unmapped,False
KRT18P38,,0,unmapped,False
KRT18P4,,0,unmapped,False
KRT18P5,,0,unmapped,False
KRT19,P08727,1,HGNC_symbol,False
KRT2,P35908,1,HGNC_symbol,False
KRT20,P35900,1,HGNC_symbol,False
KRT222,Q8N1A0,1,HGNC_symbol,False
KRT23,Q9C075,1,HGNC_symbol,False
KRT24,Q2M2I5,1,HGNC_symbol,True
KRT25,Q7Z3Z0,1,HGNC_symbol,False
KRT26,Q7Z3Y9,1,HGNC_symbol,True
KRT27,Q7Z3Y8,1,HGNC_symbol,False
KRT28,Q7Z3Y7,1,HGNC_symbol,True
KRT3,P12035,1,HGNC_symbol,True
KRT31,Q15323,1,HGNC_symbol,False
KRT32,Q14532,1,HGNC_symbol,False
KRT33A,O76009,1,HGNC_symbol,True
KRT33B,Q14525,1,HGNC_symbol,True
KRT34,O76011,1,HGNC_symbol,True
KRT35,Q92764,1,HGNC_symbol,True
KRT36,O76013,1,HGNC_symbol,False
KRT37,O76014,1,HGNC_symbol,False
KRT38,O76015,1,HGNC_symbol,True
KRT39,Q6A163,1,HGNC_symbol,True
KRT4,P19013,1,HGNC_symbol,True
KRT40,Q6A162,1,HGNC_symbol,False
KRT5,P13647,1,HGNC_symbol,True
KRT6A,P02538,1,HGNC_symbol,False
KRT6B,P04259,1,HGNC_symbol,True
KRT6C,P48668,1,HGNC_symbol,False
KRT7,P08729,1,HGNC_symbol,True
KRT71,Q3SY84,1,HGNC_symbol,True
KRT72,Q14CN4,1,HGNC_symbol,False
KRT73,Q86Y46,1,HGNC_symbol,True
KRT74,Q7RTS7,1,HGNC_symbol,False
KRT75,O95678,1,HGNC_symbol,False
KRT76,Q01546,1,HGNC_symbol,False
KRT77,Q7Z794,1,HGNC_symbol,True
KRT78,Q8N1N4,1,HGNC_symbol,False
KRT79,Q5XKE5,1,HGNC_symbol,True
KRT8,P05787,1,HGNC_symbol,True
KRT80,Q6KB66,1,HGNC_symbol,True
KRT81,Q14533,1,HGNC_symbol,True
KRT82,Q9NSB4,1,HGNC_symbol,False
KRT83,P78385,1,HGNC_symbol,False
KRT84,Q9NSB2,1,HGNC_symbol,False
KRT85,P78386,1,HGNC_symbol,True
KRT86,O43790,1,HGNC_symbol,True
KRT8P10,,0,unmapped,False
KRT8P12,,0,unmapped,False
KRT8P15,,0,unmapped,False
KRT8P3,,0,unmapped,False
KRT8P33,,0,unmapped,False
KRT8P39,,0,unmapped,False
KRT8P45,,0,unmapped,False
KRT8P46,,0,unmapped,False
KRT8P50,,0,unmapped,False
KRT9,P35527,1,HGNC_symbol,False
KRTAP1-1,Q07627,1,HGNC_symbol,True
KRTAP1-3,Q8IUG1,1,HGNC_symbol,True
KRTAP1-4,P0C5Y4,1,HGNC_symbol,False
KRTAP1-5,Q9BYS1,1,HGNC_symbol,True
KRTAP10-1,P60331,1,HGNC_symbol,False
KRTAP10-10,P60014,1,HGNC_symbol,False
KRTAP10-11,P60412,1,HGNC_symbol,False
KRTAP10-12,P60413,1,HGNC_symbol,False
KRTAP10-2,P60368,1,HGNC_symbol,False
KRTAP10-3,P60369,1,HGNC_symbol,False
KRTAP10-4,P60372,1,HGNC_symbol,False
KRTAP10-5,P60370,1,HGNC_symbol,False
KRTAP10-6,P60371,1,HGNC_symbol,False
KRTAP10-7,P60409,1,HGNC_symbol,True
KRTAP10-8,P60410,1,HGNC_symbol,False
KRTAP10-9,P60411,1,HGNC_symbol,True
KRTAP11-1,Q8IUC1,1,HGNC_symbol,False
KRTAP12-1,P59990,1,HGNC_symbol,False
KRTAP12-2,P59991,1,HGNC_symbol,False
KRTAP12-3,P60328,1,HGNC_symbol,False
KRTAP12-4,P60329,1,HGNC_symbol,False
KRTAP13-1,Q8IUC0,1,HGNC_symbol,False
KRTAP13-2,Q52LG2,1,HGNC_symbol,False
KRTAP13-3,Q3SY46,1,HGNC_symbol,True
KRTAP13-4,Q3LI77,1,HGNC_symbol,False
KRTAP15-1,Q3LI76,1,HGNC_symbol,False
KRTAP16-1,A8MUX0,1,HGNC_symbol,False
KRTAP17-1,Q9BYP8,1,HGNC_symbol,False
KRTAP19-1,Q8IUB9,1,HGNC_symbol,True
KRTAP19-2,Q3LHN2,1,HGNC_symbol,True
KRTAP19-3,Q7Z4W3,1,HGNC_symbol,True
KRTAP19-4,Q3LI73,1,HGNC_symbol,True
KRTAP19-5,Q3LI72,1,HGNC_symbol,False
KRTAP19-6,Q3LI70,1,HGNC_symbol,False
KRTAP19-7,Q3SYF9,1,HGNC_symbol,True
KRTAP19-8,Q3LI54,1,HGNC_symbol,False
KRTAP2-1,Q9BYU5,1,HGNC_symbol,False
KRTAP2-2,Q9BYT5,1,HGNC_symbol,False
KRTAP2-3,P0C7H8,1,HGNC_symbol,True
KRTAP2-4,Q9BYR9,1,HGNC_symbol,False
KRTAP20-1,Q3LI63,1,HGNC_symbol,False
KRTAP20-2,Q3LI61,1,HGNC_symbol,True
KRTAP20-3,Q3LI60,1,HGNC_symbol,False
KRTAP20-4,Q3LI62,1,HGNC_symbol,False
KRTAP21-1,Q3LI58,1,HGNC_symbol,True
KRTAP21-2,Q3LI59,1,HGNC_symbol,True
KRTAP21-3,Q3LHN1,1,HGNC_symbol,False
KRTAP22-1,Q3MIV0,1,HGNC_symbol,True
KRTAP22-2,Q3LI68,1,HGNC_symbol,False
KRTAP23-1,A1A580,1,HGNC_symbol,True
KRTAP24-1,Q3LI83,1,HGNC_symbol,True
KRTAP25-1,Q3LHN0,1,HGNC_symbol,False
KRTAP26-1,Q6PEX3,1,HGNC_symbol,True
KRTAP27-1,Q3LI81,1,HGNC_symbol,False
KRTAP29-1,A8MX34,1,HGNC_symbol,True
KRTAP3-1,Q9BYR8,1,HGNC_symbol,False
KRTAP3-2,Q9BYR7,1,HGNC_symbol,False
KRTAP3-3,Q9BYR6,1,HGNC_symbol,True
KRTAP4-1,Q9BYQ7,1,HGNC_symbol,True
KRTAP4-11,Q9BYQ6,1,HGNC_symbol,False
KRTAP4-12,Q9BQ66,1,HGNC_symbol,False
KRTAP4-16,G5E9R7,1,HGNC_symbol,True
KRTAP4-2,Q9BYR5,1,HGNC_symbol,True
KRTAP4-3,Q9BYR4,1,HGNC_symbol,False
KRTAP4-4,Q9BYR3,1,HGNC_symbol,False
KRTAP4-5,Q9BYR2,1,HGNC_symbol,True
KRTAP4-6,Q9BYQ5,1,HGNC_symbol,False
KRTAP4-7,Q9BYR0,1,HGNC_symbol,False
KRTAP4-8,Q9BYQ9,1,HGNC_symbol,True
KRTAP4-9,Q9BYQ8,1,HGNC_symbol,True
KRTAP5-1,Q6L8H4,1,HGNC_symbol,False
KRTAP5-10,Q6L8G5,1,HGNC_symbol,False
KRTAP5-11,Q6L8G4,1,HGNC_symbol,False
KRTAP5-2,Q701N4,1,HGNC_symbol,False
KRTAP5-3,Q6L8H2,1,HGNC_symbol,True
KRTAP5-4,Q6L8H1,1,HGNC_symbol,True
KRTAP5-5,Q701N2,1,HGNC_symbol,False
KRTAP5-6,Q6L8G9,1,HGNC_symbol,True
KRTAP5-7,Q6L8G8,1,HGNC_symbol,False
KRTAP5-8,O75690,1,HGNC_symbol,False
KRTAP5-9,P26371,1,HGNC_symbol,True
KRTAP5-AS1,,0,unmapped,False
KRTAP6-1,Q3LI64,1,HGNC_symbol,True
KRTAP6-2,Q3LI66,1,HGNC_symbol,False
KRTAP6-3,Q3LI67,1,HGNC_symbol,False
KRTAP7-1,Q8IUC3,1,HGNC_symbol,False
KRTAP8-1,Q8IUC2,1,HGNC_symbol,False
KRTAP9-1,A8MXZ3,1,HGNC_symbol,True
KRTAP9-2,Q9BYQ4,1,HGNC_symbol,True
KRTAP9-3,Q9BYQ3,1,HGNC_symbol,True
KRTAP9-4,Q9BYQ2,1,HGNC_symbol,True
KRTAP9-6,A8MVA2,1,HGNC_symbol,False
KRTAP9-7,A8MTY7,1,HGNC_symbol,False
KRTAP9-8,Q9BYQ0,1,HGNC_symbol,False
KRTAP9-9,Q9BYP9,1,HGNC_symbol,False
KRTCAP2,Q8N6L1,1,HGNC_symbol,False
KRTCAP3,Q53RY4,1,HGNC_symbol,True
KRTDAP,P60985,1,HGNC_symbol,False
KSR1,Q8IVT5,1,HGNC_symbol,False
KSR2,Q6VAB6,1,HGNC_symbol,False
KTI12,Q96EK9,1,HGNC_symbol,False
KTN1,Q86UP2,1,HGNC_symbol,False
KTN1-AS1,Q86SY8,1,HGNC_symbol,True
KXD1,Q9BQD3,1,HGNC_symbol,True
KY,Q8NBH2,1,HGNC_symbol,False
KYAT1,Q16773,1,HGNC_symbol,True
KYAT3,Q6YP21,1,HGNC_symbol,True
KYNU,Q16719,1,HGNC_symbol,True
L1CAM,P32004,1,HGNC_symbol,False
L1TD1,Q5T7N2,1,HGNC_symbol,True
L2HGDH,Q9H9P8,1,HGNC_symbol,False
L3HYPDH,Q96EM0,1,HGNC_symbol,False
L3MBTL1,Q9Y468,1,HGNC_symbol,True
L3MBTL2,Q969R5,1,HGNC_symbol,False
L3MBTL3,Q96JM7,1,HGNC_symbol,False
L3MBTL4,Q8NA19,1,HGNC_symbol,False
LA16c-306A4.2,,0,unmapped,False
LA16c-313D11.12,,0,unmapped,False
LA16c-321D4.2,,0,unmapped,False
LA16c-325D7.2,,0,unmapped,False
LA16c-349E10.1,,0,unmapped,False
LA16c-358B7.3,,0,unmapped,False
LA16c-380H5.5,,0,unmapped,False
LA16c-385E7.1,,0,unmapped,False
LA16c-390E6.3,,0,unmapped,False
LA16c-3G11.7,,0,unmapped,False
LA16c-425C2.1,,0,unmapped,False
LA16c-431H6.6,,0,unmapped,False
LA16c-60G3.7,,0,unmapped,False
LA16c-60G3.8,,0,unmapped,False
LA16c-60H5.7,,0,unmapped,False
LA16c-OS12.2,,0,unmapped,False
LACC1,Q8IV20,1,HGNC_symbol,False
LACE1,246269,5,STRING_alias,False
LACRT,Q9GZZ8,1,HGNC_symbol,False
LACTB,P83111,1,HGNC_symbol,True
LACTB2,Q53H82,1,HGNC_symbol,False
LACTBL1,A8MY62,1,HGNC_symbol,False
LAD1,O00515,1,HGNC_symbol,False
LAG3,P18627,1,HGNC_symbol,False
LAGE3,Q14657,1,HGNC_symbol,True
LAIR1,Q6GTX8,1,HGNC_symbol,False
LAIR2,Q6ISS4,1,HGNC_symbol,False
LALBA,P00709,1,HGNC_symbol,False
LAMA1,P25391,1,HGNC_symbol,False
LAMA2,P24043,1,HGNC_symbol,False
LAMA3,Q16787,1,HGNC_symbol,False
LAMA4,Q16363,1,HGNC_symbol,False
LAMA5,O15230,1,HGNC_symbol,False
LAMB1,P07942,1,HGNC_symbol,False
LAMB2,P55268,1,HGNC_symbol,False
LAMB3,Q13751,1,HGNC_symbol,False
LAMB4,A4D0S4,1,HGNC_symbol,False
LAMC1,P11047,1,HGNC_symbol,False
LAMC2,Q13753,1,HGNC_symbol,False
LAMC3,Q9Y6N6,1,HGNC_symbol,False
LAMP1,P11279,1,HGNC_symbol,False
LAMP2,P13473,1,HGNC_symbol,True
LAMP3,Q9UQV4,1,HGNC_symbol,True
LAMP5,Q9UJQ1,1,HGNC_symbol,False
LAMTOR1,Q6IAA8,1,HGNC_symbol,False
LAMTOR2,Q9Y2Q5,1,HGNC_symbol,True
LAMTOR3,Q9UHA4,1,HGNC_symbol,True
LAMTOR4,Q0VGL1,1,HGNC_symbol,False
LAMTOR5,O43504,1,HGNC_symbol,False
LAMTOR5-AS1,,0,unmapped,False
LANCL1,O43813,1,HGNC_symbol,True
LANCL2,Q9NS86,1,HGNC_symbol,True
LANCL3,Q6ZV70,1,HGNC_symbol,False
LAP3,P28838,1,HGNC_symbol,False
LAP3P2,,0,unmapped,False
LAPTM4A,Q15012,1,HGNC_symbol,False
LAPTM4B,Q86VI4,1,HGNC_symbol,False
LAPTM5,Q13571,1,HGNC_symbol,False
LARGE,2.4.-.-,5,STRING_alias,False
LARGE1,O95461,1,HGNC_symbol,False
LARGE2,Q8N3Y3,1,HGNC_symbol,True
LARP1,Q6PKG0,1,HGNC_symbol,False
LARP1B,Q659C4,1,HGNC_symbol,False
LARP1P1,,0,unmapped,False
LARP4,Q71RC2,1,HGNC_symbol,False
LARP4B,Q92615,1,HGNC_symbol,False
LARP6,Q9BRS8,1,HGNC_symbol,True
LARP7,Q4G0J3,1,HGNC_symbol,True
LARS,2WFD,5,STRING_alias,False
LARS1,Q9P2J5,1,HGNC_symbol,False
LARS2,Q15031,1,HGNC_symbol,True
LAS1L,Q9Y4W2,1,HGNC_symbol,False
LASP1,Q14847,1,HGNC_symbol,False
LASP1NB,A0A1B0GWH6,1,HGNC_symbol,False
LAT,O43561,1,HGNC_symbol,True
LAT2,Q9GZY6,1,HGNC_symbol,False
LATS1,O95835,1,HGNC_symbol,False
LATS2,Q9NRM7,1,HGNC_symbol,False
LAX1,Q8IWV1,1,HGNC_symbol,True
LAYN,Q6UX15,1,HGNC_symbol,False
LBH,Q53QV2,1,HGNC_symbol,False
LBHD1,Q9BQE6,1,HGNC_symbol,False
LBHD2,A0A0U1RRK4,1,HGNC_symbol,False
LBP,P18428,1,HGNC_symbol,False
LBR,Q14739,1,HGNC_symbol,True
LBX1,P52954,1,HGNC_symbol,True
LBX2,Q6XYB7,1,HGNC_symbol,True
LBX2-AS1,,0,unmapped,False
LCA5,Q86VQ0,1,HGNC_symbol,False
LCA5L,O95447,1,HGNC_symbol,True
LCAT,P04180,1,HGNC_symbol,True
LCE1A,Q5T7P2,1,HGNC_symbol,False
LCE1B,Q5T7P3,1,HGNC_symbol,False
LCE1C,Q5T751,1,HGNC_symbol,True
LCE1D,Q5T752,1,HGNC_symbol,False
LCE1E,Q5T753,1,HGNC_symbol,True
LCE1F,Q5T754,1,HGNC_symbol,False
LCE2A,Q5TA79,1,HGNC_symbol,False
LCE2B,O14633,1,HGNC_symbol,False
LCE2C,Q5TA81,1,HGNC_symbol,True
LCE2D,Q5TA82,1,HGNC_symbol,True
LCE3A,Q5TA76,1,HGNC_symbol,False
LCE3B,Q5TA77,1,HGNC_symbol,False
LCE3C,Q5T5A8,1,HGNC_symbol,False
LCE3D,Q9BYE3,1,HGNC_symbol,True
LCE3E,Q5T5B0,1,HGNC_symbol,True
LCE4A,Q5TA78,1,HGNC_symbol,False
LCE5A,Q5TCM9,1,HGNC_symbol,True
LCE6A,A0A183,1,HGNC_symbol,False
LCE7A,P0DV60,1,HGNC_symbol,True
LCK,P06239,1,HGNC_symbol,False
LCLAT1,Q6UWP7,1,HGNC_symbol,True
LCMT1,Q9UIC8,1,HGNC_symbol,False
LCMT2,O60294,1,HGNC_symbol,True
LCN1,P31025,1,HGNC_symbol,False
LCN10,Q6JVE6,1,HGNC_symbol,False
LCN12,Q6JVE5,1,HGNC_symbol,True
LCN15,Q6UWW0,1,HGNC_symbol,False
LCN2,P80188,1,HGNC_symbol,True
LCN6,P62502,1,HGNC_symbol,True
LCN8,Q6JVE9,1,HGNC_symbol,False
LCN9,Q8WX39,1,HGNC_symbol,True
LCNL1,Q6ZST4,1,HGNC_symbol,False
LCOR,Q96JN0,1,HGNC_symbol,True
LCORL,Q8N3X6,1,HGNC_symbol,False
LCP1,P13796,1,HGNC_symbol,False
LCP2,Q13094,1,HGNC_symbol,True
LCT,P09848,1,HGNC_symbol,False
LCTL,Q6UWM7,1,HGNC_symbol,False
LDAF1,Q96B96,1,HGNC_symbol,True
LDAH,Q9H6V9,1,HGNC_symbol,True
LDB1,Q86U70,1,HGNC_symbol,True
LDB2,O43679,1,HGNC_symbol,True
LDB3,O75112,1,HGNC_symbol,False
LDHA,P00338,1,HGNC_symbol,False
LDHAL6A,Q6ZMR3,1,HGNC_symbol,False
LDHAL6B,Q9BYZ2,1,HGNC_symbol,False
LDHAL6FP,,0,unmapped,False
LDHAP1,,0,unmapped,False
LDHAP2,,0,unmapped,False
LDHAP3,,0,unmapped,False
LDHAP4,,0,unmapped,False
LDHAP5,,0,unmapped,False
LDHAP7,,0,unmapped,False
LDHB,P07195,1,HGNC_symbol,True
LDHBP2,,0,unmapped,False
LDHC,P07864,1,HGNC_symbol,False
LDHD,Q86WU2,1,HGNC_symbol,True
LDLR,P01130,1,HGNC_symbol,False
LDLRAD1,Q5T700,1,HGNC_symbol,False
LDLRAD2,Q5SZI1,1,HGNC_symbol,False
LDLRAD3,Q86YD5,1,HGNC_symbol,False
LDLRAD4,O15165,1,HGNC_symbol,True
LDLRAP1,Q5SW96,1,HGNC_symbol,False
LDOC1,O95751,1,HGNC_symbol,False
LDOC1L,84247,5,STRING_alias,False
LEAP2,Q969E1,1,HGNC_symbol,False
LECT1,11061,5,STRING_alias,False
LECT2,O14960,1,HGNC_symbol,True
LEF1,Q9UJU2,1,HGNC_symbol,False
LEF1-AS1,,0,unmapped,False
LEFTY1,O75610,1,HGNC_symbol,False
LEFTY2,O00292,1,HGNC_symbol,True
LEKR1,Q6ZMV7,1,HGNC_symbol,True
LELP1,Q5T871,1,HGNC_symbol,True
LEMD1,Q68G75,1,HGNC_symbol,False
LEMD2,Q8NC56,1,HGNC_symbol,True
LEMD3,Q9Y2U8,1,HGNC_symbol,True
LENEP,Q9Y5L5,1,HGNC_symbol,False
LENG1,Q96BZ8,1,HGNC_symbol,False
LENG8,Q96PV6,1,HGNC_symbol,False
LENG8-AS1,,0,unmapped,False
LENG9,Q96B70,1,HGNC_symbol,False
LEO1,Q8WVC0,1,HGNC_symbol,True
LEP,P41159,1,HGNC_symbol,True
LEPR,P48357,1,HGNC_symbol,False
LEPRE1,1.14.11.7,5,STRING_alias,False
LEPREL1,1.14.11.7,5,STRING_alias,False
LEPREL2,1.14.11.7,5,STRING_alias,False
LEPREL4,10609,5,STRING_alias,False
LEPROT,O15243,1,HGNC_symbol,False
LEPROTL1,O95214,1,HGNC_symbol,False
LETM1,O95202,1,HGNC_symbol,True
LETM2,Q2VYF4,1,HGNC_symbol,True
LETMD1,Q6P1Q0,1,HGNC_symbol,False
LEUTX,A8MZ59,1,HGNC_symbol,False
LFNG,Q8NES3,1,HGNC_symbol,False
LGALS1,P09382,1,HGNC_symbol,False
LGALS12,Q96DT0,1,HGNC_symbol,True
LGALS13,Q9UHV8,1,HGNC_symbol,False
LGALS14,Q8TCE9,1,HGNC_symbol,False
LGALS16,A8MUM7,1,HGNC_symbol,True
LGALS2,P05162,1,HGNC_symbol,False
LGALS3,P17931,1,HGNC_symbol,False
LGALS3BP,Q08380,1,HGNC_symbol,False
LGALS4,P56470,1,HGNC_symbol,False
LGALS7,P47929,1,HGNC_symbol,True
LGALS7B,1BKZ,5,STRING_alias,False
LGALS8,O00214,1,HGNC_symbol,False
LGALS8-AS1,,0,unmapped,False
LGALS9,O00182,1,HGNC_symbol,False
LGALS9B,Q3B8N2,1,HGNC_symbol,True
LGALS9C,Q6DKI2,1,HGNC_symbol,True
LGALSL,Q3ZCW2,1,HGNC_symbol,False
LGI1,O95970,1,HGNC_symbol,True
LGI2,Q8N0V4,1,HGNC_symbol,False
LGI3,Q8N145,1,HGNC_symbol,False
LGI4,Q8N135,1,HGNC_symbol,False
LGMN,Q99538,1,HGNC_symbol,False
LGMNP1,,0,unmapped,False
LGR4,Q9BXB1,1,HGNC_symbol,True
LGR5,O75473,1,HGNC_symbol,True
LGR6,Q9HBX8,1,HGNC_symbol,True
LGSN,Q5TDP6,1,HGNC_symbol,False
LHB,P01229,1,HGNC_symbol,True
LHCGR,P22888,1,HGNC_symbol,False
LHFP,10186,5,STRING_alias,False
LHFPL1,Q86WI0,1,HGNC_symbol,False
LHFPL2,Q6ZUX7,1,HGNC_symbol,False
LHFPL3,Q86UP9,1,HGNC_symbol,False
LHFPL4,Q7Z7J7,1,HGNC_symbol,True
LHFPL5,Q8TAF8,1,HGNC_symbol,True
LHFPL6,Q9Y693,1,HGNC_symbol,False
LHFPL7,Q6ICI0,1,HGNC_symbol,False
LHPP,Q9H008,1,HGNC_symbol,True
LHX1,P48742,1,HGNC_symbol,False
LHX2,P50458,1,HGNC_symbol,False
LHX3,Q9UBR4,1,HGNC_symbol,False
LHX4,Q969G2,1,HGNC_symbol,True
LHX5,Q9H2C1,1,HGNC_symbol,True
LHX6,Q9UPM6,1,HGNC_symbol,True
LHX8,Q68G74,1,HGNC_symbol,False
LHX9,Q9NQ69,1,HGNC_symbol,False
LIAS,O43766,1,HGNC_symbol,True
LIAT1,Q6ZQX7,1,HGNC_symbol,False
LIF,P15018,1,HGNC_symbol,False
LIFR,P42702,1,HGNC_symbol,False
LIG1,P18858,1,HGNC_symbol,True
LIG3,P49916,1,HGNC_symbol,False
LIG4,P49917,1,HGNC_symbol,False
LILRA1,O75019,1,HGNC_symbol,False
LILRA2,Q8N149,1,HGNC_symbol,False
LILRA3,Q8N6C8,1,HGNC_symbol,True
LILRA4,P59901,1,HGNC_symbol,False
LILRA5,A6NI73,1,HGNC_symbol,True
LILRA6,Q6PI73,1,HGNC_symbol,False
LILRB1,Q8NHL6,1,HGNC_symbol,True
LILRB2,Q8N423,1,HGNC_symbol,False
LILRB3,O75022,1,HGNC_symbol,False
LILRB4,Q8NHJ6,1,HGNC_symbol,False
LILRB5,O75023,1,HGNC_symbol,False
LILRP1,,0,unmapped,False
LILRP2,,0,unmapped,False
LIM2,P55344,1,HGNC_symbol,False
LIMA1,Q9UHB6,1,HGNC_symbol,True
LIMCH1,Q9UPQ0,1,HGNC_symbol,False
LIMD1,Q9UGP4,1,HGNC_symbol,False
LIMD1-AS1,,0,unmapped,False
LIMD2,Q9BT23,1,HGNC_symbol,True
LIME1,Q9H400,1,HGNC_symbol,False
LIMK1,P53667,1,HGNC_symbol,True
LIMK2,P53671,1,HGNC_symbol,False
LIMS1,P48059,1,HGNC_symbol,False
LIMS2,Q7Z4I7,1,HGNC_symbol,True
LIMS3,P0CW19,1,HGNC_symbol,False
LIMS4,P0CW20,1,HGNC_symbol,True
LIN28A,Q9H9Z2,1,HGNC_symbol,False
LIN28B,Q6ZN17,1,HGNC_symbol,False
LIN37,Q96GY3,1,HGNC_symbol,False
LIN52,Q52LA3,1,HGNC_symbol,True
LIN54,Q6MZP7,1,HGNC_symbol,False
LIN7A,O14910,1,HGNC_symbol,False
LIN7B,Q9HAP6,1,HGNC_symbol,False
LIN7C,Q9NUP9,1,HGNC_symbol,False
LIN9,Q5TKA1,1,HGNC_symbol,False
LINC-PINT,A0A455ZAR2,1,HGNC_symbol,False
LINC00032,,0,unmapped,False
LINC00035,,0,unmapped,False
LINC00051,,0,unmapped,False
LINC00086,399668,5,STRING_alias,False
LINC00092,,0,unmapped,False
LINC00094,A0A1B0GUI7,5,STRING_alias,True
LINC00106,,0,unmapped,False
LINC00115,,0,unmapped,False
LINC00116,A0A024QYV9,5,STRING_alias,False
LINC00152,,0,unmapped,False
LINC00167,,0,unmapped,False
LINC00173,Q6ZV60,1,HGNC_symbol,True
LINC00174,,0,unmapped,False
LINC00176,,0,unmapped,False
LINC00189,,0,unmapped,False
LINC00202-1,,0,unmapped,False
LINC00202-2,,0,unmapped,False
LINC00205,,0,unmapped,False
LINC00211,,0,unmapped,False
LINC00240,,0,unmapped,False
LINC00243,,0,unmapped,False
LINC00263,,0,unmapped,False
LINC00264,,0,unmapped,False
LINC00265,,0,unmapped,False
LINC00271,,0,unmapped,False
LINC00278,,0,unmapped,False
LINC00299,Q6ZSB3,1,HGNC_symbol,True
LINC00304,Q8N9R0,1,HGNC_symbol,False
LINC00310,P59036,1,HGNC_symbol,True
LINC00324,,0,unmapped,False
LINC00327,,0,unmapped,False
LINC00338,,0,unmapped,False
LINC00339,,0,unmapped,False
LINC00341,161176,5,STRING_alias,False
LINC00342,,0,unmapped,False
LINC00346,,0,unmapped,False
LINC00355,,0,unmapped,False
LINC00398,,0,unmapped,False
LINC00402,,0,unmapped,False
LINC00421,,0,unmapped,False
LINC00422,,0,unmapped,False
LINC00426,,0,unmapped,False
LINC00431,,0,unmapped,False
LINC00441,,0,unmapped,False
LINC00467,,0,unmapped,False
LINC00471,Q8N535,1,HGNC_symbol,True
LINC00475,,0,unmapped,False
LINC00476,,0,unmapped,False
LINC00478,,0,unmapped,False
LINC00482,Q8N8I6,1,HGNC_symbol,True
LINC00484,,0,unmapped,False
LINC00487,,0,unmapped,False
LINC00493,,0,unmapped,False
LINC00494,,0,unmapped,False
LINC00504,,0,unmapped,False
LINC00511,,0,unmapped,False
LINC00526,Q96FQ7,1,HGNC_symbol,True
LINC00528,Q8N1L1,1,HGNC_symbol,True
LINC00535,,0,unmapped,False
LINC00537,,0,unmapped,False
LINC00562,,0,unmapped,False
LINC00565,,0,unmapped,False
LINC00570,,0,unmapped,False
LINC00571,,0,unmapped,False
LINC00607,,0,unmapped,False
LINC00610,,0,unmapped,False
LINC00618,,0,unmapped,False
LINC00622,,0,unmapped,False
LINC00623,,0,unmapped,False
LINC00629,,0,unmapped,False
LINC00630,,0,unmapped,False
LINC00638,,0,unmapped,False
LINC00639,,0,unmapped,False
LINC00641,,0,unmapped,False
LINC00649,,0,unmapped,False
LINC00654,,0,unmapped,False
LINC00656,,0,unmapped,False
LINC00657,,0,unmapped,False
LINC00662,,0,unmapped,False
LINC00663,,0,unmapped,False
LINC00664,,0,unmapped,False
LINC00665,,0,unmapped,False
LINC00667,,0,unmapped,False
LINC00669,,0,unmapped,False
LINC00671,,0,unmapped,False
LINC00672,A0A1B0GWH6,5,STRING_alias,False
LINC00674,,0,unmapped,False
LINC00680,,0,unmapped,False
LINC00683,,0,unmapped,False
LINC00685,,0,unmapped,False
LINC00689,,0,unmapped,False
LINC00694,,0,unmapped,False
LINC00843,,0,unmapped,False
LINC00846,,0,unmapped,False
LINC00847,,0,unmapped,False
LINC00852,,0,unmapped,False
LINC00853,,0,unmapped,False
LINC00854,,0,unmapped,False
LINC00856,,0,unmapped,False
LINC00861,,0,unmapped,False
LINC00862,A6NCI5,1,HGNC_symbol,False
LINC00863,,0,unmapped,False
LINC00865,,0,unmapped,False
LINC00869,P0C866,1,HGNC_symbol,False
LINC00877,,0,unmapped,False
LINC00883,,0,unmapped,False
LINC00884,,0,unmapped,False
LINC00886,,0,unmapped,False
LINC00887,,0,unmapped,False
LINC00888,,0,unmapped,False
LINC00890,,0,unmapped,False
LINC00892,,0,unmapped,False
LINC00893,,0,unmapped,False
LINC00894,,0,unmapped,False
LINC00896,,0,unmapped,False
LINC00899,,0,unmapped,False
LINC00900,,0,unmapped,False
LINC00907,,0,unmapped,False
LINC00908,,0,unmapped,False
LINC00909,,0,unmapped,False
LINC00910,,0,unmapped,False
LINC00920,,0,unmapped,False
LINC00923,,0,unmapped,False
LINC00925,,0,unmapped,False
LINC00926,,0,unmapped,False
LINC00933,,0,unmapped,False
LINC00936,,0,unmapped,False
LINC00937,,0,unmapped,False
LINC00938,,0,unmapped,False
LINC00941,,0,unmapped,False
LINC00944,,0,unmapped,False
LINC00954,,0,unmapped,False
LINC00957,,0,unmapped,False
LINC00958,,0,unmapped,False
LINC00959,,0,unmapped,False
LINC00960,,0,unmapped,False
LINC00963,,0,unmapped,False
LINC00968,,0,unmapped,False
LINC00969,,0,unmapped,False
LINC00977,,0,unmapped,False
LINC00982,,0,unmapped,False
LINC00984,100505573,5,STRING_alias,False
LINC00987,,0,unmapped,False
LINC00989,,0,unmapped,False
LINC00996,,0,unmapped,False
LINC00998,,0,unmapped,False
LINC00999,,0,unmapped,False
LINC01001,,0,unmapped,False
LINC01002,,0,unmapped,False
LINC01003,,0,unmapped,False
LINC01004,,0,unmapped,False
LINC01006,,0,unmapped,False
LINC01011,,0,unmapped,False
LINC01013,,0,unmapped,False
LINC01021,,0,unmapped,False
LINC01023,,0,unmapped,False
LINC01024,,0,unmapped,False
LINC01036,,0,unmapped,False
LINC01037,,0,unmapped,False
LINC01057,,0,unmapped,False
LINC01058,,0,unmapped,False
LINC01059,,0,unmapped,False
LINC01071,,0,unmapped,False
LINC01087,,0,unmapped,False
LINC01088,,0,unmapped,False
LINC01091,,0,unmapped,False
LINC01094,,0,unmapped,False
LINC01106,,0,unmapped,False
LINC01107,,0,unmapped,False
LINC01108,,0,unmapped,False
LINC01114,,0,unmapped,False
LINC01118,,0,unmapped,False
LINC01119,,0,unmapped,False
LINC01122,,0,unmapped,False
LINC01123,,0,unmapped,False
LINC01125,A0A1B0GVT1,5,STRING_alias,False
LINC01128,,0,unmapped,False
LINC01132,,0,unmapped,False
LINC01133,,0,unmapped,False
LINC01134,,0,unmapped,False
LINC01136,,0,unmapped,False
LINC01137,,0,unmapped,False
LINC01138,,0,unmapped,False
LINC01140,,0,unmapped,False
LINC01146,,0,unmapped,False
LINC01150,,0,unmapped,False
LINC01155,,0,unmapped,False
LINC01160,,0,unmapped,False
LINGO1,Q96FE5,1,HGNC_symbol,False
LINGO2,Q7L985,1,HGNC_symbol,False
LINGO3,P0C6S8,1,HGNC_symbol,False
LINGO4,Q6UY18,1,HGNC_symbol,False
LINS,55180,5,STRING_alias,False
LINS1,Q8NG48,1,HGNC_symbol,False
LIPA,P38571,1,HGNC_symbol,False
LIPC,P11150,1,HGNC_symbol,True
LIPE,Q05469,1,HGNC_symbol,False
LIPE-AS1,,0,unmapped,False
LIPF,P07098,1,HGNC_symbol,True
LIPG,Q9Y5X9,1,HGNC_symbol,False
LIPH,Q8WWY8,1,HGNC_symbol,False
LIPI,Q6XZB0,1,HGNC_symbol,False
LIPJ,Q5W064,1,HGNC_symbol,True
LIPK,Q5VXJ0,1,HGNC_symbol,True
LIPM,Q5VYY2,1,HGNC_symbol,False
LIPN,Q5VXI9,1,HGNC_symbol,False
LIPT1,Q9Y234,1,HGNC_symbol,False
LIPT2,A6NK58,1,HGNC_symbol,False
LITAF,Q99732,1,HGNC_symbol,False
LITAFD,A0A1B0GVX0,1,HGNC_symbol,True
LIX1,Q8N485,1,HGNC_symbol,True
LIX1L,Q8IVB5,1,HGNC_symbol,True
LKAAEAR1,Q8TD35,1,HGNC_symbol,True
LL09NC01-251B2.3,,0,unmapped,False
LL0XNC01-116E7.1,,0,unmapped,False
LL0XNC01-116E7.2,,0,unmapped,False
LL0XNC01-116E7.4,,0,unmapped,False
LL0XNC01-131B10.2,,0,unmapped,False
LL0XNC01-237H1.2,,0,unmapped,False
LL0XNC01-7P3.1,,0,unmapped,False
LL21NC02-1C16.1,,0,unmapped,False
LL21NC02-1C16.2,,0,unmapped,False
LL22NC03-2H8.5,,0,unmapped,False
LL22NC03-80A10.6,,0,unmapped,False
LL22NC03-86G7.1,,0,unmapped,False
LL22NC03-N14H11.1,,0,unmapped,False
LL22NC03-N27C7.1,,0,unmapped,False
LLCFC1,Q96L11,1,HGNC_symbol,False
LLGL1,Q15334,1,HGNC_symbol,False
LLGL2,Q6P1M3,1,HGNC_symbol,False
LLPH,Q9BRT6,1,HGNC_symbol,True
LMAN1,P49257,1,HGNC_symbol,False
LMAN1L,Q9HAT1,1,HGNC_symbol,False
LMAN2,Q12907,1,HGNC_symbol,True
LMAN2L,Q9H0V9,1,HGNC_symbol,False
LMBR1,Q8WVP7,1,HGNC_symbol,False
LMBR1L,Q6UX01,1,HGNC_symbol,True
LMBRD1,Q9NUN5,1,HGNC_symbol,False
LMBRD2,Q68DH5,1,HGNC_symbol,False
LMCD1,Q9NZU5,1,HGNC_symbol,False
LMF1,Q96S06,1,HGNC_symbol,False
LMF2,Q9BU23,1,HGNC_symbol,False
LMLN,Q96KR4,1,HGNC_symbol,True
LMNA,P02545,1,HGNC_symbol,False
LMNB1,P20700,1,HGNC_symbol,False
LMNB2,Q03252,1,HGNC_symbol,False
LMNTD1,Q8N9Z9,1,HGNC_symbol,True
LMNTD2,Q8IXW0,1,HGNC_symbol,True
LMO1,P25800,1,HGNC_symbol,True
LMO2,P25791,1,HGNC_symbol,False
LMO3,Q8TAP4,1,HGNC_symbol,False
LMO4,P61968,1,HGNC_symbol,True
LMO7,Q8WWI1,1,HGNC_symbol,False
LMOD1,P29536,1,HGNC_symbol,True
LMOD2,Q6P5Q4,1,HGNC_symbol,False
LMOD3,Q0VAK6,1,HGNC_symbol,False
LMTK2,Q8IWU2,1,HGNC_symbol,False
LMTK3,Q96Q04,1,HGNC_symbol,False
LMX1A,Q8TE12,1,HGNC_symbol,True
LMX1B,O60663,1,HGNC_symbol,False
LNP1,A1A4G5,1,HGNC_symbol,False
LNPEP,Q9UIQ6,1,HGNC_symbol,False
LNPK,Q9C0E8,1,HGNC_symbol,False
LNX1,Q8TBB1,1,HGNC_symbol,False
LNX2,Q8N448,1,HGNC_symbol,False
LOC124685,,0,unmapped,False
LOH12CR1,118426,5,STRING_alias,False
LOH12CR2,,0,unmapped,False
LONP1,P36776,1,HGNC_symbol,False
LONP2,Q86WA8,1,HGNC_symbol,False
LONRF1,Q17RB8,1,HGNC_symbol,True
LONRF2,Q1L5Z9,1,HGNC_symbol,False
LONRF3,Q496Y0,1,HGNC_symbol,True
LORICRIN,P23490,1,HGNC_symbol,True
LOX,P28300,1,HGNC_symbol,False
LOXHD1,Q8IVV2,1,HGNC_symbol,False
LOXL1,Q08397,1,HGNC_symbol,True
LOXL1-AS1,,0,unmapped,False
LOXL2,Q9Y4K0,1,HGNC_symbol,True
LOXL3,P58215,1,HGNC_symbol,True
LOXL4,Q96JB6,1,HGNC_symbol,True
LPA,P08519,1,HGNC_symbol,False
LPAL2,Q16609,1,HGNC_symbol,False
LPAR1,Q92633,1,HGNC_symbol,False
LPAR2,Q9HBW0,1,HGNC_symbol,False
LPAR3,Q9UBY5,1,HGNC_symbol,False
LPAR4,Q99677,1,HGNC_symbol,False
LPAR5,Q9H1C0,1,HGNC_symbol,False
LPAR6,P43657,1,HGNC_symbol,True
LPCAT1,Q8NF37,1,HGNC_symbol,True
LPCAT2,Q7L5N7,1,HGNC_symbol,True
LPCAT3,Q6P1A2,1,HGNC_symbol,True
LPCAT4,Q643R3,1,HGNC_symbol,False
LPGAT1,Q92604,1,HGNC_symbol,False
LPHN1,22859,5,STRING_alias,False
LPHN2,23266,5,STRING_alias,False
LPHN3,23284,5,STRING_alias,False
LPIN1,Q14693,1,HGNC_symbol,False
LPIN2,Q92539,1,HGNC_symbol,True
LPIN3,Q9BQK8,1,HGNC_symbol,False
LPL,P06858,1,HGNC_symbol,True
LPO,P22079,1,HGNC_symbol,True
LPP,Q93052,1,HGNC_symbol,True
LPP-AS2,,0,unmapped,False
LPPR3,3.1.3.4,5,STRING_alias,False
LPXN,O60711,1,HGNC_symbol,True
LRAT,O95237,1,HGNC_symbol,True
LRATD1,Q96KN4,1,HGNC_symbol,True
LRATD2,Q96KN1,1,HGNC_symbol,True
LRBA,P50851,1,HGNC_symbol,False
LRCH1,Q9Y2L9,1,HGNC_symbol,True
LRCH2,Q5VUJ6,1,HGNC_symbol,True
LRCH3,Q96II8,1,HGNC_symbol,False
LRCH4,O75427,1,HGNC_symbol,False
LRCOL1,A6NCL2,1,HGNC_symbol,False
LRFN1,Q9P244,1,HGNC_symbol,True
LRFN2,Q9ULH4,1,HGNC_symbol,True
LRFN3,Q9BTN0,1,HGNC_symbol,True
LRFN4,Q6PJG9,1,HGNC_symbol,False
LRFN5,Q96NI6,1,HGNC_symbol,False
LRG1,P02750,1,HGNC_symbol,True
LRGUK,Q96M69,1,HGNC_symbol,False
LRIF1,Q5T3J3,1,HGNC_symbol,True
LRIG1,Q96JA1,1,HGNC_symbol,False
LRIG2,O94898,1,HGNC_symbol,False
LRIG3,Q6UXM1,1,HGNC_symbol,False
LRIT1,Q9P2V4,1,HGNC_symbol,True
LRIT2,A6NDA9,1,HGNC_symbol,False
LRIT3,Q3SXY7,1,HGNC_symbol,True
LRMDA,Q9H2I8,1,HGNC_symbol,True
LRMP,4033,5,STRING_alias,False
LRP1,Q07954,1,HGNC_symbol,False
LRP10,Q7Z4F1,1,HGNC_symbol,True
LRP11,Q86VZ4,1,HGNC_symbol,False
LRP12,Q9Y561,1,HGNC_symbol,False
LRP1B,Q9NZR2,1,HGNC_symbol,False
LRP2,P98164,1,HGNC_symbol,False
LRP2BP,Q9P2M1,1,HGNC_symbol,True
LRP3,O75074,1,HGNC_symbol,False
LRP4,O75096,1,HGNC_symbol,False
LRP5,O75197,1,HGNC_symbol,False
LRP5L,A4QPB2,1,HGNC_symbol,False
LRP6,O75581,1,HGNC_symbol,False
LRP8,Q14114,1,HGNC_symbol,False
LRPAP1,P30533,1,HGNC_symbol,False
LRPPRC,P42704,1,HGNC_symbol,False
LRR1,Q96L50,1,HGNC_symbol,False
LRRC1,Q9BTT6,1,HGNC_symbol,True
LRRC10,Q5BKY1,1,HGNC_symbol,True
LRRC10B,A6NIK2,1,HGNC_symbol,True
LRRC14,Q15048,1,HGNC_symbol,False
LRRC14B,A6NHZ5,1,HGNC_symbol,False
LRRC15,Q8TF66,1,HGNC_symbol,True
LRRC16A,3LK2,5,STRING_alias,False
LRRC16B,90668,5,STRING_alias,False
LRRC17,Q8N6Y2,1,HGNC_symbol,False
LRRC18,Q8N456,1,HGNC_symbol,True
LRRC19,Q9H756,1,HGNC_symbol,True
LRRC2,Q9BYS8,1,HGNC_symbol,False
LRRC20,Q8TCA0,1,HGNC_symbol,False
LRRC23,Q53EV4,1,HGNC_symbol,True
LRRC24,Q50LG9,1,HGNC_symbol,True
LRRC25,Q8N386,1,HGNC_symbol,False
LRRC26,Q2I0M4,1,HGNC_symbol,False
LRRC27,Q9C0I9,1,HGNC_symbol,False
LRRC28,Q86X40,1,HGNC_symbol,False
LRRC29,26231,5,STRING_alias,False
LRRC3,Q9BY71,1,HGNC_symbol,True
LRRC30,A6NM36,1,HGNC_symbol,False
LRRC31,Q6UY01,1,HGNC_symbol,True
LRRC32,Q14392,1,HGNC_symbol,True
LRRC34,Q8IZ02,1,HGNC_symbol,False
LRRC36,Q1X8D7,1,HGNC_symbol,True
LRRC37A,A6NMS7,1,HGNC_symbol,False
LRRC37A15P,,0,unmapped,False
LRRC37A16P,,0,unmapped,False
LRRC37A17P,,0,unmapped,False
LRRC37A2,A6NM11,1,HGNC_symbol,False
LRRC37A3,O60309,1,HGNC_symbol,False
LRRC37A4P,,0,unmapped,False
LRRC37A6P,,0,unmapped,False
LRRC37A7P,,0,unmapped,False
LRRC37A9P,,0,unmapped,False
LRRC37B,Q96QE4,1,HGNC_symbol,True
LRRC37BP1,,0,unmapped,False
LRRC38,Q5VT99,1,HGNC_symbol,False
LRRC39,Q96DD0,1,HGNC_symbol,False
LRRC3B,Q96PB8,1,HGNC_symbol,True
LRRC3C,A6NJW4,1,HGNC_symbol,False
LRRC3DN,,0,unmapped,False
LRRC4,Q9HBW1,1,HGNC_symbol,False
LRRC40,Q9H9A6,1,HGNC_symbol,False
LRRC41,Q15345,1,HGNC_symbol,True
LRRC42,Q9Y546,1,HGNC_symbol,False
LRRC43,Q8N309,1,HGNC_symbol,False
LRRC45,Q96CN5,1,HGNC_symbol,False
LRRC46,Q96FV0,1,HGNC_symbol,True
LRRC47,Q8N1G4,1,HGNC_symbol,True
LRRC48,83450,5,STRING_alias,False
LRRC49,Q8IUZ0,1,HGNC_symbol,False
LRRC4B,Q9NT99,1,HGNC_symbol,False
LRRC4C,Q9HCJ2,1,HGNC_symbol,False
LRRC51,Q96E66,1,HGNC_symbol,True
LRRC52,Q8N7C0,1,HGNC_symbol,False
LRRC53,A6NM62,1,HGNC_symbol,False
LRRC55,Q6ZSA7,1,HGNC_symbol,False
LRRC56,Q8IYG6,1,HGNC_symbol,False
LRRC57,Q8N9N7,1,HGNC_symbol,False
LRRC58,Q96CX6,1,HGNC_symbol,True
LRRC59,Q96AG4,1,HGNC_symbol,True
LRRC6,23639,5,STRING_alias,False
LRRC61,Q9BV99,1,HGNC_symbol,True
LRRC63,Q05C16,1,HGNC_symbol,False
LRRC66,Q68CR7,1,HGNC_symbol,True
LRRC69,Q6ZNQ3,1,HGNC_symbol,False
LRRC7,Q96NW7,1,HGNC_symbol,False
LRRC70,Q7Z2Q7,1,HGNC_symbol,False
LRRC71,Q8N4P6,1,HGNC_symbol,False
LRRC72,A6NJI9,1,HGNC_symbol,True
LRRC73,Q5JTD7,1,HGNC_symbol,True
LRRC74A,Q0VAA2,1,HGNC_symbol,True
LRRC74B,Q6ZQY2,1,HGNC_symbol,False
LRRC75A,Q8NAA5,1,HGNC_symbol,True
LRRC75B,Q2VPJ9,1,HGNC_symbol,True
LRRC8A,Q8IWT6,1,HGNC_symbol,False
LRRC8B,Q6P9F7,1,HGNC_symbol,True
LRRC8C,Q8TDW0,1,HGNC_symbol,True
LRRC8D,Q7L1W4,1,HGNC_symbol,False
LRRC8E,Q6NSJ5,1,HGNC_symbol,False
LRRC9,Q6ZRR7,1,HGNC_symbol,False
LRRCC1,Q9C099,1,HGNC_symbol,False
LRRD1,A4D1F6,1,HGNC_symbol,False
LRRFIP1,Q32MZ4,1,HGNC_symbol,False
LRRFIP1P1,,0,unmapped,False
LRRFIP2,Q9Y608,1,HGNC_symbol,False
LRRIQ1,Q96JM4,1,HGNC_symbol,False
LRRIQ3,A6PVS8,1,HGNC_symbol,True
LRRIQ4,A6NIV6,1,HGNC_symbol,False
LRRK1,Q38SD2,1,HGNC_symbol,False
LRRK2,Q5S007,1,HGNC_symbol,False
LRRN1,Q6UXK5,1,HGNC_symbol,False
LRRN2,O75325,1,HGNC_symbol,True
LRRN3,Q9H3W5,1,HGNC_symbol,False
LRRN4,Q8WUT4,1,HGNC_symbol,False
LRRN4CL,Q8ND94,1,HGNC_symbol,True
LRRTM1,Q86UE6,1,HGNC_symbol,True
LRRTM2,O43300,1,HGNC_symbol,False
LRRTM3,Q86VH5,1,HGNC_symbol,False
LRRTM4,Q86VH4,1,HGNC_symbol,False
LRSAM1,Q6UWE0,1,HGNC_symbol,True
LRTM1,Q9HBL6,1,HGNC_symbol,True
LRTM2,Q8N967,1,HGNC_symbol,True
LRTOMT,2.1.1.6,5,STRING_alias,False
LRWD1,Q9UFC0,1,HGNC_symbol,False
LSAMP,Q13449,1,HGNC_symbol,False
LSG1,Q9H089,1,HGNC_symbol,False
LSM1,O15116,1,HGNC_symbol,True
LSM10,Q969L4,1,HGNC_symbol,False
LSM11,P83369,1,HGNC_symbol,False
LSM12,Q3MHD2,1,HGNC_symbol,False
LSM12P1,,0,unmapped,False
LSM14A,Q8ND56,1,HGNC_symbol,False
LSM14B,Q9BX40,1,HGNC_symbol,True
LSM2,Q9Y333,1,HGNC_symbol,False
LSM3,P62310,1,HGNC_symbol,True
LSM3P3,,0,unmapped,False
LSM4,Q9Y4Z0,1,HGNC_symbol,True
LSM5,Q9Y4Y9,1,HGNC_symbol,True
LSM6,P62312,1,HGNC_symbol,False
LSM7,Q9UK45,1,HGNC_symbol,False
LSM8,O95777,1,HGNC_symbol,False
LSMD1,84316,5,STRING_alias,False
LSMEM1,Q8N8F7,1,HGNC_symbol,True
LSMEM2,Q8N112,1,HGNC_symbol,False
LSP1,P33241,1,HGNC_symbol,False
LSR,Q86X29,1,HGNC_symbol,False
LSS,P48449,1,HGNC_symbol,False
LST1,O00453,1,HGNC_symbol,True
LTA,P01374,1,HGNC_symbol,False
LTA4H,P09960,1,HGNC_symbol,True
LTB,Q06643,1,HGNC_symbol,False
LTB4R,Q15722,1,HGNC_symbol,False
LTB4R2,Q9NPC1,1,HGNC_symbol,False
LTBP1,Q14766,1,HGNC_symbol,False
LTBP2,Q14767,1,HGNC_symbol,False
LTBP3,Q9NS15,1,HGNC_symbol,False
LTBP4,Q8N2S1,1,HGNC_symbol,False
LTBR,P36941,1,HGNC_symbol,True
LTC4S,Q16873,1,HGNC_symbol,False
LTF,P02788,1,HGNC_symbol,True
LTK,P29376,1,HGNC_symbol,False
LTN1,O94822,1,HGNC_symbol,False
LTO1,Q8WV07,1,HGNC_symbol,False
LTV1,Q96GA3,1,HGNC_symbol,False
LUC7L,Q9NQ29,1,HGNC_symbol,True
LUC7L2,Q9Y383,1,HGNC_symbol,False
LUC7L3,O95232,1,HGNC_symbol,True
LUCAT1,,0,unmapped,False
LUM,P51884,1,HGNC_symbol,False
LURAP1,Q96LR2,1,HGNC_symbol,True
LURAP1L,Q8IV03,1,HGNC_symbol,False
LUZP1,Q86V48,1,HGNC_symbol,False
LUZP2,Q86TE4,1,HGNC_symbol,False
LUZP4,Q9P127,1,HGNC_symbol,False
LVRN,Q6Q4G3,1,HGNC_symbol,False
LXN,Q9BS40,1,HGNC_symbol,False
LY6D,Q14210,1,HGNC_symbol,False
LY6E,Q16553,1,HGNC_symbol,True
LY6G5B,Q8NDX9,1,HGNC_symbol,False
LY6G5C,Q5SRR4,1,HGNC_symbol,False
LY6G6C,O95867,1,HGNC_symbol,False
LY6G6D,O95868,1,HGNC_symbol,True
LY6G6F,Q5SQ64,1,HGNC_symbol,False
LY6H,O94772,1,HGNC_symbol,False
LY6K,Q17RY6,1,HGNC_symbol,True
LY6L,H3BQJ8,1,HGNC_symbol,False
LY75,O60449,1,HGNC_symbol,False
LY86,O95711,1,HGNC_symbol,False
LY86-AS1,,0,unmapped,False
LY9,Q9HBG7,1,HGNC_symbol,False
LY96,Q9Y6Y9,1,HGNC_symbol,True
LYAR,Q9NX58,1,HGNC_symbol,False
LYG1,Q8N1E2,1,HGNC_symbol,False
LYG2,Q86SG7,1,HGNC_symbol,False
LYL1,P12980,1,HGNC_symbol,True
LYN,P07948,1,HGNC_symbol,False
LYNX1,P0DP58,1,HGNC_symbol,False
LYPD1,Q8N2G4,1,HGNC_symbol,False
LYPD2,Q6UXB3,1,HGNC_symbol,False
LYPD3,O95274,1,HGNC_symbol,True
LYPD4,Q6UWN0,1,HGNC_symbol,True
LYPD5,Q6UWN5,1,HGNC_symbol,True
LYPD6,Q86Y78,1,HGNC_symbol,False
LYPD6B,Q8NI32,1,HGNC_symbol,False
LYPD8,Q6UX82,1,HGNC_symbol,False
LYPLA1,O75608,1,HGNC_symbol,False
LYPLA1P3,,0,unmapped,False
LYPLA2,O95372,1,HGNC_symbol,True
LYPLA2P1,,0,unmapped,False
LYPLAL1,Q5VWZ2,1,HGNC_symbol,True
LYRM1,O43325,1,HGNC_symbol,True
LYRM2,Q9NU23,1,HGNC_symbol,True
LYRM4,Q9HD34,1,HGNC_symbol,False
LYRM5,144363,5,STRING_alias,False
LYRM7,Q5U5X0,1,HGNC_symbol,True
LYRM9,A8MSI8,1,HGNC_symbol,False
LYSET,Q8N6I4,1,HGNC_symbol,False
LYSMD1,Q96S90,1,HGNC_symbol,True
LYSMD2,Q8IV50,1,HGNC_symbol,False
LYSMD3,Q7Z3D4,1,HGNC_symbol,True
LYSMD4,Q5XG99,1,HGNC_symbol,False
LYST,Q99698,1,HGNC_symbol,False
LYVE1,Q9Y5Y7,1,HGNC_symbol,True
LYZ,P61626,1,HGNC_symbol,False
LYZL1,Q6UWQ5,1,HGNC_symbol,False
LYZL2,Q7Z4W2,1,HGNC_symbol,False
LYZL4,Q96KX0,1,HGNC_symbol,False
LYZL6,O75951,1,HGNC_symbol,False
LZIC,Q8WZA0,1,HGNC_symbol,True
LZTFL1,Q9NQ48,1,HGNC_symbol,False
LZTR1,Q8N653,1,HGNC_symbol,True
LZTS1,Q9Y250,1,HGNC_symbol,False
LZTS2,Q9BRK4,1,HGNC_symbol,True
LZTS3,O60299,1,HGNC_symbol,False
M1AP,Q8TC57,1,HGNC_symbol,True
M6PR,P20645,1,HGNC_symbol,True
MAATS1,89876,5,STRING_alias,False
MAB21L1,Q13394,1,HGNC_symbol,False
MAB21L2,Q9Y586,1,HGNC_symbol,True
MAB21L3,Q8N8X9,1,HGNC_symbol,False
MAB21L4,Q08AI8,1,HGNC_symbol,True
MACC1,Q6ZN28,1,HGNC_symbol,True
MACF1,Q9UPN3,1,HGNC_symbol,False
MACIR,Q96GV9,1,HGNC_symbol,False
MACO1,Q8N5G2,1,HGNC_symbol,False
MACROD1,Q9BQ69,1,HGNC_symbol,False
MACROD2,A1Z1Q3,1,HGNC_symbol,True
MACROH2A1,O75367,1,HGNC_symbol,False
MACROH2A2,Q9P0M6,1,HGNC_symbol,False
MAD1L1,Q9Y6D9,1,HGNC_symbol,False
MAD2L1,Q13257,1,HGNC_symbol,True
MAD2L1BP,Q15013,1,HGNC_symbol,True
MAD2L2,Q9UI95,1,HGNC_symbol,True
MADCAM1,Q13477,1,HGNC_symbol,False
MADD,Q8WXG6,1,HGNC_symbol,False
MAEA,Q7L5Y9,1,HGNC_symbol,True
MAEL,Q96JY0,1,HGNC_symbol,False
MAF,O75444,1,HGNC_symbol,True
MAF1,Q9H063,1,HGNC_symbol,True
MAFA,Q8NHW3,1,HGNC_symbol,False
MAFB,Q9Y5Q3,1,HGNC_symbol,False
MAFF,Q9ULX9,1,HGNC_symbol,True
MAFG,O15525,1,HGNC_symbol,True
MAFG-AS1,,0,unmapped,False
MAFK,O60675,1,HGNC_symbol,True
MAG,P20916,1,HGNC_symbol,False
MAGEA1,P43355,1,HGNC_symbol,False
MAGEA10,P43363,1,HGNC_symbol,False
MAGEA11,P43364,1,HGNC_symbol,False
MAGEA12,P43365,1,HGNC_symbol,False
MAGEA2,P43356,1,HGNC_symbol,False
MAGEA2B,266740,5,STRING_alias,False
MAGEA3,P43357,1,HGNC_symbol,True
MAGEA4,P43358,1,HGNC_symbol,True
MAGEA6,P43360,1,HGNC_symbol,False
MAGEA8,P43361,1,HGNC_symbol,False
MAGEA9,P43362,1,HGNC_symbol,False
MAGEA9B,4108,5,STRING_alias,False
MAGEB1,P43366,1,HGNC_symbol,True
MAGEB10,Q96LZ2,1,HGNC_symbol,False
MAGEB16,A2A368,1,HGNC_symbol,True
MAGEB17,A8MXT2,1,HGNC_symbol,False
MAGEB18,Q96M61,1,HGNC_symbol,False
MAGEB2,O15479,1,HGNC_symbol,False
MAGEB3,O15480,1,HGNC_symbol,False
MAGEB4,O15481,1,HGNC_symbol,False
MAGEB5,Q9BZ81,1,HGNC_symbol,False
MAGEB6,Q8N7X4,1,HGNC_symbol,True
MAGEB6B,A0A0J9YX57,1,HGNC_symbol,True
MAGEC1,O60732,1,HGNC_symbol,False
MAGEC2,Q9UBF1,1,HGNC_symbol,True
MAGEC3,Q8TD91,1,HGNC_symbol,True
MAGED1,Q9Y5V3,1,HGNC_symbol,True
MAGED2,Q9UNF1,1,HGNC_symbol,True
MAGED4,Q96JG8,1,HGNC_symbol,True
MAGED4B,728239,5,STRING_alias,False
MAGEE1,Q9HCI5,1,HGNC_symbol,True
MAGEE2,Q8TD90,1,HGNC_symbol,False
MAGEF1,Q9HAY2,1,HGNC_symbol,False
MAGEH1,Q9H213,1,HGNC_symbol,False
MAGEL2,Q9UJ55,1,HGNC_symbol,False
MAGI1,Q96QZ7,1,HGNC_symbol,False
MAGI2,Q86UL8,1,HGNC_symbol,False
MAGI2-AS3,,0,unmapped,False
MAGI3,Q5TCQ9,1,HGNC_symbol,False
MAGIX,Q9H6Y5,1,HGNC_symbol,True
MAGOH,P61326,1,HGNC_symbol,True
MAGOH2,55110,5,STRING_alias,False
MAGOHB,Q96A72,1,HGNC_symbol,True
MAGT1,Q9H0U3,1,HGNC_symbol,False
MAIP1,Q8WWC4,1,HGNC_symbol,False
MAJIN,Q3KP22,1,HGNC_symbol,False
MAK,P20794,1,HGNC_symbol,False
MAK16,Q9BXY0,1,HGNC_symbol,False
MAL,P21145,1,HGNC_symbol,True
MAL2,Q969L2,1,HGNC_symbol,False
MALAT1,,0,unmapped,False
MALL,Q13021,1,HGNC_symbol,False
MALRD1,Q5VYJ5,1,HGNC_symbol,False
MALSU1,Q96EH3,1,HGNC_symbol,True
MALT1,Q9UDY8,1,HGNC_symbol,False
MAMDC2,Q7Z304,1,HGNC_symbol,False
MAMDC2-AS1,,0,unmapped,False
MAMDC4,Q6UXC1,1,HGNC_symbol,False
MAML1,Q92585,1,HGNC_symbol,True
MAML2,Q8IZL2,1,HGNC_symbol,False
MAML3,Q96JK9,1,HGNC_symbol,False
MAMLD1,Q13495,1,HGNC_symbol,True
MAMSTR,Q6ZN01,1,HGNC_symbol,True
MAN1A1,P33908,1,HGNC_symbol,True
MAN1A2,O60476,1,HGNC_symbol,True
MAN1B1,Q9UKM7,1,HGNC_symbol,False
MAN1C1,Q9NR34,1,HGNC_symbol,False
MAN2A1,Q16706,1,HGNC_symbol,False
MAN2A2,P49641,1,HGNC_symbol,False
MAN2B1,O00754,1,HGNC_symbol,True
MAN2B2,Q9Y2E5,1,HGNC_symbol,False
MAN2C1,Q9NTJ4,1,HGNC_symbol,False
MANBA,O00462,1,HGNC_symbol,False
MANBAL,Q9NQG1,1,HGNC_symbol,False
MANEA,Q5SRI9,1,HGNC_symbol,True
MANEA-AS1,,0,unmapped,False
MANEAL,Q5VSG8,1,HGNC_symbol,False
MANF,P55145,1,HGNC_symbol,True
MANSC1,Q9H8J5,1,HGNC_symbol,True
MANSC4,A6NHS7,1,HGNC_symbol,True
MAOA,P21397,1,HGNC_symbol,False
MAOB,P27338,1,HGNC_symbol,False
MAP10,Q9P2G4,1,HGNC_symbol,True
MAP1A,P78559,1,HGNC_symbol,False
MAP1B,P46821,1,HGNC_symbol,False
MAP1LC3A,Q9H492,1,HGNC_symbol,False
MAP1LC3B,Q9GZQ8,1,HGNC_symbol,False
MAP1LC3B2,A6NCE7,1,HGNC_symbol,False
MAP1LC3C,Q9BXW4,1,HGNC_symbol,False
MAP1S,Q66K74,1,HGNC_symbol,False
MAP2,P11137,1,HGNC_symbol,False
MAP2K1,Q02750,1,HGNC_symbol,False
MAP2K1P1,,0,unmapped,False
MAP2K2,P36507,1,HGNC_symbol,False
MAP2K3,P46734,1,HGNC_symbol,False
MAP2K4,P45985,1,HGNC_symbol,False
MAP2K4P1,,0,unmapped,False
MAP2K5,Q13163,1,HGNC_symbol,False
MAP2K6,P52564,1,HGNC_symbol,True
MAP2K7,O14733,1,HGNC_symbol,False
MAP3K1,Q13233,1,HGNC_symbol,False
MAP3K10,Q02779,1,HGNC_symbol,False
MAP3K11,Q16584,1,HGNC_symbol,False
MAP3K12,Q12852,1,HGNC_symbol,False
MAP3K13,O43283,1,HGNC_symbol,True
MAP3K14,Q99558,1,HGNC_symbol,True
MAP3K14-AS1,,0,unmapped,False
MAP3K15,Q6ZN16,1,HGNC_symbol,False
MAP3K19,Q56UN5,1,HGNC_symbol,False
MAP3K2,Q9Y2U5,1,HGNC_symbol,True
MAP3K20,Q9NYL2,1,HGNC_symbol,True
MAP3K21,Q5TCX8,1,HGNC_symbol,False
MAP3K3,Q99759,1,HGNC_symbol,False
MAP3K4,Q9Y6R4,1,HGNC_symbol,False
MAP3K5,Q99683,1,HGNC_symbol,False
MAP3K6,O95382,1,HGNC_symbol,False
MAP3K7,O43318,1,HGNC_symbol,False
MAP3K7CL,P57077,1,HGNC_symbol,False
MAP3K8,P41279,1,HGNC_symbol,False
MAP3K9,P80192,1,HGNC_symbol,False
MAP4,P27816,1,HGNC_symbol,False
MAP4K1,Q92918,1,HGNC_symbol,True
MAP4K2,Q12851,1,HGNC_symbol,False
MAP4K3,Q8IVH8,1,HGNC_symbol,False
MAP4K4,O95819,1,HGNC_symbol,False
MAP4K5,Q9Y4K4,1,HGNC_symbol,True
MAP6,Q96JE9,1,HGNC_symbol,True
MAP6D1,Q9H9H5,1,HGNC_symbol,False
MAP7,Q14244,1,HGNC_symbol,False
MAP7D1,Q3KQU3,1,HGNC_symbol,False
MAP7D2,Q96T17,1,HGNC_symbol,True
MAP7D3,Q8IWC1,1,HGNC_symbol,False
MAP9,Q49MG5,1,HGNC_symbol,True
MAPDA,Q6DHV7,1,HGNC_symbol,False
MAPK1,P28482,1,HGNC_symbol,False
MAPK10,P53779,1,HGNC_symbol,False
MAPK11,Q15759,1,HGNC_symbol,True
MAPK12,P53778,1,HGNC_symbol,False
MAPK13,O15264,1,HGNC_symbol,True
MAPK14,Q16539,1,HGNC_symbol,False
MAPK15,Q8TD08,1,HGNC_symbol,False
MAPK1IP1L,Q8NDC0,1,HGNC_symbol,False
MAPK3,P27361,1,HGNC_symbol,True
MAPK4,P31152,1,HGNC_symbol,False
MAPK6,Q16659,1,HGNC_symbol,False
MAPK6PS4,,0,unmapped,False
MAPK7,Q13164,1,HGNC_symbol,True
MAPK8,P45983,1,HGNC_symbol,False
MAPK8IP1,Q9UQF2,1,HGNC_symbol,False
MAPK8IP2,Q13387,1,HGNC_symbol,True
MAPK8IP3,Q9UPT6,1,HGNC_symbol,False
MAPK9,P45984,1,HGNC_symbol,True
MAPKAP1,Q9BPZ7,1,HGNC_symbol,False
MAPKAPK2,P49137,1,HGNC_symbol,False
MAPKAPK3,Q16644,1,HGNC_symbol,True
MAPKAPK5,Q8IW41,1,HGNC_symbol,False
MAPKAPK5-AS1,Q8N8E1,1,HGNC_symbol,False
MAPKBP1,O60336,1,HGNC_symbol,False
MAPRE1,Q15691,1,HGNC_symbol,False
MAPRE1P1,,0,unmapped,False
MAPRE2,Q15555,1,HGNC_symbol,True
MAPRE3,Q9UPY8,1,HGNC_symbol,False
MAPT,P10636,1,HGNC_symbol,True
MARC1,1.7.-.-,5,STRING_alias,False
MARC2,1.7.-.-,5,STRING_alias,False
MARCH1,2.3.2.27,5,STRING_alias,False
MARCH2,2.3.2.27,5,STRING_alias,False
MARCH3,115123,5,STRING_alias,False
MARCH5,2.3.2.27,5,STRING_alias,False
MARCH6,10299,5,STRING_alias,False
MARCH7,2.3.2.27,5,STRING_alias,False
MARCH8,55016,5,STRING_alias,False
MARCH9,2.3.2.27,5,STRING_alias,False
MARCHF1,Q8TCQ1,1,HGNC_symbol,False
MARCHF10,Q8NA82,1,HGNC_symbol,False
MARCHF11,A6NNE9,1,HGNC_symbol,False
MARCHF2,Q9P0N8,1,HGNC_symbol,False
MARCHF3,Q86UD3,1,HGNC_symbol,True
MARCHF4,Q9P2E8,1,HGNC_symbol,False
MARCHF5,Q9NX47,1,HGNC_symbol,False
MARCHF6,O60337,1,HGNC_symbol,True
MARCHF7,Q9H992,1,HGNC_symbol,False
MARCHF8,Q5T0T0,1,HGNC_symbol,False
MARCHF9,Q86YJ5,1,HGNC_symbol,True
MARCKS,P29966,1,HGNC_symbol,False
MARCKSL1,P49006,1,HGNC_symbol,False
MARCO,Q9UEW3,1,HGNC_symbol,True
MARCOL,A0A1B0GUY1,1,HGNC_symbol,False
MARF1,Q9Y4F3,1,HGNC_symbol,False
MARK1,Q9P0L2,1,HGNC_symbol,False
MARK2,Q7KZI7,1,HGNC_symbol,True
MARK3,P27448,1,HGNC_symbol,True
MARK4,Q96L34,1,HGNC_symbol,True
MARS,2DJV,5,STRING_alias,False
MARS1,P56192,1,HGNC_symbol,False
MARS2,Q96GW9,1,HGNC_symbol,False
MARVELD1,Q9BSK0,1,HGNC_symbol,True
MARVELD2,Q8N4S9,1,HGNC_symbol,True
MARVELD3,Q96A59,1,HGNC_symbol,False
MAS1,P04201,1,HGNC_symbol,False
MAS1L,P35410,1,HGNC_symbol,False
MASP1,P48740,1,HGNC_symbol,False
MASP2,O00187,1,HGNC_symbol,True
MAST1,Q9Y2H9,1,HGNC_symbol,False
MAST2,Q6P0Q8,1,HGNC_symbol,False
MAST3,O60307,1,HGNC_symbol,False
MAST4,O15021,1,HGNC_symbol,False
MAST4-AS1,,0,unmapped,False
MASTL,Q96GX5,1,HGNC_symbol,True
MAT1A,Q00266,1,HGNC_symbol,False
MAT2A,P31153,1,HGNC_symbol,False
MAT2B,Q9NZL9,1,HGNC_symbol,False
MATCAP1,Q68EN5,1,HGNC_symbol,False
MATCAP2,Q8NCT3,1,HGNC_symbol,True
MATK,P42679,1,HGNC_symbol,False
MATN1,P21941,1,HGNC_symbol,False
MATN1-AS1,,0,unmapped,False
MATN2,O00339,1,HGNC_symbol,False
MATN3,O15232,1,HGNC_symbol,False
MATN4,O95460,1,HGNC_symbol,True
MATR3,P43243,1,HGNC_symbol,False
MAU2,Q9Y6X3,1,HGNC_symbol,False
MAVS,Q7Z434,1,HGNC_symbol,True
MAX,P61244,1,HGNC_symbol,True
MAZ,P56270,1,HGNC_symbol,True
MB,P02144,1,HGNC_symbol,False
MB21D1,115004,5,STRING_alias,False
MB21D2,Q8IYB1,1,HGNC_symbol,True
MBD1,Q9UIS9,1,HGNC_symbol,False
MBD2,Q9UBB5,1,HGNC_symbol,False
MBD3,O95983,1,HGNC_symbol,False
MBD3L1,Q8WWY6,1,HGNC_symbol,False
MBD3L2,Q8NHZ7,1,HGNC_symbol,True
MBD3L2B,A0A1B0GVZ6,1,HGNC_symbol,False
MBD3L3,A6NE82,1,HGNC_symbol,True
MBD3L4,A6NDZ8,1,HGNC_symbol,False
MBD3L5,A6NJ08,1,HGNC_symbol,False
MBD4,O95243,1,HGNC_symbol,False
MBD5,Q9P267,1,HGNC_symbol,False
MBD6,Q96DN6,1,HGNC_symbol,True
MBIP,Q9NS73,1,HGNC_symbol,True
MBL1P,,0,unmapped,False
MBL2,P11226,1,HGNC_symbol,False
MBLAC1,A4D2B0,1,HGNC_symbol,False
MBLAC2,Q68D91,1,HGNC_symbol,True
MBNL1,Q9NR56,1,HGNC_symbol,False
MBNL1-AS1,,0,unmapped,False
MBNL2,Q5VZF2,1,HGNC_symbol,False
MBNL3,Q9NUK0,1,HGNC_symbol,True
MBOAT1,Q6ZNC8,1,HGNC_symbol,False
MBOAT2,Q6ZWT7,1,HGNC_symbol,False
MBOAT4,Q96T53,1,HGNC_symbol,False
MBOAT7,Q96N66,1,HGNC_symbol,True
MBP,P02686,1,HGNC_symbol,True
MBTD1,Q05BQ5,1,HGNC_symbol,False
MBTPS1,Q14703,1,HGNC_symbol,False
MBTPS2,O43462,1,HGNC_symbol,False
MC1R,Q01726,1,HGNC_symbol,True
MC2R,Q01718,1,HGNC_symbol,False
MC3R,P41968,1,HGNC_symbol,True
MC4R,P32245,1,HGNC_symbol,True
MC5R,P33032,1,HGNC_symbol,False
MCAM,P43121,1,HGNC_symbol,False
MCAT,Q8IVS2,1,HGNC_symbol,True
MCC,P23508,1,HGNC_symbol,False
MCCC1,Q96RQ3,1,HGNC_symbol,False
MCCC2,Q9HCC0,1,HGNC_symbol,False
MCCD1,P59942,1,HGNC_symbol,True
MCEE,Q96PE7,1,HGNC_symbol,True
MCEMP1,Q8IX19,1,HGNC_symbol,False
MCF2,P10911,1,HGNC_symbol,False
MCF2L,O15068,1,HGNC_symbol,False
MCF2L-AS1,,0,unmapped,False
MCF2L2,Q86YR7,1,HGNC_symbol,False
MCFD2,Q8NI22,1,HGNC_symbol,False
MCHR1,Q99705,1,HGNC_symbol,False
MCHR2,Q969V1,1,HGNC_symbol,False
MCIDAS,D6RGH6,1,HGNC_symbol,False
MCL1,Q07820,1,HGNC_symbol,False
MCM10,Q7L590,1,HGNC_symbol,False
MCM2,P49736,1,HGNC_symbol,True
MCM3,P25205,1,HGNC_symbol,True
MCM3AP,O60318,1,HGNC_symbol,False
MCM3AP-AS1,,0,unmapped,False
MCM4,P33991,1,HGNC_symbol,False
MCM5,P33992,1,HGNC_symbol,False
MCM6,Q14566,1,HGNC_symbol,False
MCM7,P33993,1,HGNC_symbol,True
MCM8,Q9UJA3,1,HGNC_symbol,False
MCM9,Q9NXL9,1,HGNC_symbol,False
MCMBP,Q9BTE3,1,HGNC_symbol,False
MCMDC2,Q4G0Z9,1,HGNC_symbol,False
MCOLN1,Q9GZU1,1,HGNC_symbol,True
MCOLN2,Q8IZK6,1,HGNC_symbol,True
MCOLN3,Q8TDD5,1,HGNC_symbol,False
MCPH1,Q8NEM0,1,HGNC_symbol,False
MCRIP1,C9JLW8,1,HGNC_symbol,True
MCRIP2,Q9BUT9,1,HGNC_symbol,False
MCRS1,Q96EZ8,1,HGNC_symbol,False
MCTP1,Q6DN14,1,HGNC_symbol,True
MCTP2,Q6DN12,1,HGNC_symbol,True
MCTS1,Q9ULC4,1,HGNC_symbol,False
MCTS2,A0A3B3IRV3,1,HGNC_symbol,False
MCU,Q8NE86,1,HGNC_symbol,False
MCUB,Q9NWR8,1,HGNC_symbol,True
MCUR1,Q96AQ8,1,HGNC_symbol,False
MDC1,Q14676,1,HGNC_symbol,False
MDFI,Q99750,1,HGNC_symbol,True
MDFIC,Q9P1T7,1,HGNC_symbol,True
MDFIC2,A0A1B0GVS7,1,HGNC_symbol,True
MDGA1,Q8NFP4,1,HGNC_symbol,True
MDGA2,Q7Z553,1,HGNC_symbol,False
MDH1,P40925,1,HGNC_symbol,False
MDH1B,Q5I0G3,1,HGNC_symbol,True
MDH2,P40926,1,HGNC_symbol,True
MDK,P21741,1,HGNC_symbol,False
MDM1,Q8TC05,1,HGNC_symbol,True
MDM2,Q00987,1,HGNC_symbol,False
MDM4,O15151,1,HGNC_symbol,False
MDN1,Q9NU22,1,HGNC_symbol,False
MDP1,Q86V88,1,HGNC_symbol,True
MDS2,Q8NDY4,1,HGNC_symbol,False
ME1,P48163,1,HGNC_symbol,True
ME2,P23368,1,HGNC_symbol,False
ME3,Q16798,1,HGNC_symbol,False
MEA1,Q16626,1,HGNC_symbol,False
MEAF6,Q9HAF1,1,HGNC_symbol,True
MEAK7,Q6P9B6,1,HGNC_symbol,False
MECOM,Q03112,1,HGNC_symbol,False
MECP2,P51608,1,HGNC_symbol,False
MECR,Q9BV79,1,HGNC_symbol,False
MED1,Q15648,1,HGNC_symbol,False
MED10,Q9BTT4,1,HGNC_symbol,False
MED11,Q9P086,1,HGNC_symbol,False
MED12,Q93074,1,HGNC_symbol,False
MED12L,Q86YW9,1,HGNC_symbol,False
MED13,Q9UHV7,1,HGNC_symbol,False
MED13L,Q71F56,1,HGNC_symbol,False
MED14,O60244,1,HGNC_symbol,False
MED14-AS1,,0,unmapped,False
MED14OS,P0DP75,1,HGNC_symbol,False
MED15,Q96RN5,1,HGNC_symbol,True
MED15P6,,0,unmapped,False
MED16,Q9Y2X0,1,HGNC_symbol,True
MED17,Q9NVC6,1,HGNC_symbol,False
MED18,Q9BUE0,1,HGNC_symbol,True
MED19,A0JLT2,1,HGNC_symbol,False
MED20,Q9H944,1,HGNC_symbol,False
MED21,Q13503,1,HGNC_symbol,True
MED22,Q15528,1,HGNC_symbol,False
MED23,Q9ULK4,1,HGNC_symbol,False
MED24,O75448,1,HGNC_symbol,False
MED25,Q71SY5,1,HGNC_symbol,False
MED26,O95402,1,HGNC_symbol,True
MED27,Q6P2C8,1,HGNC_symbol,True
MED28,Q9H204,1,HGNC_symbol,False
MED28P1,,0,unmapped,False
MED29,Q9NX70,1,HGNC_symbol,False
MED30,Q96HR3,1,HGNC_symbol,True
MED31,Q9Y3C7,1,HGNC_symbol,False
MED4,Q9NPJ6,1,HGNC_symbol,True
MED6,O75586,1,HGNC_symbol,False
MED7,O43513,1,HGNC_symbol,True
MED8,Q96G25,1,HGNC_symbol,False
MED9,Q9NWA0,1,HGNC_symbol,True
MEDAG,Q5VYS4,1,HGNC_symbol,True
MEF2A,Q02078,1,HGNC_symbol,False
MEF2B,Q02080,1,HGNC_symbol,False
MEF2BNB,729991,5,STRING_alias,False
MEF2C,Q06413,1,HGNC_symbol,False
MEF2C-AS1,,0,unmapped,False
MEF2D,Q14814,1,HGNC_symbol,False
MEFV,O15553,1,HGNC_symbol,False
MEG3,,0,unmapped,False
MEGF10,Q96KG7,1,HGNC_symbol,False
MEGF11,A6BM72,1,HGNC_symbol,False
MEGF6,O75095,1,HGNC_symbol,False
MEGF8,Q7Z7M0,1,HGNC_symbol,False
MEGF9,Q9H1U4,1,HGNC_symbol,False
MEI1,Q5TIA1,1,HGNC_symbol,False
MEI4,A8MW99,1,HGNC_symbol,True
MEIG1,Q5JSS6,1,HGNC_symbol,False
MEIKIN,A0A087WXM9,1,HGNC_symbol,False
MEIOB,Q8N635,1,HGNC_symbol,True
MEIOC,A2RUB1,1,HGNC_symbol,True
MEIOSIN,C9JSJ3,1,HGNC_symbol,False
MEIS1,O00470,1,HGNC_symbol,False
MEIS2,O14770,1,HGNC_symbol,False
MEIS3,Q99687,1,HGNC_symbol,False
MEIS3P1,A6NDR6,1,HGNC_symbol,False
MEIS3P2,A8K0S8,1,HGNC_symbol,False
MELK,Q14680,1,HGNC_symbol,False
MELTF,P08582,1,HGNC_symbol,False
MEMO1,Q9Y316,1,HGNC_symbol,True
MEMO1P1,,0,unmapped,False
MEN1,O00255,1,HGNC_symbol,False
MEOX1,P50221,1,HGNC_symbol,False
MEOX2,P50222,1,HGNC_symbol,False
MEP1A,Q16819,1,HGNC_symbol,False
MEP1B,Q16820,1,HGNC_symbol,False
MEPCE,Q7L2J0,1,HGNC_symbol,False
MEPE,Q9NQ76,1,HGNC_symbol,False
MERTK,Q12866,1,HGNC_symbol,False
MESD,Q14696,1,HGNC_symbol,False
MESDC1,59274,5,STRING_alias,False
MESDC2,23184,5,STRING_alias,False
MESP1,Q9BRJ9,1,HGNC_symbol,True
MESP2,Q0VG99,1,HGNC_symbol,False
MEST,Q5EB52,1,HGNC_symbol,True
MESTP1,,0,unmapped,False
MESTP3,,0,unmapped,False
MESTP4,,0,unmapped,False
MET,P08581,1,HGNC_symbol,False
METAP1,P53582,1,HGNC_symbol,False
METAP1D,Q6UB28,1,HGNC_symbol,False
METAP2,P50579,1,HGNC_symbol,True
METRN,Q9UJH8,1,HGNC_symbol,True
METRNL,Q641Q3,1,HGNC_symbol,False
METTL1,Q9UBP6,1,HGNC_symbol,False
METTL10,2.1.1.-,5,STRING_alias,False
METTL12,2.1.1.-,5,STRING_alias,False
METTL13,Q8N6R0,1,HGNC_symbol,True
METTL14,Q9HCE5,1,HGNC_symbol,False
METTL15,A6NJ78,1,HGNC_symbol,False
METTL15P1,P0C7V9,1,HGNC_symbol,True
METTL16,Q86W50,1,HGNC_symbol,False
METTL17,Q9H7H0,1,HGNC_symbol,False
METTL18,O95568,1,HGNC_symbol,False
METTL20,2.1.1.-,5,STRING_alias,False
METTL21A,Q8WXB1,1,HGNC_symbol,False
METTL21B,2.1.1.-,5,STRING_alias,False
METTL21C,Q5VZV1,1,HGNC_symbol,False
METTL22,Q9BUU2,1,HGNC_symbol,True
METTL23,Q86XA0,1,HGNC_symbol,False
METTL24,Q5JXM2,1,HGNC_symbol,True
METTL25,Q8N6Q8,1,HGNC_symbol,False
METTL25B,Q96FB5,1,HGNC_symbol,True
METTL26,Q96S19,1,HGNC_symbol,False
METTL27,Q8N6F8,1,HGNC_symbol,False
METTL2A,Q96IZ6,1,HGNC_symbol,True
METTL2B,Q6P1Q9,1,HGNC_symbol,False
METTL3,Q86U44,1,HGNC_symbol,True
METTL4,Q8N3J2,1,HGNC_symbol,False
METTL5,Q9NRN9,1,HGNC_symbol,False
METTL6,Q8TCB7,1,HGNC_symbol,False
METTL7A,2.1.1.-,5,STRING_alias,False
METTL7B,196410,5,STRING_alias,False
METTL8,Q9H825,1,HGNC_symbol,False
METTL9,Q9H1A3,1,HGNC_symbol,False
MEX3A,A1L020,1,HGNC_symbol,False
MEX3B,Q6ZN04,1,HGNC_symbol,True
MEX3C,Q5U5Q3,1,HGNC_symbol,False
MEX3D,Q86XN8,1,HGNC_symbol,True
MFAP1,P55081,1,HGNC_symbol,False
MFAP2,P55001,1,HGNC_symbol,False
MFAP3,P55082,1,HGNC_symbol,True
MFAP3L,O75121,1,HGNC_symbol,False
MFAP4,P55083,1,HGNC_symbol,False
MFAP5,Q13361,1,HGNC_symbol,False
MFF,Q9GZY8,1,HGNC_symbol,False
MFGE8,Q08431,1,HGNC_symbol,True
MFHAS1,Q9Y4C4,1,HGNC_symbol,False
MFI2,4241,5,STRING_alias,False
MFI2-AS1,,0,unmapped,False
MFN1,Q8IWA4,1,HGNC_symbol,False
MFN2,O95140,1,HGNC_symbol,False
MFNG,O00587,1,HGNC_symbol,False
MFRP,Q9BY79,1,HGNC_symbol,True
MFSD1,Q9H3U5,1,HGNC_symbol,False
MFSD10,10227,5,STRING_alias,False
MFSD11,O43934,1,HGNC_symbol,False
MFSD12,Q6NUT3,1,HGNC_symbol,False
MFSD13A,79847,5,STRING_alias,False
MFSD14A,64645,5,STRING_alias,False
MFSD14B,84641,5,STRING_alias,False
MFSD2A,Q8NA29,1,HGNC_symbol,False
MFSD2B,A6NFX1,1,HGNC_symbol,True
MFSD3,113655,5,STRING_alias,False
MFSD4,148808,5,STRING_alias,False
MFSD4A,148808,5,STRING_alias,False
MFSD4B,91749,5,STRING_alias,False
MFSD5,84975,5,STRING_alias,False
MFSD6,Q6ZSS7,1,HGNC_symbol,True
MFSD6L,Q8IWD5,1,HGNC_symbol,False
MFSD7,84179,5,STRING_alias,False
MFSD8,Q8NHS3,1,HGNC_symbol,True
MFSD9,84804,5,STRING_alias,False
MGA,Q8IWI9,1,HGNC_symbol,False
MGAM,O43451,1,HGNC_symbol,False
MGAM2,Q2M2H8,1,HGNC_symbol,False
MGARP,Q8TDB4,1,HGNC_symbol,True
MGAT1,P26572,1,HGNC_symbol,False
MGAT2,Q10469,1,HGNC_symbol,True
MGAT3,Q09327,1,HGNC_symbol,True
MGAT4A,Q9UM21,1,HGNC_symbol,False
MGAT4B,Q9UQ53,1,HGNC_symbol,True
MGAT4C,Q9UBM8,1,HGNC_symbol,True
MGAT4D,A6NG13,1,HGNC_symbol,False
MGAT5,Q09328,1,HGNC_symbol,False
MGAT5B,Q3V5L5,1,HGNC_symbol,True
MGC10955,,0,unmapped,False
MGEA5,10724,5,STRING_alias,False
MGLL,Q99685,1,HGNC_symbol,True
MGME1,Q9BQP7,1,HGNC_symbol,True
MGMT,P16455,1,HGNC_symbol,False
MGP,P08493,1,HGNC_symbol,False
MGRN1,O60291,1,HGNC_symbol,False
MGST1,P10620,1,HGNC_symbol,True
MGST2,Q99735,1,HGNC_symbol,True
MGST3,O14880,1,HGNC_symbol,False
MIA,Q16674,1,HGNC_symbol,True
MIA2,Q96PC5,1,HGNC_symbol,False
MIA3,Q5JRA6,1,HGNC_symbol,False
MIAT,,0,unmapped,False
MIB1,Q86YT6,1,HGNC_symbol,True
MIB2,Q96AX9,1,HGNC_symbol,True
MICA,Q29983,1,HGNC_symbol,False
MICAL1,Q8TDZ2,1,HGNC_symbol,False
MICAL2,O94851,1,HGNC_symbol,False
MICAL3,Q7RTP6,1,HGNC_symbol,False
MICALCL,1.14.13.225,5,STRING_alias,False
MICALL1,Q8N3F8,1,HGNC_symbol,True
MICALL2,Q8IY33,1,HGNC_symbol,True
MICB,Q29980,1,HGNC_symbol,False
MICC,,0,unmapped,False
MICE,,0,unmapped,False
MICOS10,Q5TGZ0,1,HGNC_symbol,True
MICOS13,Q5XKP0,1,HGNC_symbol,False
MICU1,Q9BPX6,1,HGNC_symbol,False
MICU2,Q8IYU8,1,HGNC_symbol,True
MICU3,Q86XE3,1,HGNC_symbol,True
MID1,O15344,1,HGNC_symbol,False
MID1IP1,Q9NPA3,1,HGNC_symbol,True
MID1IP1-AS1,,0,unmapped,False
MID2,Q9UJV3,1,HGNC_symbol,False
MIDEAS,Q6PJG2,1,HGNC_symbol,False
MIDN,Q504T8,1,HGNC_symbol,False
MIEF1,Q9NQG6,1,HGNC_symbol,True
MIEF2,Q96C03,1,HGNC_symbol,False
MIEN1,Q9BRT3,1,HGNC_symbol,False
MIER1,Q8N108,1,HGNC_symbol,False
MIER2,Q8N344,1,HGNC_symbol,False
MIER3,Q7Z3K6,1,HGNC_symbol,False
MIF,P14174,1,HGNC_symbol,False
MIF4GD,A9UHW6,1,HGNC_symbol,False
MIGA1,Q8NAN2,1,HGNC_symbol,False
MIGA2,Q7L4E1,1,HGNC_symbol,False
MIIP,Q5JXC2,1,HGNC_symbol,False
MILR1,Q7Z6M3,1,HGNC_symbol,True
MINA,1.14.11.-,5,STRING_alias,False
MINAR1,Q9UPX6,1,HGNC_symbol,False
MINAR2,P59773,1,HGNC_symbol,True
MINDY1,Q8N5J2,1,HGNC_symbol,False
MINDY2,Q8NBR6,1,HGNC_symbol,False
MINDY3,Q9H8M7,1,HGNC_symbol,False
MINDY4,Q4G0A6,1,HGNC_symbol,True
MINDY4B,A8MYZ0,1,HGNC_symbol,False
MINK1,Q8N4C8,1,HGNC_symbol,False
MINOS1,440574,5,STRING_alias,False
MINOS1P2,,0,unmapped,False
MINOS1P3,,0,unmapped,False
MINPP1,Q9UNW1,1,HGNC_symbol,False
MIOS,Q9NXC5,1,HGNC_symbol,False
MIOX,Q9UGB7,1,HGNC_symbol,True
MIP,P30301,1,HGNC_symbol,True
MIPEP,Q99797,1,HGNC_symbol,False
MIPEPP3,,0,unmapped,False
MIPOL1,Q8TD10,1,HGNC_symbol,True
MIR103A2,,0,unmapped,False
MIR10A,,0,unmapped,False
MIR1254-1,,0,unmapped,False
MIR1282,,0,unmapped,False
MIR1285-1,,0,unmapped,False
MIR142,,0,unmapped,False
MIR146A,,0,unmapped,False
MIR155HG,C0HMA1,1,HGNC_symbol,False
MIR17HG,Q75NE6,1,HGNC_symbol,True
MIR181A1HG,,0,unmapped,False
MIR181A2HG,,0,unmapped,False
MIR186,,0,unmapped,False
MIR210HG,,0,unmapped,False
MIR221,,0,unmapped,False
MIR222,,0,unmapped,False
MIR223,,0,unmapped,False
MIR22HG,Q0VDD5,1,HGNC_symbol,False
MIR23A,,0,unmapped,False
MIR24-2,,0,unmapped,False
MIR25,,0,unmapped,False
MIR27A,,0,unmapped,False
MIR29A,,0,unmapped,False
MIR3128,,0,unmapped,False
MIR3136,,0,unmapped,False
MIR3143,,0,unmapped,False
MIR3150A,,0,unmapped,False
MIR3153,,0,unmapped,False
MIR3176,,0,unmapped,False
MIR3180-1,,0,unmapped,False
MIR3191,,0,unmapped,False
MIR3192,,0,unmapped,False
MIR3198-1,,0,unmapped,False
MIR320B2,,0,unmapped,False
MIR320E,,0,unmapped,False
MIR3609,,0,unmapped,False
MIR3613,,0,unmapped,False
MIR3648,,0,unmapped,False
MIR3654,,0,unmapped,False
MIR3671,,0,unmapped,False
MIR3679,,0,unmapped,False
MIR3682,,0,unmapped,False
MIR3687,,0,unmapped,False
MIR3690,,0,unmapped,False
MIR371B,,0,unmapped,False
MIR374B,,0,unmapped,False
MIR378I,,0,unmapped,False
MIR3909,,0,unmapped,False
MIR3916,,0,unmapped,False
MIR3936,,0,unmapped,False
MIR3945,,0,unmapped,False
MIR421,,0,unmapped,False
MIR425,,0,unmapped,False
MIR4258,,0,unmapped,False
MIR4263,,0,unmapped,False
MIR4292,,0,unmapped,False
MIR4312,,0,unmapped,False
MIR4420,,0,unmapped,False
MIR4426,,0,unmapped,False
MIR4435-1HG,,0,unmapped,False
MIR4442,,0,unmapped,False
MIR4453,,0,unmapped,False
MIR4458HG,,0,unmapped,False
MIR4461,,0,unmapped,False
MIR4477A,,0,unmapped,False
MIR4482-1,,0,unmapped,False
MIR4489,,0,unmapped,False
MIR4518,,0,unmapped,False
MIR4519,,0,unmapped,False
MIR451B,,0,unmapped,False
MIR4523,,0,unmapped,False
MIR4639,,0,unmapped,False
MIR4648,,0,unmapped,False
MIR4664,,0,unmapped,False
MIR4712,,0,unmapped,False
MIR4737,,0,unmapped,False
MIR4742,,0,unmapped,False
MIR4746,,0,unmapped,False
MIR4772,,0,unmapped,False
MIR5010,,0,unmapped,False
MIR503HG,,0,unmapped,False
MIR5192,,0,unmapped,False
MIR5194,,0,unmapped,False
MIR548AR,,0,unmapped,False
MIR553,,0,unmapped,False
MIR5581,,0,unmapped,False
MIR5587,,0,unmapped,False
MIR568,,0,unmapped,False
MIR5690,,0,unmapped,False
MIR570,,0,unmapped,False
MIR573,,0,unmapped,False
MIR589,,0,unmapped,False
MIR590,,0,unmapped,False
MIR600HG,,0,unmapped,False
MIR616,,0,unmapped,False
MIR621,,0,unmapped,False
MIR623,,0,unmapped,False
MIR628,,0,unmapped,False
MIR631,,0,unmapped,False
MIR635,,0,unmapped,False
MIR643,,0,unmapped,False
MIR644A,,0,unmapped,False
MIR647,,0,unmapped,False
MIR663A,,0,unmapped,False
MIR940,,0,unmapped,False
MIR941-1,,0,unmapped,False
MIRLET7D,,0,unmapped,False
MIS12,Q9H081,1,HGNC_symbol,False
MIS18A,Q9NYP9,1,HGNC_symbol,False
MIS18BP1,Q6P0N0,1,HGNC_symbol,False
MISFA,A0A0U1RRN3,1,HGNC_symbol,True
MISP,Q8IVT2,1,HGNC_symbol,True
MISP3,Q96FF7,1,HGNC_symbol,True
MITD1,Q8WV92,1,HGNC_symbol,False
MITF,O75030,1,HGNC_symbol,False
MIX23,Q4VC31,1,HGNC_symbol,True
MIXL1,Q9H2W2,1,HGNC_symbol,False
MKI67,P46013,1,HGNC_symbol,False
MKKS,Q9HB66,1,HGNC_symbol,False
MKL1,2KVU,5,STRING_alias,False
MKL2,57496,5,STRING_alias,False
MKLN1,Q9UL63,1,HGNC_symbol,True
MKLN1-AS,,0,unmapped,False
MKNK1,Q9BUB5,1,HGNC_symbol,True
MKNK2,Q9HBH9,1,HGNC_symbol,True
MKRN1,Q9UHC7,1,HGNC_symbol,True
MKRN2,Q9H000,1,HGNC_symbol,False
MKRN2OS,H3BPM6,1,HGNC_symbol,False
MKRN3,Q13064,1,HGNC_symbol,True
MKRN4P,Q13434,1,HGNC_symbol,True
MKRN5P,,0,unmapped,False
MKRN7P,,0,unmapped,False
MKRN9P,Q6NVV0,1,HGNC_symbol,False
MKS1,Q9NXB0,1,HGNC_symbol,True
MKX,Q8IYA7,1,HGNC_symbol,False
MLANA,Q16655,1,HGNC_symbol,False
MLC1,Q15049,1,HGNC_symbol,False
MLEC,Q14165,1,HGNC_symbol,False
MLF1,P58340,1,HGNC_symbol,True
MLF2,Q15773,1,HGNC_symbol,False
MLH1,P40692,1,HGNC_symbol,True
MLH3,Q9UHC1,1,HGNC_symbol,False
MLIP,Q5VWP3,1,HGNC_symbol,False
MLK4,2.7.11.25,5,STRING_alias,False
MLKL,Q8NB16,1,HGNC_symbol,True
MLLT1,Q03111,1,HGNC_symbol,True
MLLT10,P55197,1,HGNC_symbol,False
MLLT11,Q13015,1,HGNC_symbol,True
MLLT3,P42568,1,HGNC_symbol,False
MLLT4,1T2M,5,STRING_alias,False
MLLT6,P55198,1,HGNC_symbol,False
MLN,P12872,1,HGNC_symbol,False
MLNR,O43193,1,HGNC_symbol,True
MLPH,Q9BV36,1,HGNC_symbol,False
MLST8,Q9BVC4,1,HGNC_symbol,False
MLTK,2.7.11.25,5,STRING_alias,False
MLX,Q9UH92,1,HGNC_symbol,False
MLXIP,Q9HAP2,1,HGNC_symbol,False
MLXIPL,Q9NP71,1,HGNC_symbol,True
MLYCD,O95822,1,HGNC_symbol,False
MMAA,Q8IVH4,1,HGNC_symbol,True
MMAB,Q96EY8,1,HGNC_symbol,True
MMACHC,Q9Y4U1,1,HGNC_symbol,True
MMADHC,Q9H3L0,1,HGNC_symbol,False
MMD,Q15546,1,HGNC_symbol,False
MMD2,Q8IY49,1,HGNC_symbol,True
MME,P08473,1,HGNC_symbol,True
MMEL1,Q495T6,1,HGNC_symbol,False
MMGT1,Q8N4V1,1,HGNC_symbol,False
MMP1,P03956,1,HGNC_symbol,True
MMP10,P09238,1,HGNC_symbol,False
MMP11,P24347,1,HGNC_symbol,False
MMP12,P39900,1,HGNC_symbol,False
MMP13,P45452,1,HGNC_symbol,False
MMP14,P50281,1,HGNC_symbol,True
MMP15,P51511,1,HGNC_symbol,True
MMP16,P51512,1,HGNC_symbol,False
MMP17,Q9ULZ9,1,HGNC_symbol,False
MMP19,Q99542,1,HGNC_symbol,True
MMP2,P08253,1,HGNC_symbol,True
MMP20,O60882,1,HGNC_symbol,True
MMP21,Q8N119,1,HGNC_symbol,False
MMP23B,O75900,1,HGNC_symbol,False
MMP24,Q9Y5R2,1,HGNC_symbol,False
MMP24-AS1,,0,unmapped,False
MMP24OS,A0A0U1RRL7,1,HGNC_symbol,False
MMP25,Q9NPA2,1,HGNC_symbol,False
MMP26,Q9NRE1,1,HGNC_symbol,True
MMP27,Q9H306,1,HGNC_symbol,False
MMP28,Q9H239,1,HGNC_symbol,True
MMP3,P08254,1,HGNC_symbol,True
MMP7,P09237,1,HGNC_symbol,False
MMP8,P22894,1,HGNC_symbol,True
MMP9,P14780,1,HGNC_symbol,True
MMRN1,Q13201,1,HGNC_symbol,False
MMRN2,Q9H8L6,1,HGNC_symbol,False
MMS19,Q96T76,1,HGNC_symbol,False
MMS22L,Q6ZRQ5,1,HGNC_symbol,False
MMUT,P22033,1,HGNC_symbol,False
MN1,Q10571,1,HGNC_symbol,False
MNAT1,P51948,1,HGNC_symbol,True
MND1,Q9BWT6,1,HGNC_symbol,False
MNDA,P41218,1,HGNC_symbol,False
MNS1,Q8NEH6,1,HGNC_symbol,False
MNT,Q99583,1,HGNC_symbol,False
MNX1,P50219,1,HGNC_symbol,True
MOAP1,Q96BY2,1,HGNC_symbol,True
MOB1A,Q9H8S9,1,HGNC_symbol,False
MOB1B,Q7L9L4,1,HGNC_symbol,False
MOB2,Q70IA6,1,HGNC_symbol,False
MOB3A,Q96BX8,1,HGNC_symbol,True
MOB3B,Q86TA1,1,HGNC_symbol,False
MOB3C,Q70IA8,1,HGNC_symbol,True
MOB4,Q9Y3A3,1,HGNC_symbol,False
MOBP,Q13875,1,HGNC_symbol,False
MOCOS,Q96EN8,1,HGNC_symbol,True
MOCS1,Q9NZB8,1,HGNC_symbol,False
MOCS2,O96007,1,HGNC_symbol,True
MOCS3,O95396,1,HGNC_symbol,False
MOG,Q16653,1,HGNC_symbol,False
MOGAT1,Q96PD6,1,HGNC_symbol,True
MOGAT2,Q3SYC2,1,HGNC_symbol,True
MOGAT3,Q86VF5,1,HGNC_symbol,True
MOGS,Q13724,1,HGNC_symbol,False
MOK,Q9UQ07,1,HGNC_symbol,False
MON1A,Q86VX9,1,HGNC_symbol,True
MON1B,Q7L1V2,1,HGNC_symbol,True
MON2,Q7Z3U7,1,HGNC_symbol,False
MORC1,Q86VD1,1,HGNC_symbol,False
MORC2,Q9Y6X9,1,HGNC_symbol,False
MORC2-AS1,,0,unmapped,False
MORC3,Q14149,1,HGNC_symbol,False
MORC4,Q8TE76,1,HGNC_symbol,True
MORF4,,0,unmapped,False
MORF4L1,Q9UBU8,1,HGNC_symbol,False
MORF4L1P1,,0,unmapped,False
MORF4L2,Q15014,1,HGNC_symbol,True
MORF4L2-AS1,,0,unmapped,False
MORN1,Q5T089,1,HGNC_symbol,True
MORN2,Q502X0,1,HGNC_symbol,False
MORN3,Q6PF18,1,HGNC_symbol,False
MORN4,Q8NDC4,1,HGNC_symbol,True
MORN5,Q5VZ52,1,HGNC_symbol,True
MOS,P00540,1,HGNC_symbol,False
MOSMO,Q8NHV5,1,HGNC_symbol,False
MOSPD1,Q9UJG1,1,HGNC_symbol,True
MOSPD2,Q8NHP6,1,HGNC_symbol,True
MOSPD3,O75425,1,HGNC_symbol,False
MOV10,Q9HCE1,1,HGNC_symbol,False
MOV10L1,Q9BXT6,1,HGNC_symbol,False
MOXD1,Q6UVY6,1,HGNC_symbol,True
MPC1,Q9Y5U8,1,HGNC_symbol,False
MPC1L,P0DKB6,1,HGNC_symbol,True
MPC2,O95563,1,HGNC_symbol,False
MPDU1,O75352,1,HGNC_symbol,False
MPDZ,O75970,1,HGNC_symbol,False
MPEG1,Q2M385,1,HGNC_symbol,False
MPG,P29372,1,HGNC_symbol,False
MPHOSPH10,O00566,1,HGNC_symbol,True
MPHOSPH6,Q99547,1,HGNC_symbol,True
MPHOSPH8,Q99549,1,HGNC_symbol,False
MPHOSPH9,Q99550,1,HGNC_symbol,False
MPI,P34949,1,HGNC_symbol,False
MPIG6B,O95866,1,HGNC_symbol,False
MPL,P40238,1,HGNC_symbol,False
MPLKIP,Q8TAP9,1,HGNC_symbol,True
MPND,Q8N594,1,HGNC_symbol,False
MPO,P05164,1,HGNC_symbol,False
MPP1,Q00013,1,HGNC_symbol,False
MPP2,Q14168,1,HGNC_symbol,True
MPP3,Q13368,1,HGNC_symbol,False
MPP4,Q96JB8,1,HGNC_symbol,False
MPP5,1Y76,5,STRING_alias,False
MPP6,51678,5,STRING_alias,False
MPP7,Q5T2T1,1,HGNC_symbol,True
MPPE1,Q53F39,1,HGNC_symbol,True
MPPED1,O15442,1,HGNC_symbol,False
MPPED2,Q15777,1,HGNC_symbol,False
MPRIP,Q6WCQ1,1,HGNC_symbol,False
MPRIPP1,,0,unmapped,False
MPST,P25325,1,HGNC_symbol,False
MPV17,P39210,1,HGNC_symbol,False
MPV17L,Q2QL34,1,HGNC_symbol,True
MPV17L2,Q567V2,1,HGNC_symbol,True
MPZ,P25189,1,HGNC_symbol,True
MPZL1,O95297,1,HGNC_symbol,False
MPZL2,O60487,1,HGNC_symbol,True
MPZL3,Q6UWV2,1,HGNC_symbol,False
MR1,Q95460,1,HGNC_symbol,True
MRAP,Q8TCY5,1,HGNC_symbol,False
MRAP2,Q96G30,1,HGNC_symbol,True
MRAS,O14807,1,HGNC_symbol,False
MRC1,P22897,1,HGNC_symbol,False
MRC1L1,1EGG,5,STRING_alias,False
MRC2,Q9UBG0,1,HGNC_symbol,False
MRE11,P49959,1,HGNC_symbol,True
MRE11A,3.1.-.-,5,STRING_alias,False
MREG,Q8N565,1,HGNC_symbol,False
MRFAP1,Q9Y605,1,HGNC_symbol,True
MRFAP1L1,Q96HT8,1,HGNC_symbol,True
MRFAP1L2,B2RBV5,1,HGNC_symbol,False
MRGBP,Q9NV56,1,HGNC_symbol,False
MRGPRD,Q8TDS7,1,HGNC_symbol,False
MRGPRE,Q86SM8,1,HGNC_symbol,False
MRGPRF,Q96AM1,1,HGNC_symbol,True
MRGPRG,Q86SM5,1,HGNC_symbol,True
MRGPRX1,Q96LB2,1,HGNC_symbol,True
MRGPRX2,Q96LB1,1,HGNC_symbol,False
MRGPRX3,Q96LB0,1,HGNC_symbol,False
MRGPRX4,Q96LA9,1,HGNC_symbol,False
MRI1,Q9BV20,1,HGNC_symbol,True
MRLN,P0DMT0,1,HGNC_symbol,True
MRM1,Q6IN84,1,HGNC_symbol,False
MRM2,Q9UI43,1,HGNC_symbol,False
MRM3,Q9HC36,1,HGNC_symbol,True
MRNIP,Q6NTE8,1,HGNC_symbol,False
MRO,Q9BYG7,1,HGNC_symbol,False
MROH1,Q8NDA8,1,HGNC_symbol,False
MROH2A,A6NES4,1,HGNC_symbol,False
MROH2B,Q7Z745,1,HGNC_symbol,False
MROH5,Q6ZUA9,1,HGNC_symbol,False
MROH6,A6NGR9,1,HGNC_symbol,True
MROH7,Q68CQ1,1,HGNC_symbol,False
MROH7-TTC4,,0,unmapped,False
MROH8,Q9H579,1,HGNC_symbol,False
MROH9,Q5TGP6,1,HGNC_symbol,True
MRP63,3J7Y,5,STRING_alias,False
MRPL1,Q9BYD6,1,HGNC_symbol,False
MRPL10,Q7Z7H8,1,HGNC_symbol,False
MRPL11,Q9Y3B7,1,HGNC_symbol,False
MRPL12,P52815,1,HGNC_symbol,False
MRPL13,Q9BYD1,1,HGNC_symbol,True
MRPL14,Q6P1L8,1,HGNC_symbol,False
MRPL15,Q9P015,1,HGNC_symbol,False
MRPL16,Q9NX20,1,HGNC_symbol,False
MRPL17,Q9NRX2,1,HGNC_symbol,False
MRPL18,Q9H0U6,1,HGNC_symbol,False
MRPL19,P49406,1,HGNC_symbol,False
MRPL2,Q5T653,1,HGNC_symbol,False
MRPL20,Q9BYC9,1,HGNC_symbol,False
MRPL21,Q7Z2W9,1,HGNC_symbol,False
MRPL22,Q9NWU5,1,HGNC_symbol,False
MRPL23,Q16540,1,HGNC_symbol,False
MRPL24,Q96A35,1,HGNC_symbol,True
MRPL27,Q9P0M9,1,HGNC_symbol,False
MRPL28,Q13084,1,HGNC_symbol,False
MRPL3,P09001,1,HGNC_symbol,False
MRPL30,Q8TCC3,1,HGNC_symbol,False
MRPL32,Q9BYC8,1,HGNC_symbol,False
MRPL33,O75394,1,HGNC_symbol,False
MRPL34,Q9BQ48,1,HGNC_symbol,True
MRPL35,Q9NZE8,1,HGNC_symbol,True
MRPL36,Q9P0J6,1,HGNC_symbol,True
MRPL37,Q9BZE1,1,HGNC_symbol,True
MRPL37P1,,0,unmapped,False
MRPL38,Q96DV4,1,HGNC_symbol,False
MRPL39,Q9NYK5,1,HGNC_symbol,False
MRPL3P1,,0,unmapped,False
MRPL4,Q9BYD3,1,HGNC_symbol,True
MRPL40,Q9NQ50,1,HGNC_symbol,True
MRPL41,Q8IXM3,1,HGNC_symbol,True
MRPL42,Q9Y6G3,1,HGNC_symbol,False
MRPL42P6,,0,unmapped,False
MRPL43,Q8N983,1,HGNC_symbol,True
MRPL44,Q9H9J2,1,HGNC_symbol,False
MRPL45,Q9BRJ2,1,HGNC_symbol,True
MRPL45P2,,0,unmapped,False
MRPL46,Q9H2W6,1,HGNC_symbol,False
MRPL47,Q9HD33,1,HGNC_symbol,False
MRPL48,Q96GC5,1,HGNC_symbol,False
MRPL49,Q13405,1,HGNC_symbol,True
MRPL50,Q8N5N7,1,HGNC_symbol,False
MRPL51,Q4U2R6,1,HGNC_symbol,False
MRPL52,Q86TS9,1,HGNC_symbol,True
MRPL53,Q96EL3,1,HGNC_symbol,True
MRPL54,Q6P161,1,HGNC_symbol,True
MRPL55,Q7Z7F7,1,HGNC_symbol,True
MRPL57,Q9BQC6,1,HGNC_symbol,False
MRPL58,Q14197,1,HGNC_symbol,False
MRPL9,Q9BYD2,1,HGNC_symbol,False
MRPS10,P82664,1,HGNC_symbol,False
MRPS11,P82912,1,HGNC_symbol,True
MRPS12,O15235,1,HGNC_symbol,False
MRPS14,O60783,1,HGNC_symbol,False
MRPS15,P82914,1,HGNC_symbol,True
MRPS16,Q9Y3D3,1,HGNC_symbol,False
MRPS17,Q9Y2R5,1,HGNC_symbol,False
MRPS18A,Q9NVS2,1,HGNC_symbol,False
MRPS18AP1,,0,unmapped,False
MRPS18B,Q9Y676,1,HGNC_symbol,False
MRPS18C,Q9Y3D5,1,HGNC_symbol,True
MRPS2,Q9Y399,1,HGNC_symbol,True
MRPS21,P82921,1,HGNC_symbol,False
MRPS21P1,,0,unmapped,False
MRPS22,P82650,1,HGNC_symbol,True
MRPS23,Q9Y3D9,1,HGNC_symbol,False
MRPS24,Q96EL2,1,HGNC_symbol,False
MRPS25,P82663,1,HGNC_symbol,False
MRPS26,Q9BYN8,1,HGNC_symbol,False
MRPS27,Q92552,1,HGNC_symbol,True
MRPS28,Q9Y2Q9,1,HGNC_symbol,False
MRPS30,Q9NP92,1,HGNC_symbol,False
MRPS31,Q92665,1,HGNC_symbol,True
MRPS31P5,,0,unmapped,False
MRPS33,Q9Y291,1,HGNC_symbol,True
MRPS34,P82930,1,HGNC_symbol,False
MRPS35,P82673,1,HGNC_symbol,True
MRPS36,"28S ribosomal protein S36, mitochondrial",5,STRING_alias,False
MRPS36P1,,0,unmapped,False
MRPS5,P82675,1,HGNC_symbol,True
MRPS6,P82932,1,HGNC_symbol,False
MRPS7,Q9Y2R9,1,HGNC_symbol,True
MRPS9,P82933,1,HGNC_symbol,False
MRRF,Q96E11,1,HGNC_symbol,True
MRRFP1,,0,unmapped,False
MRS2,Q9HD23,1,HGNC_symbol,False
MRTFA,Q969V6,1,HGNC_symbol,True
MRTFB,Q9ULH7,1,HGNC_symbol,False
MRTO4,Q9UKD2,1,HGNC_symbol,True
MRVI1,10335,5,STRING_alias,False
MRVI1-AS1,,0,unmapped,False
MS4A1,P11836,1,HGNC_symbol,True
MS4A10,Q96PG2,1,HGNC_symbol,True
MS4A12,Q9NXJ0,1,HGNC_symbol,True
MS4A13,Q5J8X5,1,HGNC_symbol,False
MS4A14,Q96JA4,1,HGNC_symbol,True
MS4A15,Q8N5U1,1,HGNC_symbol,False
MS4A18,Q3C1V0,1,HGNC_symbol,True
MS4A2,Q01362,1,HGNC_symbol,False
MS4A3,Q96HJ5,1,HGNC_symbol,False
MS4A4A,Q96JQ5,1,HGNC_symbol,False
MS4A4E,Q96PG1,1,HGNC_symbol,False
MS4A5,Q9H3V2,1,HGNC_symbol,False
MS4A6A,Q9H2W1,1,HGNC_symbol,False
MS4A6E,Q96DS6,1,HGNC_symbol,True
MS4A7,Q9GZW8,1,HGNC_symbol,True
MS4A8,Q9BY19,1,HGNC_symbol,True
MSANTD1,Q6ZTZ1,1,HGNC_symbol,True
MSANTD2,Q6P1R3,1,HGNC_symbol,False
MSANTD3,Q96H12,1,HGNC_symbol,False
MSANTD4,Q8NCY6,1,HGNC_symbol,False
MSANTD5,A0A3B3IT52,1,HGNC_symbol,True
MSANTD7,A0A1W2PQ72,1,HGNC_symbol,True
MSC,O60682,1,HGNC_symbol,False
MSGN1,A6NI15,1,HGNC_symbol,True
MSH2,P43246,1,HGNC_symbol,True
MSH3,P20585,1,HGNC_symbol,False
MSH4,O15457,1,HGNC_symbol,False
MSH5,O43196,1,HGNC_symbol,False
MSH6,P52701,1,HGNC_symbol,False
MSI1,O43347,1,HGNC_symbol,False
MSI2,Q96DH6,1,HGNC_symbol,False
MSL1,Q68DK7,1,HGNC_symbol,False
MSL2,Q9HCI7,1,HGNC_symbol,True
MSL3,Q8N5Y2,1,HGNC_symbol,False
MSL3B,P0C860,1,HGNC_symbol,True
MSL3P1,,0,unmapped,False
MSLN,Q13421,1,HGNC_symbol,False
MSMB,P08118,1,HGNC_symbol,True
MSMO1,Q15800,1,HGNC_symbol,True
MSMP,Q1L6U9,1,HGNC_symbol,False
MSN,P26038,1,HGNC_symbol,False
MSNP1,,0,unmapped,False
MSR1,P21757,1,HGNC_symbol,False
MSRA,Q9UJ68,1,HGNC_symbol,False
MSRB1,Q9NZV6,1,HGNC_symbol,False
MSRB1P1,,0,unmapped,False
MSRB2,Q9Y3D2,1,HGNC_symbol,False
MSRB3,Q8IXL7,1,HGNC_symbol,True
MSS51,Q4VC12,1,HGNC_symbol,True
MST1,P26927,1,HGNC_symbol,False
MST1L,Q2TV78,1,HGNC_symbol,True
MST1P2,,0,unmapped,False
MST1R,Q04912,1,HGNC_symbol,False
MST4,2.7.11.1,5,STRING_alias,False
MSTN,O14793,1,HGNC_symbol,False
MSTO1,Q9BUK6,1,HGNC_symbol,False
MSTO2P,,0,unmapped,False
MSX1,P28360,1,HGNC_symbol,True
MSX2,P35548,1,HGNC_symbol,False
MSX2P1,,0,unmapped,False
MT-ATP6,P00846,1,HGNC_symbol,False
MT-ATP8,P03928,1,HGNC_symbol,False
MT-CO1,P00395,1,HGNC_symbol,True
MT-CO2,P00403,1,HGNC_symbol,False
MT-CO3,P00414,1,HGNC_symbol,False
MT-CYB,P00156,1,HGNC_symbol,False
MT-ND1,P03886,1,HGNC_symbol,True
MT-ND2,P03891,1,HGNC_symbol,True
MT-ND3,P03897,1,HGNC_symbol,False
MT-ND4,P03905,1,HGNC_symbol,True
MT-ND4L,P03901,1,HGNC_symbol,True
MT-ND5,P03915,1,HGNC_symbol,True
MT-ND6,P03923,1,HGNC_symbol,False
MT-RNR1,A0A0C5B5G6,1,HGNC_symbol,False
MT-RNR2,A0A3G1DJQ2,1,HGNC_symbol,False
MT-TA,,0,unmapped,False
MT-TC,,0,unmapped,False
MT-TD,,0,unmapped,False
MT-TE,,0,unmapped,False
MT-TF,,0,unmapped,False
MT-TG,,0,unmapped,False
MT-TH,,0,unmapped,False
MT-TI,,0,unmapped,False
MT-TK,,0,unmapped,False
MT-TL1,,0,unmapped,False
MT-TL2,,0,unmapped,False
MT-TM,,0,unmapped,False
MT-TP,,0,unmapped,False
MT-TQ,,0,unmapped,False
MT-TS1,,0,unmapped,False
MT-TT,,0,unmapped,False
MT-TV,,0,unmapped,False
MT-TW,,0,unmapped,False
MT-TY,,0,unmapped,False
MT1A,P04731,1,HGNC_symbol,True
MT1B,P07438,1,HGNC_symbol,False
MT1E,P04732,1,HGNC_symbol,False
MT1F,P04733,1,HGNC_symbol,True
MT1G,P13640,1,HGNC_symbol,False
MT1H,P80294,1,HGNC_symbol,False
MT1HL1,P0DM35,1,HGNC_symbol,False
MT1L,Q93083,1,HGNC_symbol,False
MT1M,Q8N339,1,HGNC_symbol,False
MT1P1,,0,unmapped,False
MT1X,P80297,1,HGNC_symbol,False
MT1XP1,,0,unmapped,False
MT2A,P02795,1,HGNC_symbol,False
MT2P1,,0,unmapped,False
MT3,P25713,1,HGNC_symbol,False
MT4,P47944,1,HGNC_symbol,True
MTA1,Q13330,1,HGNC_symbol,False
MTA2,O94776,1,HGNC_symbol,True
MTA3,Q9BTC8,1,HGNC_symbol,False
MTAP,Q13126,1,HGNC_symbol,False
MTARC1,Q5VT66,1,HGNC_symbol,False
MTARC2,Q969Z3,1,HGNC_symbol,False
MTATP6P1,,0,unmapped,False
MTATP6P2,,0,unmapped,False
MTATP8P1,,0,unmapped,False
MTATP8P2,,0,unmapped,False
MTBP,Q96DY7,1,HGNC_symbol,True
MTCH1,Q9NZJ7,1,HGNC_symbol,True
MTCH2,Q9Y6C9,1,HGNC_symbol,False
MTCL1,Q9Y4B5,1,HGNC_symbol,False
MTCL2,O94964,1,HGNC_symbol,False
MTCL3,Q5TF21,1,HGNC_symbol,True
MTCP1,P56278,1,HGNC_symbol,True
MTCYBP3,,0,unmapped,False
MTDH,Q86UE4,1,HGNC_symbol,True
MTERF,3MVA,5,STRING_alias,False
MTERF1,Q99551,1,HGNC_symbol,False
MTERF2,Q49AM1,1,HGNC_symbol,False
MTERF3,Q96E29,1,HGNC_symbol,True
MTERF4,Q7Z6M4,1,HGNC_symbol,False
MTERFD1,3M66,5,STRING_alias,False
MTERFD2,130916,5,STRING_alias,False
MTERFD3,80298,5,STRING_alias,False
MTF1,Q14872,1,HGNC_symbol,False
MTF2,Q9Y483,1,HGNC_symbol,False
MTFMT,Q96DP5,1,HGNC_symbol,True
MTFP1,Q9UDX5,1,HGNC_symbol,False
MTFR1,Q15390,1,HGNC_symbol,False
MTFR1L,Q9H019,1,HGNC_symbol,True
MTFR2,Q6P444,1,HGNC_symbol,False
MTG1,Q9BT17,1,HGNC_symbol,True
MTG2,Q9H4K7,1,HGNC_symbol,True
MTHFD1,P11586,1,HGNC_symbol,False
MTHFD1L,Q6UB35,1,HGNC_symbol,False
MTHFD1P1,,0,unmapped,False
MTHFD2,P13995,1,HGNC_symbol,False
MTHFD2L,Q9H903,1,HGNC_symbol,False
MTHFD2P7,,0,unmapped,False
MTHFR,P42898,1,HGNC_symbol,False
MTHFS,P49914,1,HGNC_symbol,False
MTHFSD,Q2M296,1,HGNC_symbol,True
MTIF2,P46199,1,HGNC_symbol,False
MTIF3,Q9H2K0,1,HGNC_symbol,True
MTL5,9633,5,STRING_alias,False
MTLN,Q8NCU8,1,HGNC_symbol,True
MTM1,Q13496,1,HGNC_symbol,False
MTMR1,Q13613,1,HGNC_symbol,True
MTMR10,Q9NXD2,1,HGNC_symbol,False
MTMR11,A4FU01,1,HGNC_symbol,True
MTMR12,Q9C0I1,1,HGNC_symbol,True
MTMR14,Q8NCE2,1,HGNC_symbol,True
MTMR2,Q13614,1,HGNC_symbol,True
MTMR3,Q13615,1,HGNC_symbol,False
MTMR4,Q9NYA4,1,HGNC_symbol,False
MTMR6,Q9Y217,1,HGNC_symbol,False
MTMR7,Q9Y216,1,HGNC_symbol,True
MTMR8,Q96EF0,1,HGNC_symbol,True
MTMR9,Q96QG7,1,HGNC_symbol,False
MTMR9LP,,0,unmapped,False
MTNAP1,Q9BSJ5,1,HGNC_symbol,False
MTND1P11,,0,unmapped,False
MTND1P23,,0,unmapped,False
MTND2P28,,0,unmapped,False
MTND2P9,,0,unmapped,False
MTND4P12,,0,unmapped,False
MTND4P14,,0,unmapped,False
MTND4P24,,0,unmapped,False
MTND4P9,,0,unmapped,False
MTND5P10,,0,unmapped,False
MTND5P11,,0,unmapped,False
MTND5P14,,0,unmapped,False
MTND5P2,,0,unmapped,False
MTND6P21,,0,unmapped,False
MTND6P4,,0,unmapped,False
MTND6P5,,0,unmapped,False
MTNR1A,P48039,1,HGNC_symbol,False
MTNR1B,P49286,1,HGNC_symbol,True
MTO1,Q9Y2Z2,1,HGNC_symbol,True
MTOR,P42345,1,HGNC_symbol,False
MTPAP,Q9NVV4,1,HGNC_symbol,True
MTPN,P58546,1,HGNC_symbol,True
MTR,Q99707,1,HGNC_symbol,False
MTRES1,Q9P0P8,1,HGNC_symbol,True
MTREX,P42285,1,HGNC_symbol,False
MTRF1,O75570,1,HGNC_symbol,False
MTRF1L,Q9UGC7,1,HGNC_symbol,True
MTRFR,Q9H3J6,1,HGNC_symbol,True
MTRNR2L1,P0CJ68,1,HGNC_symbol,True
MTRNR2L10,P0CJ77,1,HGNC_symbol,True
MTRNR2L12,P0DMP1,1,HGNC_symbol,False
MTRNR2L2,P0CJ69,1,HGNC_symbol,False
MTRNR2L6,P0CJ73,1,HGNC_symbol,False
MTRNR2L8,P0CJ75,1,HGNC_symbol,True
MTRNR2L9,P0CJ76,1,HGNC_symbol,False
MTRR,Q9UBK8,1,HGNC_symbol,False
MTSS1,O43312,1,HGNC_symbol,True
MTSS1L,92154,5,STRING_alias,False
MTSS2,Q765P7,1,HGNC_symbol,False
MTTP,P55157,1,HGNC_symbol,False
MTURN,Q8N3F0,1,HGNC_symbol,True
MTUS1,Q9ULD2,1,HGNC_symbol,False
MTUS2,Q5JR59,1,HGNC_symbol,False
MTX1,Q13505,1,HGNC_symbol,False
MTX1P1,,0,unmapped,False
MTX2,O75431,1,HGNC_symbol,True
MTX3,Q5HYI7,1,HGNC_symbol,True
MUC1,P15941,1,HGNC_symbol,False
MUC12,Q9UKN1,1,HGNC_symbol,False
MUC13,Q9H3R2,1,HGNC_symbol,False
MUC15,Q8N387,1,HGNC_symbol,False
MUC16,Q8WXI7,1,HGNC_symbol,False
MUC17,Q685J3,1,HGNC_symbol,False
MUC19,Q7Z5P9,1,HGNC_symbol,False
MUC2,Q02817,1,HGNC_symbol,False
MUC20,Q8N307,1,HGNC_symbol,False
MUC21,Q5SSG8,1,HGNC_symbol,True
MUC22,E2RYF6,1,HGNC_symbol,False
MUC3A,Q02505,1,HGNC_symbol,False
MUC4,Q99102,1,HGNC_symbol,False
MUC5AC,P98088,1,HGNC_symbol,False
MUC5B,Q9HC84,1,HGNC_symbol,False
MUC6,Q6W4X9,1,HGNC_symbol,False
MUC7,Q8TAX7,1,HGNC_symbol,False
MUC8,,0,unmapped,False
MUCL1,Q96DR8,1,HGNC_symbol,False
MUCL3,Q3MIW9,1,HGNC_symbol,False
MUL1,Q969V5,1,HGNC_symbol,False
MUM1,2DLL,5,STRING_alias,False
MURC,347273,5,STRING_alias,False
MUS81,Q96NY9,1,HGNC_symbol,False
MUSK,O15146,1,HGNC_symbol,True
MUSTN1,Q8IVN3,1,HGNC_symbol,False
MUT,2XIJ,5,STRING_alias,False
MUTYH,Q9UIF7,1,HGNC_symbol,False
MVB12A,Q96EY5,1,HGNC_symbol,True
MVB12B,Q9H7P6,1,HGNC_symbol,False
MVD,P53602,1,HGNC_symbol,False
MVK,Q03426,1,HGNC_symbol,True
MVP,Q14764,1,HGNC_symbol,False
MX1,P20591,1,HGNC_symbol,True
MX2,P20592,1,HGNC_symbol,False
MXD1,Q05195,1,HGNC_symbol,True
MXD3,Q9BW11,1,HGNC_symbol,False
MXD4,Q14582,1,HGNC_symbol,True
MXI1,P50539,1,HGNC_symbol,True
MXRA5,Q9NR99,1,HGNC_symbol,False
MXRA7,P84157,1,HGNC_symbol,False
MXRA8,Q9BRK3,1,HGNC_symbol,False
MYADM,Q96S97,1,HGNC_symbol,False
MYADML2,A6NDP7,1,HGNC_symbol,False
MYB,P10242,1,HGNC_symbol,False
MYBBP1A,Q9BQG0,1,HGNC_symbol,False
MYBL1,P10243,1,HGNC_symbol,False
MYBL2,P10244,1,HGNC_symbol,True
MYBPC1,Q00872,1,HGNC_symbol,False
MYBPC2,Q14324,1,HGNC_symbol,False
MYBPC3,Q14896,1,HGNC_symbol,False
MYBPH,Q13203,1,HGNC_symbol,True
MYBPHL,A2RUH7,1,HGNC_symbol,True
MYC,P01106,1,HGNC_symbol,True
MYCBP,Q99417,1,HGNC_symbol,False
MYCBP2,O75592,1,HGNC_symbol,False
MYCBP2-AS1,,0,unmapped,False
MYCBPAP,Q8TBZ2,1,HGNC_symbol,False
MYCL,P12524,1,HGNC_symbol,True
MYCN,P04198,1,HGNC_symbol,True
MYCNOS,P40205,1,HGNC_symbol,True
MYCT1,Q8N699,1,HGNC_symbol,True
MYD88,Q99836,1,HGNC_symbol,True
MYDGF,Q969H8,1,HGNC_symbol,False
MYEF2,Q9P2K5,1,HGNC_symbol,False
MYEOV,Q96EZ4,1,HGNC_symbol,True
MYEOV2,150678,5,STRING_alias,False
MYF5,P13349,1,HGNC_symbol,True
MYF6,P23409,1,HGNC_symbol,True
MYG1,Q9HB07,1,HGNC_symbol,False
MYH1,P12882,1,HGNC_symbol,False
MYH10,P35580,1,HGNC_symbol,False
MYH11,P35749,1,HGNC_symbol,False
MYH13,Q9UKX3,1,HGNC_symbol,False
MYH14,Q7Z406,1,HGNC_symbol,False
MYH15,Q9Y2K3,1,HGNC_symbol,False
MYH16,Q9H6N6,1,HGNC_symbol,False
MYH2,Q9UKX2,1,HGNC_symbol,False
MYH3,P11055,1,HGNC_symbol,False
MYH4,Q9Y623,1,HGNC_symbol,False
MYH6,P13533,1,HGNC_symbol,False
MYH7,P12883,1,HGNC_symbol,False
MYH7B,A7E2Y1,1,HGNC_symbol,False
MYH8,P13535,1,HGNC_symbol,False
MYH9,P35579,1,HGNC_symbol,False
MYL1,P05976,1,HGNC_symbol,True
MYL10,Q9BUA6,1,HGNC_symbol,True
MYL11,Q96A32,1,HGNC_symbol,False
MYL12A,P19105,1,HGNC_symbol,True
MYL12B,O14950,1,HGNC_symbol,False
MYL2,P10916,1,HGNC_symbol,False
MYL3,P08590,1,HGNC_symbol,False
MYL4,P12829,1,HGNC_symbol,False
MYL5,Q02045,1,HGNC_symbol,False
MYL6,P60660,1,HGNC_symbol,True
MYL6B,P14649,1,HGNC_symbol,False
MYL6P2,,0,unmapped,False
MYL6P3,,0,unmapped,False
MYL7,Q01449,1,HGNC_symbol,False
MYL9,P24844,1,HGNC_symbol,True
MYLIP,Q8WY64,1,HGNC_symbol,False
MYLK,Q15746,1,HGNC_symbol,False
MYLK-AS1,,0,unmapped,False
MYLK2,Q9H1R3,1,HGNC_symbol,False
MYLK3,Q32MK0,1,HGNC_symbol,False
MYLK4,Q86YV6,1,HGNC_symbol,False
MYLPF,29895,5,STRING_alias,False
MYMK,A6NI61,1,HGNC_symbol,True
MYMX,A0A1B0GTQ4,1,HGNC_symbol,True
MYNN,Q9NPC7,1,HGNC_symbol,False
MYO10,Q9HD67,1,HGNC_symbol,False
MYO15A,Q9UKN7,1,HGNC_symbol,False
MYO15B,Q96JP2,1,HGNC_symbol,False
MYO16,Q9Y6X6,1,HGNC_symbol,False
MYO18A,Q92614,1,HGNC_symbol,False
MYO18B,Q8IUG5,1,HGNC_symbol,False
MYO19,Q96H55,1,HGNC_symbol,False
MYO1A,Q9UBC5,1,HGNC_symbol,False
MYO1B,O43795,1,HGNC_symbol,False
MYO1C,O00159,1,HGNC_symbol,False
MYO1D,O94832,1,HGNC_symbol,True
MYO1E,Q12965,1,HGNC_symbol,False
MYO1F,O00160,1,HGNC_symbol,False
MYO1G,B0I1T2,1,HGNC_symbol,True
MYO1H,Q8N1T3,1,HGNC_symbol,False
MYO3A,Q8NEV4,1,HGNC_symbol,False
MYO3B,Q8WXR4,1,HGNC_symbol,False
MYO5A,Q9Y4I1,1,HGNC_symbol,False
MYO5B,Q9ULV0,1,HGNC_symbol,False
MYO5C,Q9NQX4,1,HGNC_symbol,False
MYO6,Q9UM54,1,HGNC_symbol,False
MYO7A,Q13402,1,HGNC_symbol,False
MYO7B,Q6PIF6,1,HGNC_symbol,False
MYO9A,B2RTY4,1,HGNC_symbol,False
MYO9B,Q13459,1,HGNC_symbol,False
MYOC,Q99972,1,HGNC_symbol,False
MYOCD,Q8IZQ8,1,HGNC_symbol,True
MYOCOS,A0A1B0GUC4,1,HGNC_symbol,False
MYOD1,P15172,1,HGNC_symbol,False
MYOF,Q9NZM1,1,HGNC_symbol,False
MYOG,P15173,1,HGNC_symbol,True
MYOM1,P52179,1,HGNC_symbol,False
MYOM2,P54296,1,HGNC_symbol,False
MYOM3,Q5VTT5,1,HGNC_symbol,False
MYORG,Q6NSJ0,1,HGNC_symbol,False
MYOT,Q9UBF9,1,HGNC_symbol,False
MYOZ1,Q9NP98,1,HGNC_symbol,False
MYOZ2,Q9NPC6,1,HGNC_symbol,False
MYOZ3,Q8TDC0,1,HGNC_symbol,False
MYPN,Q86TC9,1,HGNC_symbol,False
MYPOP,Q86VE0,1,HGNC_symbol,False
MYRF,Q9Y2G1,1,HGNC_symbol,False
MYRFL,Q96LU7,1,HGNC_symbol,False
MYRIP,Q8NFW9,1,HGNC_symbol,False
MYSM1,Q5VVJ2,1,HGNC_symbol,False
MYT1,Q01538,1,HGNC_symbol,False
MYT1L,Q9UL68,1,HGNC_symbol,False
MYZAP,P0CAP1,1,HGNC_symbol,False
MZB1,Q8WU39,1,HGNC_symbol,False
MZF1,P28698,1,HGNC_symbol,False
MZT1,Q08AG7,1,HGNC_symbol,True
MZT2A,Q6P582,1,HGNC_symbol,True
MZT2B,Q6NZ67,1,HGNC_symbol,True
N4BP1,O75113,1,HGNC_symbol,True
N4BP2,Q86UW6,1,HGNC_symbol,False
N4BP2L1,Q5TBK1,1,HGNC_symbol,False
N4BP2L2,Q92802,1,HGNC_symbol,True
N4BP3,O15049,1,HGNC_symbol,True
N6AMT1,2.1.1.-,5,STRING_alias,False
N6AMT2,2.1.1.-,5,STRING_alias,False
NAA10,P41227,1,HGNC_symbol,True
NAA11,Q9BSU3,1,HGNC_symbol,True
NAA15,Q9BXJ9,1,HGNC_symbol,False
NAA16,Q6N069,1,HGNC_symbol,False
NAA20,P61599,1,HGNC_symbol,False
NAA25,Q14CX7,1,HGNC_symbol,True
NAA30,Q147X3,1,HGNC_symbol,False
NAA35,Q5VZE5,1,HGNC_symbol,False
NAA38,Q9BRA0,1,HGNC_symbol,False
NAA40,Q86UY6,1,HGNC_symbol,False
NAA50,Q9GZZ1,1,HGNC_symbol,True
NAA60,Q9H7X0,1,HGNC_symbol,False
NAA80,Q93015,1,HGNC_symbol,True
NAAA,Q02083,1,HGNC_symbol,False
NAALAD2,Q9Y3Q0,1,HGNC_symbol,False
NAALADL1,Q9UQQ1,1,HGNC_symbol,False
NAALADL2,Q58DX5,1,HGNC_symbol,True
NAB1,Q13506,1,HGNC_symbol,False
NAB2,Q15742,1,HGNC_symbol,False
NABP1,Q96AH0,1,HGNC_symbol,False
NABP2,Q9BQ15,1,HGNC_symbol,True
NACA,E9PAV3,1,HGNC_symbol,False
NACA2,Q9H009,1,HGNC_symbol,False
NACA3P,,0,unmapped,False
NACAD,O15069,1,HGNC_symbol,False
NACAP1,,0,unmapped,False
NACAP3,,0,unmapped,False
NACC1,Q96RE7,1,HGNC_symbol,True
NACC2,Q96BF6,1,HGNC_symbol,True
NADK,O95544,1,HGNC_symbol,True
NADK2,Q4G0N4,1,HGNC_symbol,False
NADSYN1,Q6IA69,1,HGNC_symbol,False
NAE1,Q13564,1,HGNC_symbol,False
NAF1,Q96HR8,1,HGNC_symbol,True
NAGA,P17050,1,HGNC_symbol,False
NAGK,Q9UJ70,1,HGNC_symbol,False
NAGLU,P54802,1,HGNC_symbol,False
NAGPA,Q9UK23,1,HGNC_symbol,True
NAGS,Q8N159,1,HGNC_symbol,False
NAIF1,Q69YI7,1,HGNC_symbol,False
NAIP,Q13075,1,HGNC_symbol,False
NALCN,Q8IZF0,1,HGNC_symbol,False
NALF1,B1AL88,1,HGNC_symbol,False
NALF2,O75949,1,HGNC_symbol,False
NAMPT,P43490,1,HGNC_symbol,True
NAMPTL,,0,unmapped,False
NANOG,Q9H9S0,1,HGNC_symbol,True
NANOGNB,Q7Z5D8,1,HGNC_symbol,False
NANOGP4,,0,unmapped,False
NANOGP5,,0,unmapped,False
NANOGP8,Q6NSW7,1,HGNC_symbol,True
NANOS1,Q8WY41,1,HGNC_symbol,True
NANOS2,P60321,1,HGNC_symbol,False
NANOS3,P60323,1,HGNC_symbol,False
NANP,Q8TBE9,1,HGNC_symbol,True
NANS,Q9NR45,1,HGNC_symbol,False
NAP1L1,P55209,1,HGNC_symbol,False
NAP1L1P1,,0,unmapped,False
NAP1L1P3,,0,unmapped,False
NAP1L2,Q9ULW6,1,HGNC_symbol,True
NAP1L3,Q99457,1,HGNC_symbol,False
NAP1L4,Q99733,1,HGNC_symbol,False
NAP1L4P1,,0,unmapped,False
NAP1L4P3,,0,unmapped,False
NAP1L5,Q96NT1,1,HGNC_symbol,False
NAPA,P54920,1,HGNC_symbol,True
NAPA-AS1,,0,unmapped,False
NAPB,Q9H115,1,HGNC_symbol,True
NAPEPLD,Q6IQ20,1,HGNC_symbol,True
NAPG,Q99747,1,HGNC_symbol,True
NAPRT,Q6XQN6,1,HGNC_symbol,False
NAPRT1,4YUB,5,STRING_alias,False
NAPSA,O96009,1,HGNC_symbol,True
NAPSB,,0,unmapped,False
NARF,Q9UHQ1,1,HGNC_symbol,False
NARF-IT1,,0,unmapped,False
NARFL,64428,5,STRING_alias,False
NARG2,79664,5,STRING_alias,False
NARG2P2,,0,unmapped,False
NARS,4677,5,STRING_alias,False
NARS1,O43776,1,HGNC_symbol,False
NARS2,Q96I59,1,HGNC_symbol,True
NASP,P49321,1,HGNC_symbol,True
NAT1,P18440,1,HGNC_symbol,True
NAT10,Q9H0A0,1,HGNC_symbol,False
NAT14,Q8WUY8,1,HGNC_symbol,True
NAT16,Q8N8M0,1,HGNC_symbol,False
NAT2,P11245,1,HGNC_symbol,True
NAT6,2.3.1.-,5,STRING_alias,False
NAT8,Q9UHE5,1,HGNC_symbol,False
NAT8B,Q9UHF3,1,HGNC_symbol,False
NAT8L,Q8N9F0,1,HGNC_symbol,True
NAT9,Q9BTE0,1,HGNC_symbol,True
NATD1,Q8N6N6,1,HGNC_symbol,True
NAV1,Q8NEY1,1,HGNC_symbol,False
NAV2,Q8IVL1,1,HGNC_symbol,False
NAV2-AS2,,0,unmapped,False
NAV3,Q8IVL0,1,HGNC_symbol,False
NAXD,Q8IW45,1,HGNC_symbol,False
NAXE,Q8NCW5,1,HGNC_symbol,True
NBAS,A2RRP1,1,HGNC_symbol,False
NBDY,A0A0U1RRE5,1,HGNC_symbol,False
NBEA,Q8NFP9,1,HGNC_symbol,False
NBEAL1,Q6ZS30,1,HGNC_symbol,False
NBEAL2,Q6ZNJ1,1,HGNC_symbol,False
NBEAP1,P0C6P0,1,HGNC_symbol,True
NBL1,P41271,1,HGNC_symbol,False
NBN,O60934,1,HGNC_symbol,True
NBPF1,Q3BBV0,1,HGNC_symbol,False
NBPF10,Q6P3W6,1,HGNC_symbol,False
NBPF11,Q86T75,1,HGNC_symbol,True
NBPF12,Q5TAG4,1,HGNC_symbol,False
NBPF13P,,0,unmapped,False
NBPF14,Q5TI25,1,HGNC_symbol,False
NBPF15,Q8N660,1,HGNC_symbol,False
NBPF16,284565,5,STRING_alias,False
NBPF18P,,0,unmapped,False
NBPF19,A0A087WUL8,1,HGNC_symbol,False
NBPF20,P0DPF2,1,HGNC_symbol,False
NBPF24,200030,5,STRING_alias,False
NBPF26,B4DH59,1,HGNC_symbol,False
NBPF2P,,0,unmapped,False
NBPF3,Q9H094,1,HGNC_symbol,False
NBPF4,Q96M43,1,HGNC_symbol,True
NBPF6,Q5VWK0,1,HGNC_symbol,False
NBPF8,Q3BBV2,1,HGNC_symbol,True
NBPF9,P0DPF3,1,HGNC_symbol,False
NBR1,Q14596,1,HGNC_symbol,True
NBR2,,0,unmapped,False
NCALD,P61601,1,HGNC_symbol,False
NCAM1,P13591,1,HGNC_symbol,False
NCAM2,O15394,1,HGNC_symbol,False
NCAN,O14594,1,HGNC_symbol,False
NCAPD2,Q15021,1,HGNC_symbol,False
NCAPD2P1,,0,unmapped,False
NCAPD3,P42695,1,HGNC_symbol,False
NCAPG,Q9BPX3,1,HGNC_symbol,False
NCAPG2,Q86XI2,1,HGNC_symbol,False
NCAPH,Q15003,1,HGNC_symbol,False
NCAPH2,Q6IBW4,1,HGNC_symbol,True
NCBP1,Q09161,1,HGNC_symbol,False
NCBP2,P52298,1,HGNC_symbol,True
NCBP2-AS1,,0,unmapped,False
NCBP2-AS2,,0,unmapped,False
NCBP2AS2,Q69YL0,1,HGNC_symbol,False
NCBP2L,A6PVI3,1,HGNC_symbol,False
NCBP3,Q53F19,1,HGNC_symbol,True
NCCRP1,Q6ZVX7,1,HGNC_symbol,False
NCDN,Q9UBB6,1,HGNC_symbol,False
NCEH1,Q6PIU2,1,HGNC_symbol,True
NCF1,P14598,1,HGNC_symbol,False
NCF1B,A6NI72,1,HGNC_symbol,False
NCF1C,A8MVU1,1,HGNC_symbol,False
NCF2,P19878,1,HGNC_symbol,False
NCF4,Q15080,1,HGNC_symbol,True
NCK1,P16333,1,HGNC_symbol,False
NCK2,O43639,1,HGNC_symbol,False
NCKAP1,Q9Y2A7,1,HGNC_symbol,False
NCKAP1L,P55160,1,HGNC_symbol,False
NCKAP5,O14513,1,HGNC_symbol,False
NCKAP5L,Q9HCH0,1,HGNC_symbol,False
NCKIPSD,Q9NZQ3,1,HGNC_symbol,True
NCL,P19338,1,HGNC_symbol,False
NCLN,Q969V3,1,HGNC_symbol,False
NCMAP,Q5T1S8,1,HGNC_symbol,False
NCOA1,Q15788,1,HGNC_symbol,False
NCOA2,Q15596,1,HGNC_symbol,False
NCOA3,Q9Y6Q9,1,HGNC_symbol,False
NCOA4,Q13772,1,HGNC_symbol,True
NCOA5,Q9HCD5,1,HGNC_symbol,False
NCOA6,Q14686,1,HGNC_symbol,False
NCOA7,Q8NI08,1,HGNC_symbol,False
NCOR1,O75376,1,HGNC_symbol,False
NCOR2,Q9Y618,1,HGNC_symbol,False
NCR1,O76036,1,HGNC_symbol,True
NCR2,O95944,1,HGNC_symbol,True
NCR3,O14931,1,HGNC_symbol,False
NCR3LG1,Q68D85,1,HGNC_symbol,True
NCS1,P62166,1,HGNC_symbol,False
NCSTN,Q92542,1,HGNC_symbol,True
NDC1,Q9BTX1,1,HGNC_symbol,False
NDC80,O14777,1,HGNC_symbol,False
NDE1,Q9NXR1,1,HGNC_symbol,False
NDEL1,Q9GZM8,1,HGNC_symbol,True
NDFIP1,Q9BT67,1,HGNC_symbol,False
NDFIP2,Q9NV92,1,HGNC_symbol,True
NDN,Q99608,1,HGNC_symbol,False
NDNF,Q8TB73,1,HGNC_symbol,True
NDNL2,56160,5,STRING_alias,False
NDOR1,Q9UHB4,1,HGNC_symbol,False
NDP,Q00604,1,HGNC_symbol,False
NDRG1,Q92597,1,HGNC_symbol,False
NDRG2,Q9UN36,1,HGNC_symbol,False
NDRG3,Q9UGV2,1,HGNC_symbol,False
NDRG4,Q9ULP0,1,HGNC_symbol,False
NDST1,P52848,1,HGNC_symbol,True
NDST2,P52849,1,HGNC_symbol,False
NDST3,O95803,1,HGNC_symbol,False
NDST4,Q9H3R1,1,HGNC_symbol,True
NDUFA1,O15239,1,HGNC_symbol,False
NDUFA10,O95299,1,HGNC_symbol,True
NDUFA11,Q86Y39,1,HGNC_symbol,True
NDUFA12,Q9UI09,1,HGNC_symbol,False
NDUFA13,Q9P0J0,1,HGNC_symbol,False
NDUFA2,O43678,1,HGNC_symbol,False
NDUFA3,O95167,1,HGNC_symbol,False
NDUFA4,4697,5,STRING_alias,False
NDUFA4L2,56901,5,STRING_alias,False
NDUFA5,Q16718,1,HGNC_symbol,False
NDUFA5P11,,0,unmapped,False
NDUFA6,P56556,1,HGNC_symbol,False
NDUFA6-AS1,,0,unmapped,False
NDUFA7,O95182,1,HGNC_symbol,True
NDUFA8,P51970,1,HGNC_symbol,True
NDUFA9,Q16795,1,HGNC_symbol,False
NDUFA9P1,,0,unmapped,False
NDUFAB1,O14561,1,HGNC_symbol,False
NDUFAF1,Q9Y375,1,HGNC_symbol,False
NDUFAF2,Q8N183,1,HGNC_symbol,False
NDUFAF3,Q9BU61,1,HGNC_symbol,True
NDUFAF4,Q9P032,1,HGNC_symbol,True
NDUFAF4P1,,0,unmapped,False
NDUFAF4P3,,0,unmapped,False
NDUFAF5,Q5TEU4,1,HGNC_symbol,True
NDUFAF6,Q330K2,1,HGNC_symbol,True
NDUFAF7,Q7L592,1,HGNC_symbol,False
NDUFAF8,A1L188,1,HGNC_symbol,False
NDUFB1,O75438,1,HGNC_symbol,True
NDUFB10,O96000,1,HGNC_symbol,False
NDUFB11,Q9NX14,1,HGNC_symbol,False
NDUFB1P1,,0,unmapped,False
NDUFB2,O95178,1,HGNC_symbol,True
NDUFB2-AS1,,0,unmapped,False
NDUFB3,O43676,1,HGNC_symbol,False
NDUFB4,O95168,1,HGNC_symbol,True
NDUFB5,O43674,1,HGNC_symbol,True
NDUFB6,O95139,1,HGNC_symbol,False
NDUFB7,P17568,1,HGNC_symbol,False
NDUFB8,O95169,1,HGNC_symbol,True
NDUFB9,Q9Y6M9,1,HGNC_symbol,True
NDUFC1,O43677,1,HGNC_symbol,False
NDUFC2,O95298,1,HGNC_symbol,True
NDUFS1,P28331,1,HGNC_symbol,False
NDUFS2,O75306,1,HGNC_symbol,False
NDUFS3,O75489,1,HGNC_symbol,False
NDUFS4,O43181,1,HGNC_symbol,False
NDUFS5,O43920,1,HGNC_symbol,True
NDUFS6,O75380,1,HGNC_symbol,False
NDUFS7,O75251,1,HGNC_symbol,True
NDUFS8,O00217,1,HGNC_symbol,True
NDUFV1,P49821,1,HGNC_symbol,True
NDUFV2,P19404,1,HGNC_symbol,False
NDUFV2P1,,0,unmapped,False
NDUFV3,P56181,1,HGNC_symbol,False
NEAT1,,0,unmapped,False
NEB,P20929,1,HGNC_symbol,False
NEBL,O76041,1,HGNC_symbol,False
NECAB1,Q8N987,1,HGNC_symbol,True
NECAB2,Q7Z6G3,1,HGNC_symbol,True
NECAB3,Q96P71,1,HGNC_symbol,True
NECAP1,Q8NC96,1,HGNC_symbol,False
NECAP1P1,,0,unmapped,False
NECAP2,Q9NVZ3,1,HGNC_symbol,True
NECTIN1,Q15223,1,HGNC_symbol,False
NECTIN2,Q92692,1,HGNC_symbol,False
NECTIN3,Q9NQS3,1,HGNC_symbol,True
NECTIN4,Q96NY8,1,HGNC_symbol,True
NEDD1,Q8NHV4,1,HGNC_symbol,False
NEDD4,P46934,1,HGNC_symbol,False
NEDD4L,Q96PU5,1,HGNC_symbol,False
NEDD8,Q15843,1,HGNC_symbol,False
NEDD9,Q14511,1,HGNC_symbol,False
NEFH,P12036,1,HGNC_symbol,False
NEFL,P07196,1,HGNC_symbol,False
NEFM,P07197,1,HGNC_symbol,False
NEGR1,Q7Z3B1,1,HGNC_symbol,False
NEIL1,Q96FI4,1,HGNC_symbol,False
NEIL2,Q969S2,1,HGNC_symbol,True
NEIL3,Q8TAT5,1,HGNC_symbol,False
NEK1,Q96PY6,1,HGNC_symbol,False
NEK10,Q6ZWH5,1,HGNC_symbol,False
NEK11,Q8NG66,1,HGNC_symbol,True
NEK2,P51955,1,HGNC_symbol,False
NEK3,P51956,1,HGNC_symbol,False
NEK4,P51957,1,HGNC_symbol,True
NEK5,Q6P3R8,1,HGNC_symbol,True
NEK6,Q9HC98,1,HGNC_symbol,True
NEK7,Q8TDX7,1,HGNC_symbol,True
NEK8,Q86SG6,1,HGNC_symbol,False
NEK9,Q8TD19,1,HGNC_symbol,False
NELFA,Q9H3P2,1,HGNC_symbol,False
NELFB,Q8WX92,1,HGNC_symbol,True
NELFCD,Q8IXH7,1,HGNC_symbol,False
NELFE,P18615,1,HGNC_symbol,False
NELL1,Q92832,1,HGNC_symbol,True
NELL2,Q99435,1,HGNC_symbol,False
NEMF,O60524,1,HGNC_symbol,False
NEMP1,O14524,1,HGNC_symbol,False
NEMP2,A6NFY4,1,HGNC_symbol,True
NENF,Q9UMX5,1,HGNC_symbol,False
NEO1,Q92859,1,HGNC_symbol,False
NES,P48681,1,HGNC_symbol,False
NET1,Q7Z628,1,HGNC_symbol,False
NETO1,Q8TDF5,1,HGNC_symbol,True
NETO2,Q8NC67,1,HGNC_symbol,True
NEU1,Q99519,1,HGNC_symbol,True
NEU2,Q9Y3R4,1,HGNC_symbol,False
NEU3,Q9UQ49,1,HGNC_symbol,False
NEU4,Q8WWR8,1,HGNC_symbol,True
NEURL1,O76050,1,HGNC_symbol,False
NEURL1B,A8MQ27,1,HGNC_symbol,False
NEURL2,Q9BR09,1,HGNC_symbol,False
NEURL3,Q96EH8,1,HGNC_symbol,False
NEURL4,Q96JN8,1,HGNC_symbol,False
NEUROD1,Q13562,1,HGNC_symbol,True
NEUROD2,Q15784,1,HGNC_symbol,True
NEUROD4,Q9HD90,1,HGNC_symbol,False
NEUROD6,Q96NK8,1,HGNC_symbol,False
NEUROG1,Q92886,1,HGNC_symbol,True
NEUROG2,Q9H2A3,1,HGNC_symbol,False
NEUROG3,Q9Y4Z2,1,HGNC_symbol,True
NEXMIF,Q5QGS0,1,HGNC_symbol,False
NEXN,Q0ZGT2,1,HGNC_symbol,True
NEXN-AS1,Q8NBZ9,1,HGNC_symbol,False
NF1,P21359,1,HGNC_symbol,False
NF2,P35240,1,HGNC_symbol,False
NFAM1,Q8NET5,1,HGNC_symbol,False
NFASC,O94856,1,HGNC_symbol,False
NFAT5,O94916,1,HGNC_symbol,False
NFATC1,O95644,1,HGNC_symbol,True
NFATC2,Q13469,1,HGNC_symbol,True
NFATC2IP,Q8NCF5,1,HGNC_symbol,False
NFATC3,Q12968,1,HGNC_symbol,False
NFATC4,Q14934,1,HGNC_symbol,False
NFE2,Q16621,1,HGNC_symbol,True
NFE2L1,Q14494,1,HGNC_symbol,False
NFE2L2,Q16236,1,HGNC_symbol,True
NFE2L3,Q9Y4A8,1,HGNC_symbol,False
NFE2L3P1,,0,unmapped,False
NFE4,Q86UQ8,1,HGNC_symbol,True
NFIA,Q12857,1,HGNC_symbol,True
NFIB,O00712,1,HGNC_symbol,False
NFIC,P08651,1,HGNC_symbol,False
NFIL3,Q16649,1,HGNC_symbol,True
NFILZ,A0A5F9ZHS7,1,HGNC_symbol,True
NFIX,Q14938,1,HGNC_symbol,True
NFKB1,P19838,1,HGNC_symbol,True
NFKB2,Q00653,1,HGNC_symbol,False
NFKBIA,P25963,1,HGNC_symbol,False
NFKBIB,Q15653,1,HGNC_symbol,True
NFKBID,Q8NI38,1,HGNC_symbol,True
NFKBIE,O00221,1,HGNC_symbol,False
NFKBIL1,Q9UBC1,1,HGNC_symbol,False
NFKBIZ,Q9BYH8,1,HGNC_symbol,False
NFRKB,Q6P4R8,1,HGNC_symbol,False
NFS1,Q9Y697,1,HGNC_symbol,False
NFU1,Q9UMS0,1,HGNC_symbol,False
NFU1P1,,0,unmapped,False
NFX1,Q12986,1,HGNC_symbol,False
NFXL1,Q6ZNB6,1,HGNC_symbol,False
NFYA,P23511,1,HGNC_symbol,False
NFYAP1,,0,unmapped,False
NFYB,P25208,1,HGNC_symbol,True
NFYC,Q13952,1,HGNC_symbol,False
NFYC-AS1,,0,unmapped,False
NGB,Q9NPG2,1,HGNC_symbol,False
NGDN,Q8NEJ9,1,HGNC_symbol,True
NGEF,Q8N5V2,1,HGNC_symbol,False
NGF,P01138,1,HGNC_symbol,True
NGFR,P08138,1,HGNC_symbol,False
NGFRAP1,1SA6,5,STRING_alias,False
NGLY1,Q96IV0,1,HGNC_symbol,True
NGRN,Q9NPE2,1,HGNC_symbol,False
NHEJ1,Q9H9Q4,1,HGNC_symbol,False
NHERF1,O14745,1,HGNC_symbol,False
NHERF2,Q15599,1,HGNC_symbol,False
NHERF4,Q86UT5,1,HGNC_symbol,False
NHLH1,Q02575,1,HGNC_symbol,True
NHLH2,Q02577,1,HGNC_symbol,True
NHLRC1,Q6VVB1,1,HGNC_symbol,False
NHLRC2,Q8NBF2,1,HGNC_symbol,False
NHLRC3,Q5JS37,1,HGNC_symbol,True
NHLRC4,P0CG21,1,HGNC_symbol,False
NHP2,Q9NX24,1,HGNC_symbol,False
NHP2L1,3SIU,5,STRING_alias,False
NHP2P1,,0,unmapped,False
NHS,Q6T4R5,1,HGNC_symbol,False
NHSL1,Q5SYE7,1,HGNC_symbol,False
NHSL2,Q5HYW2,1,HGNC_symbol,False
NHSL3,Q9P206,1,HGNC_symbol,False
NIBAN1,Q9BZQ8,1,HGNC_symbol,True
NIBAN2,Q96TA1,1,HGNC_symbol,False
NIBAN3,Q86XR2,1,HGNC_symbol,False
NICN1,Q9BSH3,1,HGNC_symbol,True
NICN1-AS1,,0,unmapped,False
NICOL1,Q5BLP8,1,HGNC_symbol,False
NID1,P14543,1,HGNC_symbol,False
NID2,Q14112,1,HGNC_symbol,False
NIF3L1,Q9GZT8,1,HGNC_symbol,False
NIFK,Q9BYG3,1,HGNC_symbol,True
NIFK-AS1,,0,unmapped,False
NIFKP3,,0,unmapped,False
NIFKP6,,0,unmapped,False
NIM1K,Q8IY84,1,HGNC_symbol,True
NIN,Q8N4C6,1,HGNC_symbol,False
NINJ1,Q92982,1,HGNC_symbol,True
NINJ2,Q9NZG7,1,HGNC_symbol,False
NINL,Q9Y2I6,1,HGNC_symbol,False
NIP7,Q9Y221,1,HGNC_symbol,False
NIPA1,Q7RTP0,1,HGNC_symbol,False
NIPA2,Q8N8Q9,1,HGNC_symbol,False
NIPAL1,Q6NVV3,1,HGNC_symbol,False
NIPAL2,Q9H841,1,HGNC_symbol,False
NIPAL3,Q6P499,1,HGNC_symbol,False
NIPAL4,Q0D2K0,1,HGNC_symbol,False
NIPBL,Q6KC79,1,HGNC_symbol,False
NIPSNAP1,Q9BPW8,1,HGNC_symbol,False
NIPSNAP2,O75323,1,HGNC_symbol,True
NIPSNAP3A,Q9UFN0,1,HGNC_symbol,True
NIPSNAP3B,Q9BS92,1,HGNC_symbol,True
NISCH,Q9Y2I1,1,HGNC_symbol,False
NIT1,Q86X76,1,HGNC_symbol,False
NIT2,Q9NQR4,1,HGNC_symbol,False
NKAIN1,Q4KMZ8,1,HGNC_symbol,False
NKAIN2,Q5VXU1,1,HGNC_symbol,False
NKAIN3,Q8N8D7,1,HGNC_symbol,False
NKAIN4,Q8IVV8,1,HGNC_symbol,True
NKAP,Q8N5F7,1,HGNC_symbol,False
NKAPD1,Q6ZUT1,1,HGNC_symbol,False
NKAPL,Q5M9Q1,1,HGNC_symbol,True
NKAPP1,Q8N9T2,1,HGNC_symbol,False
NKD1,Q969G9,1,HGNC_symbol,False
NKD2,Q969F2,1,HGNC_symbol,True
NKG7,Q16617,1,HGNC_symbol,True
NKIRAS1,Q9NYS0,1,HGNC_symbol,True
NKIRAS2,Q9NYR9,1,HGNC_symbol,False
NKPD1,Q17RQ9,1,HGNC_symbol,False
NKRF,A0AAG2UWQ9,1,HGNC_symbol,False
NKTR,P30414,1,HGNC_symbol,False
NKX1-1,Q15270,1,HGNC_symbol,False
NKX1-2,Q9UD57,1,HGNC_symbol,False
NKX2-1,P43699,1,HGNC_symbol,True
NKX2-2,O95096,1,HGNC_symbol,True
NKX2-3,Q8TAU0,1,HGNC_symbol,False
NKX2-4,Q9H2Z4,1,HGNC_symbol,True
NKX2-5,P52952,1,HGNC_symbol,True
NKX2-6,A6NCS4,1,HGNC_symbol,False
NKX2-8,O15522,1,HGNC_symbol,False
NKX3-1,Q99801,1,HGNC_symbol,False
NKX3-2,P78367,1,HGNC_symbol,True
NKX6-1,P78426,1,HGNC_symbol,False
NKX6-2,Q9C056,1,HGNC_symbol,False
NKX6-3,A6NJ46,1,HGNC_symbol,False
NLE1,Q9NVX2,1,HGNC_symbol,True
NLGN1,Q8N2Q7,1,HGNC_symbol,False
NLGN2,Q8NFZ4,1,HGNC_symbol,False
NLGN3,Q9NZ94,1,HGNC_symbol,False
NLGN4X,Q8N0W4,1,HGNC_symbol,False
NLGN4Y,Q8NFZ3,1,HGNC_symbol,True
NLK,Q9UBE8,1,HGNC_symbol,False
NLN,Q9BYT8,1,HGNC_symbol,False
NLRC3,Q7RTR2,1,HGNC_symbol,False
NLRC4,Q9NPP4,1,HGNC_symbol,True
NLRC5,Q86WI3,1,HGNC_symbol,False
NLRP1,Q9C000,1,HGNC_symbol,False
NLRP10,Q86W26,1,HGNC_symbol,False
NLRP11,P59045,1,HGNC_symbol,False
NLRP12,P59046,1,HGNC_symbol,False
NLRP13,Q86W25,1,HGNC_symbol,False
NLRP14,Q86W24,1,HGNC_symbol,False
NLRP2,Q9NX02,1,HGNC_symbol,False
NLRP2B,P0DMW2,1,HGNC_symbol,False
NLRP3,Q96P20,1,HGNC_symbol,False
NLRP4,Q96MN2,1,HGNC_symbol,False
NLRP5,P59047,1,HGNC_symbol,False
NLRP6,P59044,1,HGNC_symbol,True
NLRP7,Q8WX94,1,HGNC_symbol,False
NLRP8,Q86W28,1,HGNC_symbol,False
NLRP9,Q7RTR0,1,HGNC_symbol,False
NLRP9P,,0,unmapped,False
NLRX1,Q86UT6,1,HGNC_symbol,True
NMB,P08949,1,HGNC_symbol,True
NMBR,P28336,1,HGNC_symbol,True
NMD3,Q96D46,1,HGNC_symbol,False
NMD3P1,,0,unmapped,False
NME1,P15531,1,HGNC_symbol,True
NME1-NME2,,0,unmapped,False
NME2,P22392,1,HGNC_symbol,False
NME2P1,,0,unmapped,False
NME3,Q13232,1,HGNC_symbol,True
NME4,O00746,1,HGNC_symbol,False
NME5,P56597,1,HGNC_symbol,False
NME6,O75414,1,HGNC_symbol,False
NME7,Q9Y5B8,1,HGNC_symbol,False
NME8,Q8N427,1,HGNC_symbol,True
NME9,Q86XW9,1,HGNC_symbol,True
NMI,Q13287,1,HGNC_symbol,False
NMNAT1,Q9HAN9,1,HGNC_symbol,False
NMNAT2,Q9BZQ4,1,HGNC_symbol,False
NMNAT3,Q96T66,1,HGNC_symbol,False
NMRAL1,Q9HBL8,1,HGNC_symbol,False
NMRK1,Q9NWW6,1,HGNC_symbol,False
NMRK2,Q9NPI5,1,HGNC_symbol,False
NMS,Q5H8A3,1,HGNC_symbol,False
NMT1,P30419,1,HGNC_symbol,True
NMT2,O60551,1,HGNC_symbol,False
NMU,P48645,1,HGNC_symbol,False
NMUR1,Q9HB89,1,HGNC_symbol,False
NMUR2,Q9GZQ4,1,HGNC_symbol,False
NNAT,Q16517,1,HGNC_symbol,False
NNMT,P40261,1,HGNC_symbol,False
NNT,Q13423,1,HGNC_symbol,False
NNT-AS1,,0,unmapped,False
NOA1,Q8NC60,1,HGNC_symbol,True
NOB1,Q9ULX3,1,HGNC_symbol,True
NOBOX,O60393,1,HGNC_symbol,False
NOC2L,Q9Y3T9,1,HGNC_symbol,False
NOC3L,Q8WTT2,1,HGNC_symbol,False
NOC4L,Q9BVI4,1,HGNC_symbol,False
NOCT,Q9UK39,1,HGNC_symbol,False
NOD1,Q9Y239,1,HGNC_symbol,False
NOD2,Q9HC29,1,HGNC_symbol,False
NODAL,Q96S42,1,HGNC_symbol,True
NOG,Q13253,1,HGNC_symbol,False
NOL10,Q9BSC4,1,HGNC_symbol,False
NOL11,Q9H8H0,1,HGNC_symbol,False
NOL12,Q9UGY1,1,HGNC_symbol,False
NOL3,O60936,1,HGNC_symbol,False
NOL4,O94818,1,HGNC_symbol,False
NOL4L,Q96MY1,1,HGNC_symbol,True
NOL5BP,,0,unmapped,False
NOL6,Q9H6R4,1,HGNC_symbol,False
NOL7,Q9UMY1,1,HGNC_symbol,False
NOL8,Q76FK4,1,HGNC_symbol,False
NOL9,Q5SY16,1,HGNC_symbol,False
NOLC1,Q14978,1,HGNC_symbol,False
NOM1,Q5C9Z4,1,HGNC_symbol,False
NOMO1,Q15155,1,HGNC_symbol,False
NOMO2,Q5JPE7,1,HGNC_symbol,False
NOMO3,P69849,1,HGNC_symbol,False
NONO,Q15233,1,HGNC_symbol,True
NONOP2,,0,unmapped,False
NOP10,Q9NPE3,1,HGNC_symbol,True
NOP14,P78316,1,HGNC_symbol,False
NOP14-AS1,,0,unmapped,False
NOP16,Q9Y3C1,1,HGNC_symbol,True
NOP2,P46087,1,HGNC_symbol,True
NOP53,Q9NZM5,1,HGNC_symbol,False
NOP56,O00567,1,HGNC_symbol,True
NOP58,Q9Y2X3,1,HGNC_symbol,False
NOP9,Q86U38,1,HGNC_symbol,True
NOPCHAP1,Q8N5I9,1,HGNC_symbol,False
NOS1,P29475,1,HGNC_symbol,False
NOS1AP,O75052,1,HGNC_symbol,False
NOS2,P35228,1,HGNC_symbol,False
NOS3,P29474,1,HGNC_symbol,False
NOSIP,Q9Y314,1,HGNC_symbol,False
NOSTRIN,Q8IVI9,1,HGNC_symbol,False
NOTCH1,P46531,1,HGNC_symbol,False
NOTCH2,Q04721,1,HGNC_symbol,False
NOTCH2NL,388677,5,STRING_alias,False
NOTCH2NLA,Q7Z3S9,1,HGNC_symbol,False
NOTCH2NLB,P0DPK3,1,HGNC_symbol,True
NOTCH2NLC,P0DPK4,1,HGNC_symbol,False
NOTCH2NLR,A0A096LNW5,1,HGNC_symbol,False
NOTCH3,Q9UM47,1,HGNC_symbol,False
NOTCH4,Q99466,1,HGNC_symbol,False
NOTO,A8MTQ0,1,HGNC_symbol,False
NOTUM,Q6P988,1,HGNC_symbol,True
NOV,4856,5,STRING_alias,False
NOVA1,P51513,1,HGNC_symbol,True
NOVA2,Q9UNW9,1,HGNC_symbol,True
NOX1,Q9Y5S8,1,HGNC_symbol,False
NOX3,Q9HBY0,1,HGNC_symbol,False
NOX4,Q9NPH5,1,HGNC_symbol,False
NOX5,Q96PH1,1,HGNC_symbol,False
NOXA1,Q86UR1,1,HGNC_symbol,False
NOXO1,Q8NFA2,1,HGNC_symbol,False
NOXRED1,Q6NXP6,1,HGNC_symbol,True
NPAP1,Q9NZP6,1,HGNC_symbol,False
NPAS1,Q99742,1,HGNC_symbol,False
NPAS2,Q99743,1,HGNC_symbol,False
NPAS3,Q8IXF0,1,HGNC_symbol,True
NPAS4,Q8IUM7,1,HGNC_symbol,True
NPAT,Q14207,1,HGNC_symbol,False
NPB,Q8NG41,1,HGNC_symbol,False
NPBWR1,P48145,1,HGNC_symbol,False
NPBWR2,P48146,1,HGNC_symbol,True
NPC1,O15118,1,HGNC_symbol,False
NPC1L1,Q9UHC9,1,HGNC_symbol,False
NPC2,P61916,1,HGNC_symbol,False
NPDC1,Q9NQX5,1,HGNC_symbol,False
NPEPL1,Q8NDH3,1,HGNC_symbol,False
NPEPPS,P55786,1,HGNC_symbol,False
NPFF,O15130,1,HGNC_symbol,False
NPFFR1,Q9GZQ6,1,HGNC_symbol,False
NPFFR2,Q9Y5X5,1,HGNC_symbol,True
NPHP1,O15259,1,HGNC_symbol,True
NPHP3,Q7Z494,1,HGNC_symbol,False
NPHP3-AS1,,0,unmapped,False
NPHP4,O75161,1,HGNC_symbol,False
NPHS1,O60500,1,HGNC_symbol,False
NPHS2,Q9NP85,1,HGNC_symbol,False
NPIPA1,Q9UND3,1,HGNC_symbol,True
NPIPA2,E9PIF3,1,HGNC_symbol,True
NPIPA3,F8WFD2,1,HGNC_symbol,False
NPIPA5,E9PKD4,1,HGNC_symbol,False
NPIPA6,P0DXC3,1,HGNC_symbol,True
NPIPA7,E9PJI5,1,HGNC_symbol,False
NPIPA8,P0DM63,1,HGNC_symbol,True
NPIPA9,A0A0B4J1W7,1,HGNC_symbol,False
NPIPB11,E5RHQ5,1,HGNC_symbol,False
NPIPB12,F8W0I5,1,HGNC_symbol,False
NPIPB13,A6NJU9,1,HGNC_symbol,False
NPIPB15,A6NHN6,1,HGNC_symbol,False
NPIPB1P,,0,unmapped,False
NPIPB2,A6NJ64,1,HGNC_symbol,False
NPIPB3,A0AAG2TG10,1,HGNC_symbol,False
NPIPB4,C9JG80,1,HGNC_symbol,False
NPIPB5,A8MRT5,1,HGNC_symbol,False
NPIPB6,E9PJ23,1,HGNC_symbol,False
NPIPB7,O75200,1,HGNC_symbol,False
NPIPB8,E9PQR5,1,HGNC_symbol,False
NPIPB9,F8W1W9,1,HGNC_symbol,True
NPIPP1,,0,unmapped,False
NPL,Q9BXD5,1,HGNC_symbol,True
NPLOC4,Q8TAT6,1,HGNC_symbol,False
NPM1,P06748,1,HGNC_symbol,True
NPM1P12,,0,unmapped,False
NPM1P18,,0,unmapped,False
NPM1P19,,0,unmapped,False
NPM1P21,,0,unmapped,False
NPM1P24,,0,unmapped,False
NPM1P25,,0,unmapped,False
NPM1P26,,0,unmapped,False
NPM1P27,,0,unmapped,False
NPM1P31,,0,unmapped,False
NPM1P32,,0,unmapped,False
NPM1P33,,0,unmapped,False
NPM1P35,,0,unmapped,False
NPM1P37,,0,unmapped,False
NPM1P39,,0,unmapped,False
NPM1P46,,0,unmapped,False
NPM1P5,,0,unmapped,False
NPM1P50,,0,unmapped,False
NPM1P6,,0,unmapped,False
NPM1P8,,0,unmapped,False
NPM1P9,,0,unmapped,False
NPM2,Q86SE8,1,HGNC_symbol,False
NPM3,O75607,1,HGNC_symbol,True
NPNT,Q6UXI9,1,HGNC_symbol,False
NPPA,P01160,1,HGNC_symbol,False
NPPA-AS1,,0,unmapped,False
NPPB,P16860,1,HGNC_symbol,True
NPPC,P23582,1,HGNC_symbol,False
NPR1,P16066,1,HGNC_symbol,False
NPR2,P20594,1,HGNC_symbol,False
NPR3,P17342,1,HGNC_symbol,False
NPRL2,Q8WTW4,1,HGNC_symbol,False
NPRL3,Q12980,1,HGNC_symbol,True
NPS,P0C0P6,1,HGNC_symbol,False
NPSR1,Q6W5P4,1,HGNC_symbol,True
NPTN,Q9Y639,1,HGNC_symbol,False
NPTX1,Q15818,1,HGNC_symbol,True
NPTX2,P47972,1,HGNC_symbol,False
NPTXR,O95502,1,HGNC_symbol,True
NPVF,Q9HCQ7,1,HGNC_symbol,False
NPW,Q8N729,1,HGNC_symbol,True
NPY,P01303,1,HGNC_symbol,True
NPY1R,P25929,1,HGNC_symbol,True
NPY2R,P49146,1,HGNC_symbol,True
NPY4R,P50391,1,HGNC_symbol,False
NPY4R2,P0DQD5,1,HGNC_symbol,False
NPY5R,Q15761,1,HGNC_symbol,True
NQO1,P15559,1,HGNC_symbol,False
NQO2,P16083,1,HGNC_symbol,False
NR0B1,P51843,1,HGNC_symbol,False
NR0B2,Q15466,1,HGNC_symbol,True
NR1D1,P20393,1,HGNC_symbol,True
NR1D2,Q14995,1,HGNC_symbol,True
NR1H2,P55055,1,HGNC_symbol,True
NR1H3,Q13133,1,HGNC_symbol,True
NR1H4,Q96RI1,1,HGNC_symbol,False
NR1I2,O75469,1,HGNC_symbol,False
NR1I3,Q14994,1,HGNC_symbol,False
NR2C1,P13056,1,HGNC_symbol,False
NR2C2,P49116,1,HGNC_symbol,False
NR2C2AP,Q86WQ0,1,HGNC_symbol,False
NR2E1,Q9Y466,1,HGNC_symbol,True
NR2E3,Q9Y5X4,1,HGNC_symbol,True
NR2F1,P10589,1,HGNC_symbol,True
NR2F2,P24468,1,HGNC_symbol,False
NR2F6,P10588,1,HGNC_symbol,False
NR3C1,P04150,1,HGNC_symbol,False
NR3C2,P08235,1,HGNC_symbol,False
NR4A1,P22736,1,HGNC_symbol,True
NR4A2,P43354,1,HGNC_symbol,False
NR4A3,Q92570,1,HGNC_symbol,False
NR5A1,Q13285,1,HGNC_symbol,False
NR5A2,O00482,1,HGNC_symbol,False
NR6A1,Q15406,1,HGNC_symbol,True
NRADDP,,0,unmapped,False
NRAP,Q86VF7,1,HGNC_symbol,False
NRARP,Q7Z6K4,1,HGNC_symbol,True
NRAS,P01111,1,HGNC_symbol,True
NRBF2,Q96F24,1,HGNC_symbol,False
NRBF2P3,,0,unmapped,False
NRBF2P4,,0,unmapped,False
NRBP1,Q9UHY1,1,HGNC_symbol,True
NRBP2,Q9NSY0,1,HGNC_symbol,True
NRCAM,Q92823,1,HGNC_symbol,False
NRD1,3.4.24.61,5,STRING_alias,False
NRDC,O43847,1,HGNC_symbol,False
NRDE2,Q9H7Z3,1,HGNC_symbol,False
NREP,Q16612,1,HGNC_symbol,False
NRF1,Q16656,1,HGNC_symbol,False
NRG1,Q02297,1,HGNC_symbol,False
NRG2,O14511,1,HGNC_symbol,True
NRG3,P56975,1,HGNC_symbol,False
NRG4,Q8WWG1,1,HGNC_symbol,False
NRGN,Q92686,1,HGNC_symbol,False
NRIP1,P48552,1,HGNC_symbol,False
NRIP2,Q9BQI9,1,HGNC_symbol,False
NRIP3,Q9NQ35,1,HGNC_symbol,False
NRK,Q7Z2Y5,1,HGNC_symbol,False
NRL,P54845,1,HGNC_symbol,True
NRM,Q8IXM6,1,HGNC_symbol,True
NRN1,Q9NPD7,1,HGNC_symbol,True
NRN1L,Q496H8,1,HGNC_symbol,True
NRP1,O14786,1,HGNC_symbol,True
NRP2,O60462,1,HGNC_symbol,True
NRROS,Q86YC3,1,HGNC_symbol,True
NRSN1,Q8IZ57,1,HGNC_symbol,False
NRSN2,Q9GZP1,1,HGNC_symbol,True
NRTN,Q99748,1,HGNC_symbol,True
NRXN1,Q9ULB1,1,HGNC_symbol,False
NRXN2,Q9P2S2,1,HGNC_symbol,False
NRXN3,Q9Y4C0,1,HGNC_symbol,False
NSA2,O95478,1,HGNC_symbol,False
NSD1,Q96L73,1,HGNC_symbol,False
NSD2,O96028,1,HGNC_symbol,False
NSD3,Q9BZ95,1,HGNC_symbol,False
NSDHL,Q15738,1,HGNC_symbol,False
NSF,P46459,1,HGNC_symbol,False
NSFL1C,Q9UNZ2,1,HGNC_symbol,False
NSFP1,,0,unmapped,False
NSG1,P42857,1,HGNC_symbol,True
NSG2,Q9Y328,1,HGNC_symbol,False
NSL1,Q96IY1,1,HGNC_symbol,False
NSMAF,Q92636,1,HGNC_symbol,True
NSMCE1,Q8WV22,1,HGNC_symbol,False
NSMCE2,Q96MF7,1,HGNC_symbol,True
NSMCE3,Q96MG7,1,HGNC_symbol,False
NSMCE4A,Q9NXX6,1,HGNC_symbol,False
NSMF,Q6X4W1,1,HGNC_symbol,True
NSRP1,Q9H0G5,1,HGNC_symbol,False
NSRP1P1,,0,unmapped,False
NSUN2,Q08J23,1,HGNC_symbol,False
NSUN3,Q9H649,1,HGNC_symbol,False
NSUN4,Q96CB9,1,HGNC_symbol,False
NSUN5,Q96P11,1,HGNC_symbol,True
NSUN5P1,Q3KNT7,1,HGNC_symbol,False
NSUN5P2,Q63ZY6,1,HGNC_symbol,True
NSUN6,Q8TEA1,1,HGNC_symbol,True
NSUN7,Q8NE18,1,HGNC_symbol,True
NT5C,Q8TCD5,1,HGNC_symbol,False
NT5C1A,Q9BXI3,1,HGNC_symbol,True
NT5C1B,Q96P26,1,HGNC_symbol,False
NT5C2,P49902,1,HGNC_symbol,False
NT5C3A,Q9H0P0,1,HGNC_symbol,False
NT5C3AP1,,0,unmapped,False
NT5C3B,Q969T7,1,HGNC_symbol,False
NT5DC1,Q5TFE4,1,HGNC_symbol,True
NT5DC2,Q9H857,1,HGNC_symbol,False
NT5DC3,Q86UY8,1,HGNC_symbol,False
NT5DC4,Q86YG4,1,HGNC_symbol,False
NT5E,P21589,1,HGNC_symbol,False
NT5M,Q9NPB1,1,HGNC_symbol,False
NTAN1,Q96AB6,1,HGNC_symbol,False
NTAN1P2,,0,unmapped,False
NTAQ1,Q96HA8,1,HGNC_symbol,False
NTF3,P20783,1,HGNC_symbol,False
NTF4,P34130,1,HGNC_symbol,True
NTHL1,P78549,1,HGNC_symbol,True
NTM,Q9P121,1,HGNC_symbol,False
NTMT1,Q9BV86,1,HGNC_symbol,True
NTMT2,Q5VVY1,1,HGNC_symbol,False
NTN1,O95631,1,HGNC_symbol,True
NTN3,O00634,1,HGNC_symbol,False
NTN4,Q9HB63,1,HGNC_symbol,False
NTN5,Q8WTR8,1,HGNC_symbol,False
NTNG1,Q9Y2I2,1,HGNC_symbol,True
NTNG2,Q96CW9,1,HGNC_symbol,False
NTPCR,Q9BSD7,1,HGNC_symbol,True
NTRK1,P04629,1,HGNC_symbol,False
NTRK2,Q16620,1,HGNC_symbol,True
NTRK3,Q16288,1,HGNC_symbol,False
NTS,P30990,1,HGNC_symbol,True
NTSR1,P30989,1,HGNC_symbol,True
NTSR2,O95665,1,HGNC_symbol,False
NUAK1,O60285,1,HGNC_symbol,False
NUAK2,Q9H093,1,HGNC_symbol,True
NUB1,Q9Y5A7,1,HGNC_symbol,False
NUBP1,P53384,1,HGNC_symbol,False
NUBP2,Q9Y5Y2,1,HGNC_symbol,False
NUBPL,Q8TB37,1,HGNC_symbol,True
NUCB1,Q02818,1,HGNC_symbol,False
NUCB1-AS1,,0,unmapped,False
NUCB2,P80303,1,HGNC_symbol,False
NUCKS1,Q9H1E3,1,HGNC_symbol,False
NUDC,Q9Y266,1,HGNC_symbol,False
NUDCD1,Q96RS6,1,HGNC_symbol,True
NUDCD2,Q8WVJ2,1,HGNC_symbol,True
NUDCD3,Q8IVD9,1,HGNC_symbol,True
NUDT1,P36639,1,HGNC_symbol,True
NUDT10,Q8NFP7,1,HGNC_symbol,True
NUDT11,Q96G61,1,HGNC_symbol,False
NUDT12,Q9BQG2,1,HGNC_symbol,False
NUDT13,Q86X67,1,HGNC_symbol,False
NUDT14,O95848,1,HGNC_symbol,False
NUDT15,Q9NV35,1,HGNC_symbol,True
NUDT16,Q96DE0,1,HGNC_symbol,True
NUDT16L1,Q9BRJ7,1,HGNC_symbol,False
NUDT16P1,,0,unmapped,False
NUDT17,P0C025,1,HGNC_symbol,True
NUDT18,Q6ZVK8,1,HGNC_symbol,False
NUDT19,A8MXV4,1,HGNC_symbol,False
NUDT2,P50583,1,HGNC_symbol,False
NUDT21,O43809,1,HGNC_symbol,True
NUDT22,Q9BRQ3,1,HGNC_symbol,True
NUDT3,O95989,1,HGNC_symbol,False
NUDT4,Q9NZJ9,1,HGNC_symbol,False
NUDT4B,A0A024RBG1,1,HGNC_symbol,False
NUDT4P1,,0,unmapped,False
NUDT5,Q9UKK9,1,HGNC_symbol,False
NUDT6,P53370,1,HGNC_symbol,True
NUDT7,P0C024,1,HGNC_symbol,False
NUDT8,Q8WV74,1,HGNC_symbol,True
NUDT9,Q9BW91,1,HGNC_symbol,False
NUF2,Q9BZD4,1,HGNC_symbol,False
NUFIP1,Q9UHK0,1,HGNC_symbol,True
NUFIP1P,,0,unmapped,False
NUFIP2,Q7Z417,1,HGNC_symbol,False
NUGGC,Q68CJ6,1,HGNC_symbol,False
NUMA1,Q14980,1,HGNC_symbol,False
NUMB,P49757,1,HGNC_symbol,False
NUMBL,Q9Y6R0,1,HGNC_symbol,True
NUP107,P57740,1,HGNC_symbol,False
NUP133,Q8WUM0,1,HGNC_symbol,False
NUP153,P49790,1,HGNC_symbol,False
NUP155,O75694,1,HGNC_symbol,False
NUP160,Q12769,1,HGNC_symbol,False
NUP188,Q5SRE5,1,HGNC_symbol,False
NUP205,Q92621,1,HGNC_symbol,False
NUP210,Q8TEM1,1,HGNC_symbol,False
NUP210L,Q5VU65,1,HGNC_symbol,False
NUP214,P35658,1,HGNC_symbol,False
NUP35,Q8NFH5,1,HGNC_symbol,False
NUP37,Q8NFH4,1,HGNC_symbol,True
NUP42,O15504,1,HGNC_symbol,False
NUP43,Q8NFH3,1,HGNC_symbol,True
NUP50,Q9UKX7,1,HGNC_symbol,False
NUP54,Q7Z3B4,1,HGNC_symbol,False
NUP58,Q9BVL2,1,HGNC_symbol,False
NUP62,P37198,1,HGNC_symbol,True
NUP62CL,Q9H1M0,1,HGNC_symbol,False
NUP85,Q9BW27,1,HGNC_symbol,False
NUP88,Q99567,1,HGNC_symbol,False
NUP93,Q8N1F7,1,HGNC_symbol,False
NUP98,P52948,1,HGNC_symbol,False
NUPL1,4JO7,5,STRING_alias,False
NUPL2,11097,5,STRING_alias,False
NUPR1,O60356,1,HGNC_symbol,False
NUPR2,A6NF83,1,HGNC_symbol,False
NUS1,Q96E22,1,HGNC_symbol,True
NUS1P1,,0,unmapped,False
NUSAP1,Q9BXS6,1,HGNC_symbol,True
NUTF2,P61970,1,HGNC_symbol,False
NUTF2P2,,0,unmapped,False
NUTM1,Q86Y26,1,HGNC_symbol,False
NUTM2A,Q8IVF1,1,HGNC_symbol,True
NUTM2A-AS1,,0,unmapped,False
NUTM2B,A6NNL0,1,HGNC_symbol,True
NUTM2D,Q5VT03,1,HGNC_symbol,False
NUTM2E,B1AL46,1,HGNC_symbol,False
NUTM2F,A1L443,1,HGNC_symbol,True
NUTM2G,Q5VZR2,1,HGNC_symbol,False
NUTM2HP,,0,unmapped,False
NVL,O15381,1,HGNC_symbol,True
NWD1,Q149M9,1,HGNC_symbol,False
NWD2,Q9ULI1,1,HGNC_symbol,False
NXF1,Q9UBU9,1,HGNC_symbol,False
NXF2,Q9GZY0,1,HGNC_symbol,False
NXF2B,56001,5,STRING_alias,False
NXF3,Q9H4D5,1,HGNC_symbol,True
NXF5,Q9H1B4,1,HGNC_symbol,False
NXN,Q6DKJ4,1,HGNC_symbol,False
NXNL1,Q96CM4,1,HGNC_symbol,True
NXNL2,Q5VZ03,1,HGNC_symbol,False
NXPE1,Q8N323,1,HGNC_symbol,False
NXPE2,Q96DL1,1,HGNC_symbol,False
NXPE3,Q969Y0,1,HGNC_symbol,True
NXPE4,Q6UWF7,1,HGNC_symbol,True
NXPH1,P58417,1,HGNC_symbol,False
NXPH2,O95156,1,HGNC_symbol,True
NXPH3,O95157,1,HGNC_symbol,False
NXPH4,O95158,1,HGNC_symbol,True
NXT1,Q9UKK6,1,HGNC_symbol,False
NXT2,Q9NPJ8,1,HGNC_symbol,False
NYAP1,Q6ZVC0,1,HGNC_symbol,True
NYAP2,Q9P242,1,HGNC_symbol,True
NYNRIN,Q9P2P1,1,HGNC_symbol,False
NYX,Q9GZU5,1,HGNC_symbol,False
OAF,Q86UD1,1,HGNC_symbol,False
OARD1,Q9Y530,1,HGNC_symbol,True
OAS1,P00973,1,HGNC_symbol,True
OAS2,P29728,1,HGNC_symbol,False
OAS3,Q9Y6K5,1,HGNC_symbol,False
OASL,Q15646,1,HGNC_symbol,True
OAT,P04181,1,HGNC_symbol,True
OAZ1,P54368,1,HGNC_symbol,False
OAZ2,O95190,1,HGNC_symbol,False
OAZ3,Q9UMX2,1,HGNC_symbol,True
OBFC1,4JOI,5,STRING_alias,False
OBI1,Q5W0B1,1,HGNC_symbol,False
OBP2A,Q9NY56,1,HGNC_symbol,False
OBP2B,Q9NPH6,1,HGNC_symbol,True
OBSCN,Q5VST9,1,HGNC_symbol,False
OBSL1,O75147,1,HGNC_symbol,False
OC90,Q02509,1,HGNC_symbol,True
OCA2,Q04671,1,HGNC_symbol,False
OCEL1,Q9H607,1,HGNC_symbol,False
OCIAD1,Q9NX40,1,HGNC_symbol,False
OCIAD2,Q56VL3,1,HGNC_symbol,True
OCLM,A0A024R947,5,STRING_alias,False
OCLN,Q16625,1,HGNC_symbol,True
OCM,P0CE72,1,HGNC_symbol,False
OCM2,P0CE71,1,HGNC_symbol,True
OCRL,Q01968,1,HGNC_symbol,True
OCSTAMP,Q9BR26,1,HGNC_symbol,True
ODAD1,Q96M63,1,HGNC_symbol,False
ODAD2,Q5T2S8,1,HGNC_symbol,False
ODAD3,A5D8V7,1,HGNC_symbol,True
ODAD4,Q96NG3,1,HGNC_symbol,False
ODAM,A1E959,1,HGNC_symbol,True
ODAPH,Q17RF5,1,HGNC_symbol,True
ODC1,P11926,1,HGNC_symbol,True
ODF1,Q14990,1,HGNC_symbol,False
ODF2,Q5BJF6,1,HGNC_symbol,False
ODF2L,Q9ULJ1,1,HGNC_symbol,True
ODF3B,440836,5,STRING_alias,False
ODF3L1,,0,unmapped,False
ODF4,Q2M2E3,1,HGNC_symbol,True
ODR4,Q5SWX8,1,HGNC_symbol,True
OFD1,O75665,1,HGNC_symbol,True
OFD1P17,,0,unmapped,False
OGA,O60502,1,HGNC_symbol,False
OGDH,Q02218,1,HGNC_symbol,True
OGDHL,Q9ULD0,1,HGNC_symbol,False
OGFOD1,Q8N543,1,HGNC_symbol,False
OGFOD1P1,,0,unmapped,False
OGFOD2,Q6N063,1,HGNC_symbol,True
OGFOD3,Q6PK18,1,HGNC_symbol,True
OGFR,Q9NZT2,1,HGNC_symbol,True
OGFRL1,Q5TC84,1,HGNC_symbol,True
OGG1,O15527,1,HGNC_symbol,False
OGN,P20774,1,HGNC_symbol,True
OGT,O15294,1,HGNC_symbol,False
OIP5,O43482,1,HGNC_symbol,False
OIP5-AS1,,0,unmapped,False
OIT3,Q8WWZ8,1,HGNC_symbol,False
OLA1,Q9NTK5,1,HGNC_symbol,True
OLA1P1,,0,unmapped,False
OLAH,Q9NV23,1,HGNC_symbol,True
OLFM1,Q99784,1,HGNC_symbol,True
OLFM2,O95897,1,HGNC_symbol,False
OLFM3,Q96PB7,1,HGNC_symbol,False
OLFM4,Q6UX06,1,HGNC_symbol,True
OLFML1,Q6UWY5,1,HGNC_symbol,False
OLFML2A,Q68BL7,1,HGNC_symbol,False
OLFML2B,Q68BL8,1,HGNC_symbol,False
OLFML3,Q9NRN5,1,HGNC_symbol,True
OLIG1,Q8TAK6,1,HGNC_symbol,False
OLIG2,Q13516,1,HGNC_symbol,True
OLIG3,Q7RTU3,1,HGNC_symbol,False
OLR1,P78380,1,HGNC_symbol,False
OMA1,Q96E52,1,HGNC_symbol,True
OMD,Q99983,1,HGNC_symbol,False
OMG,P23515,1,HGNC_symbol,False
OMP,P47874,1,HGNC_symbol,True
ONECUT1,Q9UBC0,1,HGNC_symbol,True
ONECUT2,O95948,1,HGNC_symbol,False
ONECUT3,O60422,1,HGNC_symbol,True
OOEP,A6NGQ2,1,HGNC_symbol,False
OOSP1,A8MZH6,1,HGNC_symbol,False
OOSP2,Q86WS3,1,HGNC_symbol,True
OOSP3,A0A2R8YFM6,1,HGNC_symbol,False
OOSP4A,A0A2R8YFL7,1,HGNC_symbol,False
OOSP4B,A0A2R8Y4Y8,1,HGNC_symbol,False
OPA1,O60313,1,HGNC_symbol,False
OPA3,Q9H6K4,1,HGNC_symbol,False
OPALIN,Q96PE5,1,HGNC_symbol,False
OPCML,Q14982,1,HGNC_symbol,False
OPHN1,O60890,1,HGNC_symbol,False
OPLAH,O14841,1,HGNC_symbol,False
OPN1LW,P04000,1,HGNC_symbol,False
OPN1MW,P04001,1,HGNC_symbol,False
OPN1MW2,P0DN77,1,HGNC_symbol,False
OPN1MW3,P0DN78,1,HGNC_symbol,True
OPN1SW,P03999,1,HGNC_symbol,True
OPN3,Q9H1Y3,1,HGNC_symbol,True
OPN4,Q9UHM6,1,HGNC_symbol,True
OPN5,Q6U736,1,HGNC_symbol,False
OPRD1,P41143,1,HGNC_symbol,True
OPRK1,P41145,1,HGNC_symbol,False
OPRL1,P41146,1,HGNC_symbol,False
OPRM1,P35372,1,HGNC_symbol,True
OPRPN,Q99935,1,HGNC_symbol,False
OPTC,Q9UBM4,1,HGNC_symbol,False
OPTN,Q96CV9,1,HGNC_symbol,False
OR10A2,Q9H208,1,HGNC_symbol,False
OR10A3,P58181,1,HGNC_symbol,False
OR10A4,Q9H209,1,HGNC_symbol,False
OR10A5,Q9H207,1,HGNC_symbol,False
OR10A6,Q8NH74,1,HGNC_symbol,True
OR10A7,Q8NGE5,1,HGNC_symbol,True
OR10AC1,Q8NH08,1,HGNC_symbol,False
OR10AD1,Q8NGE0,1,HGNC_symbol,False
OR10AG1,Q8NH19,1,HGNC_symbol,False
OR10C1,Q96KK4,1,HGNC_symbol,False
OR10D3,Q8NH80,1,HGNC_symbol,True
OR10G2,Q8NGC3,1,HGNC_symbol,False
OR10G3,Q8NGC4,1,HGNC_symbol,False
OR10G4,Q8NGN3,1,HGNC_symbol,False
OR10G6,Q8NH81,1,HGNC_symbol,True
OR10G7,Q8NGN6,1,HGNC_symbol,False
OR10G8,Q8NGN5,1,HGNC_symbol,False
OR10G9,Q8NGN4,1,HGNC_symbol,False
OR10H1,Q9Y4A9,1,HGNC_symbol,False
OR10H2,O60403,1,HGNC_symbol,False
OR10H3,O60404,1,HGNC_symbol,True
OR10H4,Q8NGA5,1,HGNC_symbol,False
OR10H5,Q8NGA6,1,HGNC_symbol,True
OR10J1,P30954,1,HGNC_symbol,False
OR10J3,Q5JRS4,1,HGNC_symbol,False
OR10J4,P0C629,1,HGNC_symbol,True
OR10J5,Q8NHC4,1,HGNC_symbol,True
OR10K1,Q8NGX5,1,HGNC_symbol,False
OR10K2,Q6IF99,1,HGNC_symbol,False
OR10P1,Q8NGE3,1,HGNC_symbol,False
OR10Q1,Q8NGQ4,1,HGNC_symbol,False
OR10R2,Q8NGX6,1,HGNC_symbol,False
OR10S1,Q8NGN2,1,HGNC_symbol,False
OR10T2,Q8NGX3,1,HGNC_symbol,True
OR10V1,Q8NGI7,1,HGNC_symbol,False
OR10W1,Q8NGF6,1,HGNC_symbol,False
OR10X1,Q8NGY0,1,HGNC_symbol,False
OR10Z1,Q8NGY1,1,HGNC_symbol,True
OR11A1,Q9GZK7,1,HGNC_symbol,False
OR11G2,Q8NGC1,1,HGNC_symbol,True
OR11H1,Q8NG94,1,HGNC_symbol,False
OR11H12,B2RN74,1,HGNC_symbol,True
OR11H2,Q8NH07,1,HGNC_symbol,True
OR11H4,Q8NGC9,1,HGNC_symbol,False
OR11H6,Q8NGC7,1,HGNC_symbol,False
OR11H7,Q8NGC8,1,HGNC_symbol,True
OR11L1,Q8NGX0,1,HGNC_symbol,False
OR12D1,P0DN82,1,HGNC_symbol,True
OR12D2,P58182,1,HGNC_symbol,False
OR12D3,Q9UGF7,1,HGNC_symbol,True
OR13A1,Q8NGR1,1,HGNC_symbol,True
OR13C2,Q8NGS9,1,HGNC_symbol,False
OR13C3,Q8NGS6,1,HGNC_symbol,False
OR13C4,Q8NGS5,1,HGNC_symbol,False
OR13C5,Q8NGS8,1,HGNC_symbol,False
OR13C7,P0DN81,1,HGNC_symbol,True
OR13C8,Q8NGS7,1,HGNC_symbol,True
OR13C9,Q8NGT0,1,HGNC_symbol,True
OR13D1,Q8NGV5,1,HGNC_symbol,False
OR13F1,Q8NGS4,1,HGNC_symbol,True
OR13G1,Q8NGZ3,1,HGNC_symbol,False
OR13H1,Q8NG92,1,HGNC_symbol,False
OR13J1,Q8NGT2,1,HGNC_symbol,False
OR14A16,Q8NHC5,1,HGNC_symbol,True
OR14A2,Q96R54,1,HGNC_symbol,True
OR14C36,Q8NHC7,1,HGNC_symbol,True
OR14I1,A6ND48,1,HGNC_symbol,False
OR14J1,Q9UGF5,1,HGNC_symbol,True
OR14K1,Q8NGZ2,1,HGNC_symbol,False
OR14L1,Q8NHC6,1,HGNC_symbol,False
OR14L1P,,0,unmapped,False
OR1A1,Q9P1Q5,1,HGNC_symbol,False
OR1A2,Q9Y585,1,HGNC_symbol,False
OR1B1,Q8NGR6,1,HGNC_symbol,False
OR1C1,Q15619,1,HGNC_symbol,True
OR1D2,P34982,1,HGNC_symbol,False
OR1D4,P47884,1,HGNC_symbol,True
OR1D5,P58170,1,HGNC_symbol,False
OR1E1,P30953,1,HGNC_symbol,True
OR1E2,P47887,1,HGNC_symbol,False
OR1E3,Q8WZA6,1,HGNC_symbol,False
OR1F1,O43749,1,HGNC_symbol,True
OR1G1,P47890,1,HGNC_symbol,False
OR1H1P,,0,unmapped,False
OR1I1,O60431,1,HGNC_symbol,False
OR1J1,Q8NGS3,1,HGNC_symbol,False
OR1J2,Q8NGS2,1,HGNC_symbol,False
OR1J4,Q8NGS1,1,HGNC_symbol,False
OR1K1,Q8NGR3,1,HGNC_symbol,True
OR1L1,Q8NH94,1,HGNC_symbol,True
OR1L3,Q8NH93,1,HGNC_symbol,False
OR1L4,Q8NGR5,1,HGNC_symbol,False
OR1L6,Q8NGR2,1,HGNC_symbol,False
OR1L8,Q8NGR8,1,HGNC_symbol,False
OR1M1,Q8NGA1,1,HGNC_symbol,True
OR1N1,Q8NGS0,1,HGNC_symbol,False
OR1N2,Q8NGR9,1,HGNC_symbol,True
OR1P1,Q8NH06,1,HGNC_symbol,False
OR1Q1,Q15612,1,HGNC_symbol,False
OR1S1,Q8NH92,1,HGNC_symbol,False
OR1S2,Q8NGQ3,1,HGNC_symbol,False
OR2A1,Q8NGT9,1,HGNC_symbol,True
OR2A1-AS1,,0,unmapped,False
OR2A12,Q8NGT7,1,HGNC_symbol,True
OR2A14,Q96R47,1,HGNC_symbol,True
OR2A2,Q6IF42,1,HGNC_symbol,False
OR2A25,A4D2G3,1,HGNC_symbol,False
OR2A4,O95047,1,HGNC_symbol,True
OR2A42,,0,unmapped,False
OR2A5,Q96R48,1,HGNC_symbol,True
OR2A7,Q96R45,1,HGNC_symbol,False
OR2A9P,,0,unmapped,False
OR2AE1,Q8NHA4,1,HGNC_symbol,False
OR2AG1,Q9H205,1,HGNC_symbol,False
OR2AG2,A6NM03,1,HGNC_symbol,True
OR2AJ1,Q8NGZ0,1,HGNC_symbol,False
OR2AK2,Q8NG84,1,HGNC_symbol,False
OR2AP1,Q8NGE2,1,HGNC_symbol,False
OR2AT4,A6NND4,1,HGNC_symbol,False
OR2B11,Q5JQS5,1,HGNC_symbol,True
OR2B2,Q9GZK3,1,HGNC_symbol,False
OR2B3,O76000,1,HGNC_symbol,True
OR2B6,P58173,1,HGNC_symbol,True
OR2B8,P59922,1,HGNC_symbol,True
OR2C1,O95371,1,HGNC_symbol,False
OR2C3,Q8N628,1,HGNC_symbol,False
OR2D2,Q9H210,1,HGNC_symbol,True
OR2D3,Q8NGH3,1,HGNC_symbol,False
OR2F1,Q13607,1,HGNC_symbol,True
OR2F2,O95006,1,HGNC_symbol,False
OR2G2,Q8NGZ5,1,HGNC_symbol,False
OR2G3,Q8NGZ4,1,HGNC_symbol,True
OR2G6,Q5TZ20,1,HGNC_symbol,True
OR2H1,Q9GZK4,1,HGNC_symbol,True
OR2H2,O95918,1,HGNC_symbol,False
OR2I1,Q8NGU4,1,HGNC_symbol,False
OR2J1,Q9GZK6,1,HGNC_symbol,False
OR2J2,O76002,1,HGNC_symbol,True
OR2J3,O76001,1,HGNC_symbol,False
OR2K2,Q8NGT1,1,HGNC_symbol,True
OR2L13,Q8N349,1,HGNC_symbol,True
OR2L1P,,0,unmapped,False
OR2L2,Q8NH16,1,HGNC_symbol,False
OR2L3,Q8NG85,1,HGNC_symbol,True
OR2L5,Q8NG80,1,HGNC_symbol,False
OR2L6P,,0,unmapped,False
OR2L8,Q8NGY9,1,HGNC_symbol,False
OR2M2,Q96R28,1,HGNC_symbol,True
OR2M3,Q8NG83,1,HGNC_symbol,True
OR2M4,Q96R27,1,HGNC_symbol,False
OR2M5,A3KFT3,1,HGNC_symbol,False
OR2M7,Q8NG81,1,HGNC_symbol,True
OR2S2,Q9NQN1,1,HGNC_symbol,False
OR2T1,O43869,1,HGNC_symbol,False
OR2T10,Q8NGZ9,1,HGNC_symbol,True
OR2T11,Q8NH01,1,HGNC_symbol,False
OR2T12,Q8NG77,1,HGNC_symbol,False
OR2T2,Q6IF00,1,HGNC_symbol,True
OR2T27,Q8NH04,1,HGNC_symbol,False
OR2T29,Q8NH02,1,HGNC_symbol,False
OR2T3,Q8NH03,1,HGNC_symbol,False
OR2T32P,,0,unmapped,False
OR2T33,Q8NG76,1,HGNC_symbol,True
OR2T34,Q8NGX1,1,HGNC_symbol,False
OR2T35,Q8NGX2,1,HGNC_symbol,True
OR2T4,Q8NH00,1,HGNC_symbol,True
OR2T5,Q6IEZ7,1,HGNC_symbol,False
OR2T6,Q8NHC8,1,HGNC_symbol,True
OR2T7,P0C7T2,1,HGNC_symbol,True
OR2T8,A6NH00,1,HGNC_symbol,True
OR2V1,Q8NHB1,1,HGNC_symbol,False
OR2V2,Q96R30,1,HGNC_symbol,True
OR2W1,Q9Y3N9,1,HGNC_symbol,False
OR2W3,Q7Z3T1,1,HGNC_symbol,False
OR2W6P,Q8NHA6,1,HGNC_symbol,False
OR2Y1,Q8NGV0,1,HGNC_symbol,True
OR2Z1,Q8NG97,1,HGNC_symbol,False
OR3A1,P47881,1,HGNC_symbol,False
OR3A2,P47893,1,HGNC_symbol,True
OR3A3,P47888,1,HGNC_symbol,False
OR4A15,Q8NGL6,1,HGNC_symbol,True
OR4A16,Q8NH70,1,HGNC_symbol,True
OR4A47,Q6IF82,1,HGNC_symbol,False
OR4A5,Q8NH83,1,HGNC_symbol,False
OR4A8,P0C604,1,HGNC_symbol,False
OR4B1,Q8NGF8,1,HGNC_symbol,True
OR4C11,Q6IEV9,1,HGNC_symbol,True
OR4C12,Q96R67,1,HGNC_symbol,True
OR4C13,Q8NGP0,1,HGNC_symbol,False
OR4C15,Q8NGM1,1,HGNC_symbol,True
OR4C16,Q8NGL9,1,HGNC_symbol,True
OR4C3,Q8NH37,1,HGNC_symbol,False
OR4C45,A6NMZ5,1,HGNC_symbol,False
OR4C46,A6NHA9,1,HGNC_symbol,False
OR4C5,Q8NGB2,1,HGNC_symbol,False
OR4C6,Q8NH72,1,HGNC_symbol,False
OR4D1,Q15615,1,HGNC_symbol,True
OR4D10,Q8NGI6,1,HGNC_symbol,True
OR4D11,Q8NGI4,1,HGNC_symbol,True
OR4D2,P58180,1,HGNC_symbol,False
OR4D5,Q8NGN0,1,HGNC_symbol,False
OR4D6,Q8NGJ1,1,HGNC_symbol,False
OR4D9,Q8NGE8,1,HGNC_symbol,False
OR4E1,P0C645,1,HGNC_symbol,True
OR4E2,Q8NGC2,1,HGNC_symbol,True
OR4F15,Q8NGB8,1,HGNC_symbol,True
OR4F16,,0,unmapped,False
OR4F17,Q8NGA8,1,HGNC_symbol,True
OR4F21,O95013,1,HGNC_symbol,False
OR4F29,,0,unmapped,False
OR4F3,Q6IEY1,1,HGNC_symbol,False
OR4F4,Q96R69,1,HGNC_symbol,False
OR4F5,Q8NH21,1,HGNC_symbol,True
OR4F6,Q8NGB9,1,HGNC_symbol,True
OR4K1,Q8NGD4,1,HGNC_symbol,True
OR4K13,Q8NH42,1,HGNC_symbol,True
OR4K14,Q8NGD5,1,HGNC_symbol,True
OR4K15,Q8NH41,1,HGNC_symbol,False
OR4K17,Q8NGC6,1,HGNC_symbol,False
OR4K2,Q8NGD2,1,HGNC_symbol,False
OR4K3,Q96R72,1,HGNC_symbol,True
OR4K5,Q8NGD3,1,HGNC_symbol,False
OR4L1,Q8NH43,1,HGNC_symbol,True
OR4M1,Q8NGD0,1,HGNC_symbol,True
OR4M2,Q8NGB6,1,HGNC_symbol,True
OR4M2B,A0A0X1KG70,1,HGNC_symbol,False
OR4N2,Q8NGD1,1,HGNC_symbol,False
OR4N4,Q8N0Y3,1,HGNC_symbol,False
OR4N4C,A0A096LPK9,1,HGNC_symbol,False
OR4N5,Q8IXE1,1,HGNC_symbol,True
OR4P4,Q8NGL7,1,HGNC_symbol,True
OR4Q2,P0C623,1,HGNC_symbol,False
OR4Q3,Q8NH05,1,HGNC_symbol,False
OR4S1,Q8NGB4,1,HGNC_symbol,False
OR4S2,Q8NH73,1,HGNC_symbol,False
OR4X1,Q8NH49,1,HGNC_symbol,True
OR4X2,Q8NGF9,1,HGNC_symbol,True
OR51A2,Q8NGJ7,1,HGNC_symbol,True
OR51A4,Q8NGJ6,1,HGNC_symbol,False
OR51A7,Q8NH64,1,HGNC_symbol,True
OR51B2,Q9Y5P1,1,HGNC_symbol,False
OR51B4,Q9Y5P0,1,HGNC_symbol,True
OR51B5,Q9H339,1,HGNC_symbol,False
OR51B6,Q9H340,1,HGNC_symbol,True
OR51C1,A0A3B3IT45,1,HGNC_symbol,False
OR51D1,Q8NGF3,1,HGNC_symbol,True
OR51E1,Q8TCB6,1,HGNC_symbol,False
OR51E2,Q9H255,1,HGNC_symbol,False
OR51F1,A6NGY5,1,HGNC_symbol,False
OR51F2,Q8NH61,1,HGNC_symbol,False
OR51G1,Q8NGK1,1,HGNC_symbol,False
OR51G2,Q8NGK0,1,HGNC_symbol,True
OR51H1,Q8NH63,1,HGNC_symbol,False
OR51I1,Q9H343,1,HGNC_symbol,False
OR51I2,Q9H344,1,HGNC_symbol,False
OR51J1,Q9H342,1,HGNC_symbol,False
OR51L1,Q8NGJ5,1,HGNC_symbol,True
OR51M1,Q9H341,1,HGNC_symbol,False
OR51Q1,Q8NH59,1,HGNC_symbol,False
OR51S1,Q8NGJ8,1,HGNC_symbol,True
OR51T1,Q8NGJ9,1,HGNC_symbol,False
OR51V1,Q9H2C8,1,HGNC_symbol,False
OR52A1,Q9UKL2,1,HGNC_symbol,True
OR52A5,Q9H2C5,1,HGNC_symbol,True
OR52B2,Q96RD2,1,HGNC_symbol,True
OR52B4,Q8NGK2,1,HGNC_symbol,False
OR52B6,Q8NGF0,1,HGNC_symbol,True
OR52D1,Q9H346,1,HGNC_symbol,True
OR52E1,Q8NGJ3,1,HGNC_symbol,False
OR52E2,Q8NGJ4,1,HGNC_symbol,True
OR52E4,Q8NGH9,1,HGNC_symbol,True
OR52E5,Q8NH55,1,HGNC_symbol,False
OR52E6,Q96RD3,1,HGNC_symbol,False
OR52E8,Q6IFG1,1,HGNC_symbol,False
OR52H1,Q8NGJ2,1,HGNC_symbol,False
OR52I1,Q8NGK6,1,HGNC_symbol,False
OR52I2,Q8NH67,1,HGNC_symbol,True
OR52J3,Q8NH60,1,HGNC_symbol,True
OR52K1,Q8NGK4,1,HGNC_symbol,False
OR52K2,Q8NGK3,1,HGNC_symbol,True
OR52K3P,,0,unmapped,False
OR52L1,Q8NGH7,1,HGNC_symbol,False
OR52M1,Q8NGK5,1,HGNC_symbol,True
OR52N1,Q8NH53,1,HGNC_symbol,False
OR52N2,Q8NGI0,1,HGNC_symbol,False
OR52N4,Q8NGI2,1,HGNC_symbol,True
OR52N5,Q8NH56,1,HGNC_symbol,False
OR52P1,Q8NH57,1,HGNC_symbol,False
OR52R1,Q8NGF1,1,HGNC_symbol,False
OR52W1,Q6IF63,1,HGNC_symbol,True
OR56A1,Q8NGH5,1,HGNC_symbol,True
OR56A3,Q8NH54,1,HGNC_symbol,False
OR56A4,Q8NGH8,1,HGNC_symbol,True
OR56A5,P0C7T3,1,HGNC_symbol,True
OR56B1,Q8NGI3,1,HGNC_symbol,True
OR56B2,Q8NGI1,1,HGNC_symbol,False
OR56B4,Q8NH76,1,HGNC_symbol,True
OR5A1,Q8NGJ0,1,HGNC_symbol,True
OR5A2,Q8NGI9,1,HGNC_symbol,True
OR5AC1,P0C628,1,HGNC_symbol,True
OR5AC2,Q9NZP5,1,HGNC_symbol,True
OR5AK2,Q8NH90,1,HGNC_symbol,False
OR5AL1,P0C617,1,HGNC_symbol,True
OR5AN1,Q8NGI8,1,HGNC_symbol,False
OR5AP2,Q8NGF4,1,HGNC_symbol,True
OR5AR1,Q8NGP9,1,HGNC_symbol,True
OR5AS1,Q8N127,1,HGNC_symbol,True
OR5AU1,Q8NGC0,1,HGNC_symbol,False
OR5B12,Q96R08,1,HGNC_symbol,True
OR5B17,Q8NGF7,1,HGNC_symbol,True
OR5B2,Q96R09,1,HGNC_symbol,False
OR5B21,A6NL26,1,HGNC_symbol,True
OR5B3,Q8NH48,1,HGNC_symbol,False
OR5BS1,A0A2R8YED5,1,HGNC_symbol,True
OR5C1,Q8NGR4,1,HGNC_symbol,False
OR5D13,Q8NGL4,1,HGNC_symbol,True
OR5D14,Q8NGL3,1,HGNC_symbol,False
OR5D16,Q8NGK9,1,HGNC_symbol,False
OR5D18,Q8NGL1,1,HGNC_symbol,True
OR5F1,O95221,1,HGNC_symbol,False
OR5G3,P0C626,1,HGNC_symbol,False
OR5H1,A6NKK0,1,HGNC_symbol,False
OR5H14,A6NHG9,1,HGNC_symbol,True
OR5H15,A6NDH6,1,HGNC_symbol,True
OR5H2,Q8NGV7,1,HGNC_symbol,True
OR5H6,Q8NGV6,1,HGNC_symbol,True
OR5H8,P0DN80,1,HGNC_symbol,False
OR5I1,Q13606,1,HGNC_symbol,False
OR5J2,Q8NH18,1,HGNC_symbol,False
OR5K1,Q8NHB7,1,HGNC_symbol,False
OR5K2,Q8NHB8,1,HGNC_symbol,False
OR5K3,A6NET4,1,HGNC_symbol,False
OR5K4,A6NMS3,1,HGNC_symbol,False
OR5L1,Q8NGL2,1,HGNC_symbol,False
OR5L2,Q8NGL0,1,HGNC_symbol,False
OR5M1,Q8NGP8,1,HGNC_symbol,False
OR5M10,Q6IEU7,1,HGNC_symbol,True
OR5M11,Q96RB7,1,HGNC_symbol,False
OR5M3,Q8NGP4,1,HGNC_symbol,True
OR5M8,Q8NGP6,1,HGNC_symbol,False
OR5M9,Q8NGP3,1,HGNC_symbol,False
OR5P2,Q8WZ92,1,HGNC_symbol,True
OR5P3,Q8WZ94,1,HGNC_symbol,False
OR5T1,Q8NG75,1,HGNC_symbol,False
OR5T2,Q8NGG2,1,HGNC_symbol,False
OR5T3,Q8NGG3,1,HGNC_symbol,True
OR5V1,Q9UGF6,1,HGNC_symbol,True
OR5W2,Q8NH69,1,HGNC_symbol,False
OR6A2,O95222,1,HGNC_symbol,False
OR6B1,O95007,1,HGNC_symbol,False
OR6B2,Q6IFH4,1,HGNC_symbol,False
OR6B3,Q8NGW1,1,HGNC_symbol,False
OR6C1,Q96RD1,1,HGNC_symbol,False
OR6C2,Q9NZP2,1,HGNC_symbol,False
OR6C3,Q9NZP0,1,HGNC_symbol,False
OR6C4,Q8NGE1,1,HGNC_symbol,True
OR6C6,A6NF89,1,HGNC_symbol,False
OR6C65,A6NJZ3,1,HGNC_symbol,False
OR6C68,A6NDL8,1,HGNC_symbol,False
OR6C70,A6NIJ9,1,HGNC_symbol,False
OR6C74,A6NCV1,1,HGNC_symbol,False
OR6C75,A6NL08,1,HGNC_symbol,True
OR6C76,A6NM76,1,HGNC_symbol,True
OR6F1,Q8NGZ6,1,HGNC_symbol,False
OR6J1,Q8NGC5,1,HGNC_symbol,False
OR6K2,Q8NGY2,1,HGNC_symbol,False
OR6K3,Q8NGY3,1,HGNC_symbol,False
OR6K6,Q8NGW6,1,HGNC_symbol,True
OR6M1,Q8NGM8,1,HGNC_symbol,True
OR6N1,Q8NGY5,1,HGNC_symbol,True
OR6N2,Q8NGY6,1,HGNC_symbol,False
OR6P1,Q8NGX9,1,HGNC_symbol,True
OR6Q1,Q8NGQ2,1,HGNC_symbol,False
OR6S1,Q8NH40,1,HGNC_symbol,False
OR6T1,Q8NGN1,1,HGNC_symbol,False
OR6V1,Q8N148,1,HGNC_symbol,True
OR6X1,Q8NH79,1,HGNC_symbol,True
OR6Y1,Q8NGX8,1,HGNC_symbol,False
OR7A10,O76100,1,HGNC_symbol,False
OR7A17,O14581,1,HGNC_symbol,True
OR7A5,Q15622,1,HGNC_symbol,True
OR7C1,O76099,1,HGNC_symbol,True
OR7C2,O60412,1,HGNC_symbol,True
OR7D2,Q96RA2,1,HGNC_symbol,False
OR7D4,Q8NG98,1,HGNC_symbol,False
OR7E140P,,0,unmapped,False
OR7E24,Q6IFN5,1,HGNC_symbol,False
OR7E38P,,0,unmapped,False
OR7E7P,,0,unmapped,False
OR7G1,Q8NGA0,1,HGNC_symbol,False
OR7G2,Q8NG99,1,HGNC_symbol,False
OR7G3,Q8NG95,1,HGNC_symbol,False
OR7M1P,,0,unmapped,False
OR8A1,Q8NGG7,1,HGNC_symbol,False
OR8B12,Q8NGG6,1,HGNC_symbol,False
OR8B2,Q96RD0,1,HGNC_symbol,False
OR8B3,Q8NGG8,1,HGNC_symbol,False
OR8B4,Q96RC9,1,HGNC_symbol,True
OR8B8,Q15620,1,HGNC_symbol,False
OR8D1,Q8WZ84,1,HGNC_symbol,True
OR8D2,Q9GZM6,1,HGNC_symbol,False
OR8D4,Q8NGM9,1,HGNC_symbol,False
OR8G1,Q15617,1,HGNC_symbol,True
OR8G3,P0DMU2,1,HGNC_symbol,False
OR8G5,Q8NG78,1,HGNC_symbol,False
OR8H1,Q8NGG4,1,HGNC_symbol,False
OR8H2,Q8N162,1,HGNC_symbol,False
OR8H3,Q8N146,1,HGNC_symbol,True
OR8I2,Q8N0Y5,1,HGNC_symbol,True
OR8J1,Q8NGP2,1,HGNC_symbol,False
OR8J2,Q8NGG1,1,HGNC_symbol,False
OR8J3,Q8NGG0,1,HGNC_symbol,True
OR8K1,Q8NGG5,1,HGNC_symbol,False
OR8K3,Q8NH51,1,HGNC_symbol,True
OR8K5,Q8NH50,1,HGNC_symbol,False
OR8R1P,,0,unmapped,False
OR8S1,Q8NH09,1,HGNC_symbol,True
OR8U1,Q8NH10,1,HGNC_symbol,False
OR8U3,Q8NH85,1,HGNC_symbol,True
OR9A2,Q8NGT5,1,HGNC_symbol,False
OR9A4,Q8NGU2,1,HGNC_symbol,True
OR9G1,Q8NH87,1,HGNC_symbol,False
OR9G4,Q8NGQ1,1,HGNC_symbol,True
OR9H1,Q6UXT6,1,HGNC_symbol,True
OR9I1,Q8NGQ6,1,HGNC_symbol,True
OR9K2,Q8NGE7,1,HGNC_symbol,False
OR9Q1,Q8NGQ5,1,HGNC_symbol,True
OR9Q2,Q8NGE9,1,HGNC_symbol,True
ORAI1,Q96D31,1,HGNC_symbol,False
ORAI2,Q96SN7,1,HGNC_symbol,False
ORAI3,Q9BRQ5,1,HGNC_symbol,False
ORAOV1,,0,unmapped,False
ORC1,Q13415,1,HGNC_symbol,True
ORC2,Q13416,1,HGNC_symbol,False
ORC3,Q9UBD5,1,HGNC_symbol,False
ORC4,O43929,1,HGNC_symbol,False
ORC5,O43913,1,HGNC_symbol,False
ORC6,Q9Y5N6,1,HGNC_symbol,True
ORM1,P02763,1,HGNC_symbol,False
ORM2,P19652,1,HGNC_symbol,True
ORMDL1,Q9P0S3,1,HGNC_symbol,False
ORMDL2,Q53FV1,1,HGNC_symbol,True
ORMDL3,Q8N138,1,HGNC_symbol,True
OS9,Q13438,1,HGNC_symbol,False
OSBP,P22059,1,HGNC_symbol,False
OSBP2,Q969R2,1,HGNC_symbol,True
OSBPL10,Q9BXB5,1,HGNC_symbol,False
OSBPL11,Q9BXB4,1,HGNC_symbol,False
OSBPL1A,Q9BXW6,1,HGNC_symbol,False
OSBPL2,Q9H1P3,1,HGNC_symbol,False
OSBPL3,Q9H4L5,1,HGNC_symbol,True
OSBPL5,Q9H0X9,1,HGNC_symbol,False
OSBPL6,Q9BZF3,1,HGNC_symbol,True
OSBPL7,Q9BZF2,1,HGNC_symbol,False
OSBPL8,Q9BZF1,1,HGNC_symbol,False
OSBPL9,Q96SU4,1,HGNC_symbol,True
OSCAR,Q8IYS5,1,HGNC_symbol,False
OSCP1,Q8WVF1,1,HGNC_symbol,True
OSER1,Q9NX31,1,HGNC_symbol,False
OSER1-AS1,,0,unmapped,False
OSGEP,Q9NPF4,1,HGNC_symbol,False
OSGEPL1,Q9H4B0,1,HGNC_symbol,True
OSGEPL1-AS1,,0,unmapped,False
OSGIN1,Q9UJX0,1,HGNC_symbol,True
OSGIN2,Q9Y236,1,HGNC_symbol,False
OSM,P13725,1,HGNC_symbol,False
OSMR,Q99650,1,HGNC_symbol,False
OSR1,Q8TAX0,1,HGNC_symbol,True
OSR2,Q8N2R0,1,HGNC_symbol,True
OST4,P0C6T2,1,HGNC_symbol,True
OSTC,Q9NRP0,1,HGNC_symbol,False
OSTCP1,,0,unmapped,False
OSTCP2,,0,unmapped,False
OSTCP4,,0,unmapped,False
OSTCP8,,0,unmapped,False
OSTF1,Q92882,1,HGNC_symbol,True
OSTM1,Q86WC4,1,HGNC_symbol,True
OSTN,P61366,1,HGNC_symbol,False
OTC,P00480,1,HGNC_symbol,False
OTOA,Q7RTW8,1,HGNC_symbol,False
OTOF,Q9HC10,1,HGNC_symbol,False
OTOG,Q6ZRI0,1,HGNC_symbol,False
OTOGL,Q3ZCN5,1,HGNC_symbol,False
OTOL1,A6NHN0,1,HGNC_symbol,True
OTOP1,Q7RTM1,1,HGNC_symbol,True
OTOP2,Q7RTS6,1,HGNC_symbol,True
OTOP3,Q7RTS5,1,HGNC_symbol,False
OTOR,Q9NRC9,1,HGNC_symbol,False
OTOS,Q8NHW6,1,HGNC_symbol,False
OTP,Q5XKR4,1,HGNC_symbol,False
OTUB1,Q96FW1,1,HGNC_symbol,True
OTUB2,Q96DC9,1,HGNC_symbol,True
OTUD1,Q5VV17,1,HGNC_symbol,False
OTUD3,Q5T2D3,1,HGNC_symbol,True
OTUD4,Q01804,1,HGNC_symbol,False
OTUD5,Q96G74,1,HGNC_symbol,True
OTUD6A,Q7L8S5,1,HGNC_symbol,False
OTUD6B,Q8N6M0,1,HGNC_symbol,True
OTUD7A,Q8TE49,1,HGNC_symbol,True
OTUD7B,Q6GQQ9,1,HGNC_symbol,False
OTULIN,Q96BN8,1,HGNC_symbol,True
OTULINL,Q9NUU6,1,HGNC_symbol,True
OTX1,P32242,1,HGNC_symbol,True
OTX2,P32243,1,HGNC_symbol,False
OVCA2,Q8WZ82,1,HGNC_symbol,False
OVCH1,Q7RTY7,1,HGNC_symbol,False
OVCH1-AS1,,0,unmapped,False
OVCH2,Q7RTZ1,1,HGNC_symbol,False
OVGP1,Q12889,1,HGNC_symbol,False
OVOL1,O14753,1,HGNC_symbol,False
OVOL2,Q9BRP0,1,HGNC_symbol,False
OVOL3,O00110,1,HGNC_symbol,True
OXA1L,Q15070,1,HGNC_symbol,True
OXCT1,P55809,1,HGNC_symbol,True
OXCT1-AS1,,0,unmapped,False
OXCT2,Q9BYC2,1,HGNC_symbol,False
OXER1,Q8TDS5,1,HGNC_symbol,False
OXGR1,Q96P68,1,HGNC_symbol,False
OXLD1,Q5BKU9,1,HGNC_symbol,False
OXNAD1,Q96HP4,1,HGNC_symbol,False
OXR1,Q8N573,1,HGNC_symbol,False
OXSM,Q9NWU1,1,HGNC_symbol,False
OXSR1,O95747,1,HGNC_symbol,False
OXT,P01178,1,HGNC_symbol,True
OXTR,P30559,1,HGNC_symbol,False
P2RX1,P51575,1,HGNC_symbol,False
P2RX2,Q9UBL9,1,HGNC_symbol,False
P2RX3,P56373,1,HGNC_symbol,True
P2RX4,Q99571,1,HGNC_symbol,False
P2RX5,Q93086,1,HGNC_symbol,False
P2RX5-TAX1BP3,,0,unmapped,False
P2RX6,O15547,1,HGNC_symbol,True
P2RX7,Q99572,1,HGNC_symbol,False
P2RY1,P47900,1,HGNC_symbol,False
P2RY10,O00398,1,HGNC_symbol,False
P2RY11,Q96G91,1,HGNC_symbol,False
P2RY12,Q9H244,1,HGNC_symbol,True
P2RY13,Q9BPV8,1,HGNC_symbol,False
P2RY14,Q15391,1,HGNC_symbol,False
P2RY2,P41231,1,HGNC_symbol,True
P2RY4,P51582,1,HGNC_symbol,False
P2RY6,Q15077,1,HGNC_symbol,False
P2RY8,Q86VZ1,1,HGNC_symbol,False
P3H1,Q32P28,1,HGNC_symbol,False
P3H2,Q8IVL5,1,HGNC_symbol,True
P3H3,Q8IVL6,1,HGNC_symbol,True
P3H4,Q92791,1,HGNC_symbol,False
P3R3URF,A0A087WWA1,1,HGNC_symbol,True
P4HA1,P13674,1,HGNC_symbol,False
P4HA2,O15460,1,HGNC_symbol,False
P4HA3,Q7Z4N8,1,HGNC_symbol,False
P4HB,P07237,1,HGNC_symbol,True
P4HTM,Q9NXG6,1,HGNC_symbol,True
PA2G4,Q9UQ80,1,HGNC_symbol,False
PA2G4P1,,0,unmapped,False
PA2G4P2,,0,unmapped,False
PA2G4P4,,0,unmapped,False
PAAF1,Q9BRP4,1,HGNC_symbol,True
PABIR1,Q96E09,1,HGNC_symbol,False
PABIR2,Q7Z309,1,HGNC_symbol,False
PABIR3,Q6P4D5,1,HGNC_symbol,False
PABPC1,P11940,1,HGNC_symbol,True
PABPC1L,Q4VXU2,1,HGNC_symbol,True
PABPC1L2A,Q5JQF8,1,HGNC_symbol,False
PABPC1L2B,340529,5,STRING_alias,False
PABPC1P1,,0,unmapped,False
PABPC1P10,,0,unmapped,False
PABPC1P3,,0,unmapped,False
PABPC1P4,,0,unmapped,False
PABPC3,Q9H361,1,HGNC_symbol,True
PABPC4,Q13310,1,HGNC_symbol,False
PABPC4L,P0CB38,1,HGNC_symbol,True
PABPC5,Q96DU9,1,HGNC_symbol,False
PABPN1,Q86U42,1,HGNC_symbol,False
PABPN1L,A6NDY0,1,HGNC_symbol,False
PACC1,Q9H813,1,HGNC_symbol,False
PACRG,Q96M98,1,HGNC_symbol,True
PACRGL,Q8N7B6,1,HGNC_symbol,False
PACS1,Q6VY07,1,HGNC_symbol,True
PACS2,Q86VP3,1,HGNC_symbol,False
PACSIN1,Q9BY11,1,HGNC_symbol,False
PACSIN2,Q9UNF0,1,HGNC_symbol,True
PACSIN3,Q9UKS6,1,HGNC_symbol,False
PADI1,Q9ULC6,1,HGNC_symbol,False
PADI2,Q9Y2J8,1,HGNC_symbol,False
PADI3,Q9ULW8,1,HGNC_symbol,False
PADI4,Q9UM07,1,HGNC_symbol,False
PADI6,Q6TGC4,1,HGNC_symbol,True
PAEP,P09466,1,HGNC_symbol,True
PAF1,Q8N7H5,1,HGNC_symbol,True
PAFAH1B1,P43034,1,HGNC_symbol,True
PAFAH1B2,P68402,1,HGNC_symbol,False
PAFAH1B3,Q15102,1,HGNC_symbol,False
PAFAH2,Q99487,1,HGNC_symbol,False
PAG1,Q9NWQ8,1,HGNC_symbol,False
PAGE1,O75459,1,HGNC_symbol,False
PAGE2,Q7Z2X7,1,HGNC_symbol,True
PAGE2B,Q5JRK9,1,HGNC_symbol,True
PAGE3,Q5JUK9,1,HGNC_symbol,False
PAGE4,O60829,1,HGNC_symbol,False
PAGE5,Q96GU1,1,HGNC_symbol,False
PAGR1,Q9BTK6,1,HGNC_symbol,True
PAH,P00439,1,HGNC_symbol,False
PAICS,P22234,1,HGNC_symbol,False
PAICSP4,,0,unmapped,False
PAIP1,Q9H074,1,HGNC_symbol,False
PAIP1P1,,0,unmapped,False
PAIP2,Q9BPZ3,1,HGNC_symbol,True
PAIP2B,Q9ULR5,1,HGNC_symbol,False
PAK1,Q13153,1,HGNC_symbol,True
PAK1IP1,Q9NWT1,1,HGNC_symbol,False
PAK2,Q13177,1,HGNC_symbol,True
PAK3,O75914,1,HGNC_symbol,True
PAK4,O96013,1,HGNC_symbol,False
PAK5,Q9P286,1,HGNC_symbol,False
PAK6,Q9NQU5,1,HGNC_symbol,False
PALB2,Q86YC2,1,HGNC_symbol,False
PALD1,Q9ULE6,1,HGNC_symbol,False
PALLD,Q8WX93,1,HGNC_symbol,False
PALM,O75781,1,HGNC_symbol,False
PALM2AKAP2,Q9Y2D5,1,HGNC_symbol,False
PALM3,A6NDB9,1,HGNC_symbol,False
PALMD,Q9NP74,1,HGNC_symbol,True
PALS1,Q8N3R9,1,HGNC_symbol,False
PALS2,Q9NZW5,1,HGNC_symbol,False
PAM,P19021,1,HGNC_symbol,False
PAM16,Q9Y3D7,1,HGNC_symbol,False
PAMR1,Q6UXH9,1,HGNC_symbol,True
PAN2,Q504Q3,1,HGNC_symbol,False
PAN3,Q58A45,1,HGNC_symbol,False
PAN3-AS1,,0,unmapped,False
PANK1,Q8TE04,1,HGNC_symbol,False
PANK2,Q9BZ23,1,HGNC_symbol,False
PANK3,Q9H999,1,HGNC_symbol,False
PANK4,Q9NVE7,1,HGNC_symbol,False
PANO1,I0J062,1,HGNC_symbol,False
PANX1,Q96RD7,1,HGNC_symbol,False
PANX2,Q96RD6,1,HGNC_symbol,False
PANX3,Q96QZ0,1,HGNC_symbol,False
PAOX,Q6QHF9,1,HGNC_symbol,False
PAPD4,167153,5,STRING_alias,False
PAPD5,2.7.7.-,5,STRING_alias,False
PAPD7,11044,5,STRING_alias,False
PAPLN,O95428,1,HGNC_symbol,False
PAPOLA,P51003,1,HGNC_symbol,True
PAPOLB,Q9NRJ5,1,HGNC_symbol,False
PAPOLG,Q9BWT3,1,HGNC_symbol,False
PAPPA,Q13219,1,HGNC_symbol,False
PAPPA2,Q9BXP8,1,HGNC_symbol,False
PAPSS1,O43252,1,HGNC_symbol,False
PAPSS2,O95340,1,HGNC_symbol,True
PAQR3,Q6TCH7,1,HGNC_symbol,False
PAQR4,Q8N4S7,1,HGNC_symbol,True
PAQR5,Q9NXK6,1,HGNC_symbol,True
PAQR6,Q6TCH4,1,HGNC_symbol,False
PAQR7,Q86WK9,1,HGNC_symbol,True
PAQR8,Q8TEZ7,1,HGNC_symbol,True
PAQR9,Q6ZVX9,1,HGNC_symbol,False
PARD3,Q8TEW0,1,HGNC_symbol,False
PARD3B,Q8TEW8,1,HGNC_symbol,False
PARD6A,Q9NPB6,1,HGNC_symbol,True
PARD6B,Q9BYG5,1,HGNC_symbol,False
PARD6G,Q9BYG4,1,HGNC_symbol,True
PARG,Q86W56,1,HGNC_symbol,True
PARGP1,,0,unmapped,False
PARK2,1IYF,5,STRING_alias,False
PARK7,Q99497,1,HGNC_symbol,False
PARL,Q9H300,1,HGNC_symbol,True
PARM1,Q6UWI2,1,HGNC_symbol,True
PARN,O95453,1,HGNC_symbol,False
PARP1,P09874,1,HGNC_symbol,False
PARP10,Q53GL7,1,HGNC_symbol,False
PARP11,Q9NR21,1,HGNC_symbol,True
PARP12,Q9H0J9,1,HGNC_symbol,False
PARP14,Q460N5,1,HGNC_symbol,False
PARP15,Q460N3,1,HGNC_symbol,False
PARP16,Q8N5Y8,1,HGNC_symbol,True
PARP1P1,,0,unmapped,False
PARP2,Q9UGN5,1,HGNC_symbol,False
PARP3,Q9Y6F1,1,HGNC_symbol,True
PARP4,Q9UKK3,1,HGNC_symbol,False
PARP4P2,,0,unmapped,False
PARP6,Q2NL67,1,HGNC_symbol,True
PARP8,Q8N3A8,1,HGNC_symbol,False
PARP9,Q8IXQ6,1,HGNC_symbol,True
PARPBP,Q9NWS1,1,HGNC_symbol,True
PARS2,Q7L3T8,1,HGNC_symbol,True
PARVA,Q9NVD7,1,HGNC_symbol,False
PARVB,Q9HBI1,1,HGNC_symbol,True
PARVG,Q9HBI0,1,HGNC_symbol,False
PASD1,Q8IV76,1,HGNC_symbol,True
PASK,Q96RG2,1,HGNC_symbol,False
PATE1,Q8WXA2,1,HGNC_symbol,False
PATE2,Q6UY27,1,HGNC_symbol,False
PATE3,B3GLJ2,1,HGNC_symbol,False
PATE4,P0C8F1,1,HGNC_symbol,True
PATJ,Q8NI35,1,HGNC_symbol,False
PATL1,Q86TB9,1,HGNC_symbol,False
PATL2,C9JE40,1,HGNC_symbol,False
PATZ1,Q9HBE1,1,HGNC_symbol,False
PAWR,Q96IZ0,1,HGNC_symbol,False
PAX1,P15863,1,HGNC_symbol,True
PAX2,Q02962,1,HGNC_symbol,False
PAX3,P23760,1,HGNC_symbol,False
PAX4,O43316,1,HGNC_symbol,False
PAX5,Q02548,1,HGNC_symbol,False
PAX6,P26367,1,HGNC_symbol,False
PAX7,P23759,1,HGNC_symbol,True
PAX8,Q06710,1,HGNC_symbol,False
PAX8-AS1,,0,unmapped,False
PAX9,P55771,1,HGNC_symbol,True
PAXBP1,Q9Y5B6,1,HGNC_symbol,False
PAXBP1-AS1,,0,unmapped,False
PAXIP1,Q6ZW49,1,HGNC_symbol,False
PAXIP1-AS1,,0,unmapped,False
PAXIP1-AS2,,0,unmapped,False
PAXX,Q9BUH6,1,HGNC_symbol,False
PBDC1,Q9BVG4,1,HGNC_symbol,False
PBK,Q96KB5,1,HGNC_symbol,True
PBLD,P30039,1,HGNC_symbol,True
PBOV1,Q9GZY1,1,HGNC_symbol,False
PBRM1,Q86U86,1,HGNC_symbol,False
PBX1,P40424,1,HGNC_symbol,True
PBX2,P40425,1,HGNC_symbol,False
PBX2P1,,0,unmapped,False
PBX3,P40426,1,HGNC_symbol,False
PBX4,Q9BYU1,1,HGNC_symbol,True
PBXIP1,Q96AQ6,1,HGNC_symbol,True
PC,P11498,1,HGNC_symbol,False
PCARE,A6NGG8,1,HGNC_symbol,False
PCAT6,,0,unmapped,False
PCBD1,P61457,1,HGNC_symbol,False
PCBD2,Q9H0N5,1,HGNC_symbol,False
PCBP1,Q15365,1,HGNC_symbol,True
PCBP1-AS1,,0,unmapped,False
PCBP2,Q15366,1,HGNC_symbol,True
PCBP2P1,,0,unmapped,False
PCBP3,P57721,1,HGNC_symbol,False
PCBP4,P57723,1,HGNC_symbol,False
PCCA,P05165,1,HGNC_symbol,True
PCCB,P05166,1,HGNC_symbol,False
PCDH1,Q08174,1,HGNC_symbol,False
PCDH10,Q9P2E7,1,HGNC_symbol,False
PCDH11X,Q9BZA7,1,HGNC_symbol,False
PCDH11Y,Q9BZA8,1,HGNC_symbol,False
PCDH12,Q9NPG4,1,HGNC_symbol,False
PCDH15,Q96QU1,1,HGNC_symbol,False
PCDH17,O14917,1,HGNC_symbol,False
PCDH18,Q9HCL0,1,HGNC_symbol,False
PCDH19,Q8TAB3,1,HGNC_symbol,False
PCDH20,Q8N6Y1,1,HGNC_symbol,True
PCDH7,O60245,1,HGNC_symbol,False
PCDH8,O95206,1,HGNC_symbol,False
PCDH9,Q9HC56,1,HGNC_symbol,False
PCDHB10,Q9UN67,1,HGNC_symbol,False
PCDHB11,Q9Y5F2,1,HGNC_symbol,False
PCDHB12,Q9Y5F1,1,HGNC_symbol,False
PCDHB13,Q9Y5F0,1,HGNC_symbol,False
PCDHB14,Q9Y5E9,1,HGNC_symbol,False
PCDHB15,Q9Y5E8,1,HGNC_symbol,False
PCDHB16,Q9NRJ7,1,HGNC_symbol,False
PCDHB2,Q9Y5E7,1,HGNC_symbol,True
PCDHB5,Q9Y5E4,1,HGNC_symbol,False
PCDHB9,Q9Y5E1,1,HGNC_symbol,True
PCDHGA1,Q9Y5H4,1,HGNC_symbol,False
PCDHGA10,Q9Y5H3,1,HGNC_symbol,True
PCDHGA11,Q9Y5H2,1,HGNC_symbol,True
PCDHGA12,O60330,1,HGNC_symbol,False
PCDHGA2,Q9Y5H1,1,HGNC_symbol,True
PCDHGA4,Q9Y5G9,1,HGNC_symbol,True
PCDHGA5,Q9Y5G8,1,HGNC_symbol,False
PCDHGA6,Q9Y5G7,1,HGNC_symbol,False
PCDHGA7,Q9Y5G6,1,HGNC_symbol,False
PCDHGA8,Q9Y5G5,1,HGNC_symbol,False
PCDHGA9,Q9Y5G4,1,HGNC_symbol,True
PCDHGB1,Q9Y5G3,1,HGNC_symbol,False
PCDHGB2,Q9Y5G2,1,HGNC_symbol,False
PCDHGB3,Q9Y5G1,1,HGNC_symbol,True
PCDHGB4,Q9UN71,1,HGNC_symbol,True
PCDHGB6,Q9Y5F9,1,HGNC_symbol,False
PCDHGB7,Q9Y5F8,1,HGNC_symbol,True
PCDHGB8P,,0,unmapped,False
PCDHGC3,Q9UN70,1,HGNC_symbol,True
PCDHGC4,Q9Y5F7,1,HGNC_symbol,True
PCDHGC5,Q9Y5F6,1,HGNC_symbol,False
PCED1A,Q9H1Q7,1,HGNC_symbol,False
PCED1B,Q96HM7,1,HGNC_symbol,True
PCED1B-AS1,,0,unmapped,False
PCF11,O94913,1,HGNC_symbol,False
PCGF1,Q9BSM1,1,HGNC_symbol,False
PCGF2,P35227,1,HGNC_symbol,True
PCGF3,Q3KNV8,1,HGNC_symbol,True
PCGF5,Q86SE9,1,HGNC_symbol,False
PCGF6,Q9BYE7,1,HGNC_symbol,True
PCGF7P,,0,unmapped,False
PCID2,Q5JVF3,1,HGNC_symbol,False
PCIF1,Q9H4Z3,1,HGNC_symbol,False
PCK1,P35558,1,HGNC_symbol,False
PCK2,Q16822,1,HGNC_symbol,False
PCLAF,Q15004,1,HGNC_symbol,False
PCLO,Q9Y6V0,1,HGNC_symbol,False
PCM1,Q15154,1,HGNC_symbol,False
PCMT1,P22061,1,HGNC_symbol,False
PCMTD1,Q96MG8,1,HGNC_symbol,False
PCMTD2,Q9NV79,1,HGNC_symbol,True
PCNA,P12004,1,HGNC_symbol,False
PCNP,Q8WW12,1,HGNC_symbol,False
PCNPP1,,0,unmapped,False
PCNPP5,,0,unmapped,False
PCNT,O95613,1,HGNC_symbol,False
PCNX,22990,5,STRING_alias,False
PCNX1,Q96RV3,1,HGNC_symbol,False
PCNX2,A6NKB5,1,HGNC_symbol,False
PCNX3,Q9H6A9,1,HGNC_symbol,False
PCNX4,Q63HM2,1,HGNC_symbol,False
PCNXL2,,0,unmapped,False
PCNXL3,,0,unmapped,False
PCNXL4,,0,unmapped,False
PCOLCE,Q15113,1,HGNC_symbol,False
PCOLCE-AS1,,0,unmapped,False
PCOLCE2,Q9UKZ9,1,HGNC_symbol,True
PCP2,Q8IVA1,1,HGNC_symbol,True
PCP4,P48539,1,HGNC_symbol,True
PCP4L1,A6NKN8,1,HGNC_symbol,False
PCSK1,P29120,1,HGNC_symbol,False
PCSK1N,Q9UHG2,1,HGNC_symbol,False
PCSK2,P16519,1,HGNC_symbol,False
PCSK4,Q6UW60,1,HGNC_symbol,False
PCSK5,Q92824,1,HGNC_symbol,False
PCSK6,P29122,1,HGNC_symbol,False
PCSK7,Q16549,1,HGNC_symbol,True
PCSK9,Q8NBP7,1,HGNC_symbol,True
PCTP,Q9UKL6,1,HGNC_symbol,False
PCYOX1,Q9UHG3,1,HGNC_symbol,False
PCYOX1L,Q8NBM8,1,HGNC_symbol,True
PCYT1A,P49585,1,HGNC_symbol,True
PCYT1B,Q9Y5K3,1,HGNC_symbol,False
PCYT2,Q99447,1,HGNC_symbol,False
PDAP1,Q13442,1,HGNC_symbol,False
PDC,P20941,1,HGNC_symbol,True
PDCD1,Q15116,1,HGNC_symbol,True
PDCD10,Q9BUL8,1,HGNC_symbol,True
PDCD11,Q14690,1,HGNC_symbol,False
PDCD1LG2,Q9BQ51,1,HGNC_symbol,False
PDCD2,Q16342,1,HGNC_symbol,False
PDCD2L,Q9BRP1,1,HGNC_symbol,False
PDCD4,Q53EL6,1,HGNC_symbol,False
PDCD4-AS1,,0,unmapped,False
PDCD5,O14737,1,HGNC_symbol,True
PDCD6,O75340,1,HGNC_symbol,False
PDCD6IP,Q8WUM4,1,HGNC_symbol,False
PDCD7,Q8N8D1,1,HGNC_symbol,True
PDCL,Q13371,1,HGNC_symbol,True
PDCL2,Q8N4E4,1,HGNC_symbol,True
PDCL3,Q9H2J4,1,HGNC_symbol,False
PDCL3P4,,0,unmapped,False
PDCL3P5,,0,unmapped,False
PDDC1,347862,5,STRING_alias,False
PDE10A,Q9Y233,1,HGNC_symbol,False
PDE11A,Q9HCR9,1,HGNC_symbol,False
PDE12,Q6L8Q7,1,HGNC_symbol,False
PDE1A,P54750,1,HGNC_symbol,True
PDE1B,Q01064,1,HGNC_symbol,False
PDE1C,Q14123,1,HGNC_symbol,True
PDE2A,O00408,1,HGNC_symbol,False
PDE3A,Q14432,1,HGNC_symbol,False
PDE3B,Q13370,1,HGNC_symbol,False
PDE4A,P27815,1,HGNC_symbol,True
PDE4B,Q07343,1,HGNC_symbol,False
PDE4C,Q08493,1,HGNC_symbol,False
PDE4D,Q08499,1,HGNC_symbol,True
PDE4DIP,Q5VU43,1,HGNC_symbol,False
PDE5A,O76074,1,HGNC_symbol,False
PDE6A,P16499,1,HGNC_symbol,False
PDE6B,P35913,1,HGNC_symbol,True
PDE6C,P51160,1,HGNC_symbol,True
PDE6D,O43924,1,HGNC_symbol,False
PDE6G,P18545,1,HGNC_symbol,False
PDE6H,Q13956,1,HGNC_symbol,True
PDE7A,Q13946,1,HGNC_symbol,True
PDE7B,Q9NP56,1,HGNC_symbol,True
PDE8A,O60658,1,HGNC_symbol,True
PDE8B,O95263,1,HGNC_symbol,True
PDE9A,O76083,1,HGNC_symbol,True
PDF,Q9HBH1,1,HGNC_symbol,True
PDGFA,P04085,1,HGNC_symbol,False
PDGFB,P01127,1,HGNC_symbol,False
PDGFC,Q9NRA1,1,HGNC_symbol,True
PDGFD,Q9GZP0,1,HGNC_symbol,False
PDGFRA,P16234,1,HGNC_symbol,False
PDGFRB,P09619,1,HGNC_symbol,False
PDGFRL,Q15198,1,HGNC_symbol,False
PDHA1,P08559,1,HGNC_symbol,False
PDHA2,P29803,1,HGNC_symbol,False
PDHB,P11177,1,HGNC_symbol,True
PDHX,O00330,1,HGNC_symbol,False
PDIA2,Q13087,1,HGNC_symbol,True
PDIA3,P30101,1,HGNC_symbol,False
PDIA3P1,,0,unmapped,False
PDIA3P2,,0,unmapped,False
PDIA4,P13667,1,HGNC_symbol,False
PDIA5,Q14554,1,HGNC_symbol,False
PDIA6,Q15084,1,HGNC_symbol,True
PDIK1L,Q8N165,1,HGNC_symbol,True
PDILT,Q8N807,1,HGNC_symbol,False
PDK1,Q15118,1,HGNC_symbol,True
PDK2,Q15119,1,HGNC_symbol,True
PDK3,Q15120,1,HGNC_symbol,True
PDK4,Q16654,1,HGNC_symbol,True
PDLIM1,O00151,1,HGNC_symbol,True
PDLIM1P1,,0,unmapped,False
PDLIM1P4,,0,unmapped,False
PDLIM2,Q96JY6,1,HGNC_symbol,True
PDLIM3,Q53GG5,1,HGNC_symbol,False
PDLIM4,P50479,1,HGNC_symbol,False
PDLIM5,Q96HC4,1,HGNC_symbol,False
PDLIM7,Q9NR12,1,HGNC_symbol,False
PDP1,Q9P0J1,1,HGNC_symbol,False
PDP2,Q9P2J9,1,HGNC_symbol,True
PDPK1,O15530,1,HGNC_symbol,False
PDPK2,,0,unmapped,False
PDPN,Q86YL7,1,HGNC_symbol,True
PDPR,Q8NCN5,1,HGNC_symbol,False
PDRG1,Q9NUG6,1,HGNC_symbol,True
PDS5A,Q29RF7,1,HGNC_symbol,False
PDS5B,Q9NTI5,1,HGNC_symbol,False
PDSS1,Q5T2R2,1,HGNC_symbol,False
PDSS2,Q86YH6,1,HGNC_symbol,True
PDX1,P52945,1,HGNC_symbol,True
PDXDC1,Q6P996,1,HGNC_symbol,True
PDXDC2P,Q6P474,1,HGNC_symbol,False
PDXK,O00764,1,HGNC_symbol,True
PDXP,Q96GD0,1,HGNC_symbol,False
PDYN,P01213,1,HGNC_symbol,False
PDZD11,Q5EBL8,1,HGNC_symbol,False
PDZD2,O15018,1,HGNC_symbol,False
PDZD3,2V90,5,STRING_alias,False
PDZD4,Q76G19,1,HGNC_symbol,False
PDZD7,Q9H5P4,1,HGNC_symbol,False
PDZD8,Q8NEN9,1,HGNC_symbol,False
PDZD9,Q8IXQ8,1,HGNC_symbol,True
PDZK1,Q5T2W1,1,HGNC_symbol,True
PDZK1IP1,Q13113,1,HGNC_symbol,False
PDZRN3,Q9UPQ7,1,HGNC_symbol,False
PDZRN4,Q6ZMN7,1,HGNC_symbol,False
PEA15,Q15121,1,HGNC_symbol,True
PEAK1,Q9H792,1,HGNC_symbol,False
PEAK3,Q6ZS72,1,HGNC_symbol,False
PEAR1,Q5VY43,1,HGNC_symbol,False
PEBP1,P30086,1,HGNC_symbol,False
PEBP1P2,,0,unmapped,False
PEBP4,Q96S96,1,HGNC_symbol,False
PECAM1,P16284,1,HGNC_symbol,False
PECR,Q9BY49,1,HGNC_symbol,False
PEDS1,A5PLL7,1,HGNC_symbol,True
PEF1,Q9UBV8,1,HGNC_symbol,True
PEG10,Q86TG7,1,HGNC_symbol,False
PEG3,Q9GZU2,1,HGNC_symbol,False
PELI1,Q96FA3,1,HGNC_symbol,True
PELI2,Q9HAT8,1,HGNC_symbol,False
PELI3,Q8N2H9,1,HGNC_symbol,False
PELO,Q9BRX2,1,HGNC_symbol,False
PELP1,Q8IZL8,1,HGNC_symbol,False
PEMT,Q9UBM1,1,HGNC_symbol,True
PENK,P01210,1,HGNC_symbol,True
PEPD,P12955,1,HGNC_symbol,True
PER1,O15534,1,HGNC_symbol,False
PER2,O15055,1,HGNC_symbol,False
PER3,P56645,1,HGNC_symbol,False
PERCC1,A0A1W2PR82,1,HGNC_symbol,False
PERM1,Q5SV97,1,HGNC_symbol,True
PERP,Q96FX8,1,HGNC_symbol,False
PES1,O00541,1,HGNC_symbol,False
PES1P2,,0,unmapped,False
PET100,P0DJ07,1,HGNC_symbol,True
PET112,,0,unmapped,False
PET117,Q6UWS5,1,HGNC_symbol,True
PEX1,O43933,1,HGNC_symbol,False
PEX10,O60683,1,HGNC_symbol,True
PEX11A,O75192,1,HGNC_symbol,False
PEX11B,O96011,1,HGNC_symbol,False
PEX11G,Q96HA9,1,HGNC_symbol,False
PEX12,O00623,1,HGNC_symbol,True
PEX13,Q92968,1,HGNC_symbol,False
PEX14,O75381,1,HGNC_symbol,False
PEX16,Q9Y5Y5,1,HGNC_symbol,False
PEX19,P40855,1,HGNC_symbol,True
PEX2,P28328,1,HGNC_symbol,False
PEX26,Q7Z412,1,HGNC_symbol,False
PEX3,P56589,1,HGNC_symbol,False
PEX39,Q5I0X4,1,HGNC_symbol,True
PEX5,P50542,1,HGNC_symbol,False
PEX5L,Q8IYB4,1,HGNC_symbol,False
PEX6,Q13608,1,HGNC_symbol,True
PEX7,O00628,1,HGNC_symbol,True
PF4,P02776,1,HGNC_symbol,False
PF4V1,P10720,1,HGNC_symbol,False
PFAS,O15067,1,HGNC_symbol,False
PFDN1,O60925,1,HGNC_symbol,True
PFDN2,Q9UHV9,1,HGNC_symbol,False
PFDN4,Q9NQP4,1,HGNC_symbol,True
PFDN5,Q99471,1,HGNC_symbol,True
PFDN6,O15212,1,HGNC_symbol,False
PFKFB1,P16118,1,HGNC_symbol,False
PFKFB2,O60825,1,HGNC_symbol,False
PFKFB3,Q16875,1,HGNC_symbol,False
PFKFB4,Q16877,1,HGNC_symbol,False
PFKL,P17858,1,HGNC_symbol,False
PFKM,P08237,1,HGNC_symbol,True
PFKP,Q01813,1,HGNC_symbol,False
PFN1,P07737,1,HGNC_symbol,False
PFN1P1,,0,unmapped,False
PFN1P2,,0,unmapped,False
PFN2,P35080,1,HGNC_symbol,True
PFN3,P60673,1,HGNC_symbol,True
PFN4,Q8NHR9,1,HGNC_symbol,False
PGA3,P0DJD8,1,HGNC_symbol,False
PGA4,P0DJD7,1,HGNC_symbol,False
PGA5,P0DJD9,1,HGNC_symbol,True
PGAM1,P18669,1,HGNC_symbol,False
PGAM1P11,,0,unmapped,False
PGAM1P7,,0,unmapped,False
PGAM2,P15259,1,HGNC_symbol,False
PGAM4,Q8N0Y7,1,HGNC_symbol,False
PGAM5,Q96HS1,1,HGNC_symbol,True
PGAP1,Q75T13,1,HGNC_symbol,True
PGAP2,Q9UHJ9,1,HGNC_symbol,True
PGAP3,Q96FM1,1,HGNC_symbol,False
PGAP4,Q9BRR3,1,HGNC_symbol,False
PGAP6,Q9HCN3,1,HGNC_symbol,False
PGBD1,Q96JS3,1,HGNC_symbol,False
PGBD2,Q6P3X8,1,HGNC_symbol,True
PGBD3,Q8N328,1,HGNC_symbol,True
PGBD4,Q96DM1,1,HGNC_symbol,False
PGBD4P1,,0,unmapped,False
PGBD5,Q8N414,1,HGNC_symbol,False
PGC,P20142,1,HGNC_symbol,False
PGCKA1,Q8IY42,1,HGNC_symbol,False
PGD,P52209,1,HGNC_symbol,False
PGDP1,,0,unmapped,False
PGF,P49763,1,HGNC_symbol,False
PGGHG,Q32M88,1,HGNC_symbol,False
PGGT1B,P53609,1,HGNC_symbol,False
PGGT1BP1,,0,unmapped,False
PGGT1BP2,,0,unmapped,False
PGK1,P00558,1,HGNC_symbol,False
PGK1P2,,0,unmapped,False
PGK2,P07205,1,HGNC_symbol,False
PGLS,O95336,1,HGNC_symbol,False
PGLYRP1,O75594,1,HGNC_symbol,False
PGLYRP2,Q96PD5,1,HGNC_symbol,True
PGLYRP3,Q96LB9,1,HGNC_symbol,False
PGLYRP4,Q96LB8,1,HGNC_symbol,False
PGM1,P36871,1,HGNC_symbol,False
PGM2,Q96G03,1,HGNC_symbol,False
PGM2L1,Q6PCE3,1,HGNC_symbol,False
PGM3,O95394,1,HGNC_symbol,True
PGM5,Q15124,1,HGNC_symbol,False
PGP,A6NDG6,1,HGNC_symbol,True
PGPEP1,Q9NXJ5,1,HGNC_symbol,False
PGPEP1L,A6NFU8,1,HGNC_symbol,True
PGR,P06401,1,HGNC_symbol,False
PGRMC1,O00264,1,HGNC_symbol,False
PGRMC2,O15173,1,HGNC_symbol,True
PGS1,Q32NB8,1,HGNC_symbol,False
PHACTR1,Q9C0D0,1,HGNC_symbol,False
PHACTR2,O75167,1,HGNC_symbol,True
PHACTR3,Q96KR7,1,HGNC_symbol,False
PHACTR4,Q8IZ21,1,HGNC_symbol,False
PHAF1,Q9BSU1,1,HGNC_symbol,True
PHAX,Q9H814,1,HGNC_symbol,False
PHB,1LU7,5,STRING_alias,False
PHB1,P35232,1,HGNC_symbol,True
PHB2,Q99623,1,HGNC_symbol,True
PHBP11,,0,unmapped,False
PHBP3,,0,unmapped,False
PHBP7,,0,unmapped,False
PHBP8,,0,unmapped,False
PHC1,P78364,1,HGNC_symbol,True
PHC1P1,,0,unmapped,False
PHC2,Q8IXK0,1,HGNC_symbol,False
PHC3,Q8NDX5,1,HGNC_symbol,False
PHETA1,Q8N4B1,1,HGNC_symbol,False
PHETA2,Q6ICB4,1,HGNC_symbol,True
PHEX,P78562,1,HGNC_symbol,False
PHF1,O43189,1,HGNC_symbol,True
PHF10,Q8WUB8,1,HGNC_symbol,True
PHF11,Q9UIL8,1,HGNC_symbol,False
PHF12,Q96QT6,1,HGNC_symbol,False
PHF13,Q86YI8,1,HGNC_symbol,True
PHF14,O94880,1,HGNC_symbol,False
PHF19,Q5T6S3,1,HGNC_symbol,True
PHF2,O75151,1,HGNC_symbol,False
PHF20,Q9BVI0,1,HGNC_symbol,False
PHF20L1,A8MW92,1,HGNC_symbol,False
PHF21A,Q96BD5,1,HGNC_symbol,True
PHF21B,Q96EK2,1,HGNC_symbol,True
PHF23,Q9BUL5,1,HGNC_symbol,True
PHF24,Q9UPV7,1,HGNC_symbol,True
PHF2P2,,0,unmapped,False
PHF3,Q92576,1,HGNC_symbol,False
PHF5A,Q7RTV0,1,HGNC_symbol,False
PHF5CP,,0,unmapped,False
PHF6,Q8IWS0,1,HGNC_symbol,False
PHF7,Q9BWX1,1,HGNC_symbol,False
PHF8,Q9UPP1,1,HGNC_symbol,False
PHGDH,O43175,1,HGNC_symbol,True
PHGR1,C9JFL3,1,HGNC_symbol,False
PHIP,Q8WWQ0,1,HGNC_symbol,False
PHKA1,P46020,1,HGNC_symbol,False
PHKA1P1,,0,unmapped,False
PHKA2,P46019,1,HGNC_symbol,False
PHKA2-AS1,,0,unmapped,False
PHKB,Q93100,1,HGNC_symbol,False
PHKG1,Q16816,1,HGNC_symbol,True
PHKG2,P15735,1,HGNC_symbol,False
PHLDA1,Q8WV24,1,HGNC_symbol,True
PHLDA2,Q53GA4,1,HGNC_symbol,True
PHLDA3,Q9Y5J5,1,HGNC_symbol,False
PHLDB1,Q86UU1,1,HGNC_symbol,False
PHLDB2,Q86SQ0,1,HGNC_symbol,False
PHLDB3,Q6NSJ2,1,HGNC_symbol,False
PHLPP1,O60346,1,HGNC_symbol,False
PHLPP2,Q6ZVD8,1,HGNC_symbol,False
PHOSPHO1,Q8TCT1,1,HGNC_symbol,True
PHOSPHO2,Q8TCD6,1,HGNC_symbol,False
PHOX2A,O14813,1,HGNC_symbol,False
PHOX2B,Q99453,1,HGNC_symbol,True
PHPT1,Q9NRX4,1,HGNC_symbol,True
PHRF1,Q9P1Y6,1,HGNC_symbol,False
PHTF1,Q9UMS5,1,HGNC_symbol,False
PHTF2,Q8N3S3,1,HGNC_symbol,False
PHYH,O14832,1,HGNC_symbol,False
PHYHD1,Q5SRE7,1,HGNC_symbol,False
PHYHIP,Q92561,1,HGNC_symbol,False
PHYHIPL,Q96FC7,1,HGNC_symbol,False
PHYKPL,Q8IUZ5,1,HGNC_symbol,True
PI15,O43692,1,HGNC_symbol,False
PI16,Q6UXB8,1,HGNC_symbol,True
PI3,P19957,1,HGNC_symbol,False
PI4K2A,Q9BTU6,1,HGNC_symbol,False
PI4K2B,Q8TCG2,1,HGNC_symbol,False
PI4KA,P42356,1,HGNC_symbol,False
PI4KAP1,Q8N8J0,1,HGNC_symbol,False
PI4KAP2,A4QPH2,1,HGNC_symbol,False
PI4KB,Q9UBF8,1,HGNC_symbol,False
PIANP,Q8IYJ0,1,HGNC_symbol,True
PIAS1,O75925,1,HGNC_symbol,True
PIAS2,O75928,1,HGNC_symbol,False
PIAS3,Q9Y6X2,1,HGNC_symbol,True
PIAS4,Q8N2W9,1,HGNC_symbol,True
PIBF1,Q8WXW3,1,HGNC_symbol,False
PICALM,Q13492,1,HGNC_symbol,False
PICK1,Q9NRD5,1,HGNC_symbol,False
PID1,Q7Z2X4,1,HGNC_symbol,False
PIDD,2OF5,5,STRING_alias,False
PIDD1,Q9HB75,1,HGNC_symbol,False
PIERCE1,Q5BN46,1,HGNC_symbol,True
PIERCE2,H3BRN8,1,HGNC_symbol,False
PIEZO1,Q92508,1,HGNC_symbol,False
PIEZO2,Q9H5I5,1,HGNC_symbol,False
PIF1,Q9H611,1,HGNC_symbol,False
PIFO,128344,5,STRING_alias,False
PIGA,P37287,1,HGNC_symbol,True
PIGB,Q92521,1,HGNC_symbol,False
PIGBOS1,A0A0B4J2F0,1,HGNC_symbol,False
PIGC,Q92535,1,HGNC_symbol,False
PIGF,Q07326,1,HGNC_symbol,True
PIGG,Q5H8A4,1,HGNC_symbol,True
PIGH,Q14442,1,HGNC_symbol,True
PIGHP1,,0,unmapped,False
PIGK,Q92643,1,HGNC_symbol,False
PIGL,Q9Y2B2,1,HGNC_symbol,True
PIGM,Q9H3S5,1,HGNC_symbol,True
PIGN,O95427,1,HGNC_symbol,False
PIGO,Q8TEQ8,1,HGNC_symbol,False
PIGP,P57054,1,HGNC_symbol,True
PIGQ,Q9BRB3,1,HGNC_symbol,False
PIGR,P01833,1,HGNC_symbol,True
PIGS,Q96S52,1,HGNC_symbol,False
PIGT,Q969N2,1,HGNC_symbol,False
PIGU,Q9H490,1,HGNC_symbol,False
PIGUP1,,0,unmapped,False
PIGV,Q9NUD9,1,HGNC_symbol,True
PIGW,Q7Z7B1,1,HGNC_symbol,False
PIGX,Q8TBF5,1,HGNC_symbol,True
PIGY,Q3MUY2,1,HGNC_symbol,True
PIGZ,Q86VD9,1,HGNC_symbol,True
PIH1D1,Q9NWS0,1,HGNC_symbol,False
PIH1D2,Q8WWB5,1,HGNC_symbol,False
PIK3AP1,Q6ZUJ8,1,HGNC_symbol,False
PIK3C2A,O00443,1,HGNC_symbol,False
PIK3C2B,O00750,1,HGNC_symbol,False
PIK3C2G,O75747,1,HGNC_symbol,False
PIK3C3,Q8NEB9,1,HGNC_symbol,True
PIK3CA,P42336,1,HGNC_symbol,False
PIK3CB,P42338,1,HGNC_symbol,False
PIK3CD,O00329,1,HGNC_symbol,False
PIK3CG,P48736,1,HGNC_symbol,False
PIK3IP1,Q96FE7,1,HGNC_symbol,True
PIK3R1,P27986,1,HGNC_symbol,False
PIK3R2,O00459,1,HGNC_symbol,False
PIK3R3,Q92569,1,HGNC_symbol,True
PIK3R4,Q99570,1,HGNC_symbol,False
PIK3R5,Q8WYR1,1,HGNC_symbol,False
PIK3R6,Q5UE93,1,HGNC_symbol,True
PIKFYVE,Q9Y2I7,1,HGNC_symbol,False
PILRA,Q9UKJ1,1,HGNC_symbol,False
PILRB,Q9UKJ0,1,HGNC_symbol,True
PIM1,P11309,1,HGNC_symbol,True
PIM2,Q9P1W9,1,HGNC_symbol,False
PIM3,Q86V86,1,HGNC_symbol,False
PIMREG,Q9BSJ6,1,HGNC_symbol,True
PIN1,Q13526,1,HGNC_symbol,True
PIN4,Q9Y237,1,HGNC_symbol,False
PIN4P1,,0,unmapped,False
PINK1,Q9BXM7,1,HGNC_symbol,False
PINK1-AS,,0,unmapped,False
PINLYP,A6NC86,1,HGNC_symbol,False
PINX1,Q96BK5,1,HGNC_symbol,False
PIP,P12273,1,HGNC_symbol,False
PIP4K2A,P48426,1,HGNC_symbol,False
PIP4K2B,P78356,1,HGNC_symbol,False
PIP4K2C,Q8TBX8,1,HGNC_symbol,True
PIP4P1,Q86T03,1,HGNC_symbol,False
PIP4P2,Q8N4L2,1,HGNC_symbol,False
PIP5K1A,Q99755,1,HGNC_symbol,False
PIP5K1B,O14986,1,HGNC_symbol,False
PIP5K1C,O60331,1,HGNC_symbol,False
PIP5K1P1,,0,unmapped,False
PIP5KL1,Q5T9C9,1,HGNC_symbol,False
PIPOX,Q9P0Z9,1,HGNC_symbol,False
PIPSL,A2A3N6,1,HGNC_symbol,False
PIR,O00625,1,HGNC_symbol,True
PIRT,P0C851,1,HGNC_symbol,True
PISD,Q9UG56,1,HGNC_symbol,True
PITHD1,Q9GZP4,1,HGNC_symbol,False
PITPNA,Q00169,1,HGNC_symbol,True
PITPNA-AS1,,0,unmapped,False
PITPNB,P48739,1,HGNC_symbol,True
PITPNC1,Q9UKF7,1,HGNC_symbol,False
PITPNM1,O00562,1,HGNC_symbol,False
PITPNM2,Q9BZ72,1,HGNC_symbol,False
PITPNM3,Q9BZ71,1,HGNC_symbol,False
PITRM1,Q5JRX3,1,HGNC_symbol,False
PITRM1-AS1,,0,unmapped,False
PITX1,P78337,1,HGNC_symbol,False
PITX2,Q99697,1,HGNC_symbol,False
PITX3,O75364,1,HGNC_symbol,False
PIWIL1,Q96J94,1,HGNC_symbol,False
PIWIL2,Q8TC59,1,HGNC_symbol,True
PIWIL3,Q7Z3Z3,1,HGNC_symbol,False
PIWIL4,Q7Z3Z4,1,HGNC_symbol,False
PJA1,Q8NG27,1,HGNC_symbol,False
PJA2,O43164,1,HGNC_symbol,True
PJVK,Q0ZLH3,1,HGNC_symbol,False
PKD1,P98161,1,HGNC_symbol,False
PKD1L1,Q8TDX9,1,HGNC_symbol,False
PKD1L2,Q7Z442,1,HGNC_symbol,False
PKD1L3,Q7Z443,1,HGNC_symbol,False
PKD1P1,,0,unmapped,False
PKD1P5,,0,unmapped,False
PKD1P6,,0,unmapped,False
PKD2,Q13563,1,HGNC_symbol,False
PKD2L1,Q9P0L9,1,HGNC_symbol,True
PKD2L2,Q9NZM6,1,HGNC_symbol,False
PKDCC,Q504Y2,1,HGNC_symbol,False
PKDREJ,Q9NTG1,1,HGNC_symbol,False
PKHD1,P08F94,1,HGNC_symbol,False
PKHD1L1,Q86WI1,1,HGNC_symbol,False
PKIA,P61925,1,HGNC_symbol,True
PKIB,Q9C010,1,HGNC_symbol,False
PKIG,Q9Y2B9,1,HGNC_symbol,True
PKLR,P30613,1,HGNC_symbol,False
PKM,P14618,1,HGNC_symbol,True
PKMP1,,0,unmapped,False
PKMP3,,0,unmapped,False
PKMP5,,0,unmapped,False
PKMYT1,Q99640,1,HGNC_symbol,False
PKN1,Q16512,1,HGNC_symbol,False
PKN2,Q16513,1,HGNC_symbol,False
PKN3,Q6P5Z2,1,HGNC_symbol,False
PKNOX1,P55347,1,HGNC_symbol,False
PKNOX2,Q96KN3,1,HGNC_symbol,False
PKP1,Q13835,1,HGNC_symbol,False
PKP2,Q99959,1,HGNC_symbol,False
PKP3,Q9Y446,1,HGNC_symbol,False
PKP4,Q99569,1,HGNC_symbol,False
PKP4P1,,0,unmapped,False
PLA1A,Q53H76,1,HGNC_symbol,False
PLA2G10,O15496,1,HGNC_symbol,True
PLA2G12A,Q9BZM1,1,HGNC_symbol,False
PLA2G12AP1,,0,unmapped,False
PLA2G12B,Q9BX93,1,HGNC_symbol,True
PLA2G15,Q8NCC3,1,HGNC_symbol,False
PLA2G16,11145,5,STRING_alias,False
PLA2G1B,P04054,1,HGNC_symbol,False
PLA2G2A,P14555,1,HGNC_symbol,False
PLA2G2C,Q5R387,1,HGNC_symbol,False
PLA2G2D,Q9UNK4,1,HGNC_symbol,True
PLA2G2E,Q9NZK7,1,HGNC_symbol,True
PLA2G2F,Q9BZM2,1,HGNC_symbol,False
PLA2G3,Q9NZ20,1,HGNC_symbol,True
PLA2G4A,P47712,1,HGNC_symbol,False
PLA2G4B,P0C869,1,HGNC_symbol,False
PLA2G4C,Q9UP65,1,HGNC_symbol,False
PLA2G4D,Q86XP0,1,HGNC_symbol,False
PLA2G4E,Q3MJ16,1,HGNC_symbol,True
PLA2G4F,Q68DD2,1,HGNC_symbol,False
PLA2G5,P39877,1,HGNC_symbol,True
PLA2G6,O60733,1,HGNC_symbol,False
PLA2G7,Q13093,1,HGNC_symbol,False
PLA2R1,Q13018,1,HGNC_symbol,False
PLAA,Q9Y263,1,HGNC_symbol,False
PLAAT1,Q9HDD0,1,HGNC_symbol,False
PLAAT2,Q9NWW9,1,HGNC_symbol,True
PLAAT3,P53816,1,HGNC_symbol,False
PLAAT4,Q9UL19,1,HGNC_symbol,True
PLAAT5,Q96KN8,1,HGNC_symbol,False
PLAC1,Q9HBJ0,1,HGNC_symbol,False
PLAC8,Q9NZF1,1,HGNC_symbol,True
PLAC8L1,A1L4L8,1,HGNC_symbol,True
PLAC9,Q5JTB6,1,HGNC_symbol,False
PLAG1,Q6DJT9,1,HGNC_symbol,False
PLAGL1,Q9UM63,1,HGNC_symbol,True
PLAGL2,Q9UPG8,1,HGNC_symbol,True
PLAT,P00750,1,HGNC_symbol,False
PLAU,P00749,1,HGNC_symbol,True
PLAUR,Q03405,1,HGNC_symbol,True
PLB1,Q6P1J6,1,HGNC_symbol,False
PLBD1,Q6P4A8,1,HGNC_symbol,True
PLBD2,Q8NHP8,1,HGNC_symbol,False
PLCB1,Q9NQ66,1,HGNC_symbol,False
PLCB2,Q00722,1,HGNC_symbol,False
PLCB3,Q01970,1,HGNC_symbol,False
PLCB4,Q15147,1,HGNC_symbol,False
PLCD1,P51178,1,HGNC_symbol,False
PLCD3,Q8N3E9,1,HGNC_symbol,False
PLCD4,Q9BRC7,1,HGNC_symbol,True
PLCE1,Q9P212,1,HGNC_symbol,False
PLCG1,P19174,1,HGNC_symbol,False
PLCG2,P16885,1,HGNC_symbol,False
PLCH1,Q4KWH8,1,HGNC_symbol,False
PLCH2,O75038,1,HGNC_symbol,False
PLCL1,Q15111,1,HGNC_symbol,False
PLCL2,Q9UPR0,1,HGNC_symbol,False
PLCXD1,Q9NUJ7,1,HGNC_symbol,False
PLCXD2,Q0VAA5,1,HGNC_symbol,False
PLCXD3,Q63HM9,1,HGNC_symbol,True
PLCZ1,Q86YW0,1,HGNC_symbol,False
PLD1,Q13393,1,HGNC_symbol,False
PLD2,O14939,1,HGNC_symbol,False
PLD3,Q8IV08,1,HGNC_symbol,True
PLD4,Q96BZ4,1,HGNC_symbol,True
PLD5,Q8N7P1,1,HGNC_symbol,True
PLD6,Q8N2A8,1,HGNC_symbol,True
PLEC,Q15149,1,HGNC_symbol,False
PLEK,P08567,1,HGNC_symbol,True
PLEK2,Q9NYT0,1,HGNC_symbol,True
PLEKHA1,Q9HB21,1,HGNC_symbol,True
PLEKHA2,Q9HB19,1,HGNC_symbol,False
PLEKHA3,Q9HB20,1,HGNC_symbol,False
PLEKHA3P1,,0,unmapped,False
PLEKHA4,Q9H4M7,1,HGNC_symbol,True
PLEKHA5,Q9HAU0,1,HGNC_symbol,False
PLEKHA6,Q9Y2H5,1,HGNC_symbol,False
PLEKHA7,Q6IQ23,1,HGNC_symbol,False
PLEKHA8,Q96JA3,1,HGNC_symbol,False
PLEKHA8P1,O95397,1,HGNC_symbol,False
PLEKHB1,Q9UF11,1,HGNC_symbol,False
PLEKHB2,Q96CS7,1,HGNC_symbol,True
PLEKHD1,A6NEE1,1,HGNC_symbol,False
PLEKHF1,Q96S99,1,HGNC_symbol,False
PLEKHF2,Q9H8W4,1,HGNC_symbol,True
PLEKHG1,Q9ULL1,1,HGNC_symbol,False
PLEKHG2,Q9H7P9,1,HGNC_symbol,False
PLEKHG3,A1L390,1,HGNC_symbol,False
PLEKHG4,Q58EX7,1,HGNC_symbol,False
PLEKHG4B,Q96PX9,1,HGNC_symbol,False
PLEKHG5,O94827,1,HGNC_symbol,False
PLEKHG6,Q3KR16,1,HGNC_symbol,True
PLEKHG7,Q6ZR37,1,HGNC_symbol,False
PLEKHH1,Q9ULM0,1,HGNC_symbol,False
PLEKHH2,Q8IVE3,1,HGNC_symbol,False
PLEKHH3,Q7Z736,1,HGNC_symbol,False
PLEKHJ1,Q9NW61,1,HGNC_symbol,True
PLEKHM1,Q9Y4G2,1,HGNC_symbol,False
PLEKHM1P,,0,unmapped,False
PLEKHM2,Q8IWE5,1,HGNC_symbol,False
PLEKHM3,Q6ZWE6,1,HGNC_symbol,True
PLEKHN1,Q494U1,1,HGNC_symbol,False
PLEKHO1,Q53GL0,1,HGNC_symbol,False
PLEKHO2,Q8TD55,1,HGNC_symbol,True
PLEKHS1,Q5SXH7,1,HGNC_symbol,False
PLET1,Q6UQ28,1,HGNC_symbol,True
PLG,P00747,1,HGNC_symbol,True
PLGLA,Q15195,1,HGNC_symbol,False
PLGLB1,Q02325,1,HGNC_symbol,False
PLGLB2,,0,unmapped,False
PLGRKT,Q9HBL7,1,HGNC_symbol,False
PLIN1,O60240,1,HGNC_symbol,False
PLIN2,Q99541,1,HGNC_symbol,True
PLIN3,O60664,1,HGNC_symbol,False
PLIN4,Q96Q06,1,HGNC_symbol,False
PLIN5,Q00G26,1,HGNC_symbol,False
PLK1,P53350,1,HGNC_symbol,False
PLK1S1,,0,unmapped,False
PLK2,Q9NYY3,1,HGNC_symbol,True
PLK3,Q9H4B4,1,HGNC_symbol,True
PLK4,O00444,1,HGNC_symbol,True
PLK5,Q496M5,1,HGNC_symbol,False
PLLP,Q9Y342,1,HGNC_symbol,False
PLN,P26678,1,HGNC_symbol,True
PLOD1,Q02809,1,HGNC_symbol,True
PLOD2,O00469,1,HGNC_symbol,True
PLOD3,O60568,1,HGNC_symbol,False
PLP1,P60201,1,HGNC_symbol,True
PLP2,Q04941,1,HGNC_symbol,False
PLPBP,O94903,1,HGNC_symbol,True
PLPP1,O14494,1,HGNC_symbol,True
PLPP2,O43688,1,HGNC_symbol,False
PLPP3,O14495,1,HGNC_symbol,False
PLPP4,Q5VZY2,1,HGNC_symbol,True
PLPP5,Q8NEB5,1,HGNC_symbol,False
PLPP6,Q8IY26,1,HGNC_symbol,False
PLPP7,Q8NBV4,1,HGNC_symbol,False
PLPPR1,Q8TBJ4,1,HGNC_symbol,True
PLPPR2,Q96GM1,1,HGNC_symbol,True
PLPPR3,Q6T4P5,1,HGNC_symbol,True
PLPPR4,Q7Z2D5,1,HGNC_symbol,False
PLPPR5,Q32ZL2,1,HGNC_symbol,True
PLRG1,O43660,1,HGNC_symbol,True
PLS1,Q14651,1,HGNC_symbol,True
PLS3,P13797,1,HGNC_symbol,False
PLSCR1,O15162,1,HGNC_symbol,False
PLSCR2,Q9NRY7,1,HGNC_symbol,False
PLSCR3,Q9NRY6,1,HGNC_symbol,True
PLSCR4,Q9NRQ2,1,HGNC_symbol,True
PLSCR5,A0PG75,1,HGNC_symbol,False
PLTP,P55058,1,HGNC_symbol,False
PLVAP,Q9BX97,1,HGNC_symbol,False
PLXDC1,Q8IUK5,1,HGNC_symbol,False
PLXDC2,Q6UX71,1,HGNC_symbol,True
PLXNA1,Q9UIW2,1,HGNC_symbol,False
PLXNA2,O75051,1,HGNC_symbol,False
PLXNA3,P51805,1,HGNC_symbol,False
PLXNA4,Q9HCM2,1,HGNC_symbol,False
PLXNB1,O43157,1,HGNC_symbol,False
PLXNB2,O15031,1,HGNC_symbol,False
PLXNB3,Q9ULL4,1,HGNC_symbol,False
PLXNC1,O60486,1,HGNC_symbol,False
PLXND1,Q9Y4D7,1,HGNC_symbol,False
PM20D1,Q6GTS8,1,HGNC_symbol,True
PM20D2,Q8IYS1,1,HGNC_symbol,False
PMAIP1,Q13794,1,HGNC_symbol,False
PMCH,P20382,1,HGNC_symbol,False
PMEL,P40967,1,HGNC_symbol,False
PMEPA1,Q969W9,1,HGNC_symbol,True
PMF1,Q6P1K2,1,HGNC_symbol,False
PMFBP1,Q8TBY8,1,HGNC_symbol,False
PMIS2,A0A1W2PS18,1,HGNC_symbol,False
PML,P29590,1,HGNC_symbol,False
PMM1,Q92871,1,HGNC_symbol,False
PMM2,O15305,1,HGNC_symbol,True
PMP2,P02689,1,HGNC_symbol,False
PMP22,Q01453,1,HGNC_symbol,True
PMPCA,Q10713,1,HGNC_symbol,True
PMPCB,O75439,1,HGNC_symbol,False
PMS1,P54277,1,HGNC_symbol,True
PMS2,P54278,1,HGNC_symbol,True
PMS2CL,Q68D20,1,HGNC_symbol,True
PMS2P1,A4D2B8,1,HGNC_symbol,True
PMS2P10,,0,unmapped,False
PMS2P2,O95744,1,HGNC_symbol,False
PMS2P3,Q13401,1,HGNC_symbol,False
PMS2P4,,0,unmapped,False
PMS2P5,A8MQ11,1,HGNC_symbol,False
PMVK,Q15126,1,HGNC_symbol,True
PNCK,Q6P2M8,1,HGNC_symbol,True
PNISR,Q8TF01,1,HGNC_symbol,True
PNKD,Q8N490,1,HGNC_symbol,False
PNKP,Q96T60,1,HGNC_symbol,True
PNLDC1,Q8NA58,1,HGNC_symbol,True
PNLIP,P16233,1,HGNC_symbol,True
PNLIPRP1,P54315,1,HGNC_symbol,False
PNLIPRP2,P54317,1,HGNC_symbol,False
PNLIPRP3,Q17RR3,1,HGNC_symbol,False
PNMA1,Q8ND90,1,HGNC_symbol,True
PNMA2,Q9UL42,1,HGNC_symbol,True
PNMA3,Q9UL41,1,HGNC_symbol,False
PNMA5,Q96PV4,1,HGNC_symbol,False
PNMA6A,P0CW24,1,HGNC_symbol,False
PNMA6E,A0A0J9YXQ4,1,HGNC_symbol,False
PNMA6F,A0A0J9YX94,1,HGNC_symbol,False
PNMA8A,Q86V59,1,HGNC_symbol,False
PNMA8B,Q9ULN7,1,HGNC_symbol,True
PNMA8C,A0A1B0GUJ8,1,HGNC_symbol,False
PNMAL1,,0,unmapped,False
PNMAL2,,0,unmapped,False
PNMT,P11086,1,HGNC_symbol,False
PNN,Q9H307,1,HGNC_symbol,False
PNO1,Q9NRX1,1,HGNC_symbol,True
PNOC,Q13519,1,HGNC_symbol,False
PNP,P00491,1,HGNC_symbol,True
PNPLA1,Q8N8W4,1,HGNC_symbol,True
PNPLA2,Q96AD5,1,HGNC_symbol,False
PNPLA3,Q9NST1,1,HGNC_symbol,True
PNPLA4,P41247,1,HGNC_symbol,False
PNPLA5,Q7Z6Z6,1,HGNC_symbol,False
PNPLA6,Q8IY17,1,HGNC_symbol,False
PNPLA7,Q6ZV29,1,HGNC_symbol,False
PNPLA8,Q9NP80,1,HGNC_symbol,True
PNPO,Q9NVS9,1,HGNC_symbol,True
PNPT1,Q8TCS8,1,HGNC_symbol,True
PNPT1P1,,0,unmapped,False
PNRC1,Q12796,1,HGNC_symbol,False
PNRC2,Q9NPJ4,1,HGNC_symbol,False
POC1A,Q8NBT0,1,HGNC_symbol,True
POC1B,Q8TC44,1,HGNC_symbol,False
POC5,Q8NA72,1,HGNC_symbol,True
PODN,Q7Z5L7,1,HGNC_symbol,False
PODNL1,Q6PEZ8,1,HGNC_symbol,False
PODXL,O00592,1,HGNC_symbol,False
PODXL2,Q9NZ53,1,HGNC_symbol,True
POF1B,Q8WVV4,1,HGNC_symbol,True
POFUT1,Q9H488,1,HGNC_symbol,True
POFUT2,Q9Y2G5,1,HGNC_symbol,False
POGK,Q9P215,1,HGNC_symbol,False
POGLUT1,Q8NBL1,1,HGNC_symbol,False
POGLUT2,Q6UW63,1,HGNC_symbol,False
POGLUT3,Q7Z4H8,1,HGNC_symbol,False
POGZ,Q7Z3K3,1,HGNC_symbol,False
POLA1,P09884,1,HGNC_symbol,False
POLA2,Q14181,1,HGNC_symbol,False
POLB,P06746,1,HGNC_symbol,False
POLD1,P28340,1,HGNC_symbol,False
POLD2,P49005,1,HGNC_symbol,False
POLD3,Q15054,1,HGNC_symbol,True
POLD4,Q9HCU8,1,HGNC_symbol,False
POLDIP2,Q9Y2S7,1,HGNC_symbol,True
POLDIP3,Q9BY77,1,HGNC_symbol,True
POLE,Q07864,1,HGNC_symbol,False
POLE2,P56282,1,HGNC_symbol,True
POLE3,Q9NRF9,1,HGNC_symbol,False
POLE4,Q9NR33,1,HGNC_symbol,True
POLG,P54098,1,HGNC_symbol,False
POLG2,Q9UHN1,1,HGNC_symbol,False
POLH,Q9Y253,1,HGNC_symbol,True
POLI,Q9UNA4,1,HGNC_symbol,False
POLK,Q9UBT6,1,HGNC_symbol,True
POLL,Q9UGP5,1,HGNC_symbol,False
POLM,Q9NP87,1,HGNC_symbol,False
POLN,Q7Z5Q5,1,HGNC_symbol,True
POLQ,O75417,1,HGNC_symbol,False
POLR1A,O95602,1,HGNC_symbol,False
POLR1B,Q9H9Y6,1,HGNC_symbol,False
POLR1C,O15160,1,HGNC_symbol,False
POLR1D,P0DPB6,1,HGNC_symbol,True
POLR1E,Q9GZS1,1,HGNC_symbol,True
POLR1F,Q3B726,1,HGNC_symbol,False
POLR1G,O15446,1,HGNC_symbol,False
POLR1H,Q9P1U0,1,HGNC_symbol,False
POLR2A,P24928,1,HGNC_symbol,False
POLR2B,P30876,1,HGNC_symbol,False
POLR2C,P19387,1,HGNC_symbol,True
POLR2D,O15514,1,HGNC_symbol,False
POLR2E,P19388,1,HGNC_symbol,True
POLR2F,P61218,1,HGNC_symbol,False
POLR2G,P62487,1,HGNC_symbol,True
POLR2H,P52434,1,HGNC_symbol,True
POLR2I,P36954,1,HGNC_symbol,False
POLR2J,P52435,1,HGNC_symbol,False
POLR2J2,Q9GZM3,1,HGNC_symbol,False
POLR2J3,Q9H1A7,1,HGNC_symbol,True
POLR2J4,,0,unmapped,False
POLR2K,P53803,1,HGNC_symbol,True
POLR2L,P62875,1,HGNC_symbol,False
POLR2M,P0CAP2,1,HGNC_symbol,False
POLR3A,O14802,1,HGNC_symbol,False
POLR3B,Q9NW08,1,HGNC_symbol,False
POLR3C,Q9BUI4,1,HGNC_symbol,False
POLR3D,P05423,1,HGNC_symbol,False
POLR3E,Q9NVU0,1,HGNC_symbol,True
POLR3F,Q9H1D9,1,HGNC_symbol,False
POLR3G,O15318,1,HGNC_symbol,False
POLR3GL,Q9BT43,1,HGNC_symbol,True
POLR3H,Q9Y535,1,HGNC_symbol,False
POLR3K,Q9Y2Y1,1,HGNC_symbol,False
POLRMT,O00411,1,HGNC_symbol,False
POLRMTP1,,0,unmapped,False
POM121,Q96HA1,1,HGNC_symbol,False
POM121B,A6NF01,1,HGNC_symbol,False
POM121C,A8CG34,1,HGNC_symbol,False
POM121L12,Q8N7R1,1,HGNC_symbol,False
POM121L2,Q96KW2,1,HGNC_symbol,False
POMC,P01189,1,HGNC_symbol,False
POMGNT1,Q8WZA1,1,HGNC_symbol,False
POMGNT2,Q8NAT1,1,HGNC_symbol,True
POMK,Q9H5K3,1,HGNC_symbol,False
POMP,Q9Y244,1,HGNC_symbol,True
POMT1,Q9Y6A1,1,HGNC_symbol,True
POMT2,Q9UKY4,1,HGNC_symbol,False
POMZP3,Q6PJE2,1,HGNC_symbol,False
PON1,P27169,1,HGNC_symbol,True
PON2,Q15165,1,HGNC_symbol,False
PON3,Q15166,1,HGNC_symbol,True
POP1,Q99575,1,HGNC_symbol,True
POP4,O95707,1,HGNC_symbol,True
POP5,Q969H6,1,HGNC_symbol,True
POP7,O75817,1,HGNC_symbol,True
POPDC1,Q8NE79,1,HGNC_symbol,False
POPDC2,Q9HBU9,1,HGNC_symbol,False
POPDC3,Q9HBV1,1,HGNC_symbol,True
POR,P16435,1,HGNC_symbol,True
PORCN,Q9H237,1,HGNC_symbol,False
POSTN,Q15063,1,HGNC_symbol,False
POT1,Q9NUX5,1,HGNC_symbol,False
POT1-AS1,,0,unmapped,False
POTEA,Q6S8J7,1,HGNC_symbol,True
POTEB,A0A0A6YYL3,1,HGNC_symbol,True
POTEB2,H3BUK9,1,HGNC_symbol,True
POTEB3,A0JP26,1,HGNC_symbol,True
POTEC,B2RU33,1,HGNC_symbol,False
POTED,Q86YR6,1,HGNC_symbol,True
POTEE,Q6S8J3,1,HGNC_symbol,False
POTEF,A5A3E0,1,HGNC_symbol,False
POTEG,Q6S5H5,1,HGNC_symbol,False
POTEH,Q6S545,1,HGNC_symbol,False
POTEI,P0CG38,1,HGNC_symbol,False
POTEJ,P0CG39,1,HGNC_symbol,False
POTEKP,Q9BYX7,1,HGNC_symbol,False
POTEM,A6NI47,1,HGNC_symbol,True
POU1F1,P28069,1,HGNC_symbol,False
POU2AF1,Q16633,1,HGNC_symbol,False
POU2AF2,Q8IXP5,1,HGNC_symbol,True
POU2AF3,A8K830,1,HGNC_symbol,True
POU2F1,P14859,1,HGNC_symbol,False
POU2F2,P09086,1,HGNC_symbol,True
POU2F3,Q9UKI9,1,HGNC_symbol,False
POU3F1,Q03052,1,HGNC_symbol,False
POU3F2,P20265,1,HGNC_symbol,True
POU3F3,P20264,1,HGNC_symbol,False
POU3F4,P49335,1,HGNC_symbol,True
POU4F1,Q01851,1,HGNC_symbol,True
POU4F2,Q12837,1,HGNC_symbol,True
POU4F3,Q15319,1,HGNC_symbol,False
POU5F1,Q01860,1,HGNC_symbol,False
POU5F1B,Q06416,1,HGNC_symbol,False
POU5F1P6,,0,unmapped,False
POU5F2,Q8N7G0,1,HGNC_symbol,True
POU6F1,Q14863,1,HGNC_symbol,True
POU6F2,P78424,1,HGNC_symbol,True
PP13439,,0,unmapped,False
PP2D1,A8MPX8,1,HGNC_symbol,False
PPA1,Q15181,1,HGNC_symbol,False
PPA2,Q9H2U2,1,HGNC_symbol,True
PPAN,Q9NQ55,1,HGNC_symbol,True
PPAP2A,,0,unmapped,False
PPAP2B,,0,unmapped,False
PPAP2C,,0,unmapped,False
PPAPDC1A,196051,5,STRING_alias,False
PPAPDC1B,3.1.3.4,5,STRING_alias,False
PPAPDC2,3.1.3.-,5,STRING_alias,False
PPAPDC3,84814,5,STRING_alias,False
PPARA,Q07869,1,HGNC_symbol,False
PPARD,Q03181,1,HGNC_symbol,False
PPARG,P37231,1,HGNC_symbol,False
PPARGC1A,Q9UBK2,1,HGNC_symbol,False
PPARGC1B,Q86YN6,1,HGNC_symbol,True
PPAT,Q06203,1,HGNC_symbol,True
PPATP1,,0,unmapped,False
PPBP,P02775,1,HGNC_symbol,True
PPCDC,Q96CD2,1,HGNC_symbol,False
PPCS,Q9HAB8,1,HGNC_symbol,True
PPDPF,Q9H3Y8,1,HGNC_symbol,False
PPDPFL,Q8WWR9,1,HGNC_symbol,False
PPEF1,O14829,1,HGNC_symbol,False
PPEF2,O14830,1,HGNC_symbol,False
PPFIA1,Q13136,1,HGNC_symbol,False
PPFIA2,O75334,1,HGNC_symbol,False
PPFIA3,O75145,1,HGNC_symbol,False
PPFIA4,O75335,1,HGNC_symbol,False
PPFIBP1,Q86W92,1,HGNC_symbol,True
PPFIBP2,Q8ND30,1,HGNC_symbol,False
PPHLN1,Q8NEY8,1,HGNC_symbol,False
PPIA,P62937,1,HGNC_symbol,False
PPIAL4A,Q9Y536,1,HGNC_symbol,False
PPIAL4C,A0A0B4J2A2,1,HGNC_symbol,True
PPIAL4E,A0A075B759,1,HGNC_symbol,False
PPIAL4F,P0DN26,1,HGNC_symbol,False
PPIAL4G,P0DN37,1,HGNC_symbol,True
PPIAL4H,A0A075B767,1,HGNC_symbol,True
PPIAP11,,0,unmapped,False
PPIAP19,,0,unmapped,False
PPIAP2,,0,unmapped,False
PPIAP22,,0,unmapped,False
PPIAP29,,0,unmapped,False
PPIAP31,,0,unmapped,False
PPIAP6,,0,unmapped,False
PPIAP9,,0,unmapped,False
PPIB,P23284,1,HGNC_symbol,True
PPIC,P45877,1,HGNC_symbol,True
PPID,Q08752,1,HGNC_symbol,True
PPIE,Q9UNP9,1,HGNC_symbol,False
PPIEL,,0,unmapped,False
PPIF,P30405,1,HGNC_symbol,True
PPIG,Q13427,1,HGNC_symbol,False
PPIH,O43447,1,HGNC_symbol,False
PPIHP1,,0,unmapped,False
PPIL1,Q9Y3C6,1,HGNC_symbol,True
PPIL2,Q13356,1,HGNC_symbol,False
PPIL3,Q9H2H8,1,HGNC_symbol,False
PPIL4,Q8WUA2,1,HGNC_symbol,True
PPIL6,Q8IXY8,1,HGNC_symbol,False
PPIP5K1,Q6PFW1,1,HGNC_symbol,False
PPIP5K2,O43314,1,HGNC_symbol,False
PPL,O60437,1,HGNC_symbol,False
PPM1A,P35813,1,HGNC_symbol,False
PPM1B,O75688,1,HGNC_symbol,True
PPM1D,O15297,1,HGNC_symbol,False
PPM1E,Q8WY54,1,HGNC_symbol,False
PPM1F,P49593,1,HGNC_symbol,True
PPM1G,O15355,1,HGNC_symbol,True
PPM1H,Q9ULR3,1,HGNC_symbol,True
PPM1J,Q5JR12,1,HGNC_symbol,True
PPM1K,Q8N3J5,1,HGNC_symbol,False
PPM1L,Q5SGD2,1,HGNC_symbol,True
PPM1M,Q96MI6,1,HGNC_symbol,False
PPM1N,Q8N819,1,HGNC_symbol,False
PPME1,Q9Y570,1,HGNC_symbol,True
PPOX,P50336,1,HGNC_symbol,False
PPP1CA,P62136,1,HGNC_symbol,False
PPP1CB,P62140,1,HGNC_symbol,False
PPP1CC,P36873,1,HGNC_symbol,True
PPP1R10,Q96QC0,1,HGNC_symbol,True
PPP1R11,O60927,1,HGNC_symbol,False
PPP1R11P1,,0,unmapped,False
PPP1R12A,O14974,1,HGNC_symbol,False
PPP1R12B,O60237,1,HGNC_symbol,True
PPP1R12C,Q9BZL4,1,HGNC_symbol,True
PPP1R13B,Q96KQ4,1,HGNC_symbol,False
PPP1R13L,Q8WUF5,1,HGNC_symbol,False
PPP1R14A,Q96A00,1,HGNC_symbol,False
PPP1R14B,Q96C90,1,HGNC_symbol,True
PPP1R14BP2,,0,unmapped,False
PPP1R14BP3,,0,unmapped,False
PPP1R14C,Q8TAE6,1,HGNC_symbol,True
PPP1R14D,Q9NXH3,1,HGNC_symbol,True
PPP1R15A,O75807,1,HGNC_symbol,False
PPP1R15B,Q5SWA1,1,HGNC_symbol,True
PPP1R16A,Q96I34,1,HGNC_symbol,False
PPP1R16B,Q96T49,1,HGNC_symbol,True
PPP1R17,O96001,1,HGNC_symbol,True
PPP1R18,Q6NYC8,1,HGNC_symbol,True
PPP1R1A,Q13522,1,HGNC_symbol,False
PPP1R1B,Q9UD71,1,HGNC_symbol,False
PPP1R1C,Q8WVI7,1,HGNC_symbol,False
PPP1R2,P41236,1,HGNC_symbol,True
PPP1R21,Q6ZMI0,1,HGNC_symbol,True
PPP1R26,Q5T8A7,1,HGNC_symbol,False
PPP1R26-AS1,,0,unmapped,False
PPP1R27,Q86WC6,1,HGNC_symbol,False
PPP1R2B,Q6NXS1,1,HGNC_symbol,True
PPP1R2C,O14990,1,HGNC_symbol,False
PPP1R2P3,G1AUC5,5,STRING_alias,False
PPP1R32,220004,5,STRING_alias,False
PPP1R35,Q8TAP8,1,HGNC_symbol,True
PPP1R36,Q96LQ0,1,HGNC_symbol,False
PPP1R37,O75864,1,HGNC_symbol,False
PPP1R3A,Q16821,1,HGNC_symbol,False
PPP1R3B,Q86XI6,1,HGNC_symbol,False
PPP1R3C,Q9UQK1,1,HGNC_symbol,False
PPP1R3D,O95685,1,HGNC_symbol,False
PPP1R3E,Q9H7J1,1,HGNC_symbol,True
PPP1R3F,Q6ZSY5,1,HGNC_symbol,False
PPP1R3G,B7ZBB8,1,HGNC_symbol,False
PPP1R42,Q7Z4L9,1,HGNC_symbol,True
PPP1R7,Q15435,1,HGNC_symbol,True
PPP1R8,Q12972,1,HGNC_symbol,False
PPP1R9A,Q9ULJ8,1,HGNC_symbol,False
PPP1R9B,Q96SB3,1,HGNC_symbol,True
PPP2CA,P67775,1,HGNC_symbol,True
PPP2CB,P62714,1,HGNC_symbol,False
PPP2R1A,P30153,1,HGNC_symbol,True
PPP2R1B,P30154,1,HGNC_symbol,False
PPP2R2A,P63151,1,HGNC_symbol,False
PPP2R2B,Q00005,1,HGNC_symbol,True
PPP2R2C,Q9Y2T4,1,HGNC_symbol,False
PPP2R2D,Q66LE6,1,HGNC_symbol,False
PPP2R3A,Q06190,1,HGNC_symbol,False
PPP2R3B,Q9Y5P8,1,HGNC_symbol,True
PPP2R3C,Q969Q6,1,HGNC_symbol,True
PPP2R4,,0,unmapped,False
PPP2R5A,Q15172,1,HGNC_symbol,False
PPP2R5B,Q15173,1,HGNC_symbol,True
PPP2R5C,Q13362,1,HGNC_symbol,False
PPP2R5D,Q14738,1,HGNC_symbol,True
PPP2R5E,Q16537,1,HGNC_symbol,False
PPP3CA,Q08209,1,HGNC_symbol,False
PPP3CB,P16298,1,HGNC_symbol,True
PPP3CC,P48454,1,HGNC_symbol,False
PPP3R1,P63098,1,HGNC_symbol,True
PPP3R2,Q96LZ3,1,HGNC_symbol,False
PPP4C,P60510,1,HGNC_symbol,True
PPP4R1,Q8TF05,1,HGNC_symbol,False
PPP4R1L,Q9P1A2,1,HGNC_symbol,False
PPP4R2,Q9NY27,1,HGNC_symbol,True
PPP4R3A,Q6IN85,1,HGNC_symbol,True
PPP4R3B,Q5MIZ7,1,HGNC_symbol,False
PPP4R3C,Q6ZMV5,1,HGNC_symbol,True
PPP4R4,Q6NUP7,1,HGNC_symbol,False
PPP5C,P53041,1,HGNC_symbol,True
PPP5D1,,0,unmapped,False
PPP6C,O00743,1,HGNC_symbol,True
PPP6R1,Q9UPN7,1,HGNC_symbol,False
PPP6R2,O75170,1,HGNC_symbol,False
PPP6R3,Q5H9R7,1,HGNC_symbol,False
PPRC1,Q5VV67,1,HGNC_symbol,False
PPT1,P50897,1,HGNC_symbol,False
PPT2,Q9UMR5,1,HGNC_symbol,True
PPT2-EGFL8,,0,unmapped,False
PPTC7,Q8NI37,1,HGNC_symbol,True
PPWD1,Q96BP3,1,HGNC_symbol,False
PPY,P01298,1,HGNC_symbol,True
PQBP1,O60828,1,HGNC_symbol,False
PQLC1,K7EQ76,5,STRING_alias,False
PQLC2,54896,5,STRING_alias,False
PQLC3,130814,5,STRING_alias,False
PRAC1,Q96KF2,1,HGNC_symbol,False
PRAC2,D3DTV9,1,HGNC_symbol,False
PRADC1,Q9BSG0,1,HGNC_symbol,False
PRADC1P1,,0,unmapped,False
PRAF2,O60831,1,HGNC_symbol,False
PRAG1,Q86YV5,1,HGNC_symbol,False
PRAM1,Q96QH2,1,HGNC_symbol,False
PRAME,P78395,1,HGNC_symbol,True
PRAMEF1,O95521,1,HGNC_symbol,True
PRAMEF10,O60809,1,HGNC_symbol,False
PRAMEF11,O60813,1,HGNC_symbol,False
PRAMEF12,O95522,1,HGNC_symbol,True
PRAMEF13,Q5VWM6,1,HGNC_symbol,True
PRAMEF14,Q5SWL7,1,HGNC_symbol,False
PRAMEF15,P0DUQ1,1,HGNC_symbol,False
PRAMEF17,Q5VTA0,1,HGNC_symbol,False
PRAMEF18,Q5VWM3,1,HGNC_symbol,True
PRAMEF19,Q5SWL8,1,HGNC_symbol,False
PRAMEF2,O60811,1,HGNC_symbol,False
PRAMEF20,Q5VT98,1,HGNC_symbol,False
PRAMEF25,A6NGN4,1,HGNC_symbol,False
PRAMEF26,H0Y7S4,1,HGNC_symbol,False
PRAMEF27,A3QJZ7,1,HGNC_symbol,False
PRAMEF33,A0A0G2JMD5,1,HGNC_symbol,False
PRAMEF4,O60810,1,HGNC_symbol,True
PRAMEF5,Q5TYX0,1,HGNC_symbol,True
PRAMEF6,Q5VXH4,1,HGNC_symbol,True
PRAMEF7,Q5VXH5,1,HGNC_symbol,False
PRAMEF8,Q5VWM4,1,HGNC_symbol,False
PRAMEF9,P0DUQ2,1,HGNC_symbol,False
PRAP1,Q96NZ9,1,HGNC_symbol,False
PRB1,P04280,1,HGNC_symbol,False
PRB2,P02812,1,HGNC_symbol,False
PRB3,Q04118,1,HGNC_symbol,True
PRB4,P10163,1,HGNC_symbol,False
PRC1,O43663,1,HGNC_symbol,True
PRC1-AS1,,0,unmapped,False
PRCC,Q92733,1,HGNC_symbol,False
PRCD,Q00LT1,1,HGNC_symbol,True
PRCP,P42785,1,HGNC_symbol,True
PRDM1,O75626,1,HGNC_symbol,False
PRDM10,Q9NQV6,1,HGNC_symbol,False
PRDM11,Q9NQV5,1,HGNC_symbol,False
PRDM12,Q9H4Q4,1,HGNC_symbol,False
PRDM13,Q9H4Q3,1,HGNC_symbol,False
PRDM14,Q9GZV8,1,HGNC_symbol,False
PRDM15,P57071,1,HGNC_symbol,False
PRDM16,Q9HAZ2,1,HGNC_symbol,False
PRDM2,Q13029,1,HGNC_symbol,False
PRDM4,Q9UKN5,1,HGNC_symbol,False
PRDM5,Q9NQX1,1,HGNC_symbol,True
PRDM6,Q9NQX0,1,HGNC_symbol,True
PRDM7,Q9NQW5,1,HGNC_symbol,False
PRDM8,Q9NQV8,1,HGNC_symbol,False
PRDM9,Q9NQV7,1,HGNC_symbol,False
PRDX1,Q06830,1,HGNC_symbol,False
PRDX2,P32119,1,HGNC_symbol,True
PRDX2P1,,0,unmapped,False
PRDX2P3,,0,unmapped,False
PRDX3,P30048,1,HGNC_symbol,False
PRDX4,Q13162,1,HGNC_symbol,False
PRDX5,P30044,1,HGNC_symbol,True
PRDX6,P30041,1,HGNC_symbol,False
PREB,Q9HCU5,1,HGNC_symbol,False
PRELID1,Q9Y255,1,HGNC_symbol,False
PRELID1P1,,0,unmapped,False
PRELID1P4,,0,unmapped,False
PRELID2,Q8N945,1,HGNC_symbol,False
PRELID2P1,,0,unmapped,False
PRELID3A,Q96N28,1,HGNC_symbol,True
PRELID3B,Q9Y3B1,1,HGNC_symbol,False
PRELP,P51888,1,HGNC_symbol,True
PREP,P48147,1,HGNC_symbol,True
PREPL,Q4J6C6,1,HGNC_symbol,True
PREX1,Q8TCU6,1,HGNC_symbol,False
PREX2,Q70Z35,1,HGNC_symbol,False
PRF1,P14222,1,HGNC_symbol,False
PRG2,P13727,1,HGNC_symbol,False
PRG3,Q9Y2Y8,1,HGNC_symbol,False
PRG4,Q92954,1,HGNC_symbol,False
PRH1,P02810,1,HGNC_symbol,False
PRH2,5554,5,STRING_alias,False
PRICKLE1,Q96MT3,1,HGNC_symbol,False
PRICKLE2,Q7Z3G6,1,HGNC_symbol,False
PRICKLE3,O43900,1,HGNC_symbol,True
PRICKLE4,Q2TBC4,1,HGNC_symbol,False
PRIM1,P49642,1,HGNC_symbol,False
PRIM2,P49643,1,HGNC_symbol,True
PRIMA1,Q86XR5,1,HGNC_symbol,True
PRIMPOL,Q96LW4,1,HGNC_symbol,False
PRKAA1,Q13131,1,HGNC_symbol,True
PRKAA2,P54646,1,HGNC_symbol,False
PRKAB1,Q9Y478,1,HGNC_symbol,False
PRKAB2,O43741,1,HGNC_symbol,True
PRKACA,P17612,1,HGNC_symbol,False
PRKACB,P22694,1,HGNC_symbol,False
PRKACG,P22612,1,HGNC_symbol,True
PRKAG1,P54619,1,HGNC_symbol,False
PRKAG2,Q9UGJ0,1,HGNC_symbol,False
PRKAG2-AS1,,0,unmapped,False
PRKAG3,Q9UGI9,1,HGNC_symbol,False
PRKAR1A,P10644,1,HGNC_symbol,True
PRKAR1B,P31321,1,HGNC_symbol,False
PRKAR2A,P13861,1,HGNC_symbol,True
PRKAR2A-AS1,,0,unmapped,False
PRKAR2B,P31323,1,HGNC_symbol,False
PRKCA,P17252,1,HGNC_symbol,False
PRKCB,P05771,1,HGNC_symbol,False
PRKCD,Q05655,1,HGNC_symbol,False
PRKCDBP,112464,5,STRING_alias,False
PRKCE,Q02156,1,HGNC_symbol,True
PRKCG,P05129,1,HGNC_symbol,False
PRKCH,P24723,1,HGNC_symbol,True
PRKCI,P41743,1,HGNC_symbol,False
PRKCQ,Q04759,1,HGNC_symbol,False
PRKCQ-AS1,,0,unmapped,False
PRKCSH,P14314,1,HGNC_symbol,False
PRKCZ,Q05513,1,HGNC_symbol,False
PRKD1,Q15139,1,HGNC_symbol,True
PRKD2,Q9BZL6,1,HGNC_symbol,True
PRKD3,O94806,1,HGNC_symbol,True
PRKDC,P78527,1,HGNC_symbol,False
PRKG1,Q13976,1,HGNC_symbol,True
PRKG2,Q13237,1,HGNC_symbol,True
PRKN,O60260,1,HGNC_symbol,True
PRKRA,O75569,1,HGNC_symbol,False
PRKRIP1,Q9H875,1,HGNC_symbol,False
PRKRIR,,0,unmapped,False
PRKRIRP2,,0,unmapped,False
PRKRIRP3,,0,unmapped,False
PRKRIRP7,,0,unmapped,False
PRKX,P51817,1,HGNC_symbol,False
PRKXP1,,0,unmapped,False
PRKY,O43930,1,HGNC_symbol,False
PRL,P01236,1,HGNC_symbol,True
PRLH,P81277,1,HGNC_symbol,False
PRLHR,P49683,1,HGNC_symbol,True
PRLR,P16471,1,HGNC_symbol,True
PRM1,P04553,1,HGNC_symbol,False
PRM2,P04554,1,HGNC_symbol,True
PRM3,Q9NNZ6,1,HGNC_symbol,False
PRMT1,Q99873,1,HGNC_symbol,False
PRMT10,,0,unmapped,False
PRMT2,P55345,1,HGNC_symbol,False
PRMT3,O60678,1,HGNC_symbol,True
PRMT5,O14744,1,HGNC_symbol,False
PRMT5-AS1,,0,unmapped,False
PRMT6,Q96LA8,1,HGNC_symbol,True
PRMT7,Q9NVM4,1,HGNC_symbol,False
PRMT8,Q9NR22,1,HGNC_symbol,True
PRMT9,Q6P2P2,1,HGNC_symbol,False
PRNCR1,,0,unmapped,False
PRND,Q9UKY0,1,HGNC_symbol,False
PRNP,P04156,1,HGNC_symbol,False
PROB1,E7EW31,1,HGNC_symbol,False
PROC,P04070,1,HGNC_symbol,True
PROCA1,Q8NCQ7,1,HGNC_symbol,False
PROCR,Q9UNN8,1,HGNC_symbol,False
PRODH,O43272,1,HGNC_symbol,False
PRODH2,Q9UF12,1,HGNC_symbol,False
PROK1,P58294,1,HGNC_symbol,False
PROK2,Q9HC23,1,HGNC_symbol,False
PROKR1,Q8TCW9,1,HGNC_symbol,False
PROKR2,Q8NFJ6,1,HGNC_symbol,True
PROM1,O43490,1,HGNC_symbol,True
PROM2,Q8N271,1,HGNC_symbol,True
PROP1,O75360,1,HGNC_symbol,False
PRORP,O15091,1,HGNC_symbol,False
PRORSD1P,A6NEY8,1,HGNC_symbol,False
PRORY,Q9H606,1,HGNC_symbol,False
PROS1,P07225,1,HGNC_symbol,False
PROSC,11212,5,STRING_alias,False
PROSER1,Q86XN7,1,HGNC_symbol,False
PROSER2,Q86WR7,1,HGNC_symbol,True
PROSER2-AS1,,0,unmapped,False
PROSER3,Q2NL68,1,HGNC_symbol,True
PROX1,Q92786,1,HGNC_symbol,False
PROX2,Q3B8N5,1,HGNC_symbol,True
PROZ,P22891,1,HGNC_symbol,False
PRP4K,Q13523,1,HGNC_symbol,False
PRPF18,Q99633,1,HGNC_symbol,True
PRPF19,Q9UMS4,1,HGNC_symbol,True
PRPF3,O43395,1,HGNC_symbol,True
PRPF31,Q8WWY3,1,HGNC_symbol,False
PRPF38A,Q8NAV1,1,HGNC_symbol,True
PRPF38AP1,,0,unmapped,False
PRPF38AP2,,0,unmapped,False
PRPF38B,Q5VTL8,1,HGNC_symbol,True
PRPF39,Q86UA1,1,HGNC_symbol,True
PRPF4,O43172,1,HGNC_symbol,True
PRPF40A,O75400,1,HGNC_symbol,False
PRPF40B,Q6NWY9,1,HGNC_symbol,False
PRPF4B,,0,unmapped,False
PRPF6,O94906,1,HGNC_symbol,False
PRPF8,Q6P2Q9,1,HGNC_symbol,False
PRPH,P41219,1,HGNC_symbol,False
PRPH2,P23942,1,HGNC_symbol,True
PRPS1,P60891,1,HGNC_symbol,False
PRPS1L1,P21108,1,HGNC_symbol,False
PRPS1P2,,0,unmapped,False
PRPS2,P11908,1,HGNC_symbol,False
PRPSAP1,Q14558,1,HGNC_symbol,True
PRPSAP2,O60256,1,HGNC_symbol,False
PRR11,Q96HE9,1,HGNC_symbol,True
PRR12,Q9ULL5,1,HGNC_symbol,False
PRR13,Q9NZ81,1,HGNC_symbol,False
PRR14,Q9BWN1,1,HGNC_symbol,False
PRR14L,Q5THK1,1,HGNC_symbol,False
PRR15,Q8IV56,1,HGNC_symbol,True
PRR15L,Q9BU68,1,HGNC_symbol,False
PRR16,Q569H4,1,HGNC_symbol,True
PRR18,Q8N4B5,1,HGNC_symbol,True
PRR19,A6NJB7,1,HGNC_symbol,False
PRR20A,P86496,1,HGNC_symbol,False
PRR20B,P86481,1,HGNC_symbol,True
PRR20C,P86479,1,HGNC_symbol,False
PRR20D,P86480,1,HGNC_symbol,False
PRR20E,P86478,1,HGNC_symbol,True
PRR20G,P0DPQ3,1,HGNC_symbol,True
PRR22,Q8IZ63,1,HGNC_symbol,True
PRR23A,A6NEV1,1,HGNC_symbol,False
PRR23B,Q6ZRT6,1,HGNC_symbol,False
PRR23C,Q6ZRP0,1,HGNC_symbol,True
PRR23D1,E9PI22,1,HGNC_symbol,True
PRR23D2,P0DMB1,1,HGNC_symbol,False
PRR23E,Q8N813,1,HGNC_symbol,True
PRR24,255783,5,STRING_alias,False
PRR27,Q6MZM9,1,HGNC_symbol,False
PRR29,P0C7W0,1,HGNC_symbol,True
PRR3,P79522,1,HGNC_symbol,False
PRR30,Q53SZ7,1,HGNC_symbol,False
PRR32,B1ATL7,1,HGNC_symbol,False
PRR33,A8MZF0,1,HGNC_symbol,False
PRR35,P0CG20,1,HGNC_symbol,False
PRR36,Q9H6K5,1,HGNC_symbol,False
PRR4,Q16378,1,HGNC_symbol,True
PRR5,P85299,1,HGNC_symbol,True
PRR5L,Q6MZQ0,1,HGNC_symbol,False
PRR7,Q8TB68,1,HGNC_symbol,True
PRR7-AS1,,0,unmapped,False
PRR9,Q5T870,1,HGNC_symbol,False
PRRC1,Q96M27,1,HGNC_symbol,True
PRRC2A,P48634,1,HGNC_symbol,False
PRRC2B,Q5JSZ5,1,HGNC_symbol,False
PRRC2C,Q9Y520,1,HGNC_symbol,False
PRRG1,O14668,1,HGNC_symbol,False
PRRG2,O14669,1,HGNC_symbol,True
PRRG3,Q9BZD7,1,HGNC_symbol,False
PRRG4,Q9BZD6,1,HGNC_symbol,True
PRRT1,Q99946,1,HGNC_symbol,False
PRRT1B,A0A1B0GWB2,1,HGNC_symbol,False
PRRT2,Q7Z6L0,1,HGNC_symbol,True
PRRT3,Q5FWE3,1,HGNC_symbol,False
PRRT3-AS1,,0,unmapped,False
PRRT4,C9JH25,1,HGNC_symbol,True
PRRX1,P54821,1,HGNC_symbol,True
PRRX2,Q99811,1,HGNC_symbol,True
PRSS1,P07477,1,HGNC_symbol,False
PRSS12,P56730,1,HGNC_symbol,False
PRSS16,Q9NQE7,1,HGNC_symbol,False
PRSS2,P07478,1,HGNC_symbol,True
PRSS21,Q9Y6M0,1,HGNC_symbol,False
PRSS22,Q9GZN4,1,HGNC_symbol,False
PRSS23,O95084,1,HGNC_symbol,True
PRSS27,Q9BQR3,1,HGNC_symbol,False
PRSS3,P35030,1,HGNC_symbol,True
PRSS30P,,0,unmapped,False
PRSS33,Q8NF86,1,HGNC_symbol,True
PRSS35,Q8N3Z0,1,HGNC_symbol,False
PRSS36,Q5K4E3,1,HGNC_symbol,True
PRSS37,A4D1T9,1,HGNC_symbol,False
PRSS38,A1L453,1,HGNC_symbol,False
PRSS3P1,,0,unmapped,False
PRSS3P2,Q8NHM4,1,HGNC_symbol,False
PRSS41,Q7RTY9,1,HGNC_symbol,True
PRSS42,,0,unmapped,False
PRSS48,Q7RTY5,1,HGNC_symbol,True
PRSS50,Q9UI38,1,HGNC_symbol,False
PRSS51,A0A1B0GVH4,1,HGNC_symbol,True
PRSS53,Q2L4Q9,1,HGNC_symbol,True
PRSS54,Q6PEW0,1,HGNC_symbol,True
PRSS55,Q6UWB4,1,HGNC_symbol,False
PRSS56,P0CW18,1,HGNC_symbol,True
PRSS57,Q6UWY2,1,HGNC_symbol,True
PRSS58,Q8IYP2,1,HGNC_symbol,False
PRSS8,Q16651,1,HGNC_symbol,True
PRTFDC1,Q9NRG1,1,HGNC_symbol,False
PRTG,Q2VWP7,1,HGNC_symbol,False
PRTN3,P24158,1,HGNC_symbol,False
PRUNE,3.6.1.1,5,STRING_alias,False
PRUNE1,Q86TP1,1,HGNC_symbol,True
PRUNE2,Q8WUY3,1,HGNC_symbol,False
PRX,Q9BXM0,1,HGNC_symbol,False
PRXL2A,Q9BRX8,1,HGNC_symbol,True
PRXL2B,Q8TBF2,1,HGNC_symbol,False
PRXL2C,Q7RTV5,1,HGNC_symbol,True
PRY,O14603,1,HGNC_symbol,False
PRY2,442862,5,STRING_alias,False
PSAP,P07602,1,HGNC_symbol,False
PSAPL1,Q6NUJ1,1,HGNC_symbol,False
PSAT1,Q9Y617,1,HGNC_symbol,True
PSCA,O43653,1,HGNC_symbol,False
PSD,A5PKW4,1,HGNC_symbol,False
PSD2,Q9BQI7,1,HGNC_symbol,True
PSD3,Q9NYI0,1,HGNC_symbol,False
PSD4,Q8NDX1,1,HGNC_symbol,False
PSEN1,P49768,1,HGNC_symbol,False
PSEN2,P49810,1,HGNC_symbol,False
PSENEN,Q9NZ42,1,HGNC_symbol,True
PSG1,P11464,1,HGNC_symbol,False
PSG11,Q9UQ72,1,HGNC_symbol,True
PSG2,P11465,1,HGNC_symbol,False
PSG3,Q16557,1,HGNC_symbol,True
PSG4,Q00888,1,HGNC_symbol,False
PSG5,Q15238,1,HGNC_symbol,True
PSG6,Q00889,1,HGNC_symbol,True
PSG7,Q13046,1,HGNC_symbol,False
PSG8,Q9UQ74,1,HGNC_symbol,True
PSG9,Q00887,1,HGNC_symbol,False
PSIP1,O75475,1,HGNC_symbol,False
PSKH1,P11801,1,HGNC_symbol,True
PSKH2,Q96QS6,1,HGNC_symbol,True
PSMA1,P25786,1,HGNC_symbol,True
PSMA2,P25787,1,HGNC_symbol,False
PSMA2P2,,0,unmapped,False
PSMA2P3,,0,unmapped,False
PSMA3,P25788,1,HGNC_symbol,False
PSMA4,P25789,1,HGNC_symbol,True
PSMA5,P28066,1,HGNC_symbol,False
PSMA6,P60900,1,HGNC_symbol,False
PSMA6P1,,0,unmapped,False
PSMA6P2,,0,unmapped,False
PSMA7,O14818,1,HGNC_symbol,False
PSMA8,Q8TAA3,1,HGNC_symbol,True
PSMB1,P20618,1,HGNC_symbol,False
PSMB10,P40306,1,HGNC_symbol,True
PSMB11,A5LHX3,1,HGNC_symbol,False
PSMB2,P49721,1,HGNC_symbol,False
PSMB3,P49720,1,HGNC_symbol,True
PSMB4,P28070,1,HGNC_symbol,False
PSMB5,P28074,1,HGNC_symbol,True
PSMB6,P28072,1,HGNC_symbol,False
PSMB7,Q99436,1,HGNC_symbol,False
PSMB8,P28062,1,HGNC_symbol,False
PSMB9,P28065,1,HGNC_symbol,True
PSMC1,P62191,1,HGNC_symbol,False
PSMC1P1,,0,unmapped,False
PSMC1P9,,0,unmapped,False
PSMC2,P35998,1,HGNC_symbol,True
PSMC3,P17980,1,HGNC_symbol,True
PSMC3IP,Q9P2W1,1,HGNC_symbol,True
PSMC4,P43686,1,HGNC_symbol,False
PSMC5,P62195,1,HGNC_symbol,True
PSMC6,P62333,1,HGNC_symbol,False
PSMD1,Q99460,1,HGNC_symbol,True
PSMD10,O75832,1,HGNC_symbol,False
PSMD10P1,,0,unmapped,False
PSMD10P2,,0,unmapped,False
PSMD11,O00231,1,HGNC_symbol,False
PSMD12,O00232,1,HGNC_symbol,True
PSMD12P,,0,unmapped,False
PSMD13,Q9UNM6,1,HGNC_symbol,False
PSMD14,O00487,1,HGNC_symbol,False
PSMD2,Q13200,1,HGNC_symbol,False
PSMD3,O43242,1,HGNC_symbol,False
PSMD4,P55036,1,HGNC_symbol,True
PSMD5,Q16401,1,HGNC_symbol,False
PSMD5-AS1,,0,unmapped,False
PSMD6,Q15008,1,HGNC_symbol,False
PSMD6-AS2,,0,unmapped,False
PSMD7,P51665,1,HGNC_symbol,True
PSMD7P1,,0,unmapped,False
PSMD8,P48556,1,HGNC_symbol,False
PSMD9,O00233,1,HGNC_symbol,True
PSME1,Q06323,1,HGNC_symbol,True
PSME2,Q9UL46,1,HGNC_symbol,False
PSME2P2,,0,unmapped,False
PSME3,P61289,1,HGNC_symbol,False
PSME3IP1,Q9GZU8,1,HGNC_symbol,True
PSME4,Q14997,1,HGNC_symbol,False
PSMF1,Q92530,1,HGNC_symbol,False
PSMG1,O95456,1,HGNC_symbol,False
PSMG2,Q969U7,1,HGNC_symbol,False
PSMG3,Q9BT73,1,HGNC_symbol,False
PSMG3-AS1,Q96PY0,1,HGNC_symbol,False
PSMG4,Q5JS54,1,HGNC_symbol,True
PSORS1C1,Q9UIG5,1,HGNC_symbol,False
PSORS1C2,Q9UIG4,1,HGNC_symbol,False
PSPC1,Q8WXF1,1,HGNC_symbol,False
PSPC1P1,,0,unmapped,False
PSPH,P78330,1,HGNC_symbol,True
PSPHP1,O15172,1,HGNC_symbol,True
PSPN,O60542,1,HGNC_symbol,False
PSRC1,Q6PGN9,1,HGNC_symbol,False
PSTK,Q8IV42,1,HGNC_symbol,False
PSTPIP1,O43586,1,HGNC_symbol,True
PSTPIP2,Q9H939,1,HGNC_symbol,False
PTAFR,P25105,1,HGNC_symbol,False
PTAR1,Q7Z6K3,1,HGNC_symbol,True
PTBP1,P26599,1,HGNC_symbol,True
PTBP1P,,0,unmapped,False
PTBP2,Q9UKA9,1,HGNC_symbol,False
PTBP3,O95758,1,HGNC_symbol,True
PTCD1,O75127,1,HGNC_symbol,False
PTCD2,Q8WV60,1,HGNC_symbol,False
PTCD3,Q96EY7,1,HGNC_symbol,False
PTCH1,Q13635,1,HGNC_symbol,False
PTCH2,Q9Y6C5,1,HGNC_symbol,False
PTCHD1,Q96NR3,1,HGNC_symbol,True
PTCHD2,,0,unmapped,False
PTCHD3,Q3KNS1,1,HGNC_symbol,False
PTCHD3P1,,0,unmapped,False
PTCHD4,Q6ZW05,1,HGNC_symbol,True
PTCRA,Q6ISU1,1,HGNC_symbol,False
PTDSS1,P48651,1,HGNC_symbol,False
PTDSS2,Q9BVG9,1,HGNC_symbol,False
PTEN,P60484,1,HGNC_symbol,True
PTENP1,,0,unmapped,False
PTER,Q96BW5,1,HGNC_symbol,True
PTF1A,Q7RTS3,1,HGNC_symbol,True
PTGDR,Q13258,1,HGNC_symbol,False
PTGDR2,Q9Y5Y4,1,HGNC_symbol,True
PTGDS,P41222,1,HGNC_symbol,True
PTGER1,P34995,1,HGNC_symbol,False
PTGER2,P43116,1,HGNC_symbol,False
PTGER3,P43115,1,HGNC_symbol,False
PTGER4,P35408,1,HGNC_symbol,True
PTGES,O14684,1,HGNC_symbol,False
PTGES2,Q9H7Z7,1,HGNC_symbol,False
PTGES3,Q15185,1,HGNC_symbol,True
PTGES3L,E9PB15,1,HGNC_symbol,False
PTGES3P1,,0,unmapped,False
PTGES3P2,,0,unmapped,False
PTGES3P3,,0,unmapped,False
PTGES3P4,,0,unmapped,False
PTGFR,P43088,1,HGNC_symbol,False
PTGFRN,Q9P2B2,1,HGNC_symbol,True
PTGIR,P43119,1,HGNC_symbol,True
PTGIS,Q16647,1,HGNC_symbol,False
PTGR1,Q14914,1,HGNC_symbol,False
PTGR2,Q8N8N7,1,HGNC_symbol,False
PTGR3,Q8N4Q0,1,HGNC_symbol,True
PTGS1,P23219,1,HGNC_symbol,False
PTGS2,P35354,1,HGNC_symbol,True
PTH,P01270,1,HGNC_symbol,False
PTH1R,Q03431,1,HGNC_symbol,True
PTH2,Q96A98,1,HGNC_symbol,True
PTH2R,P49190,1,HGNC_symbol,False
PTHLH,P12272,1,HGNC_symbol,False
PTK2,Q05397,1,HGNC_symbol,False
PTK2B,Q14289,1,HGNC_symbol,True
PTK6,Q13882,1,HGNC_symbol,False
PTK7,Q13308,1,HGNC_symbol,False
PTMA,P06454,1,HGNC_symbol,True
PTMAP1,,0,unmapped,False
PTMAP2,,0,unmapped,False
PTMAP3,,0,unmapped,False
PTMAP4,,0,unmapped,False
PTMAP5,,0,unmapped,False
PTMAP8,,0,unmapped,False
PTMS,P20962,1,HGNC_symbol,True
PTN,P21246,1,HGNC_symbol,True
PTOV1,Q86YD1,1,HGNC_symbol,False
PTOV1-AS1,,0,unmapped,False
PTP4A1,Q93096,1,HGNC_symbol,True
PTP4A1P1,,0,unmapped,False
PTP4A1P2,,0,unmapped,False
PTP4A2,Q12974,1,HGNC_symbol,False
PTP4A2P1,,0,unmapped,False
PTP4A2P2,,0,unmapped,False
PTP4A3,O75365,1,HGNC_symbol,False
PTPA,Q15257,1,HGNC_symbol,False
PTPDC1,A2A3K4,1,HGNC_symbol,True
PTPLA,3-hydroxyacyl-CoA dehydratase 1,5,STRING_alias,False
PTPLAD1,3-hydroxyacyl-CoA dehydratase 3,5,STRING_alias,False
PTPLAD2,401494,5,STRING_alias,False
PTPLB,201562,5,STRING_alias,False
PTPMT1,Q8WUK0,1,HGNC_symbol,False
PTPN1,P18031,1,HGNC_symbol,False
PTPN11,Q06124,1,HGNC_symbol,True
PTPN12,Q05209,1,HGNC_symbol,True
PTPN13,Q12923,1,HGNC_symbol,False
PTPN14,Q15678,1,HGNC_symbol,False
PTPN18,Q99952,1,HGNC_symbol,False
PTPN2,P17706,1,HGNC_symbol,False
PTPN20,Q4JDL3,1,HGNC_symbol,False
PTPN21,Q16825,1,HGNC_symbol,False
PTPN22,Q9Y2R2,1,HGNC_symbol,False
PTPN23,Q9H3S7,1,HGNC_symbol,False
PTPN2P1,,0,unmapped,False
PTPN2P2,,0,unmapped,False
PTPN3,P26045,1,HGNC_symbol,True
PTPN4,P29074,1,HGNC_symbol,False
PTPN5,P54829,1,HGNC_symbol,False
PTPN6,P29350,1,HGNC_symbol,True
PTPN7,P35236,1,HGNC_symbol,False
PTPN9,P43378,1,HGNC_symbol,False
PTPRA,P18433,1,HGNC_symbol,True
PTPRB,P23467,1,HGNC_symbol,False
PTPRC,P08575,1,HGNC_symbol,False
PTPRCAP,Q14761,1,HGNC_symbol,False
PTPRD,P23468,1,HGNC_symbol,False
PTPRE,P23469,1,HGNC_symbol,False
PTPRF,P10586,1,HGNC_symbol,False
PTPRG,P23470,1,HGNC_symbol,False
PTPRH,Q9HD43,1,HGNC_symbol,False
PTPRJ,Q12913,1,HGNC_symbol,False
PTPRK,Q15262,1,HGNC_symbol,False
PTPRM,P28827,1,HGNC_symbol,False
PTPRN,Q16849,1,HGNC_symbol,True
PTPRN2,Q92932,1,HGNC_symbol,False
PTPRO,Q16827,1,HGNC_symbol,False
PTPRQ,Q9UMZ3,1,HGNC_symbol,False
PTPRR,Q15256,1,HGNC_symbol,True
PTPRS,Q13332,1,HGNC_symbol,False
PTPRT,O14522,1,HGNC_symbol,False
PTPRU,Q92729,1,HGNC_symbol,False
PTPRVP,,0,unmapped,False
PTPRZ1,P23471,1,HGNC_symbol,False
PTRF,284119,5,STRING_alias,False
PTRH1,Q86Y79,1,HGNC_symbol,True
PTRH2,Q9Y3E5,1,HGNC_symbol,False
PTRHD1,Q6GMV3,1,HGNC_symbol,False
PTS,Q03393,1,HGNC_symbol,False
PTTG1,O95997,1,HGNC_symbol,True
PTTG1IP,P53801,1,HGNC_symbol,True
PTTG1IP2,P0DTF9,1,HGNC_symbol,True
PTTG2,Q9NZH5,1,HGNC_symbol,False
PTTG3P,Q9NZH4,1,HGNC_symbol,False
PTX3,P26022,1,HGNC_symbol,True
PTX4,Q96A99,1,HGNC_symbol,False
PUDP,Q08623,1,HGNC_symbol,True
PUF60,Q9UHX1,1,HGNC_symbol,False
PUM1,Q14671,1,HGNC_symbol,False
PUM2,Q8TB72,1,HGNC_symbol,False
PUM3,Q15397,1,HGNC_symbol,False
PURA,Q00577,1,HGNC_symbol,True
PURB,Q96QR8,1,HGNC_symbol,True
PURG,Q9UJV8,1,HGNC_symbol,True
PUS1,Q9Y606,1,HGNC_symbol,True
PUS10,Q3MIT2,1,HGNC_symbol,True
PUS3,Q9BZE2,1,HGNC_symbol,False
PUS7,Q96PZ0,1,HGNC_symbol,True
PUS7L,Q9H0K6,1,HGNC_symbol,False
PUSL1,Q8N0Z8,1,HGNC_symbol,False
PVALB,P20472,1,HGNC_symbol,True
PVALEF,A0A1B0GWK0,1,HGNC_symbol,False
PVR,P15151,1,HGNC_symbol,False
PVRIG,Q6DKI7,1,HGNC_symbol,False
PVRL1,3ALP,5,STRING_alias,False
PVRL2,3R0N,5,STRING_alias,False
PVRL3,25945,5,STRING_alias,False
PVRL4,4FRW,5,STRING_alias,False
PVT1,,0,unmapped,False
PWAR6,,0,unmapped,False
PWP1,Q13610,1,HGNC_symbol,False
PWP2,Q15269,1,HGNC_symbol,False
PWWP2A,Q96N64,1,HGNC_symbol,False
PWWP2B,Q6NUJ5,1,HGNC_symbol,True
PWWP3A,Q2TAK8,1,HGNC_symbol,False
PWWP3B,Q5H9M0,1,HGNC_symbol,False
PWWP4,A0A494C071,1,HGNC_symbol,False
PXDC1,Q5TGL8,1,HGNC_symbol,True
PXDN,Q92626,1,HGNC_symbol,False
PXDNL,A1KZ92,1,HGNC_symbol,False
PXK,Q7Z7A4,1,HGNC_symbol,True
PXMP2,Q9NR77,1,HGNC_symbol,False
PXMP4,Q9Y6I8,1,HGNC_symbol,False
PXN,P49023,1,HGNC_symbol,False
PXN-AS1,,0,unmapped,False
PXT1,Q8NFP0,1,HGNC_symbol,False
PXYLP1,Q8TE99,1,HGNC_symbol,False
PYCARD,Q9ULZ3,1,HGNC_symbol,False
PYCR1,P32322,1,HGNC_symbol,True
PYCR2,Q96C36,1,HGNC_symbol,False
PYCR3,Q53H96,1,HGNC_symbol,False
PYCRL,1.5.1.2,5,STRING_alias,False
PYDC1,Q8WXC3,1,HGNC_symbol,True
PYDC2,Q56P42,1,HGNC_symbol,True
PYGB,P11216,1,HGNC_symbol,False
PYGL,P06737,1,HGNC_symbol,True
PYGM,P11217,1,HGNC_symbol,False
PYGO1,Q9Y3Y4,1,HGNC_symbol,False
PYGO2,Q9BRQ0,1,HGNC_symbol,True
PYHIN1,Q6K0P9,1,HGNC_symbol,False
PYM1,Q9BRP8,1,HGNC_symbol,True
PYROXD1,Q8WU10,1,HGNC_symbol,True
PYROXD2,Q8N2H3,1,HGNC_symbol,True
PYURF,Q96I23,1,HGNC_symbol,False
PYY,P10082,1,HGNC_symbol,True
PYY2,Q9NRI6,1,HGNC_symbol,False
PZP,P20742,1,HGNC_symbol,False
QARS,4R3Z,5,STRING_alias,False
QARS1,P47897,1,HGNC_symbol,True
QDPR,P09417,1,HGNC_symbol,True
QKI,Q96PU8,1,HGNC_symbol,False
QNG1,Q5T6V5,1,HGNC_symbol,True
QPCT,Q16769,1,HGNC_symbol,True
QPCTL,Q9NXS2,1,HGNC_symbol,False
QPRT,Q15274,1,HGNC_symbol,False
QRFP,P83859,1,HGNC_symbol,True
QRFPR,Q96P65,1,HGNC_symbol,False
QRICH1,Q2TAL8,1,HGNC_symbol,False
QRICH2,Q9H0J4,1,HGNC_symbol,False
QRSL1,Q9H0R6,1,HGNC_symbol,True
QSER1,Q2KHR3,1,HGNC_symbol,False
QSOX1,O00391,1,HGNC_symbol,False
QSOX2,Q6ZRP7,1,HGNC_symbol,False
QTRT1,Q9BXR0,1,HGNC_symbol,True
QTRT2,Q9H974,1,HGNC_symbol,False
QTRTD1,,0,unmapped,False
R3HCC1,Q9Y3T6,1,HGNC_symbol,True
R3HCC1L,Q7Z5L2,1,HGNC_symbol,False
R3HDM1,Q15032,1,HGNC_symbol,False
R3HDM2,Q9Y2K5,1,HGNC_symbol,False
R3HDM4,Q96D70,1,HGNC_symbol,False
R3HDML,Q9H3Y0,1,HGNC_symbol,True
RAB10,P61026,1,HGNC_symbol,False
RAB11A,P62491,1,HGNC_symbol,True
RAB11B,Q15907,1,HGNC_symbol,False
RAB11B-AS1,,0,unmapped,False
RAB11FIP1,Q6WKZ4,1,HGNC_symbol,False
RAB11FIP2,Q7L804,1,HGNC_symbol,True
RAB11FIP3,O75154,1,HGNC_symbol,False
RAB11FIP4,Q86YS3,1,HGNC_symbol,False
RAB11FIP5,Q9BXF6,1,HGNC_symbol,False
RAB12,Q6IQ22,1,HGNC_symbol,True
RAB13,P51153,1,HGNC_symbol,False
RAB14,P61106,1,HGNC_symbol,True
RAB15,P59190,1,HGNC_symbol,True
RAB17,Q9H0T7,1,HGNC_symbol,False
RAB18,Q9NP72,1,HGNC_symbol,False
RAB19,A4D1S5,1,HGNC_symbol,True
RAB1A,P62820,1,HGNC_symbol,True
RAB1B,Q9H0U4,1,HGNC_symbol,True
RAB1C,Q92928,1,HGNC_symbol,True
RAB20,Q9NX57,1,HGNC_symbol,True
RAB21,Q9UL25,1,HGNC_symbol,True
RAB22A,Q9UL26,1,HGNC_symbol,True
RAB23,Q9ULC3,1,HGNC_symbol,False
RAB24,Q969Q5,1,HGNC_symbol,True
RAB25,P57735,1,HGNC_symbol,True
RAB26,Q9ULW5,1,HGNC_symbol,True
RAB27A,P51159,1,HGNC_symbol,False
RAB27B,O00194,1,HGNC_symbol,False
RAB28,P51157,1,HGNC_symbol,False
RAB29,O14966,1,HGNC_symbol,False
RAB2A,P61019,1,HGNC_symbol,True
RAB2B,Q8WUD1,1,HGNC_symbol,False
RAB30,Q15771,1,HGNC_symbol,False
RAB30-AS1,,0,unmapped,False
RAB31,Q13636,1,HGNC_symbol,False
RAB32,Q13637,1,HGNC_symbol,False
RAB33A,Q14088,1,HGNC_symbol,True
RAB33B,Q9H082,1,HGNC_symbol,False
RAB34,Q9BZG1,1,HGNC_symbol,False
RAB35,Q15286,1,HGNC_symbol,False
RAB36,O95755,1,HGNC_symbol,True
RAB37,Q96AX2,1,HGNC_symbol,True
RAB38,P57729,1,HGNC_symbol,False
RAB39A,Q14964,1,HGNC_symbol,False
RAB39B,Q96DA2,1,HGNC_symbol,False
RAB3A,P20336,1,HGNC_symbol,False
RAB3B,P20337,1,HGNC_symbol,False
RAB3C,Q96E17,1,HGNC_symbol,False
RAB3D,O95716,1,HGNC_symbol,False
RAB3GAP1,Q15042,1,HGNC_symbol,True
RAB3GAP2,Q9H2M9,1,HGNC_symbol,False
RAB3IL1,Q8TBN0,1,HGNC_symbol,True
RAB3IP,Q96QF0,1,HGNC_symbol,False
RAB40A,Q8WXH6,1,HGNC_symbol,True
RAB40AL,P0C0E4,1,HGNC_symbol,False
RAB40B,Q12829,1,HGNC_symbol,True
RAB40C,Q96S21,1,HGNC_symbol,False
RAB41,Q5JT25,1,HGNC_symbol,False
RAB42,Q8N4Z0,1,HGNC_symbol,False
RAB43,Q86YS6,1,HGNC_symbol,True
RAB43P1,,0,unmapped,False
RAB44,Q7Z6P3,1,HGNC_symbol,False
RAB4A,P20338,1,HGNC_symbol,True
RAB4B,P61018,1,HGNC_symbol,False
RAB5A,P20339,1,HGNC_symbol,True
RAB5B,P61020,1,HGNC_symbol,False
RAB5C,P51148,1,HGNC_symbol,False
RAB5IF,Q9BUV8,1,HGNC_symbol,True
RAB6A,P20340,1,HGNC_symbol,False
RAB6B,Q9NRW1,1,HGNC_symbol,False
RAB6C,Q9H0N0,1,HGNC_symbol,False
RAB6D,Q53S08,1,HGNC_symbol,False
RAB7A,P51149,1,HGNC_symbol,True
RAB7B,Q96AH8,1,HGNC_symbol,False
RAB7L1,6HH2,5,STRING_alias,False
RAB8A,P61006,1,HGNC_symbol,False
RAB8B,Q92930,1,HGNC_symbol,False
RAB9A,P51151,1,HGNC_symbol,True
RAB9B,Q9NP90,1,HGNC_symbol,False
RABAC1,Q9UI14,1,HGNC_symbol,False
RABEP1,Q15276,1,HGNC_symbol,True
RABEP2,Q9H5N1,1,HGNC_symbol,True
RABEPK,Q7Z6M1,1,HGNC_symbol,True
RABGAP1,Q9Y3P9,1,HGNC_symbol,False
RABGAP1L,Q5R372,1,HGNC_symbol,False
RABGEF1,Q9UJ41,1,HGNC_symbol,True
RABGGTA,Q92696,1,HGNC_symbol,False
RABGGTB,P53611,1,HGNC_symbol,True
RABIF,P47224,1,HGNC_symbol,True
RABL2A,Q9UBK7,1,HGNC_symbol,False
RABL2B,Q9UNT1,1,HGNC_symbol,False
RABL3,Q5HYI8,1,HGNC_symbol,False
RABL5,64792,5,STRING_alias,False
RABL6,Q3YEC7,1,HGNC_symbol,False
RAC1,P63000,1,HGNC_symbol,False
RAC1P2,,0,unmapped,False
RAC2,P15153,1,HGNC_symbol,True
RAC3,P60763,1,HGNC_symbol,False
RACGAP1,Q9H0H5,1,HGNC_symbol,False
RACK1,P63244,1,HGNC_symbol,True
RAD1,O60671,1,HGNC_symbol,True
RAD17,O75943,1,HGNC_symbol,False
RAD18,Q9NS91,1,HGNC_symbol,False
RAD21,O60216,1,HGNC_symbol,True
RAD21-AS1,,0,unmapped,False
RAD21L1,Q9H4I0,1,HGNC_symbol,False
RAD23A,P54725,1,HGNC_symbol,False
RAD23B,P54727,1,HGNC_symbol,False
RAD23BP1,,0,unmapped,False
RAD50,Q92878,1,HGNC_symbol,False
RAD51,Q06609,1,HGNC_symbol,False
RAD51-AS1,,0,unmapped,False
RAD51AP1,Q96B01,1,HGNC_symbol,True
RAD51AP2,Q09MP3,1,HGNC_symbol,False
RAD51B,O15315,1,HGNC_symbol,True
RAD51C,O43502,1,HGNC_symbol,False
RAD51D,O75771,1,HGNC_symbol,False
RAD52,P43351,1,HGNC_symbol,False
RAD54B,Q9Y620,1,HGNC_symbol,False
RAD54L,Q92698,1,HGNC_symbol,True
RAD54L2,Q9Y4B4,1,HGNC_symbol,False
RAD9A,Q99638,1,HGNC_symbol,True
RAD9B,Q6WBX8,1,HGNC_symbol,False
RADIL,Q96JH8,1,HGNC_symbol,False
RADX,Q6NSI4,1,HGNC_symbol,False
RAE1,P78406,1,HGNC_symbol,True
RAET1E,Q8TD07,1,HGNC_symbol,False
RAET1G,Q6H3X3,1,HGNC_symbol,True
RAET1L,Q5VY80,1,HGNC_symbol,False
RAF1,P04049,1,HGNC_symbol,True
RAG1,P15918,1,HGNC_symbol,False
RAG2,P55895,1,HGNC_symbol,True
RAI1,Q7Z5J4,1,HGNC_symbol,False
RAI14,Q9P0K7,1,HGNC_symbol,False
RAI2,Q9Y5P3,1,HGNC_symbol,True
RALA,P11233,1,HGNC_symbol,False
RALB,P11234,1,HGNC_symbol,False
RALBP1,Q15311,1,HGNC_symbol,False
RALGAPA1,Q6GYQ0,1,HGNC_symbol,False
RALGAPA1P,,0,unmapped,False
RALGAPA2,Q2PPJ7,1,HGNC_symbol,False
RALGAPB,Q86X10,1,HGNC_symbol,False
RALGDS,Q12967,1,HGNC_symbol,False
RALGPS1,Q5JS13,1,HGNC_symbol,False
RALGPS2,Q86X27,1,HGNC_symbol,True
RALY,Q9UKM9,1,HGNC_symbol,True
RALYL,Q86SE5,1,HGNC_symbol,False
RAMAC,Q9BTL3,1,HGNC_symbol,False
RAMACL,A0A3B3IU46,1,HGNC_symbol,False
RAMP1,O60894,1,HGNC_symbol,True
RAMP2,O60895,1,HGNC_symbol,False
RAMP3,O60896,1,HGNC_symbol,False
RAN,P62826,1,HGNC_symbol,False
RANBP1,P43487,1,HGNC_symbol,True
RANBP10,Q6VN20,1,HGNC_symbol,False
RANBP17,Q9H2T7,1,HGNC_symbol,False
RANBP2,P49792,1,HGNC_symbol,False
RANBP20P,,0,unmapped,False
RANBP3,Q9H6Z4,1,HGNC_symbol,True
RANBP3L,Q86VV4,1,HGNC_symbol,False
RANBP6,O60518,1,HGNC_symbol,False
RANBP9,Q96S59,1,HGNC_symbol,False
RANGAP1,P46060,1,HGNC_symbol,True
RANGRF,Q9HD47,1,HGNC_symbol,False
RANP1,,0,unmapped,False
RANP4,,0,unmapped,False
RANP6,,0,unmapped,False
RAP1A,P62834,1,HGNC_symbol,True
RAP1AP,,0,unmapped,False
RAP1B,P61224,1,HGNC_symbol,True
RAP1GAP,P47736,1,HGNC_symbol,False
RAP1GAP2,Q684P5,1,HGNC_symbol,False
RAP1GDS1,P52306,1,HGNC_symbol,False
RAP2A,P10114,1,HGNC_symbol,False
RAP2B,P61225,1,HGNC_symbol,True
RAP2C,Q9Y3L5,1,HGNC_symbol,False
RAP2C-AS1,,0,unmapped,False
RAPGEF1,Q13905,1,HGNC_symbol,False
RAPGEF2,Q9Y4G8,1,HGNC_symbol,False
RAPGEF3,O95398,1,HGNC_symbol,True
RAPGEF4,Q8WZA2,1,HGNC_symbol,True
RAPGEF5,Q92565,1,HGNC_symbol,False
RAPGEF6,Q8TEU7,1,HGNC_symbol,False
RAPGEFL1,Q9UHV5,1,HGNC_symbol,True
RAPH1,Q70E73,1,HGNC_symbol,False
RAPSN,Q13702,1,HGNC_symbol,False
RARA,P10276,1,HGNC_symbol,True
RARB,P10826,1,HGNC_symbol,True
RARG,P13631,1,HGNC_symbol,False
RARRES1,P49788,1,HGNC_symbol,True
RARRES2,Q99969,1,HGNC_symbol,False
RARRES3,2.3.1.-,5,STRING_alias,False
RARS,4Q2T,5,STRING_alias,False
RARS1,P54136,1,HGNC_symbol,True
RARS2,Q5T160,1,HGNC_symbol,False
RASA1,P20936,1,HGNC_symbol,False
RASA2,Q15283,1,HGNC_symbol,True
RASA3,Q14644,1,HGNC_symbol,False
RASA3-IT1,,0,unmapped,False
RASA4,O43374,1,HGNC_symbol,False
RASA4B,C9J798,1,HGNC_symbol,True
RASA4CP,,0,unmapped,False
RASA4DP,,0,unmapped,False
RASAL1,O95294,1,HGNC_symbol,True
RASAL2,Q9UJF2,1,HGNC_symbol,False
RASAL2-AS1,P0DY57,1,HGNC_symbol,True
RASAL3,Q86YV0,1,HGNC_symbol,False
RASD1,Q9Y272,1,HGNC_symbol,True
RASD2,Q96D21,1,HGNC_symbol,True
RASEF,Q8IZ41,1,HGNC_symbol,True
RASGEF1A,Q8N9B8,1,HGNC_symbol,False
RASGEF1B,Q0VAM2,1,HGNC_symbol,False
RASGEF1C,Q8N431,1,HGNC_symbol,False
RASGRF1,Q13972,1,HGNC_symbol,False
RASGRF2,O14827,1,HGNC_symbol,False
RASGRP1,O95267,1,HGNC_symbol,False
RASGRP2,Q7LDG7,1,HGNC_symbol,True
RASGRP3,Q8IV61,1,HGNC_symbol,False
RASGRP4,Q8TDF6,1,HGNC_symbol,False
RASIP1,Q5U651,1,HGNC_symbol,True
RASL10A,Q92737,1,HGNC_symbol,False
RASL10B,Q96S79,1,HGNC_symbol,True
RASL11A,Q6T310,1,HGNC_symbol,False
RASL11B,Q9BPW5,1,HGNC_symbol,False
RASL12,Q9NYN1,1,HGNC_symbol,True
RASSF1,Q9NS23,1,HGNC_symbol,False
RASSF10,A6NK89,1,HGNC_symbol,True
RASSF2,P50749,1,HGNC_symbol,False
RASSF3,Q86WH2,1,HGNC_symbol,True
RASSF4,Q9H2L5,1,HGNC_symbol,True
RASSF5,Q8WWW0,1,HGNC_symbol,True
RASSF6,Q6ZTQ3,1,HGNC_symbol,False
RASSF7,Q02833,1,HGNC_symbol,True
RASSF8,Q8NHQ8,1,HGNC_symbol,True
RASSF8-AS1,,0,unmapped,False
RASSF9,O75901,1,HGNC_symbol,True
RAVER1,Q8IY67,1,HGNC_symbol,False
RAVER2,Q9HCJ3,1,HGNC_symbol,True
RAX,Q9Y2V3,1,HGNC_symbol,False
RAX2,Q96IS3,1,HGNC_symbol,False
RB1,P06400,1,HGNC_symbol,False
RB1CC1,Q8TDY2,1,HGNC_symbol,False
RBAK,Q9NYW8,1,HGNC_symbol,False
RBBP4,Q09028,1,HGNC_symbol,True
RBBP4P1,,0,unmapped,False
RBBP4P2,,0,unmapped,False
RBBP4P4,,0,unmapped,False
RBBP4P5,,0,unmapped,False
RBBP5,Q15291,1,HGNC_symbol,False
RBBP6,Q7Z6E9,1,HGNC_symbol,False
RBBP7,Q16576,1,HGNC_symbol,True
RBBP8,Q99708,1,HGNC_symbol,False
RBBP8NL,Q8NC74,1,HGNC_symbol,True
RBBP9,O75884,1,HGNC_symbol,False
RBCK1,Q9BYM8,1,HGNC_symbol,False
RBFA,Q8N0V3,1,HGNC_symbol,True
RBFADN,,0,unmapped,False
RBFOX1,Q9NWB1,1,HGNC_symbol,False
RBFOX2,O43251,1,HGNC_symbol,False
RBFOX3,A6NFN3,1,HGNC_symbol,False
RBIS,Q8N0T1,1,HGNC_symbol,True
RBKS,Q9H477,1,HGNC_symbol,True
RBL1,P28749,1,HGNC_symbol,False
RBL2,Q08999,1,HGNC_symbol,False
RBM10,P98175,1,HGNC_symbol,True
RBM11,P57052,1,HGNC_symbol,True
RBM12,Q9NTZ6,1,HGNC_symbol,False
RBM12B,Q8IXT5,1,HGNC_symbol,True
RBM14,Q96PK6,1,HGNC_symbol,True
RBM15,Q96T37,1,HGNC_symbol,False
RBM15B,Q8NDT2,1,HGNC_symbol,True
RBM17,Q96I25,1,HGNC_symbol,False
RBM18,Q96H35,1,HGNC_symbol,False
RBM19,Q9Y4C8,1,HGNC_symbol,True
RBM20,Q5T481,1,HGNC_symbol,False
RBM22,Q9NW64,1,HGNC_symbol,True
RBM23,Q86U06,1,HGNC_symbol,False
RBM24,Q9BX46,1,HGNC_symbol,False
RBM25,P49756,1,HGNC_symbol,True
RBM26,Q5T8P6,1,HGNC_symbol,True
RBM26-AS1,,0,unmapped,False
RBM27,Q9P2N5,1,HGNC_symbol,False
RBM28,Q9NW13,1,HGNC_symbol,False
RBM3,P98179,1,HGNC_symbol,True
RBM33,Q96EV2,1,HGNC_symbol,False
RBM34,P42696,1,HGNC_symbol,True
RBM38,Q9H0Z9,1,HGNC_symbol,True
RBM39,Q14498,1,HGNC_symbol,True
RBM4,Q9BWF3,1,HGNC_symbol,True
RBM41,Q96IZ5,1,HGNC_symbol,False
RBM42,Q9BTD8,1,HGNC_symbol,True
RBM43,Q6ZSC3,1,HGNC_symbol,False
RBM44,Q6ZP01,1,HGNC_symbol,False
RBM45,Q8IUH3,1,HGNC_symbol,False
RBM46,Q8TBY0,1,HGNC_symbol,True
RBM47,A0AV96,1,HGNC_symbol,True
RBM48,Q5RL73,1,HGNC_symbol,True
RBM4B,Q9BQ04,1,HGNC_symbol,True
RBM5,P52756,1,HGNC_symbol,True
RBM6,P78332,1,HGNC_symbol,False
RBM7,Q9Y580,1,HGNC_symbol,True
RBM8A,Q9Y5S9,1,HGNC_symbol,False
RBM8B,,0,unmapped,False
RBMS1,P29558,1,HGNC_symbol,False
RBMS1P1,,0,unmapped,False
RBMS2,Q15434,1,HGNC_symbol,False
RBMS2P1,,0,unmapped,False
RBMS3,Q6XE24,1,HGNC_symbol,False
RBMX,P38159,1,HGNC_symbol,True
RBMX2,Q9Y388,1,HGNC_symbol,True
RBMX2P2,,0,unmapped,False
RBMX2P5,,0,unmapped,False
RBMXL1,Q96E39,1,HGNC_symbol,False
RBMXL2,O75526,1,HGNC_symbol,True
RBMXL3,Q8N7X1,1,HGNC_symbol,False
RBMXP1,27316,5,STRING_alias,False
RBMXP2,,0,unmapped,False
RBMXP4,,0,unmapped,False
RBMY1A1,P0DJD3,1,HGNC_symbol,True
RBMY1B,A6NDE4,1,HGNC_symbol,True
RBMY1D,P0C7P1,1,HGNC_symbol,True
RBMY1E,A6NEQ0,1,HGNC_symbol,True
RBMY1F,Q15415,1,HGNC_symbol,True
RBMY1J,159163,5,STRING_alias,False
RBP1,P09455,1,HGNC_symbol,False
RBP2,P50120,1,HGNC_symbol,True
RBP3,P10745,1,HGNC_symbol,False
RBP4,P02753,1,HGNC_symbol,False
RBP5,P82980,1,HGNC_symbol,True
RBP7,Q96R05,1,HGNC_symbol,True
RBPJ,Q06330,1,HGNC_symbol,False
RBPJL,Q9UBG7,1,HGNC_symbol,True
RBPMS,Q93062,1,HGNC_symbol,False
RBPMS-AS1,,0,unmapped,False
RBPMS2,Q6ZRY4,1,HGNC_symbol,True
RBSN,Q9H1K0,1,HGNC_symbol,True
RBX1,P62877,1,HGNC_symbol,True
RC3H1,Q5TC82,1,HGNC_symbol,False
RC3H1-IT1,,0,unmapped,False
RC3H2,Q9HBD1,1,HGNC_symbol,False
RCAN1,P53805,1,HGNC_symbol,True
RCAN2,Q14206,1,HGNC_symbol,False
RCAN3,Q9UKA8,1,HGNC_symbol,False
RCBTB1,Q8NDN9,1,HGNC_symbol,True
RCBTB2,O95199,1,HGNC_symbol,False
RCC1,P18754,1,HGNC_symbol,False
RCC1L,Q96I51,1,HGNC_symbol,False
RCC2,Q9P258,1,HGNC_symbol,False
RCC2P6,,0,unmapped,False
RCCD1,A6NED2,1,HGNC_symbol,False
RCE1,Q9Y256,1,HGNC_symbol,False
RCHY1,Q96PM5,1,HGNC_symbol,True
RCL1,Q9Y2P8,1,HGNC_symbol,True
RCN1,Q15293,1,HGNC_symbol,True
RCN1P2,,0,unmapped,False
RCN2,Q14257,1,HGNC_symbol,True
RCN3,Q96D15,1,HGNC_symbol,True
RCOR1,Q9UKL0,1,HGNC_symbol,True
RCOR2,Q8IZ40,1,HGNC_symbol,True
RCOR3,Q9P2K3,1,HGNC_symbol,False
RCSD1,Q6JBY9,1,HGNC_symbol,False
RCVRN,P35243,1,HGNC_symbol,True
RD3,Q7Z3Z2,1,HGNC_symbol,True
RD3L,P0DJH9,1,HGNC_symbol,True
RDH10,Q8IZV5,1,HGNC_symbol,False
RDH11,Q8TC12,1,HGNC_symbol,False
RDH12,Q96NR8,1,HGNC_symbol,True
RDH13,Q8NBN7,1,HGNC_symbol,True
RDH14,Q9HBH5,1,HGNC_symbol,True
RDH16,O75452,1,HGNC_symbol,True
RDH5,Q92781,1,HGNC_symbol,False
RDH8,Q9NYR8,1,HGNC_symbol,False
RDM1,Q8NG50,1,HGNC_symbol,False
RDX,P35241,1,HGNC_symbol,True
REC114,Q7Z4M0,1,HGNC_symbol,False
REC8,O95072,1,HGNC_symbol,False
RECK,O95980,1,HGNC_symbol,False
RECQL,P46063,1,HGNC_symbol,True
RECQL4,O94761,1,HGNC_symbol,False
RECQL5,O94762,1,HGNC_symbol,False
REDIC1,Q86WS4,1,HGNC_symbol,False
REELD1,A0A1B0GV85,1,HGNC_symbol,True
REEP1,Q9H902,1,HGNC_symbol,False
REEP2,Q9BRK0,1,HGNC_symbol,True
REEP3,Q6NUK4,1,HGNC_symbol,True
REEP4,Q9H6H4,1,HGNC_symbol,False
REEP5,Q00765,1,HGNC_symbol,False
REEP6,Q96HR9,1,HGNC_symbol,False
REG1A,P05451,1,HGNC_symbol,True
REG1B,P48304,1,HGNC_symbol,False
REG3A,Q06141,1,HGNC_symbol,False
REG3G,Q6UW15,1,HGNC_symbol,False
REG4,Q9BYZ8,1,HGNC_symbol,True
REL,Q04864,1,HGNC_symbol,False
RELA,Q04206,1,HGNC_symbol,False
RELB,Q01201,1,HGNC_symbol,True
RELCH,Q9P260,1,HGNC_symbol,False
RELL1,Q8IUW5,1,HGNC_symbol,True
RELL2,Q8NC24,1,HGNC_symbol,True
RELN,P78509,1,HGNC_symbol,False
RELT,Q969Z4,1,HGNC_symbol,True
REM1,O75628,1,HGNC_symbol,False
REM2,Q8IYK8,1,HGNC_symbol,False
REN,P00797,1,HGNC_symbol,False
RENBP,P51606,1,HGNC_symbol,False
REP15,Q6BDI9,1,HGNC_symbol,False
REPIN1,Q9BWE0,1,HGNC_symbol,False
REPS1,Q96D71,1,HGNC_symbol,True
REPS2,Q8NFH8,1,HGNC_symbol,False
RER1,O15258,1,HGNC_symbol,True
RERE,Q9P2R6,1,HGNC_symbol,False
RERG,Q96A58,1,HGNC_symbol,False
RERGL,Q9H628,1,HGNC_symbol,True
RESF1,Q9HCM1,1,HGNC_symbol,False
RESP18,Q5W5W9,1,HGNC_symbol,True
REST,Q13127,1,HGNC_symbol,False
RET,P07949,1,HGNC_symbol,False
RETN,Q9HD89,1,HGNC_symbol,False
RETNLB,Q9BQ08,1,HGNC_symbol,False
RETREG1,Q9H6L5,1,HGNC_symbol,True
RETREG2,Q8NC44,1,HGNC_symbol,False
RETREG3,Q86VR2,1,HGNC_symbol,True
RETSAT,Q6NUM9,1,HGNC_symbol,False
REV1,Q9UBZ9,1,HGNC_symbol,False
REV3L,O60673,1,HGNC_symbol,False
REX1BD,Q96EN9,1,HGNC_symbol,False
REXO1,Q8N1G1,1,HGNC_symbol,False
REXO2,Q9Y3B8,1,HGNC_symbol,True
REXO4,Q9GZR2,1,HGNC_symbol,False
REXO5,Q96IC2,1,HGNC_symbol,False
RFC1,P35251,1,HGNC_symbol,False
RFC2,P35250,1,HGNC_symbol,False
RFC3,P40938,1,HGNC_symbol,False
RFC4,P35249,1,HGNC_symbol,False
RFC5,P40937,1,HGNC_symbol,True
RFESD,Q8TAC1,1,HGNC_symbol,True
RFFL,Q8WZ73,1,HGNC_symbol,True
RFK,Q969G6,1,HGNC_symbol,True
RFLNA,Q6ZTI6,1,HGNC_symbol,False
RFLNB,Q8N5W9,1,HGNC_symbol,False
RFNG,Q9Y644,1,HGNC_symbol,False
RFPL1,O75677,1,HGNC_symbol,False
RFPL1S,,0,unmapped,False
RFPL2,O75678,1,HGNC_symbol,True
RFPL3,O75679,1,HGNC_symbol,False
RFPL3S,P0C7P2,1,HGNC_symbol,False
RFPL4A,A6NLU0,1,HGNC_symbol,True
RFPL4AL1,F8VTS6,1,HGNC_symbol,False
RFPL4B,Q6ZWI9,1,HGNC_symbol,True
RFT1,Q96AA3,1,HGNC_symbol,True
RFTN1,Q14699,1,HGNC_symbol,True
RFTN2,Q52LD8,1,HGNC_symbol,True
RFWD2,2.3.2.27,5,STRING_alias,False
RFWD3,Q6PCD5,1,HGNC_symbol,False
RFX1,P22670,1,HGNC_symbol,True
RFX2,P48378,1,HGNC_symbol,False
RFX3,P48380,1,HGNC_symbol,False
RFX4,Q33E94,1,HGNC_symbol,False
RFX5,P48382,1,HGNC_symbol,True
RFX6,Q8HWS3,1,HGNC_symbol,False
RFX7,Q2KHR2,1,HGNC_symbol,False
RFX8,Q6ZV50,1,HGNC_symbol,False
RFXANK,O14593,1,HGNC_symbol,True
RFXAP,O00287,1,HGNC_symbol,True
RGAG1,57529,5,STRING_alias,False
RGAG4,340526,5,STRING_alias,False
RGCC,Q9H4X1,1,HGNC_symbol,False
RGL1,Q9NZL6,1,HGNC_symbol,False
RGL2,O15211,1,HGNC_symbol,True
RGL3,Q3MIN7,1,HGNC_symbol,True
RGL4,Q8IZJ4,1,HGNC_symbol,False
RGMA,Q96B86,1,HGNC_symbol,False
RGMB,Q6NW40,1,HGNC_symbol,False
RGN,Q15493,1,HGNC_symbol,False
RGP1,Q92546,1,HGNC_symbol,False
RGPD1,P0DJD0,1,HGNC_symbol,False
RGPD2,P0DJD1,1,HGNC_symbol,False
RGPD3,A6NKT7,1,HGNC_symbol,False
RGPD4,Q7Z3J3,1,HGNC_symbol,False
RGPD5,Q99666,1,HGNC_symbol,False
RGPD6,729540,5,STRING_alias,False
RGPD8,O14715,1,HGNC_symbol,False
RGR,P47804,1,HGNC_symbol,True
RGS1,Q08116,1,HGNC_symbol,False
RGS10,O43665,1,HGNC_symbol,False
RGS11,O94810,1,HGNC_symbol,False
RGS12,O14924,1,HGNC_symbol,False
RGS13,O14921,1,HGNC_symbol,False
RGS14,O43566,1,HGNC_symbol,False
RGS16,O15492,1,HGNC_symbol,False
RGS17,Q9UGC6,1,HGNC_symbol,True
RGS17P1,,0,unmapped,False
RGS18,Q9NS28,1,HGNC_symbol,False
RGS19,P49795,1,HGNC_symbol,False
RGS2,P41220,1,HGNC_symbol,False
RGS20,O76081,1,HGNC_symbol,True
RGS21,Q2M5E4,1,HGNC_symbol,False
RGS22,Q8NE09,1,HGNC_symbol,False
RGS3,P49796,1,HGNC_symbol,False
RGS4,P49798,1,HGNC_symbol,True
RGS5,O15539,1,HGNC_symbol,False
RGS6,P49758,1,HGNC_symbol,True
RGS7,P49802,1,HGNC_symbol,False
RGS7BP,Q6MZT1,1,HGNC_symbol,True
RGS8,P57771,1,HGNC_symbol,False
RGS9,O75916,1,HGNC_symbol,False
RGS9BP,Q6ZS82,1,HGNC_symbol,True
RGSL1,A5PLK6,1,HGNC_symbol,False
RHAG,Q02094,1,HGNC_symbol,False
RHBDD1,Q8TEB9,1,HGNC_symbol,False
RHBDD2,Q6NTF9,1,HGNC_symbol,False
RHBDD3,Q9Y3P4,1,HGNC_symbol,True
RHBDF1,Q96CC6,1,HGNC_symbol,False
RHBDF2,Q6PJF5,1,HGNC_symbol,False
RHBDL1,O75783,1,HGNC_symbol,True
RHBDL2,Q9NX52,1,HGNC_symbol,False
RHBDL3,P58872,1,HGNC_symbol,True
RHBG,Q9H310,1,HGNC_symbol,False
RHCE,P18577,1,HGNC_symbol,False
RHCG,Q9UBD6,1,HGNC_symbol,False
RHD,Q02161,1,HGNC_symbol,True
RHEB,Q15382,1,HGNC_symbol,False
RHEBL1,Q8TAI7,1,HGNC_symbol,True
RHEBP1,,0,unmapped,False
RHEBP2,,0,unmapped,False
RHEX,Q6ZWK4,1,HGNC_symbol,False
RHNO1,Q9BSD3,1,HGNC_symbol,False
RHO,P08100,1,HGNC_symbol,False
RHOA,P61586,1,HGNC_symbol,True
RHOA-IT1,,0,unmapped,False
RHOB,P62745,1,HGNC_symbol,True
RHOBTB1,O94844,1,HGNC_symbol,True
RHOBTB2,Q9BYZ6,1,HGNC_symbol,False
RHOBTB3,O94955,1,HGNC_symbol,False
RHOC,P08134,1,HGNC_symbol,True
RHOD,O00212,1,HGNC_symbol,False
RHOF,Q9HBH0,1,HGNC_symbol,True
RHOG,P84095,1,HGNC_symbol,False
RHOH,Q15669,1,HGNC_symbol,False
RHOJ,Q9H4E5,1,HGNC_symbol,True
RHOQ,P17081,1,HGNC_symbol,True
RHOQP1,,0,unmapped,False
RHOQP2,,0,unmapped,False
RHOQP3,,0,unmapped,False
RHOT1,Q8IXI2,1,HGNC_symbol,False
RHOT1P1,,0,unmapped,False
RHOT1P2,,0,unmapped,False
RHOT1P3,,0,unmapped,False
RHOT2,Q8IXI1,1,HGNC_symbol,True
RHOU,Q7L0Q8,1,HGNC_symbol,False
RHOV,Q96L33,1,HGNC_symbol,False
RHOXF1,Q8NHV9,1,HGNC_symbol,False
RHOXF2,Q9BQY4,1,HGNC_symbol,False
RHOXF2B,P0C7M4,1,HGNC_symbol,False
RHPN1,Q8TCX5,1,HGNC_symbol,True
RHPN1-AS1,Q9BWJ2,1,HGNC_symbol,False
RHPN2,Q8IUC4,1,HGNC_symbol,True
RIBC1,Q8N443,1,HGNC_symbol,True
RIBC2,Q9H4K1,1,HGNC_symbol,True
RIC1,Q4ADV7,1,HGNC_symbol,False
RIC3,Q7Z5B4,1,HGNC_symbol,False
RIC8A,Q9NPQ8,1,HGNC_symbol,True
RIC8B,Q9NVN3,1,HGNC_symbol,False
RICTOR,Q6R327,1,HGNC_symbol,False
RIDA,P52758,1,HGNC_symbol,False
RIF1,Q5UIP0,1,HGNC_symbol,False
RIGI,O95786,1,HGNC_symbol,True
RIIAD1,A6NNX1,1,HGNC_symbol,True
RILP,Q96NA2,1,HGNC_symbol,False
RILPL1,Q5EBL4,1,HGNC_symbol,True
RILPL2,Q969X0,1,HGNC_symbol,True
RIMBP2,O15034,1,HGNC_symbol,False
RIMBP3,Q9UFD9,1,HGNC_symbol,False
RIMBP3B,A6NNM3,1,HGNC_symbol,False
RIMBP3C,A6NJZ7,1,HGNC_symbol,False
RIMKLA,Q8IXN7,1,HGNC_symbol,False
RIMKLB,Q9ULI2,1,HGNC_symbol,True
RIMKLBP1,,0,unmapped,False
RIMOC1,A6NDU8,1,HGNC_symbol,False
RIMS1,Q86UR5,1,HGNC_symbol,False
RIMS2,Q9UQ26,1,HGNC_symbol,False
RIMS3,Q9UJD0,1,HGNC_symbol,False
RIMS4,Q9H426,1,HGNC_symbol,False
RIN1,Q13671,1,HGNC_symbol,False
RIN2,Q8WYP3,1,HGNC_symbol,True
RIN3,Q8TB24,1,HGNC_symbol,True
RING1,Q06587,1,HGNC_symbol,True
RINL,Q6ZS11,1,HGNC_symbol,False
RINT1,Q6NUQ1,1,HGNC_symbol,False
RIOK1,Q9BRS2,1,HGNC_symbol,False
RIOK2,Q9BVS4,1,HGNC_symbol,True
RIOK3,O14730,1,HGNC_symbol,True
RIOX1,Q9H6W3,1,HGNC_symbol,False
RIOX2,Q8IUF8,1,HGNC_symbol,True
RIPK1,Q13546,1,HGNC_symbol,False
RIPK2,O43353,1,HGNC_symbol,False
RIPK3,Q9Y572,1,HGNC_symbol,False
RIPK4,P57078,1,HGNC_symbol,True
RIPOR1,Q6ZS17,1,HGNC_symbol,False
RIPOR2,Q9Y4F9,1,HGNC_symbol,False
RIPOR3,Q96MK2,1,HGNC_symbol,False
RIPPLY1,Q0D2K3,1,HGNC_symbol,False
RIPPLY2,Q5TAB7,1,HGNC_symbol,False
RIPPLY3,P57055,1,HGNC_symbol,False
RIT1,Q92963,1,HGNC_symbol,True
RIT2,Q99578,1,HGNC_symbol,False
RITA1,Q96K30,1,HGNC_symbol,False
RLBP1,P12271,1,HGNC_symbol,False
RLF,Q13129,1,HGNC_symbol,False
RLIG1,Q8N999,1,HGNC_symbol,True
RLIM,Q9NVW2,1,HGNC_symbol,False
RLN1,P04808,1,HGNC_symbol,False
RLN2,P04090,1,HGNC_symbol,False
RLN3,Q8WXF3,1,HGNC_symbol,True
RLTPR,146206,5,STRING_alias,False
RMC1,Q96DM3,1,HGNC_symbol,False
RMDN1,Q96DB5,1,HGNC_symbol,True
RMDN2,Q96LZ7,1,HGNC_symbol,True
RMDN3,Q96TC7,1,HGNC_symbol,False
RMI1,Q9H9A7,1,HGNC_symbol,True
RMI2,Q96E14,1,HGNC_symbol,True
RMND1,Q9NWS8,1,HGNC_symbol,False
RMND5A,Q9H871,1,HGNC_symbol,False
RMND5B,Q96G75,1,HGNC_symbol,False
RMP24,Q32NC0,1,HGNC_symbol,False
RMP64,Q6NW34,1,HGNC_symbol,False
RMRP,,0,unmapped,False
RN7SK,,0,unmapped,False
RN7SKP127,,0,unmapped,False
RN7SKP16,,0,unmapped,False
RN7SKP173,,0,unmapped,False
RN7SKP180,,0,unmapped,False
RN7SKP23,,0,unmapped,False
RN7SKP26,,0,unmapped,False
RN7SKP269,,0,unmapped,False
RN7SKP292,,0,unmapped,False
RN7SKP296,,0,unmapped,False
RN7SKP70,,0,unmapped,False
RN7SKP78,,0,unmapped,False
RN7SKP80,,0,unmapped,False
RN7SKP97,,0,unmapped,False
RN7SL1,,0,unmapped,False
RN7SL119P,,0,unmapped,False
RN7SL121P,,0,unmapped,False
RN7SL127P,,0,unmapped,False
RN7SL130P,,0,unmapped,False
RN7SL138P,,0,unmapped,False
RN7SL145P,,0,unmapped,False
RN7SL146P,,0,unmapped,False
RN7SL172P,,0,unmapped,False
RN7SL181P,,0,unmapped,False
RN7SL192P,,0,unmapped,False
RN7SL2,,0,unmapped,False
RN7SL21P,,0,unmapped,False
RN7SL23P,,0,unmapped,False
RN7SL272P,,0,unmapped,False
RN7SL280P,,0,unmapped,False
RN7SL288P,,0,unmapped,False
RN7SL3,,0,unmapped,False
RN7SL328P,,0,unmapped,False
RN7SL333P,,0,unmapped,False
RN7SL334P,,0,unmapped,False
RN7SL368P,,0,unmapped,False
RN7SL381P,,0,unmapped,False
RN7SL425P,,0,unmapped,False
RN7SL431P,,0,unmapped,False
RN7SL441P,,0,unmapped,False
RN7SL449P,,0,unmapped,False
RN7SL473P,,0,unmapped,False
RN7SL481P,,0,unmapped,False
RN7SL49P,,0,unmapped,False
RN7SL4P,,0,unmapped,False
RN7SL517P,,0,unmapped,False
RN7SL535P,,0,unmapped,False
RN7SL558P,,0,unmapped,False
RN7SL559P,,0,unmapped,False
RN7SL566P,,0,unmapped,False
RN7SL587P,,0,unmapped,False
RN7SL5P,,0,unmapped,False
RN7SL600P,,0,unmapped,False
RN7SL608P,,0,unmapped,False
RN7SL617P,,0,unmapped,False
RN7SL648P,,0,unmapped,False
RN7SL650P,,0,unmapped,False
RN7SL737P,,0,unmapped,False
RN7SL749P,,0,unmapped,False
RN7SL800P,,0,unmapped,False
RN7SL809P,,0,unmapped,False
RN7SL81P,,0,unmapped,False
RN7SL832P,,0,unmapped,False
RN7SL834P,,0,unmapped,False
RN7SL844P,,0,unmapped,False
RNA18S5,,0,unmapped,False
RNA28S5,,0,unmapped,False
RNA5-8S5,,0,unmapped,False
RNA5SP129,,0,unmapped,False
RNA5SP155,,0,unmapped,False
RNA5SP195,,0,unmapped,False
RNA5SP283,,0,unmapped,False
RNA5SP307,,0,unmapped,False
RNA5SP33,,0,unmapped,False
RNA5SP383,,0,unmapped,False
RNA5SP395,,0,unmapped,False
RNA5SP450,,0,unmapped,False
RNA5SP464,,0,unmapped,False
RNA5SP492,,0,unmapped,False
RNA5SP82,,0,unmapped,False
RNASE1,P07998,1,HGNC_symbol,False
RNASE10,Q5GAN6,1,HGNC_symbol,False
RNASE11,Q8TAA1,1,HGNC_symbol,False
RNASE12,Q5GAN4,1,HGNC_symbol,True
RNASE13,Q5GAN3,1,HGNC_symbol,False
RNASE2,P10153,1,HGNC_symbol,True
RNASE3,P12724,1,HGNC_symbol,False
RNASE4,P34096,1,HGNC_symbol,True
RNASE6,Q93091,1,HGNC_symbol,False
RNASE7,Q9H1E1,1,HGNC_symbol,False
RNASE8,Q8TDE3,1,HGNC_symbol,False
RNASE9,P60153,1,HGNC_symbol,False
RNASEH1,O60930,1,HGNC_symbol,False
RNASEH1-AS1,,0,unmapped,False
RNASEH1P1,,0,unmapped,False
RNASEH1P2,,0,unmapped,False
RNASEH2A,O75792,1,HGNC_symbol,False
RNASEH2B,Q5TBB1,1,HGNC_symbol,False
RNASEH2B-AS1,,0,unmapped,False
RNASEH2C,Q8TDP1,1,HGNC_symbol,False
RNASEK,Q6P5S7,1,HGNC_symbol,True
RNASEL,Q05823,1,HGNC_symbol,False
RNASET2,O00584,1,HGNC_symbol,False
RND1,Q92730,1,HGNC_symbol,True
RND2,P52198,1,HGNC_symbol,True
RND3,P61587,1,HGNC_symbol,True
RNF10,Q8N5U6,1,HGNC_symbol,False
RNF103,O00237,1,HGNC_symbol,False
RNF11,Q9Y3C5,1,HGNC_symbol,True
RNF111,Q6ZNA4,1,HGNC_symbol,False
RNF112,Q9ULX5,1,HGNC_symbol,True
RNF113A,O15541,1,HGNC_symbol,True
RNF113B,Q8IZP6,1,HGNC_symbol,True
RNF114,Q9Y508,1,HGNC_symbol,False
RNF115,Q9Y4L5,1,HGNC_symbol,False
RNF121,Q9H920,1,HGNC_symbol,False
RNF122,Q9H9V4,1,HGNC_symbol,False
RNF123,Q5XPI4,1,HGNC_symbol,False
RNF125,Q96EQ8,1,HGNC_symbol,False
RNF126,Q9BV68,1,HGNC_symbol,False
RNF126P1,,0,unmapped,False
RNF128,Q8TEB7,1,HGNC_symbol,True
RNF13,O43567,1,HGNC_symbol,True
RNF130,Q86XS8,1,HGNC_symbol,True
RNF133,Q8WVZ7,1,HGNC_symbol,False
RNF135,Q8IUD6,1,HGNC_symbol,False
RNF138,Q8WVD3,1,HGNC_symbol,False
RNF138P1,,0,unmapped,False
RNF139,Q8WU17,1,HGNC_symbol,False
RNF139-AS1,,0,unmapped,False
RNF14,Q9UBS8,1,HGNC_symbol,True
RNF141,Q8WVD5,1,HGNC_symbol,False
RNF144A,P50876,1,HGNC_symbol,False
RNF144A-AS1,,0,unmapped,False
RNF144B,Q7Z419,1,HGNC_symbol,True
RNF145,Q96MT1,1,HGNC_symbol,False
RNF146,Q9NTX7,1,HGNC_symbol,True
RNF148,Q8N7C7,1,HGNC_symbol,True
RNF149,Q8NC42,1,HGNC_symbol,False
RNF150,Q9ULK6,1,HGNC_symbol,False
RNF151,Q2KHN1,1,HGNC_symbol,True
RNF152,Q8N8N0,1,HGNC_symbol,False
RNF157,Q96PX1,1,HGNC_symbol,True
RNF157-AS1,,0,unmapped,False
RNF165,RN165_HUMAN,5,STRING_alias,False
RNF166,Q96A37,1,HGNC_symbol,False
RNF167,Q9H6Y7,1,HGNC_symbol,False
RNF168,Q8IYW5,1,HGNC_symbol,False
RNF169,Q8NCN4,1,HGNC_symbol,False
RNF17,Q9BXT8,1,HGNC_symbol,False
RNF170,Q96K19,1,HGNC_symbol,False
RNF175,Q8N4F7,1,HGNC_symbol,True
RNF180,Q86T96,1,HGNC_symbol,False
RNF181,Q9P0P0,1,HGNC_symbol,False
RNF182,Q8N6D2,1,HGNC_symbol,False
RNF183,Q96D59,1,HGNC_symbol,False
RNF185,Q96GF1,1,HGNC_symbol,False
RNF186,Q9NXI6,1,HGNC_symbol,False
RNF187,Q5TA31,1,HGNC_symbol,True
RNF19A,Q9NV58,1,HGNC_symbol,False
RNF19B,Q6ZMZ0,1,HGNC_symbol,True
RNF2,Q99496,1,HGNC_symbol,False
RNF20,Q5VTR2,1,HGNC_symbol,True
RNF207,Q6ZRF8,1,HGNC_symbol,True
RNF208,Q9H0X6,1,HGNC_symbol,False
RNF212,Q495C1,1,HGNC_symbol,False
RNF212B,A8MTL3,1,HGNC_symbol,True
RNF213,Q63HN8,1,HGNC_symbol,False
RNF214,Q8ND24,1,HGNC_symbol,False
RNF215,Q9Y6U7,1,HGNC_symbol,True
RNF216,Q9NWF9,1,HGNC_symbol,False
RNF216-IT1,,0,unmapped,False
RNF216P1,Q6NUR6,1,HGNC_symbol,False
RNF217,Q8TC41,1,HGNC_symbol,True
RNF219,2.3.2.27,5,STRING_alias,False
RNF220,Q5VTB9,1,HGNC_symbol,False
RNF222,A6NCQ9,1,HGNC_symbol,False
RNF223,E7ERA6,1,HGNC_symbol,False
RNF224,P0DH78,1,HGNC_symbol,True
RNF225,M0QZC1,1,HGNC_symbol,False
RNF227,A6NIN4,1,HGNC_symbol,False
RNF228,A0A7I2V3R4,1,HGNC_symbol,False
RNF24,Q9Y225,1,HGNC_symbol,True
RNF25,Q96BH1,1,HGNC_symbol,False
RNF26,Q9BY78,1,HGNC_symbol,False
RNF31,Q96EP0,1,HGNC_symbol,False
RNF32,Q9H0A6,1,HGNC_symbol,True
RNF34,Q969K3,1,HGNC_symbol,False
RNF38,Q9H0F5,1,HGNC_symbol,True
RNF39,Q9H2S5,1,HGNC_symbol,True
RNF4,P78317,1,HGNC_symbol,False
RNF40,O75150,1,HGNC_symbol,True
RNF41,Q9H4P4,1,HGNC_symbol,False
RNF43,Q68DV7,1,HGNC_symbol,True
RNF44,Q7L0R7,1,HGNC_symbol,True
RNF5,Q99942,1,HGNC_symbol,False
RNF5P1,,0,unmapped,False
RNF6,Q9Y252,1,HGNC_symbol,True
RNF7,Q9UBF6,1,HGNC_symbol,True
RNF7P1,,0,unmapped,False
RNF8,O76064,1,HGNC_symbol,False
RNFT1,Q5M7Z0,1,HGNC_symbol,False
RNFT1P3,,0,unmapped,False
RNFT2,Q96EX2,1,HGNC_symbol,True
RNGTT,O60942,1,HGNC_symbol,False
RNH1,P13489,1,HGNC_symbol,False
RNLS,Q5VYX0,1,HGNC_symbol,False
RNMT,O43148,1,HGNC_symbol,False
RNMTL1,16S rRNA [Gm1370] 2'-O-methyltransferase,5,STRING_alias,False
RNPC3,Q96LT9,1,HGNC_symbol,False
RNPEP,Q9H4A4,1,HGNC_symbol,True
RNPEPL1,Q9HAU8,1,HGNC_symbol,False
RNPS1,Q15287,1,HGNC_symbol,False
RNPS1P1,,0,unmapped,False
RNU1-1,,0,unmapped,False
RNU1-103P,,0,unmapped,False
RNU1-106P,,0,unmapped,False
RNU1-122P,,0,unmapped,False
RNU1-133P,,0,unmapped,False
RNU1-134P,,0,unmapped,False
RNU1-16P,,0,unmapped,False
RNU1-2,,0,unmapped,False
RNU1-27P,,0,unmapped,False
RNU1-59P,,0,unmapped,False
RNU1-60P,,0,unmapped,False
RNU11,,0,unmapped,False
RNU12,,0,unmapped,False
RNU2-22P,,0,unmapped,False
RNU2-59P,,0,unmapped,False
RNU2-63P,,0,unmapped,False
RNU2-7P,,0,unmapped,False
RNU4-1,,0,unmapped,False
RNU4-2,,0,unmapped,False
RNU4-82P,,0,unmapped,False
RNU4-9P,,0,unmapped,False
RNU4ATAC,,0,unmapped,False
RNU4ATAC18P,,0,unmapped,False
RNU5A-1,,0,unmapped,False
RNU5D-1,,0,unmapped,False
RNU5E-1,,0,unmapped,False
RNU5E-4P,,0,unmapped,False
RNU5F-1,,0,unmapped,False
RNU6-1002P,,0,unmapped,False
RNU6-1005P,,0,unmapped,False
RNU6-100P,,0,unmapped,False
RNU6-1010P,,0,unmapped,False
RNU6-1016P,,0,unmapped,False
RNU6-1017P,,0,unmapped,False
RNU6-101P,,0,unmapped,False
RNU6-1053P,,0,unmapped,False
RNU6-1099P,,0,unmapped,False
RNU6-1157P,,0,unmapped,False
RNU6-118P,,0,unmapped,False
RNU6-1219P,,0,unmapped,False
RNU6-1223P,,0,unmapped,False
RNU6-1237P,,0,unmapped,False
RNU6-125P,,0,unmapped,False
RNU6-195P,,0,unmapped,False
RNU6-2,,0,unmapped,False
RNU6-213P,,0,unmapped,False
RNU6-226P,,0,unmapped,False
RNU6-312P,,0,unmapped,False
RNU6-322P,,0,unmapped,False
RNU6-32P,,0,unmapped,False
RNU6-350P,,0,unmapped,False
RNU6-36P,,0,unmapped,False
RNU6-384P,,0,unmapped,False
RNU6-48P,,0,unmapped,False
RNU6-4P,,0,unmapped,False
RNU6-574P,,0,unmapped,False
RNU6-583P,,0,unmapped,False
RNU6-593P,,0,unmapped,False
RNU6-5P,,0,unmapped,False
RNU6-60P,,0,unmapped,False
RNU6-611P,,0,unmapped,False
RNU6-638P,,0,unmapped,False
RNU6-652P,,0,unmapped,False
RNU6-6P,,0,unmapped,False
RNU6-757P,,0,unmapped,False
RNU6-8,,0,unmapped,False
RNU6-807P,,0,unmapped,False
RNU6-828P,,0,unmapped,False
RNU6-878P,,0,unmapped,False
RNU6-890P,,0,unmapped,False
RNU6-892P,,0,unmapped,False
RNU6-9,,0,unmapped,False
RNU6-925P,,0,unmapped,False
RNU6-998P,,0,unmapped,False
RNU6ATAC18P,,0,unmapped,False
RNU6ATAC24P,,0,unmapped,False
RNU6ATAC36P,,0,unmapped,False
RNU7-163P,,0,unmapped,False
RNU7-181P,,0,unmapped,False
RNU7-40P,,0,unmapped,False
RNU7-57P,,0,unmapped,False
RNVU1-13,,0,unmapped,False
RNVU1-14,,0,unmapped,False
RNVU1-15,,0,unmapped,False
RNVU1-18,,0,unmapped,False
RNVU1-19,,0,unmapped,False
RNVU1-20,,0,unmapped,False
RNVU1-6,,0,unmapped,False
RNY4P7,,0,unmapped,False
RNY5P8,,0,unmapped,False
RO60,P10155,1,HGNC_symbol,False
ROBO1,Q9Y6N7,1,HGNC_symbol,False
ROBO2,Q9HCK4,1,HGNC_symbol,False
ROBO3,Q96MS0,1,HGNC_symbol,False
ROBO4,Q8WZ75,1,HGNC_symbol,False
ROCK1,Q13464,1,HGNC_symbol,False
ROCK1P1,,0,unmapped,False
ROCK2,O75116,1,HGNC_symbol,False
ROGDI,Q9GZN7,1,HGNC_symbol,True
ROM1,Q03395,1,HGNC_symbol,False
ROMO1,P60602,1,HGNC_symbol,False
ROPN1,Q9HAT0,1,HGNC_symbol,False
ROPN1B,Q9BZX4,1,HGNC_symbol,False
ROPN1L,Q96C74,1,HGNC_symbol,False
ROR1,Q01973,1,HGNC_symbol,True
ROR2,Q01974,1,HGNC_symbol,True
RORA,P35398,1,HGNC_symbol,False
RORB,Q92753,1,HGNC_symbol,False
RORC,P51449,1,HGNC_symbol,True
ROS1,P08922,1,HGNC_symbol,False
RP1,P56715,1,HGNC_symbol,False
RP1-100J12.1,,0,unmapped,False
RP1-101K10.6,,0,unmapped,False
RP1-102E24.1,,0,unmapped,False
RP1-102E24.6,,0,unmapped,False
RP1-102E24.8,,0,unmapped,False
RP1-102H19.8,,0,unmapped,False
RP1-111B22.3,,0,unmapped,False
RP1-111C20.3,,0,unmapped,False
RP1-111C20.4,,0,unmapped,False
RP1-118J21.25,,0,unmapped,False
RP1-121G13.3,,0,unmapped,False
RP1-122O8.7,,0,unmapped,False
RP1-122P22.2,,0,unmapped,False
RP1-125I3.2,,0,unmapped,False
RP1-130G2.1,,0,unmapped,False
RP1-130H16.16,,0,unmapped,False
RP1-136B1.1,,0,unmapped,False
RP1-136J15.5,,0,unmapped,False
RP1-13D10.2,,0,unmapped,False
RP1-140A9.1,,0,unmapped,False
RP1-140C12.2,,0,unmapped,False
RP1-140K8.2,,0,unmapped,False
RP1-144F13.4,,0,unmapped,False
RP1-145M24.1,,0,unmapped,False
RP1-146I3.1,,0,unmapped,False
RP1-151F17.1,,0,unmapped,False
RP1-151F17.2,,0,unmapped,False
RP1-152L7.5,,0,unmapped,False
RP1-153G14.4,,0,unmapped,False
RP1-153P14.8,,0,unmapped,False
RP1-159A19.3,,0,unmapped,False
RP1-159A19.4,,0,unmapped,False
RP1-159M24.1,,0,unmapped,False
RP1-161N10.1,,0,unmapped,False
RP1-167A14.2,,0,unmapped,False
RP1-168L15.5,,0,unmapped,False
RP1-168P16.1,,0,unmapped,False
RP1-168P16.2,,0,unmapped,False
RP1-170O19.21,,0,unmapped,False
RP1-172N19.4,,0,unmapped,False
RP1-178F10.3,,0,unmapped,False
RP1-178F15.4,,0,unmapped,False
RP1-179N16.6,,0,unmapped,False
RP1-181J22.1,,0,unmapped,False
RP1-182O16.1,,0,unmapped,False
RP1-191J18.66,,0,unmapped,False
RP1-193H18.2,,0,unmapped,False
RP1-197B17.3,,0,unmapped,False
RP1-197O17.2,,0,unmapped,False
RP1-199J3.5,,0,unmapped,False
RP1-199J3.7,,0,unmapped,False
RP1-1J6.2,,0,unmapped,False
RP1-202O8.3,,0,unmapped,False
RP1-203P18.1,,0,unmapped,False
RP1-206D15.5,,0,unmapped,False
RP1-20C7.6,,0,unmapped,False
RP1-20N2.6,,0,unmapped,False
RP1-212P9.3,,0,unmapped,False
RP1-223E5.4,,0,unmapped,False
RP1-224A6.3,,0,unmapped,False
RP1-224A6.9,,0,unmapped,False
RP1-225E12.2,,0,unmapped,False
RP1-228H13.1,,0,unmapped,False
RP1-228H13.2,,0,unmapped,False
RP1-228H13.5,,0,unmapped,False
RP1-228P16.1,,0,unmapped,False
RP1-229K20.5,,0,unmapped,False
RP1-232L22__B.1,,0,unmapped,False
RP1-232L24.3,,0,unmapped,False
RP1-234P15.4,,0,unmapped,False
RP1-239B22.5,,0,unmapped,False
RP1-244F24.1,,0,unmapped,False
RP1-249H1.4,,0,unmapped,False
RP1-249I4.2,,0,unmapped,False
RP1-257A7.4,,0,unmapped,False
RP1-257A7.5,,0,unmapped,False
RP1-257I20.14,,0,unmapped,False
RP1-261D10.1,,0,unmapped,False
RP1-261G23.7,,0,unmapped,False
RP1-265C24.8,,0,unmapped,False
RP1-266L20.4,,0,unmapped,False
RP1-266L20.9,,0,unmapped,False
RP1-273G13.1,,0,unmapped,False
RP1-273G13.2,,0,unmapped,False
RP1-278E11.3,,0,unmapped,False
RP1-281H8.3,,0,unmapped,False
RP1-283E3.8,,0,unmapped,False
RP1-286D6.5,,0,unmapped,False
RP1-28O10.1,,0,unmapped,False
RP1-292B18.1,,0,unmapped,False
RP1-29C18.8,,0,unmapped,False
RP1-29C18.9,,0,unmapped,False
RP1-305B16.3,,0,unmapped,False
RP1-308E4.1,,0,unmapped,False
RP1-309F20.3,,0,unmapped,False
RP1-30M3.5,,0,unmapped,False
RP1-313I6.12,,0,unmapped,False
RP1-315G1.3,,0,unmapped,False
RP1-317E23.3,,0,unmapped,False
RP1-34B20.4,,0,unmapped,False
RP1-34L19.1,,0,unmapped,False
RP1-35C21.1,,0,unmapped,False
RP1-37N7.3,,0,unmapped,False
RP1-39G22.7,,0,unmapped,False
RP1-40E16.12,,0,unmapped,False
RP1-40G4P.1,,0,unmapped,False
RP1-43E13.2,,0,unmapped,False
RP1-59D14.5,,0,unmapped,False
RP1-5O6.4,,0,unmapped,False
RP1-60N8.1,,0,unmapped,False
RP1-64K7.4,,0,unmapped,False
RP1-65P5.3,,0,unmapped,False
RP1-66C13.3,,0,unmapped,False
RP1-68D18.2,,0,unmapped,False
RP1-68D18.3,,0,unmapped,False
RP1-68D18.4,,0,unmapped,False
RP1-74M1.3,,0,unmapped,False
RP1-7G5.5,,0,unmapped,False
RP1-80N2.2,,0,unmapped,False
RP1-80N2.3,,0,unmapped,False
RP1-86C11.7,,0,unmapped,False
RP1-89D4.1,,0,unmapped,False
RP1-8B1.4,,0,unmapped,False
RP1-90G24.10,,0,unmapped,False
RP1-90G24.6,,0,unmapped,False
RP1-90J20.11,,0,unmapped,False
RP1-90J20.12,,0,unmapped,False
RP1-90J20.8,,0,unmapped,False
RP1-90L6.2,,0,unmapped,False
RP1-92O14.3,,0,unmapped,False
RP1-93H18.1,,0,unmapped,False
RP1-93H18.7,,0,unmapped,False
RP1-95L4.4,,0,unmapped,False
RP1-96H9.5,,0,unmapped,False
RP1-97D16.1,,0,unmapped,False
RP1-99E18.2,,0,unmapped,False
RP11-1000B6.3,,0,unmapped,False
RP11-1000B6.5,,0,unmapped,False
RP11-1002K11.1,,0,unmapped,False
RP11-1006G14.1,,0,unmapped,False
RP11-1006G14.4,,0,unmapped,False
RP11-1007O24.2,,0,unmapped,False
RP11-1007O24.3,,0,unmapped,False
RP11-1007O24.4,,0,unmapped,False
RP11-100N21.1,,0,unmapped,False
RP11-1012A1.7,,0,unmapped,False
RP11-1017G21.4,,0,unmapped,False
RP11-1017G21.5,,0,unmapped,False
RP11-1017G21.6,,0,unmapped,False
RP11-1018J11.1,,0,unmapped,False
RP11-101E13.5,,0,unmapped,False
RP11-1020A11.1,,0,unmapped,False
RP11-1020A11.2,,0,unmapped,False
RP11-1023L17.1,,0,unmapped,False
RP11-1023L17.2,,0,unmapped,False
RP11-1024P17.1,,0,unmapped,False
RP11-1029J19.4,,0,unmapped,False
RP11-1029J19.5,,0,unmapped,False
RP11-1029M24.1,,0,unmapped,False
RP11-102L12.2,,0,unmapped,False
RP11-102M11.1,,0,unmapped,False
RP11-102M11.2,,0,unmapped,False
RP11-102N12.3,,0,unmapped,False
RP11-1033A18.1,,0,unmapped,False
RP11-1036E20.7,,0,unmapped,False
RP11-1036E20.9,,0,unmapped,False
RP11-103G8.2,,0,unmapped,False
RP11-104D3.2,,0,unmapped,False
RP11-104G3.2,,0,unmapped,False
RP11-104L21.2,,0,unmapped,False
RP11-104L21.3,,0,unmapped,False
RP11-104N10.1,,0,unmapped,False
RP11-104O19.2,,0,unmapped,False
RP11-1055B8.3,,0,unmapped,False
RP11-1055B8.4,,0,unmapped,False
RP11-1055B8.6,,0,unmapped,False
RP11-1055B8.7,,0,unmapped,False
RP11-1055B8.8,,0,unmapped,False
RP11-1057B6.1,,0,unmapped,False
RP11-105N14.1,,0,unmapped,False
RP11-1060J15.4,,0,unmapped,False
RP11-106M3.1,,0,unmapped,False
RP11-106M3.2,,0,unmapped,False
RP11-106M3.3,,0,unmapped,False
RP11-1070N10.3,,0,unmapped,False
RP11-1072C15.4,,0,unmapped,False
RP11-1079K10.2,,0,unmapped,False
RP11-1079K10.3,,0,unmapped,False
RP11-1079K10.4,,0,unmapped,False
RP11-1081L13.4,,0,unmapped,False
RP11-1082L8.3,,0,unmapped,False
RP11-1084A12.1,,0,unmapped,False
RP11-1084E5.1,,0,unmapped,False
RP11-1084J3.4,,0,unmapped,False
RP11-108B14.4,,0,unmapped,False
RP11-108K14.4,,0,unmapped,False
RP11-108L7.15,,0,unmapped,False
RP11-108L7.4,,0,unmapped,False
RP11-108M9.4,,0,unmapped,False
RP11-108M9.6,,0,unmapped,False
RP11-108P20.1,,0,unmapped,False
RP11-1094M14.1,,0,unmapped,False
RP11-1094M14.11,,0,unmapped,False
RP11-1094M14.12,,0,unmapped,False
RP11-1094M14.4,,0,unmapped,False
RP11-1094M14.5,,0,unmapped,False
RP11-1094M14.7,,0,unmapped,False
RP11-1094M14.9,,0,unmapped,False
RP11-1096G20.5,,0,unmapped,False
RP11-109A6.3,,0,unmapped,False
RP11-109G23.3,,0,unmapped,False
RP11-109L13.1,,0,unmapped,False
RP11-109N23.4,,0,unmapped,False
RP11-109N23.6,,0,unmapped,False
RP11-10A14.4,,0,unmapped,False
RP11-10B2.1,,0,unmapped,False
RP11-10C24.1,,0,unmapped,False
RP11-10C24.3,,0,unmapped,False
RP11-10G12.1,,0,unmapped,False
RP11-10H3.1,,0,unmapped,False
RP11-10J21.4,,0,unmapped,False
RP11-10K16.1,,0,unmapped,False
RP11-10L12.2,,0,unmapped,False
RP11-10L12.4,,0,unmapped,False
RP11-10O17.1,,0,unmapped,False
RP11-10O17.3,,0,unmapped,False
RP11-1105G2.3,,0,unmapped,False
RP11-1105G2.4,,0,unmapped,False
RP11-1109F11.3,,0,unmapped,False
RP11-110G21.1,,0,unmapped,False
RP11-110G21.2,,0,unmapped,False
RP11-110H1.4,,0,unmapped,False
RP11-110I1.12,,0,unmapped,False
RP11-110I1.13,,0,unmapped,False
RP11-110I1.14,,0,unmapped,False
RP11-110J1.2,,0,unmapped,False
RP11-1112J20.1,,0,unmapped,False
RP11-1114A5.4,,0,unmapped,False
RP11-111E2.1,,0,unmapped,False
RP11-111K18.2,,0,unmapped,False
RP11-111M22.2,,0,unmapped,False
RP11-111M22.3,,0,unmapped,False
RP11-111M22.4,,0,unmapped,False
RP11-112H10.6,,0,unmapped,False
RP11-112J1.1,,0,unmapped,False
RP11-112J1.2,,0,unmapped,False
RP11-112J3.16,,0,unmapped,False
RP11-1134I14.2,,0,unmapped,False
RP11-1136G11.6,,0,unmapped,False
RP11-113C12.2,,0,unmapped,False
RP11-1143G9.2,,0,unmapped,False
RP11-1143G9.4,,0,unmapped,False
RP11-1148O4.1,,0,unmapped,False
RP11-1149M10.2,,0,unmapped,False
RP11-1149O23.3,,0,unmapped,False
RP11-114F3.2,,0,unmapped,False
RP11-114H24.2,,0,unmapped,False
RP11-114H24.4,,0,unmapped,False
RP11-114H7.1,,0,unmapped,False
RP11-114H7.2,,0,unmapped,False
RP11-114I8.4,,0,unmapped,False
RP11-114M5.1,,0,unmapped,False
RP11-114N19.3,,0,unmapped,False
RP11-1151B14.4,,0,unmapped,False
RP11-115C21.2,,0,unmapped,False
RP11-115H15.2,,0,unmapped,False
RP11-115L11.1,,0,unmapped,False
RP11-115N4.1,,0,unmapped,False
RP11-117D22.2,,0,unmapped,False
RP11-1186N24.5,,0,unmapped,False
RP11-118B22.4,,0,unmapped,False
RP11-118D22.3,,0,unmapped,False
RP11-118F19.1,,0,unmapped,False
RP11-118H4.1,,0,unmapped,False
RP11-118K6.3,,0,unmapped,False
RP11-1191J2.2,,0,unmapped,False
RP11-1191J2.5,,0,unmapped,False
RP11-119B16.2,,0,unmapped,False
RP11-119F19.2,,0,unmapped,False
RP11-119F7.5,,0,unmapped,False
RP11-119H12.1,,0,unmapped,False
RP11-119H12.4,,0,unmapped,False
RP11-11C20.3,,0,unmapped,False
RP11-11N7.4,,0,unmapped,False
RP11-11N9.4,,0,unmapped,False
RP11-120B7.1,,0,unmapped,False
RP11-120D5.1,,0,unmapped,False
RP11-120M18.2,,0,unmapped,False
RP11-1212A22.1,,0,unmapped,False
RP11-1217F2.1,,0,unmapped,False
RP11-121A14.3,,0,unmapped,False
RP11-121A8.1,,0,unmapped,False
RP11-121C2.2,,0,unmapped,False
RP11-121L10.3,,0,unmapped,False
RP11-121M22.1,,0,unmapped,False
RP11-1220K2.2,,0,unmapped,False
RP11-1223D19.1,,0,unmapped,False
RP11-122G18.5,,0,unmapped,False
RP11-122G18.7,,0,unmapped,False
RP11-122K13.12,,0,unmapped,False
RP11-122K13.7,,0,unmapped,False
RP11-123M21.2,,0,unmapped,False
RP11-1246C19.1,,0,unmapped,False
RP11-124N14.3,,0,unmapped,False
RP11-124N2.1,,0,unmapped,False
RP11-125B21.2,,0,unmapped,False
RP11-1260E13.4,,0,unmapped,False
RP11-126F18.2,,0,unmapped,False
RP11-126K1.2,,0,unmapped,False
RP11-126K1.6,,0,unmapped,False
RP11-126L15.4,,0,unmapped,False
RP11-126O1.5,,0,unmapped,False
RP11-1275H24.1,,0,unmapped,False
RP11-1275H24.2,,0,unmapped,False
RP11-1275H24.3,,0,unmapped,False
RP11-1277A3.1,,0,unmapped,False
RP11-1277A3.2,,0,unmapped,False
RP11-1277A3.3,,0,unmapped,False
RP11-127B20.2,,0,unmapped,False
RP11-127B20.3,,0,unmapped,False
RP11-127I20.5,,0,unmapped,False
RP11-127L20.3,,0,unmapped,False
RP11-1280N14.3,,0,unmapped,False
RP11-128A6.3,,0,unmapped,False
RP11-1299A16.3,,0,unmapped,False
RP11-129H15.4,,0,unmapped,False
RP11-129J12.1,,0,unmapped,False
RP11-129J12.2,,0,unmapped,False
RP11-129K12.1,,0,unmapped,False
RP11-129K12.4,,0,unmapped,False
RP11-12A2.1,,0,unmapped,False
RP11-12J10.3,,0,unmapped,False
RP11-12M9.3,,0,unmapped,False
RP11-12M9.4,,0,unmapped,False
RP11-130F10.1,,0,unmapped,False
RP11-130L8.1,,0,unmapped,False
RP11-1319K7.1,,0,unmapped,False
RP11-131L23.1,,0,unmapped,False
RP11-132A1.4,,0,unmapped,False
RP11-133K1.1,,0,unmapped,False
RP11-133N21.7,,0,unmapped,False
RP11-133O22.6,,0,unmapped,False
RP11-1348G14.1,,0,unmapped,False
RP11-1348G14.4,,0,unmapped,False
RP11-1348G14.5,,0,unmapped,False
RP11-134E15.2,,0,unmapped,False
RP11-134G8.7,,0,unmapped,False
RP11-134G8.8,,0,unmapped,False
RP11-134K13.2,,0,unmapped,False
RP11-134K13.4,,0,unmapped,False
RP11-134L10.1,,0,unmapped,False
RP11-134O21.1,,0,unmapped,False
RP11-134P9.3,,0,unmapped,False
RP11-135L13.4,,0,unmapped,False
RP11-1379J22.2,,0,unmapped,False
RP11-1379J22.5,,0,unmapped,False
RP11-137H2.4,,0,unmapped,False
RP11-137H2.6,,0,unmapped,False
RP11-137J7.3,,0,unmapped,False
RP11-137L10.6,,0,unmapped,False
RP11-137N23.1,,0,unmapped,False
RP11-138A9.1,,0,unmapped,False
RP11-138C9.1,,0,unmapped,False
RP11-138I1.2,,0,unmapped,False
RP11-138I1.4,,0,unmapped,False
RP11-1391J7.1,,0,unmapped,False
RP11-1398P2.1,,0,unmapped,False
RP11-1399P15.1,,0,unmapped,False
RP11-139H15.1,,0,unmapped,False
RP11-139K1.2,,0,unmapped,False
RP11-13A1.1,,0,unmapped,False
RP11-13K12.1,,0,unmapped,False
RP11-13N13.2,,0,unmapped,False
RP11-13P5.1,,0,unmapped,False
RP11-1407O15.2,,0,unmapped,False
RP11-140I16.3,,0,unmapped,False
RP11-140K17.3,,0,unmapped,False
RP11-1415C14.3,,0,unmapped,False
RP11-1415C14.4,,0,unmapped,False
RP11-141B14.1,,0,unmapped,False
RP11-141C7.4,,0,unmapped,False
RP11-141M1.3,,0,unmapped,False
RP11-141P6.1,,0,unmapped,False
RP11-142C4.4,,0,unmapped,False
RP11-142C4.5,,0,unmapped,False
RP11-142C4.6,,0,unmapped,False
RP11-142L4.2,,0,unmapped,False
RP11-142L4.3,,0,unmapped,False
RP11-143J12.2,,0,unmapped,False
RP11-144L1.8,,0,unmapped,False
RP11-144N1.1,,0,unmapped,False
RP11-144O23.8,,0,unmapped,False
RP11-145M9.4,,0,unmapped,False
RP11-146D12.2,,0,unmapped,False
RP11-146F11.1,,0,unmapped,False
RP11-146F11.5,,0,unmapped,False
RP11-146I2.1,,0,unmapped,False
RP11-146N23.1,,0,unmapped,False
RP11-147I3.1,,0,unmapped,False
RP11-147L13.2,,0,unmapped,False
RP11-147L13.8,,0,unmapped,False
RP11-148K1.12,,0,unmapped,False
RP11-148O21.2,,0,unmapped,False
RP11-148O21.3,,0,unmapped,False
RP11-148O21.4,,0,unmapped,False
RP11-148O21.6,,0,unmapped,False
RP11-149I2.5,,0,unmapped,False
RP11-14I17.3,,0,unmapped,False
RP11-14K2.1,,0,unmapped,False
RP11-14N7.2,,0,unmapped,False
RP11-150L8.4,,0,unmapped,False
RP11-150O12.6,,0,unmapped,False
RP11-151A6.4,,0,unmapped,False
RP11-151F5.2,,0,unmapped,False
RP11-151N17.1,,0,unmapped,False
RP11-152C15.1,,0,unmapped,False
RP11-152F13.7,,0,unmapped,False
RP11-152H18.3,,0,unmapped,False
RP11-152N13.16,,0,unmapped,False
RP11-152N13.5,,0,unmapped,False
RP11-152P17.2,,0,unmapped,False
RP11-152P23.2,,0,unmapped,False
RP11-153M3.1,,0,unmapped,False
RP11-153M7.1,,0,unmapped,False
RP11-153M7.3,,0,unmapped,False
RP11-153M7.5,,0,unmapped,False
RP11-154H12.3,,0,unmapped,False
RP11-154H23.3,,0,unmapped,False
RP11-154J22.1,,0,unmapped,False
RP11-156E6.1,,0,unmapped,False
RP11-156E8.1,,0,unmapped,False
RP11-156G14.6,,0,unmapped,False
RP11-156K13.3,,0,unmapped,False
RP11-156N15.1,,0,unmapped,False
RP11-156P1.3,,0,unmapped,False
RP11-157G21.2,,0,unmapped,False
RP11-157J24.1,,0,unmapped,False
RP11-157J24.2,,0,unmapped,False
RP11-158G18.1,,0,unmapped,False
RP11-158H5.7,,0,unmapped,False
RP11-158K1.3,,0,unmapped,False
RP11-158M2.3,,0,unmapped,False
RP11-159C21.4,,0,unmapped,False
RP11-159D12.2,,0,unmapped,False
RP11-159F24.3,,0,unmapped,False
RP11-159F24.5,,0,unmapped,False
RP11-159G9.5,,0,unmapped,False
RP11-159H10.3,,0,unmapped,False
RP11-159H22.2,,0,unmapped,False
RP11-159H3.1,,0,unmapped,False
RP11-159J3.1,,0,unmapped,False
RP11-159N11.4,,0,unmapped,False
RP11-15A1.2,,0,unmapped,False
RP11-15A1.3,,0,unmapped,False
RP11-15A1.7,,0,unmapped,False
RP11-15B17.1,,0,unmapped,False
RP11-15B24.5,,0,unmapped,False
RP11-15E18.1,,0,unmapped,False
RP11-15E18.5,,0,unmapped,False
RP11-15F12.1,,0,unmapped,False
RP11-15H20.5,,0,unmapped,False
RP11-15H20.6,,0,unmapped,False
RP11-15I11.3,,0,unmapped,False
RP11-15J10.1,,0,unmapped,False
RP11-15L13.4,,0,unmapped,False
RP11-15N24.4,,0,unmapped,False
RP11-160A9.3,,0,unmapped,False
RP11-160H22.3,,0,unmapped,False
RP11-160H22.5,,0,unmapped,False
RP11-160O5.1,,0,unmapped,False
RP11-161H23.10,,0,unmapped,False
RP11-161H23.5,,0,unmapped,False
RP11-161M6.2,,0,unmapped,False
RP11-161M6.3,,0,unmapped,False
RP11-162A12.2,,0,unmapped,False
RP11-162D16.2,,0,unmapped,False
RP11-162G10.1,,0,unmapped,False
RP11-162G10.5,,0,unmapped,False
RP11-162O12.2,,0,unmapped,False
RP11-163E9.2,,0,unmapped,False
RP11-163N6.2,,0,unmapped,False
RP11-164H13.1,,0,unmapped,False
RP11-164J13.1,,0,unmapped,False
RP11-164P12.4,,0,unmapped,False
RP11-165F24.2,,0,unmapped,False
RP11-165H4.2,,0,unmapped,False
RP11-165J3.6,,0,unmapped,False
RP11-165M1.2,,0,unmapped,False
RP11-165N19.2,,0,unmapped,False
RP11-166B2.1,,0,unmapped,False
RP11-166B2.3,,0,unmapped,False
RP11-166B2.8,,0,unmapped,False
RP11-166D19.1,,0,unmapped,False
RP11-166N6.2,,0,unmapped,False
RP11-166O4.5,,0,unmapped,False
RP11-166O4.6,,0,unmapped,False
RP11-166P13.3,,0,unmapped,False
RP11-167N4.2,,0,unmapped,False
RP11-167N5.5,,0,unmapped,False
RP11-167P11.2,,0,unmapped,False
RP11-168J18.6,,0,unmapped,False
RP11-168O16.1,,0,unmapped,False
RP11-169D4.2,,0,unmapped,False
RP11-169E6.1,,0,unmapped,False
RP11-169K16.6,,0,unmapped,False
RP11-169K16.7,,0,unmapped,False
RP11-169K16.8,,0,unmapped,False
RP11-169K16.9,,0,unmapped,False
RP11-169K17.3,,0,unmapped,False
RP11-169K17.4,,0,unmapped,False
RP11-16C1.2,,0,unmapped,False
RP11-16E12.1,,0,unmapped,False
RP11-16E12.2,,0,unmapped,False
RP11-16E18.1,,0,unmapped,False
RP11-16E18.3,,0,unmapped,False
RP11-16E23.3,,0,unmapped,False
RP11-16E23.4,,0,unmapped,False
RP11-16F15.1,,0,unmapped,False
RP11-16F15.2,,0,unmapped,False
RP11-16L9.3,,0,unmapped,False
RP11-16N11.2,,0,unmapped,False
RP11-16P6.1,,0,unmapped,False
RP11-170L3.7,,0,unmapped,False
RP11-170M17.2,,0,unmapped,False
RP11-170N16.3,,0,unmapped,False
RP11-171I2.2,,0,unmapped,False
RP11-171I2.4,,0,unmapped,False
RP11-171I2.5,,0,unmapped,False
RP11-172F4.2,,0,unmapped,False
RP11-173A16.2,,0,unmapped,False
RP11-173B14.4,,0,unmapped,False
RP11-173E2.1,,0,unmapped,False
RP11-173M1.5,,0,unmapped,False
RP11-173M1.8,,0,unmapped,False
RP11-173P15.3,,0,unmapped,False
RP11-174G6.5,,0,unmapped,False
RP11-175B9.2,,0,unmapped,False
RP11-175B9.3,,0,unmapped,False
RP11-175I17.2,,0,unmapped,False
RP11-175K6.1,,0,unmapped,False
RP11-175O19.4,,0,unmapped,False
RP11-175P13.2,,0,unmapped,False
RP11-175P13.3,,0,unmapped,False
RP11-175P19.2,,0,unmapped,False
RP11-177C12.1,,0,unmapped,False
RP11-177G23.2,,0,unmapped,False
RP11-177H13.2,,0,unmapped,False
RP11-178D12.2,,0,unmapped,False
RP11-178F10.2,,0,unmapped,False
RP11-178G16.4,,0,unmapped,False
RP11-178G16.5,,0,unmapped,False
RP11-178L8.7,,0,unmapped,False
RP11-179B2.2,,0,unmapped,False
RP11-179G5.1,,0,unmapped,False
RP11-17A1.3,,0,unmapped,False
RP11-17A4.1,,0,unmapped,False
RP11-17M16.1,,0,unmapped,False
RP11-17M16.2,,0,unmapped,False
RP11-180M15.4,,0,unmapped,False
RP11-180N14.1,,0,unmapped,False
RP11-181C21.4,,0,unmapped,False
RP11-181C3.1,,0,unmapped,False
RP11-181E10.3,,0,unmapped,False
RP11-181G12.2,,0,unmapped,False
RP11-182I10.3,,0,unmapped,False
RP11-182J1.1,,0,unmapped,False
RP11-182J1.12,,0,unmapped,False
RP11-182L21.6,,0,unmapped,False
RP11-182N22.7,,0,unmapped,False
RP11-183C12.1,,0,unmapped,False
RP11-184I16.3,,0,unmapped,False
RP11-187C18.3,,0,unmapped,False
RP11-187C18.4,,0,unmapped,False
RP11-187O7.1,,0,unmapped,False
RP11-188D8.1,,0,unmapped,False
RP11-188P20.3,,0,unmapped,False
RP11-18B3.2,,0,unmapped,False
RP11-18H21.1,,0,unmapped,False
RP11-18H7.1,,0,unmapped,False
RP11-18I14.10,,0,unmapped,False
RP11-190A12.8,,0,unmapped,False
RP11-190P13.1,,0,unmapped,False
RP11-191G24.1,,0,unmapped,False
RP11-191L17.1,,0,unmapped,False
RP11-192C21.1,,0,unmapped,False
RP11-192H23.4,,0,unmapped,False
RP11-192H23.6,,0,unmapped,False
RP11-192H23.7,,0,unmapped,False
RP11-192H23.8,,0,unmapped,False
RP11-192N10.2,,0,unmapped,False
RP11-194N12.2,,0,unmapped,False
RP11-195B17.1,,0,unmapped,False
RP11-195C7.1,,0,unmapped,False
RP11-195E2.1,,0,unmapped,False
RP11-195E2.4,,0,unmapped,False
RP11-195F19.9,,0,unmapped,False
RP11-195M16.3,,0,unmapped,False
RP11-196G11.2,,0,unmapped,False
RP11-196G11.4,,0,unmapped,False
RP11-196G18.22,,0,unmapped,False
RP11-196G18.24,,0,unmapped,False
RP11-196G18.3,,0,unmapped,False
RP11-196I18.3,,0,unmapped,False
RP11-196O16.1,,0,unmapped,False
RP11-197M22.2,,0,unmapped,False
RP11-197N18.2,,0,unmapped,False
RP11-197P3.5,,0,unmapped,False
RP11-198M15.1,,0,unmapped,False
RP11-199F11.2,,0,unmapped,False
RP11-1D12.2,,0,unmapped,False
RP11-1E11.1,,0,unmapped,False
RP11-1H8.3,,0,unmapped,False
RP11-203B9.4,,0,unmapped,False
RP11-203F10.6,,0,unmapped,False
RP11-203J24.9,,0,unmapped,False
RP11-203M5.6,,0,unmapped,False
RP11-203M5.8,,0,unmapped,False
RP11-204C16.4,,0,unmapped,False
RP11-204L24.2,,0,unmapped,False
RP11-204M4.2,,0,unmapped,False
RP11-205K6.1,,0,unmapped,False
RP11-205M20.7,,0,unmapped,False
RP11-206F17.2,,0,unmapped,False
RP11-206L10.1,,0,unmapped,False
RP11-206L10.10,,0,unmapped,False
RP11-206L10.2,,0,unmapped,False
RP11-206L10.3,,0,unmapped,False
RP11-206L10.5,,0,unmapped,False
RP11-206L10.8,,0,unmapped,False
RP11-206L10.9,,0,unmapped,False
RP11-207C16.4,,0,unmapped,False
RP11-209D14.4,,0,unmapped,False
RP11-209M4.1,,0,unmapped,False
RP11-20D14.6,,0,unmapped,False
RP11-20I20.1,,0,unmapped,False
RP11-20I23.13,,0,unmapped,False
RP11-20I23.6,,0,unmapped,False
RP11-20I23.8,,0,unmapped,False
RP11-20O24.1,,0,unmapped,False
RP11-20O24.4,,0,unmapped,False
RP11-211A18.1,,0,unmapped,False
RP11-211N8.2,,0,unmapped,False
RP11-212I21.2,,0,unmapped,False
RP11-212I21.4,,0,unmapped,False
RP11-212P7.1,,0,unmapped,False
RP11-212P7.2,,0,unmapped,False
RP11-213G2.1,,0,unmapped,False
RP11-213G2.2,,0,unmapped,False
RP11-213G2.3,,0,unmapped,False
RP11-213G21.1,,0,unmapped,False
RP11-213H15.1,,0,unmapped,False
RP11-214C8.2,,0,unmapped,False
RP11-214K3.19,,0,unmapped,False
RP11-214K3.20,,0,unmapped,False
RP11-214K3.21,,0,unmapped,False
RP11-214K3.22,,0,unmapped,False
RP11-214K3.23,,0,unmapped,False
RP11-214N9.1,,0,unmapped,False
RP11-214O1.2,,0,unmapped,False
RP11-214O1.3,,0,unmapped,False
RP11-215A21.2,,0,unmapped,False
RP11-215G15.4,,0,unmapped,False
RP11-215G15.5,,0,unmapped,False
RP11-215P8.1,,0,unmapped,False
RP11-215P8.3,,0,unmapped,False
RP11-216B9.6,,0,unmapped,False
RP11-216L13.19,,0,unmapped,False
RP11-216N14.5,,0,unmapped,False
RP11-216N14.7,,0,unmapped,False
RP11-216P16.2,,0,unmapped,False
RP11-217B7.2,,0,unmapped,False
RP11-217B7.3,,0,unmapped,False
RP11-218C14.8,,0,unmapped,False
RP11-218E20.3,,0,unmapped,False
RP11-218F10.3,,0,unmapped,False
RP11-218M22.1,,0,unmapped,False
RP11-219B17.1,,0,unmapped,False
RP11-219E7.1,,0,unmapped,False
RP11-219G10.1,,0,unmapped,False
RP11-21A7A.3,,0,unmapped,False
RP11-220D10.1,,0,unmapped,False
RP11-220I1.1,,0,unmapped,False
RP11-222A11.1,,0,unmapped,False
RP11-222K16.2,,0,unmapped,False
RP11-223C24.1,,0,unmapped,False
RP11-225B17.2,,0,unmapped,False
RP11-225H22.4,,0,unmapped,False
RP11-226L15.5,,0,unmapped,False
RP11-226P1.3,,0,unmapped,False
RP11-227D13.2,,0,unmapped,False
RP11-227J5.3,,0,unmapped,False
RP11-228B15.4,,0,unmapped,False
RP11-229C3.2,,0,unmapped,False
RP11-229M1.2,,0,unmapped,False
RP11-229P13.19,,0,unmapped,False
RP11-229P13.20,,0,unmapped,False
RP11-229P13.25,,0,unmapped,False
RP11-22B23.1,,0,unmapped,False
RP11-22N19.2,,0,unmapped,False
RP11-22P6.2,,0,unmapped,False
RP11-22P6.3,,0,unmapped,False
RP11-230B22.1,,0,unmapped,False
RP11-230C9.2,,0,unmapped,False
RP11-231C14.3,,0,unmapped,False
RP11-231C14.4,,0,unmapped,False
RP11-231G3.1,,0,unmapped,False
RP11-231I16.1,,0,unmapped,False
RP11-231L11.3,,0,unmapped,False
RP11-234A1.1,,0,unmapped,False
RP11-234B24.4,,0,unmapped,False
RP11-234N17.1,,0,unmapped,False
RP11-235E17.3,,0,unmapped,False
RP11-235E17.4,,0,unmapped,False
RP11-235E17.6,,0,unmapped,False
RP11-23F23.3,,0,unmapped,False
RP11-23J18.1,,0,unmapped,False
RP11-23J9.4,,0,unmapped,False
RP11-23J9.5,,0,unmapped,False
RP11-23P13.6,,0,unmapped,False
RP11-23P13.7,,0,unmapped,False
RP11-240E2.2,,0,unmapped,False
RP11-242C19.2,,0,unmapped,False
RP11-242D8.1,,0,unmapped,False
RP11-242D8.2,,0,unmapped,False
RP11-242D8.3,,0,unmapped,False
RP11-242F4.2,,0,unmapped,False
RP11-244F12.1,,0,unmapped,False
RP11-244F12.3,,0,unmapped,False
RP11-244H3.1,,0,unmapped,False
RP11-244J10.1,,0,unmapped,False
RP11-244O19.1,,0,unmapped,False
RP11-245C23.3,,0,unmapped,False
RP11-245G13.2,,0,unmapped,False
RP11-245J9.4,,0,unmapped,False
RP11-245J9.5,,0,unmapped,False
RP11-245J9.6,,0,unmapped,False
RP11-245P10.4,,0,unmapped,False
RP11-246A10.1,,0,unmapped,False
RP11-247A12.2,,0,unmapped,False
RP11-247I13.3,,0,unmapped,False
RP11-247L20.4,,0,unmapped,False
RP11-248B24.4,,0,unmapped,False
RP11-248E9.7,,0,unmapped,False
RP11-248J18.2,,0,unmapped,False
RP11-248J18.3,,0,unmapped,False
RP11-248J23.6,,0,unmapped,False
RP11-249L21.4,,0,unmapped,False
RP11-24B19.3,,0,unmapped,False
RP11-24B19.4,,0,unmapped,False
RP11-24C3.2,,0,unmapped,False
RP11-24F11.2,,0,unmapped,False
RP11-250B2.3,,0,unmapped,False
RP11-250B2.5,,0,unmapped,False
RP11-250B2.6,,0,unmapped,False
RP11-251G23.2,,0,unmapped,False
RP11-251G23.5,,0,unmapped,False
RP11-251M1.1,,0,unmapped,False
RP11-252A24.2,,0,unmapped,False
RP11-252A24.3,,0,unmapped,False
RP11-252A24.7,,0,unmapped,False
RP11-252E2.1,,0,unmapped,False
RP11-252I13.1,,0,unmapped,False
RP11-252K23.2,,0,unmapped,False
RP11-253E3.1,,0,unmapped,False
RP11-253E3.3,,0,unmapped,False
RP11-253I19.3,,0,unmapped,False
RP11-254B13.1,,0,unmapped,False
RP11-254B13.3,,0,unmapped,False
RP11-254B13.4,,0,unmapped,False
RP11-254F19.2,,0,unmapped,False
RP11-254F7.2,,0,unmapped,False
RP11-254G11.1,,0,unmapped,False
RP11-255C15.3,,0,unmapped,False
RP11-255C15.4,,0,unmapped,False
RP11-255E6.6,,0,unmapped,False
RP11-255H23.2,,0,unmapped,False
RP11-255H23.4,,0,unmapped,False
RP11-255J3.2,,0,unmapped,False
RP11-255N24.4,,0,unmapped,False
RP11-256K7.1,,0,unmapped,False
RP11-256L6.2,,0,unmapped,False
RP11-256L6.3,,0,unmapped,False
RP11-258C19.4,,0,unmapped,False
RP11-258C19.7,,0,unmapped,False
RP11-258F1.1,,0,unmapped,False
RP11-259G18.1,,0,unmapped,False
RP11-259G18.2,,0,unmapped,False
RP11-259N19.1,,0,unmapped,False
RP11-259P15.4,,0,unmapped,False
RP11-25I15.1,,0,unmapped,False
RP11-25I15.3,,0,unmapped,False
RP11-25K19.1,,0,unmapped,False
RP11-25K21.6,,0,unmapped,False
RP11-260M2.1,,0,unmapped,False
RP11-261C10.3,,0,unmapped,False
RP11-261C10.7,,0,unmapped,False
RP11-261P9.4,,0,unmapped,False
RP11-262D11.2,,0,unmapped,False
RP11-262H14.1,,0,unmapped,False
RP11-262H14.3,,0,unmapped,False
RP11-262H14.4,,0,unmapped,False
RP11-262H14.5,,0,unmapped,False
RP11-262H14.7,,0,unmapped,False
RP11-262M14.2,,0,unmapped,False
RP11-263K19.4,,0,unmapped,False
RP11-263K19.6,,0,unmapped,False
RP11-263K4.1,,0,unmapped,False
RP11-264B17.3,,0,unmapped,False
RP11-265B8.5,,0,unmapped,False
RP11-265N6.1,,0,unmapped,False
RP11-265N6.3,,0,unmapped,False
RP11-266A24.1,,0,unmapped,False
RP11-266J6.2,,0,unmapped,False
RP11-266K22.2,,0,unmapped,False
RP11-266K4.9,,0,unmapped,False
RP11-266L9.1,,0,unmapped,False
RP11-266L9.3,,0,unmapped,False
RP11-266L9.4,,0,unmapped,False
RP11-266L9.5,,0,unmapped,False
RP11-266L9.6,,0,unmapped,False
RP11-267J23.4,,0,unmapped,False
RP11-267M23.4,,0,unmapped,False
RP11-267N12.3,,0,unmapped,False
RP11-268J15.5,,0,unmapped,False
RP11-269F19.2,,0,unmapped,False
RP11-26F2.1,,0,unmapped,False
RP11-26H16.1,,0,unmapped,False
RP11-26J3.3,,0,unmapped,False
RP11-270C12.3,,0,unmapped,False
RP11-271C24.3,,0,unmapped,False
RP11-271K11.1,,0,unmapped,False
RP11-271K11.5,,0,unmapped,False
RP11-273B20.1,,0,unmapped,False
RP11-273G15.2,,0,unmapped,False
RP11-274B18.2,,0,unmapped,False
RP11-274B21.1,,0,unmapped,False
RP11-274B21.10,,0,unmapped,False
RP11-274B21.2,,0,unmapped,False
RP11-274B21.3,,0,unmapped,False
RP11-274B21.4,,0,unmapped,False
RP11-274B21.8,,0,unmapped,False
RP11-274B21.9,,0,unmapped,False
RP11-274E7.2,,0,unmapped,False
RP11-274K13.5,,0,unmapped,False
RP11-276H19.4,,0,unmapped,False
RP11-277B15.3,,0,unmapped,False
RP11-277I20.3,,0,unmapped,False
RP11-277L2.3,,0,unmapped,False
RP11-277P12.20,,0,unmapped,False
RP11-278A23.2,,0,unmapped,False
RP11-278C7.1,,0,unmapped,False
RP11-27I1.4,,0,unmapped,False
RP11-27K13.3,,0,unmapped,False
RP11-280G9.1,,0,unmapped,False
RP11-281O15.7,,0,unmapped,False
RP11-282I1.1,,0,unmapped,False
RP11-282K24.3,,0,unmapped,False
RP11-282O18.3,,0,unmapped,False
RP11-283G6.3,,0,unmapped,False
RP11-283G6.4,,0,unmapped,False
RP11-283I3.6,,0,unmapped,False
RP11-284B18.3,,0,unmapped,False
RP11-284F21.10,,0,unmapped,False
RP11-284F21.7,,0,unmapped,False
RP11-284F21.9,,0,unmapped,False
RP11-284M14.1,,0,unmapped,False
RP11-284N8.3,,0,unmapped,False
RP11-285A1.1,,0,unmapped,False
RP11-285F7.2,,0,unmapped,False
RP11-285G1.14,,0,unmapped,False
RP11-285J16.1,,0,unmapped,False
RP11-286H14.4,,0,unmapped,False
RP11-286H14.6,,0,unmapped,False
RP11-286N22.8,,0,unmapped,False
RP11-287D1.3,,0,unmapped,False
RP11-288C17.1,,0,unmapped,False
RP11-288E14.2,,0,unmapped,False
RP11-288H12.3,,0,unmapped,False
RP11-288H12.4,,0,unmapped,False
RP11-289I10.2,,0,unmapped,False
RP11-28F1.2,,0,unmapped,False
RP11-290C10.1,,0,unmapped,False
RP11-290D2.3,,0,unmapped,False
RP11-290D2.6,,0,unmapped,False
RP11-290F20.1,,0,unmapped,False
RP11-290F20.3,,0,unmapped,False
RP11-290F24.6,,0,unmapped,False
RP11-290F5.1,,0,unmapped,False
RP11-290F5.2,,0,unmapped,False
RP11-290H9.4,,0,unmapped,False
RP11-290L1.2,,0,unmapped,False
RP11-290L1.4,,0,unmapped,False
RP11-291B21.2,,0,unmapped,False
RP11-291H24.1,,0,unmapped,False
RP11-292F22.7,,0,unmapped,False
RP11-293A21.1,,0,unmapped,False
RP11-293D9.2,,0,unmapped,False
RP11-293M10.2,,0,unmapped,False
RP11-293M10.5,,0,unmapped,False
RP11-293M10.6,,0,unmapped,False
RP11-294L13.1,,0,unmapped,False
RP11-295D4.1,,0,unmapped,False
RP11-295G20.2,,0,unmapped,False
RP11-295G24.5,,0,unmapped,False
RP11-295H24.3,,0,unmapped,False
RP11-295M18.6,,0,unmapped,False
RP11-295P22.2,,0,unmapped,False
RP11-295P9.3,,0,unmapped,False
RP11-296A18.5,,0,unmapped,False
RP11-296E7.1,,0,unmapped,False
RP11-296I10.3,,0,unmapped,False
RP11-296I10.6,,0,unmapped,False
RP11-296K13.4,,0,unmapped,False
RP11-296O14.3,,0,unmapped,False
RP11-296P7.4,,0,unmapped,False
RP11-297A16.2,,0,unmapped,False
RP11-297D21.4,,0,unmapped,False
RP11-297L17.6,,0,unmapped,False
RP11-297N6.4,,0,unmapped,False
RP11-298C3.2,,0,unmapped,False
RP11-298I3.1,,0,unmapped,False
RP11-298I3.4,,0,unmapped,False
RP11-298J20.4,,0,unmapped,False
RP11-298O21.2,,0,unmapped,False
RP11-299G20.2,,0,unmapped,False
RP11-299H21.1,,0,unmapped,False
RP11-299H22.5,,0,unmapped,False
RP11-299J3.8,,0,unmapped,False
RP11-299L17.1,,0,unmapped,False
RP11-29B2.5,,0,unmapped,False
RP11-29H23.5,,0,unmapped,False
RP11-2B6.2,,0,unmapped,False
RP11-2B6.3,,0,unmapped,False
RP11-2C24.6,,0,unmapped,False
RP11-2E11.5,,0,unmapped,False
RP11-2E11.9,,0,unmapped,False
RP11-2F9.3,,0,unmapped,False
RP11-2H3.6,,0,unmapped,False
RP11-2J18.1,,0,unmapped,False
RP11-301G19.1,,0,unmapped,False
RP11-301G21.1,,0,unmapped,False
RP11-301G23.1,,0,unmapped,False
RP11-301O19.1,,0,unmapped,False
RP11-302F12.1,,0,unmapped,False
RP11-302I18.1,,0,unmapped,False
RP11-303E16.2,,0,unmapped,False
RP11-303G3.6,,0,unmapped,False
RP11-304F15.3,,0,unmapped,False
RP11-304F15.5,,0,unmapped,False
RP11-304F15.7,,0,unmapped,False
RP11-304L19.11,,0,unmapped,False
RP11-304L19.3,,0,unmapped,False
RP11-304L19.5,,0,unmapped,False
RP11-305B6.1,,0,unmapped,False
RP11-305E17.6,,0,unmapped,False
RP11-305E6.4,,0,unmapped,False
RP11-305K5.1,,0,unmapped,False
RP11-305L7.1,,0,unmapped,False
RP11-305L7.3,,0,unmapped,False
RP11-305L7.7,,0,unmapped,False
RP11-305M3.2,,0,unmapped,False
RP11-305O6.3,,0,unmapped,False
RP11-306G20.1,,0,unmapped,False
RP11-307C12.11,,0,unmapped,False
RP11-307C12.12,,0,unmapped,False
RP11-307C18.1,,0,unmapped,False
RP11-307E17.8,,0,unmapped,False
RP11-307I14.2,,0,unmapped,False
RP11-307L14.1,,0,unmapped,False
RP11-307L3.2,,0,unmapped,False
RP11-307O1.1,,0,unmapped,False
RP11-307P22.1,,0,unmapped,False
RP11-308D16.4,,0,unmapped,False
RP11-308N19.5,,0,unmapped,False
RP11-309G3.3,,0,unmapped,False
RP11-309L24.4,,0,unmapped,False
RP11-309L24.9,,0,unmapped,False
RP11-30K9.1,,0,unmapped,False
RP11-30K9.5,,0,unmapped,False
RP11-30K9.6,,0,unmapped,False
RP11-30L15.6,,0,unmapped,False
RP11-30P6.1,,0,unmapped,False
RP11-310E22.4,,0,unmapped,False
RP11-310E22.5,,0,unmapped,False
RP11-311P8.2,,0,unmapped,False
RP11-312B8.1,,0,unmapped,False
RP11-312J18.5,,0,unmapped,False
RP11-312O7.2,,0,unmapped,False
RP11-313F23.4,,0,unmapped,False
RP11-313F23.5,,0,unmapped,False
RP11-313J2.1,,0,unmapped,False
RP11-313P13.3,,0,unmapped,False
RP11-313P13.4,,0,unmapped,False
RP11-313P13.5,,0,unmapped,False
RP11-313P22.1,,0,unmapped,False
RP11-314A15.2,,0,unmapped,False
RP11-314A20.1,,0,unmapped,False
RP11-314A20.2,,0,unmapped,False
RP11-314N13.3,,0,unmapped,False
RP11-315I20.1,,0,unmapped,False
RP11-315O6.1,,0,unmapped,False
RP11-316E14.6,,0,unmapped,False
RP11-316M1.12,,0,unmapped,False
RP11-317J10.2,,0,unmapped,False
RP11-317N8.4,,0,unmapped,False
RP11-317N8.5,,0,unmapped,False
RP11-318A15.2,,0,unmapped,False
RP11-318C24.1,,0,unmapped,False
RP11-318C24.2,,0,unmapped,False
RP11-318E3.9,,0,unmapped,False
RP11-318K12.3,,0,unmapped,False
RP11-318K15.2,,0,unmapped,False
RP11-318M2.2,,0,unmapped,False
RP11-319G6.1,,0,unmapped,False
RP11-31F15.2,,0,unmapped,False
RP11-320A16.1,,0,unmapped,False
RP11-320L11.2,,0,unmapped,False
RP11-320M16.1,,0,unmapped,False
RP11-320M2.1,,0,unmapped,False
RP11-320N21.2,,0,unmapped,False
RP11-320P7.1,,0,unmapped,False
RP11-321A17.3,,0,unmapped,False
RP11-321E2.4,,0,unmapped,False
RP11-321E8.5,,0,unmapped,False
RP11-323I15.2,,0,unmapped,False
RP11-324H6.5,,0,unmapped,False
RP11-324I22.3,,0,unmapped,False
RP11-324I22.4,,0,unmapped,False
RP11-324J13.1,,0,unmapped,False
RP11-324O2.6,,0,unmapped,False
RP11-325F22.2,,0,unmapped,False
RP11-325K4.2,,0,unmapped,False
RP11-325K4.3,,0,unmapped,False
RP11-325L7.1,,0,unmapped,False
RP11-325P15.1,,0,unmapped,False
RP11-325P15.2,,0,unmapped,False
RP11-326A19.5,,0,unmapped,False
RP11-326C3.11,,0,unmapped,False
RP11-326C3.12,,0,unmapped,False
RP11-326C3.13,,0,unmapped,False
RP11-326C3.15,,0,unmapped,False
RP11-326C3.2,,0,unmapped,False
RP11-326C3.7,,0,unmapped,False
RP11-326E7.1,,0,unmapped,False
RP11-326F20.5,,0,unmapped,False
RP11-326G21.1,,0,unmapped,False
RP11-326I11.3,,0,unmapped,False
RP11-326I11.5,,0,unmapped,False
RP11-326K13.4,,0,unmapped,False
RP11-326L17.1,,0,unmapped,False
RP11-327F22.1,,0,unmapped,False
RP11-327F22.2,,0,unmapped,False
RP11-327F22.6,,0,unmapped,False
RP11-327P2.5,,0,unmapped,False
RP11-328C8.2,,0,unmapped,False
RP11-328C8.4,,0,unmapped,False
RP11-328L11.1,,0,unmapped,False
RP11-329A14.1,,0,unmapped,False
RP11-329B9.4,,0,unmapped,False
RP11-32B5.1,,0,unmapped,False
RP11-32B5.7,,0,unmapped,False
RP11-32D17.4,,0,unmapped,False
RP11-330A16.1,,0,unmapped,False
RP11-330L19.1,,0,unmapped,False
RP11-330M2.4,,0,unmapped,False
RP11-330O11.3,,0,unmapped,False
RP11-331F4.1,,0,unmapped,False
RP11-331N16.1,,0,unmapped,False
RP11-332H14.1,,0,unmapped,False
RP11-332H14.2,,0,unmapped,False
RP11-332L8.1,,0,unmapped,False
RP11-332O19.2,,0,unmapped,False
RP11-333A23.4,,0,unmapped,False
RP11-333E1.1,,0,unmapped,False
RP11-333E13.2,,0,unmapped,False
RP11-333E13.4,,0,unmapped,False
RP11-333I13.1,,0,unmapped,False
RP11-333J10.2,,0,unmapped,False
RP11-333J10.3,,0,unmapped,False
RP11-334A14.2,,0,unmapped,False
RP11-334C17.5,,0,unmapped,False
RP11-334J6.6,,0,unmapped,False
RP11-334L9.1,,0,unmapped,False
RP11-335F8.2,,0,unmapped,False
RP11-335G20.7,,0,unmapped,False
RP11-336K24.12,,0,unmapped,False
RP11-337A23.5,,0,unmapped,False
RP11-337C18.8,,0,unmapped,False
RP11-337C18.9,,0,unmapped,False
RP11-338C15.3,,0,unmapped,False
RP11-339B21.10,,0,unmapped,False
RP11-339B21.11,,0,unmapped,False
RP11-339B21.13,,0,unmapped,False
RP11-339B21.14,,0,unmapped,False
RP11-339B21.15,,0,unmapped,False
RP11-339B21.8,,0,unmapped,False
RP11-33A14.1,,0,unmapped,False
RP11-33B1.1,,0,unmapped,False
RP11-33B1.2,,0,unmapped,False
RP11-33B1.3,,0,unmapped,False
RP11-33O4.1,,0,unmapped,False
RP11-340F14.5,,0,unmapped,False
RP11-340I6.6,,0,unmapped,False
RP11-340I6.8,,0,unmapped,False
RP11-341G23.4,,0,unmapped,False
RP11-341G5.2,,0,unmapped,False
RP11-341N2.1,,0,unmapped,False
RP11-342D11.3,,0,unmapped,False
RP11-342F17.1,,0,unmapped,False
RP11-342F17.2,,0,unmapped,False
RP11-342I1.2,,0,unmapped,False
RP11-342K6.1,,0,unmapped,False
RP11-342K6.2,,0,unmapped,False
RP11-342L8.2,,0,unmapped,False
RP11-342M1.3,,0,unmapped,False
RP11-342M1.6,,0,unmapped,False
RP11-343B5.1,,0,unmapped,False
RP11-343H5.4,,0,unmapped,False
RP11-343L5.2,,0,unmapped,False
RP11-343N15.5,,0,unmapped,False
RP11-344B5.2,,0,unmapped,False
RP11-344E13.3,,0,unmapped,False
RP11-344N10.5,,0,unmapped,False
RP11-344P13.3,,0,unmapped,False
RP11-344P13.6,,0,unmapped,False
RP11-345J4.6,,0,unmapped,False
RP11-345J4.8,,0,unmapped,False
RP11-345K20.2,,0,unmapped,False
RP11-345M22.1,,0,unmapped,False
RP11-345M22.2,,0,unmapped,False
RP11-345P4.10,,0,unmapped,False
RP11-345P4.9,,0,unmapped,False
RP11-346C16.4,,0,unmapped,False
RP11-346C20.3,,0,unmapped,False
RP11-346D6.4,,0,unmapped,False
RP11-346D6.6,,0,unmapped,False
RP11-346E8.1,,0,unmapped,False
RP11-346I3.4,,0,unmapped,False
RP11-347C12.1,,0,unmapped,False
RP11-347C12.10,,0,unmapped,False
RP11-347C12.2,,0,unmapped,False
RP11-347C12.3,,0,unmapped,False
RP11-347C18.3,,0,unmapped,False
RP11-347C18.5,,0,unmapped,False
RP11-347H15.2,,0,unmapped,False
RP11-347I19.8,,0,unmapped,False
RP11-348F1.2,,0,unmapped,False
RP11-348N5.7,,0,unmapped,False
RP11-348P10.2,,0,unmapped,False
RP11-349A22.5,,0,unmapped,False
RP11-349G13.1,,0,unmapped,False
RP11-349K21.1,,0,unmapped,False
RP11-349N19.2,,0,unmapped,False
RP11-34A14.3,,0,unmapped,False
RP11-34E5.4,,0,unmapped,False
RP11-34F13.2,,0,unmapped,False
RP11-34P1.2,,0,unmapped,False
RP11-34P13.13,,0,unmapped,False
RP11-34P13.14,,0,unmapped,False
RP11-34P13.15,,0,unmapped,False
RP11-34P13.7,,0,unmapped,False
RP11-350E12.5,,0,unmapped,False
RP11-350F4.2,,0,unmapped,False
RP11-350G24.2,,0,unmapped,False
RP11-350G8.3,,0,unmapped,False
RP11-350G8.5,,0,unmapped,False
RP11-350G8.7,,0,unmapped,False
RP11-350G8.9,,0,unmapped,False
RP11-350J20.4,,0,unmapped,False
RP11-350N15.5,,0,unmapped,False
RP11-350N15.6,,0,unmapped,False
RP11-351D16.3,,0,unmapped,False
RP11-351I24.1,,0,unmapped,False
RP11-351I24.3,,0,unmapped,False
RP11-352D3.2,,0,unmapped,False
RP11-352G9.1,,0,unmapped,False
RP11-353B9.1,,0,unmapped,False
RP11-353H3.1,,0,unmapped,False
RP11-353K11.1,,0,unmapped,False
RP11-353N14.5,,0,unmapped,False
RP11-353N4.2,,0,unmapped,False
RP11-353N4.4,,0,unmapped,False
RP11-353N4.5,,0,unmapped,False
RP11-353N4.6,,0,unmapped,False
RP11-354E11.2,,0,unmapped,False
RP11-354E23.5,,0,unmapped,False
RP11-355B11.2,,0,unmapped,False
RP11-355F16.1,,0,unmapped,False
RP11-355K23B.1,,0,unmapped,False
RP11-355O1.11,,0,unmapped,False
RP11-355O1.7,,0,unmapped,False
RP11-356B19.11,,0,unmapped,False
RP11-356I18.1,,0,unmapped,False
RP11-356I2.4,,0,unmapped,False
RP11-356J5.12,,0,unmapped,False
RP11-356J5.5,,0,unmapped,False
RP11-356M20.1,,0,unmapped,False
RP11-356N1.2,,0,unmapped,False
RP11-357C3.3,,0,unmapped,False
RP11-358B23.1,,0,unmapped,False
RP11-358L4.1,,0,unmapped,False
RP11-359B12.2,,0,unmapped,False
RP11-359E3.4,,0,unmapped,False
RP11-359G22.2,,0,unmapped,False
RP11-359J14.2,,0,unmapped,False
RP11-359K18.4,,0,unmapped,False
RP11-359M6.3,,0,unmapped,False
RP11-35G9.3,,0,unmapped,False
RP11-35J23.1,,0,unmapped,False
RP11-360F5.3,,0,unmapped,False
RP11-361D15.2,,0,unmapped,False
RP11-361F15.2,,0,unmapped,False
RP11-361H10.3,,0,unmapped,False
RP11-361M10.3,,0,unmapped,False
RP11-362F19.1,,0,unmapped,False
RP11-362F19.3,,0,unmapped,False
RP11-362K14.5,,0,unmapped,False
RP11-362K14.6,,0,unmapped,False
RP11-362K14.7,,0,unmapped,False
RP11-363E6.3,,0,unmapped,False
RP11-363E6.4,,0,unmapped,False
RP11-363E7.4,,0,unmapped,False
RP11-363H12.1,,0,unmapped,False
RP11-363L24.2,,0,unmapped,False
RP11-363N22.2,,0,unmapped,False
RP11-364L4.1,,0,unmapped,False
RP11-365D23.4,,0,unmapped,False
RP11-365F18.1,,0,unmapped,False
RP11-365H23.1,,0,unmapped,False
RP11-365O10.1,,0,unmapped,False
RP11-365O16.1,,0,unmapped,False
RP11-365O16.6,,0,unmapped,False
RP11-366L20.2,,0,unmapped,False
RP11-366L5.1,,0,unmapped,False
RP11-366M4.1,,0,unmapped,False
RP11-366M4.11,,0,unmapped,False
RP11-366M4.17,,0,unmapped,False
RP11-367B6.2,,0,unmapped,False
RP11-367E12.4,,0,unmapped,False
RP11-367G18.2,,0,unmapped,False
RP11-367G6.3,,0,unmapped,False
RP11-367J11.2,,0,unmapped,False
RP11-367J7.4,,0,unmapped,False
RP11-367N14.2,,0,unmapped,False
RP11-368I23.2,,0,unmapped,False
RP11-368I7.4,,0,unmapped,False
RP11-369G6.2,,0,unmapped,False
RP11-369K16.1,,0,unmapped,False
RP11-369K17.1,,0,unmapped,False
RP11-36B15.1,,0,unmapped,False
RP11-36C20.1,,0,unmapped,False
RP11-370B11.1,,0,unmapped,False
RP11-372E1.1,,0,unmapped,False
RP11-372K14.2,,0,unmapped,False
RP11-373D23.2,,0,unmapped,False
RP11-373D23.3,,0,unmapped,False
RP11-373N22.3,,0,unmapped,False
RP11-375N15.2,,0,unmapped,False
RP11-377D9.3,,0,unmapped,False
RP11-377G16.2,,0,unmapped,False
RP11-377K22.2,,0,unmapped,False
RP11-378A13.1,,0,unmapped,False
RP11-378A13.2,,0,unmapped,False
RP11-378G13.2,,0,unmapped,False
RP11-378J18.3,,0,unmapped,False
RP11-378J18.8,,0,unmapped,False
RP11-379B18.5,,0,unmapped,False
RP11-379B8.1,,0,unmapped,False
RP11-379F4.4,,0,unmapped,False
RP11-379F4.9,,0,unmapped,False
RP11-379H18.1,,0,unmapped,False
RP11-379K17.12,,0,unmapped,False
RP11-379K17.4,,0,unmapped,False
RP11-37B2.1,,0,unmapped,False
RP11-37C7.3,,0,unmapped,False
RP11-37E23.5,,0,unmapped,False
RP11-37J13.1,,0,unmapped,False
RP11-37N22.1,,0,unmapped,False
RP11-380G5.2,,0,unmapped,False
RP11-380G5.3,,0,unmapped,False
RP11-380L11.3,,0,unmapped,False
RP11-380L11.4,,0,unmapped,False
RP11-380M21.2,,0,unmapped,False
RP11-380M21.4,,0,unmapped,False
RP11-381E24.1,,0,unmapped,False
RP11-381K20.2,,0,unmapped,False
RP11-382A20.2,,0,unmapped,False
RP11-382A20.4,,0,unmapped,False
RP11-382A20.7,,0,unmapped,False
RP11-382D12.2,,0,unmapped,False
RP11-382J12.1,,0,unmapped,False
RP11-382J24.2,,0,unmapped,False
RP11-383B4.4,,0,unmapped,False
RP11-383C5.4,,0,unmapped,False
RP11-383C5.5,,0,unmapped,False
RP11-383F6.1,,0,unmapped,False
RP11-383G6.3,,0,unmapped,False
RP11-383G6.4,,0,unmapped,False
RP11-383H13.1,,0,unmapped,False
RP11-383I23.2,,0,unmapped,False
RP11-383J24.6,,0,unmapped,False
RP11-384B12.2,,0,unmapped,False
RP11-384B12.3,,0,unmapped,False
RP11-384C4.2,,0,unmapped,False
RP11-384C4.3,,0,unmapped,False
RP11-384C4.6,,0,unmapped,False
RP11-384K6.2,,0,unmapped,False
RP11-384K6.6,,0,unmapped,False
RP11-384O8.1,,0,unmapped,False
RP11-384P7.6,,0,unmapped,False
RP11-384P7.7,,0,unmapped,False
RP11-385D13.3,,0,unmapped,False
RP11-385F5.4,,0,unmapped,False
RP11-385F5.5,,0,unmapped,False
RP11-385F7.1,,0,unmapped,False
RP11-385J23.1,,0,unmapped,False
RP11-386G11.10,,0,unmapped,False
RP11-386G11.5,,0,unmapped,False
RP11-386I14.4,,0,unmapped,False
RP11-386M24.4,,0,unmapped,False
RP11-387D10.2,,0,unmapped,False
RP11-387D10.3,,0,unmapped,False
RP11-387H17.4,,0,unmapped,False
RP11-388C12.8,,0,unmapped,False
RP11-388M20.1,,0,unmapped,False
RP11-388M20.6,,0,unmapped,False
RP11-388M20.9,,0,unmapped,False
RP11-388P9.2,,0,unmapped,False
RP11-389C8.2,,0,unmapped,False
RP11-389C8.3,,0,unmapped,False
RP11-389O22.1,,0,unmapped,False
RP11-38J22.3,,0,unmapped,False
RP11-38J22.6,,0,unmapped,False
RP11-38L15.3,,0,unmapped,False
RP11-38P22.2,,0,unmapped,False
RP11-390B4.5,,0,unmapped,False
RP11-390E23.6,,0,unmapped,False
RP11-390F4.3,,0,unmapped,False
RP11-390F4.8,,0,unmapped,False
RP11-390K5.1,,0,unmapped,False
RP11-390K5.6,,0,unmapped,False
RP11-390P2.4,,0,unmapped,False
RP11-391M1.4,,0,unmapped,False
RP11-391M20.1,,0,unmapped,False
RP11-392O18.2,,0,unmapped,False
RP11-392P7.1,,0,unmapped,False
RP11-392P7.6,,0,unmapped,False
RP11-393I2.4,,0,unmapped,False
RP11-393M11.2,,0,unmapped,False
RP11-393N4.2,,0,unmapped,False
RP11-394D2.1,,0,unmapped,False
RP11-394I13.1,,0,unmapped,False
RP11-394I13.2,,0,unmapped,False
RP11-394O4.3,,0,unmapped,False
RP11-395A13.2,,0,unmapped,False
RP11-395B7.4,,0,unmapped,False
RP11-395B7.7,,0,unmapped,False
RP11-395G23.3,,0,unmapped,False
RP11-395I14.2,,0,unmapped,False
RP11-395I6.3,,0,unmapped,False
RP11-395L14.17,,0,unmapped,False
RP11-395P17.11,,0,unmapped,False
RP11-395P17.3,,0,unmapped,False
RP11-396B14.2,,0,unmapped,False
RP11-396C23.2,,0,unmapped,False
RP11-396C23.4,,0,unmapped,False
RP11-396F22.1,,0,unmapped,False
RP11-396K3.1,,0,unmapped,False
RP11-396M11.1,,0,unmapped,False
RP11-397A16.2,,0,unmapped,False
RP11-397E7.2,,0,unmapped,False
RP11-397E7.4,,0,unmapped,False
RP11-397G5.2,,0,unmapped,False
RP11-398C13.6,,0,unmapped,False
RP11-398K22.12,,0,unmapped,False
RP11-399E6.1,,0,unmapped,False
RP11-399K21.10,,0,unmapped,False
RP11-399K21.14,,0,unmapped,False
RP11-399O19.9,,0,unmapped,False
RP11-39C10.1,,0,unmapped,False
RP11-39K24.12,,0,unmapped,False
RP11-39K24.13,,0,unmapped,False
RP11-39K24.14,,0,unmapped,False
RP11-39K24.2,,0,unmapped,False
RP11-39K24.4,,0,unmapped,False
RP11-39K24.7,,0,unmapped,False
RP11-3D23.1,,0,unmapped,False
RP11-3D4.2,,0,unmapped,False
RP11-3D4.3,,0,unmapped,False
RP11-3J10.4,,0,unmapped,False
RP11-3J10.7,,0,unmapped,False
RP11-3K24.1,,0,unmapped,False
RP11-3L10.3,,0,unmapped,False
RP11-3N2.13,,0,unmapped,False
RP11-3P17.3,,0,unmapped,False
RP11-3P17.4,,0,unmapped,False
RP11-3P17.5,,0,unmapped,False
RP11-400F19.18,,0,unmapped,False
RP11-400F19.6,,0,unmapped,False
RP11-400K9.1,,0,unmapped,False
RP11-400L8.2,,0,unmapped,False
RP11-401F2.3,,0,unmapped,False
RP11-401P9.4,,0,unmapped,False
RP11-401P9.5,,0,unmapped,False
RP11-402D21.2,,0,unmapped,False
RP11-402J6.3,,0,unmapped,False
RP11-402J7.2,,0,unmapped,False
RP11-403A21.2,,0,unmapped,False
RP11-403B2.7,,0,unmapped,False
RP11-403I13.4,,0,unmapped,False
RP11-403I13.5,,0,unmapped,False
RP11-403I13.8,,0,unmapped,False
RP11-403I13.9,,0,unmapped,False
RP11-404F10.2,,0,unmapped,False
RP11-404K5.1,,0,unmapped,False
RP11-404O13.4,,0,unmapped,False
RP11-404O13.5,,0,unmapped,False
RP11-405A12.1,,0,unmapped,False
RP11-405F3.4,,0,unmapped,False
RP11-405L18.2,,0,unmapped,False
RP11-405O10.2,,0,unmapped,False
RP11-407G23.4,,0,unmapped,False
RP11-407N17.4,,0,unmapped,False
RP11-407N17.5,,0,unmapped,False
RP11-407N17.6,,0,unmapped,False
RP11-407P2.1,,0,unmapped,False
RP11-408A13.4,,0,unmapped,False
RP11-408O19.5,,0,unmapped,False
RP11-408P14.1,,0,unmapped,False
RP11-409C19.2,,0,unmapped,False
RP11-409K20.7,,0,unmapped,False
RP11-40C6.2,,0,unmapped,False
RP11-410E4.1,,0,unmapped,False
RP11-410L14.1,,0,unmapped,False
RP11-410L14.2,,0,unmapped,False
RP11-411B10.4,,0,unmapped,False
RP11-412D9.4,,0,unmapped,False
RP11-413E1.4,,0,unmapped,False
RP11-415F23.2,,0,unmapped,False
RP11-415F23.3,,0,unmapped,False
RP11-415F23.4,,0,unmapped,False
RP11-415J8.7,,0,unmapped,False
RP11-416A14.1,,0,unmapped,False
RP11-416A17.6,,0,unmapped,False
RP11-416K24.2,,0,unmapped,False
RP11-416L21.2,,0,unmapped,False
RP11-416N2.4,,0,unmapped,False
RP11-417J8.3,,0,unmapped,False
RP11-417L14.1,,0,unmapped,False
RP11-417L19.4,,0,unmapped,False
RP11-417N10.3,,0,unmapped,False
RP11-417O11.5,,0,unmapped,False
RP11-418J17.1,,0,unmapped,False
RP11-420A23.1,,0,unmapped,False
RP11-420A6.2,,0,unmapped,False
RP11-420G6.4,,0,unmapped,False
RP11-420K14.1,,0,unmapped,False
RP11-420K14.2,,0,unmapped,False
RP11-420K14.6,,0,unmapped,False
RP11-420L9.5,,0,unmapped,False
RP11-420O16.2,,0,unmapped,False
RP11-421E14.2,,0,unmapped,False
RP11-421L21.2,,0,unmapped,False
RP11-421L21.3,,0,unmapped,False
RP11-421M1.8,,0,unmapped,False
RP11-421N8.1,,0,unmapped,False
RP11-422P24.10,,0,unmapped,False
RP11-422P24.11,,0,unmapped,False
RP11-422P24.9,,0,unmapped,False
RP11-423F24.3,,0,unmapped,False
RP11-423H2.1,,0,unmapped,False
RP11-423H2.3,,0,unmapped,False
RP11-423O2.2,,0,unmapped,False
RP11-423O2.5,,0,unmapped,False
RP11-423P10.2,,0,unmapped,False
RP11-424C20.2,,0,unmapped,False
RP11-424G14.1,,0,unmapped,False
RP11-424I19.2,,0,unmapped,False
RP11-424N24.2,,0,unmapped,False
RP11-425D10.10,,0,unmapped,False
RP11-425I13.1,,0,unmapped,False
RP11-425I13.3,,0,unmapped,False
RP11-425L10.1,,0,unmapped,False
RP11-426C22.5,,0,unmapped,False
RP11-427H3.3,,0,unmapped,False
RP11-428G5.2,,0,unmapped,False
RP11-428G5.5,,0,unmapped,False
RP11-428J1.4,,0,unmapped,False
RP11-428J1.5,,0,unmapped,False
RP11-428K3.1,,0,unmapped,False
RP11-428L21.2,,0,unmapped,False
RP11-428P16.2,,0,unmapped,False
RP11-429E11.3,,0,unmapped,False
RP11-429J17.2,,0,unmapped,False
RP11-42I10.1,,0,unmapped,False
RP11-42O15.2,,0,unmapped,False
RP11-430B1.2,,0,unmapped,False
RP11-430C7.2,,0,unmapped,False
RP11-430C7.4,,0,unmapped,False
RP11-430C7.5,,0,unmapped,False
RP11-430G17.3,,0,unmapped,False
RP11-430L17.1,,0,unmapped,False
RP11-431N15.2,,0,unmapped,False
RP11-432J22.2,,0,unmapped,False
RP11-432J24.2,,0,unmapped,False
RP11-432J24.3,,0,unmapped,False
RP11-433O3.1,,0,unmapped,False
RP11-434B12.1,,0,unmapped,False
RP11-434C1.1,,0,unmapped,False
RP11-434C1.3,,0,unmapped,False
RP11-434D12.1,,0,unmapped,False
RP11-434D2.6,,0,unmapped,False
RP11-434H6.6,,0,unmapped,False
RP11-434H6.7,,0,unmapped,False
RP11-434O22.1,,0,unmapped,False
RP11-434P11.2,,0,unmapped,False
RP11-435F13.2,,0,unmapped,False
RP11-435F17.1,,0,unmapped,False
RP11-435F17.3,,0,unmapped,False
RP11-435O5.5,,0,unmapped,False
RP11-436H11.1,,0,unmapped,False
RP11-436I9.3,,0,unmapped,False
RP11-436I9.5,,0,unmapped,False
RP11-436I9.6,,0,unmapped,False
RP11-438L19.1,,0,unmapped,False
RP11-438L7.3,,0,unmapped,False
RP11-439A17.7,,0,unmapped,False
RP11-439C15.4,,0,unmapped,False
RP11-439C15.5,,0,unmapped,False
RP11-439E19.1,,0,unmapped,False
RP11-439E19.10,,0,unmapped,False
RP11-439E19.3,,0,unmapped,False
RP11-439E19.7,,0,unmapped,False
RP11-439E19.9,,0,unmapped,False
RP11-439L18.1,,0,unmapped,False
RP11-439L18.2,,0,unmapped,False
RP11-439L8.3,,0,unmapped,False
RP11-439L8.4,,0,unmapped,False
RP11-43A14.1,,0,unmapped,False
RP11-43D4.2,,0,unmapped,False
RP11-43F13.1,,0,unmapped,False
RP11-43F13.3,,0,unmapped,False
RP11-43F13.4,,0,unmapped,False
RP11-440D17.3,,0,unmapped,False
RP11-440G5.2,,0,unmapped,False
RP11-440L14.1,,0,unmapped,False
RP11-440L14.4,,0,unmapped,False
RP11-441O15.3,,0,unmapped,False
RP11-442A17.2,,0,unmapped,False
RP11-442H21.2,,0,unmapped,False
RP11-442N24__B.1,,0,unmapped,False
RP11-443B20.1,,0,unmapped,False
RP11-443B7.1,,0,unmapped,False
RP11-443B7.2,,0,unmapped,False
RP11-443B7.3,,0,unmapped,False
RP11-443J23.1,,0,unmapped,False
RP11-443N24.1,,0,unmapped,False
RP11-443P15.2,,0,unmapped,False
RP11-445F6.2,,0,unmapped,False
RP11-445H22.3,,0,unmapped,False
RP11-445N18.3,,0,unmapped,False
RP11-445P17.8,,0,unmapped,False
RP11-445P19.3,,0,unmapped,False
RP11-446E9.1,,0,unmapped,False
RP11-446E9.2,,0,unmapped,False
RP11-446H13.2,,0,unmapped,False
RP11-446N19.1,,0,unmapped,False
RP11-447H19.1,,0,unmapped,False
RP11-447H19.3,,0,unmapped,False
RP11-448A19.1,,0,unmapped,False
RP11-448G15.3,,0,unmapped,False
RP11-448G4.2,,0,unmapped,False
RP11-449H11.1,,0,unmapped,False
RP11-449P15.2,,0,unmapped,False
RP11-44F14.1,,0,unmapped,False
RP11-44F14.2,,0,unmapped,False
RP11-44F14.8,,0,unmapped,False
RP11-44N11.1,,0,unmapped,False
RP11-44N11.2,,0,unmapped,False
RP11-451B8.1,,0,unmapped,False
RP11-451M19.3,,0,unmapped,False
RP11-452C13.1,,0,unmapped,False
RP11-452D12.1,,0,unmapped,False
RP11-452F19.3,,0,unmapped,False
RP11-452G18.2,,0,unmapped,False
RP11-452H21.4,,0,unmapped,False
RP11-452K12.3,,0,unmapped,False
RP11-452K12.4,,0,unmapped,False
RP11-452K12.6,,0,unmapped,False
RP11-452K12.7,,0,unmapped,False
RP11-452L6.1,,0,unmapped,False
RP11-452L6.5,,0,unmapped,False
RP11-452L6.7,,0,unmapped,False
RP11-453F18__B.1,,0,unmapped,False
RP11-454F8.2,,0,unmapped,False
RP11-454L1.2,,0,unmapped,False
RP11-454L9.2,,0,unmapped,False
RP11-455F5.3,,0,unmapped,False
RP11-455F5.5,,0,unmapped,False
RP11-455G16.1,,0,unmapped,False
RP11-455J20.3,,0,unmapped,False
RP11-455O6.2,,0,unmapped,False
RP11-456J20.1,,0,unmapped,False
RP11-456K23.1,,0,unmapped,False
RP11-456P18.2,,0,unmapped,False
RP11-457K10.2,,0,unmapped,False
RP11-457M11.5,,0,unmapped,False
RP11-458D21.1,,0,unmapped,False
RP11-458D21.6,,0,unmapped,False
RP11-458F8.1,,0,unmapped,False
RP11-458F8.2,,0,unmapped,False
RP11-458F8.3,,0,unmapped,False
RP11-458F8.4,,0,unmapped,False
RP11-458N5.1,,0,unmapped,False
RP11-459A10.1,,0,unmapped,False
RP11-459F6.3,,0,unmapped,False
RP11-459I19.1,,0,unmapped,False
RP11-459O1.2,,0,unmapped,False
RP11-45H22.1,,0,unmapped,False
RP11-45M22.4,,0,unmapped,False
RP11-45P15.4,,0,unmapped,False
RP11-460C6.1,,0,unmapped,False
RP11-460I13.6,,0,unmapped,False
RP11-460N11.2,,0,unmapped,False
RP11-460N20.5,,0,unmapped,False
RP11-461A8.4,,0,unmapped,False
RP11-461G12.2,,0,unmapped,False
RP11-462G12.1,,0,unmapped,False
RP11-462G22.1,,0,unmapped,False
RP11-463O12.3,,0,unmapped,False
RP11-463O9.9,,0,unmapped,False
RP11-464D20.2,,0,unmapped,False
RP11-464F9.20,,0,unmapped,False
RP11-464F9.22,,0,unmapped,False
RP11-465B22.3,,0,unmapped,False
RP11-465L10.10,,0,unmapped,False
RP11-465N4.2,,0,unmapped,False
RP11-466F5.8,,0,unmapped,False
RP11-466H18.1,,0,unmapped,False
RP11-466P24.2,,0,unmapped,False
RP11-466P24.4,,0,unmapped,False
RP11-467D6.1,,0,unmapped,False
RP11-467H10.1,,0,unmapped,False
RP11-467J12.1,,0,unmapped,False
RP11-467L13.4,,0,unmapped,False
RP11-467L13.5,,0,unmapped,False
RP11-467L19.8,,0,unmapped,False
RP11-467P9.1,,0,unmapped,False
RP11-468E2.4,,0,unmapped,False
RP11-468E2.5,,0,unmapped,False
RP11-468E2.9,,0,unmapped,False
RP11-468H14.2,,0,unmapped,False
RP11-468O2.1,,0,unmapped,False
RP11-469E19.1,,0,unmapped,False
RP11-469M7.1,,0,unmapped,False
RP11-46A10.4,,0,unmapped,False
RP11-46A10.5,,0,unmapped,False
RP11-46C24.7,,0,unmapped,False
RP11-46D6.1,,0,unmapped,False
RP11-46F15.2,,0,unmapped,False
RP11-46H11.12,,0,unmapped,False
RP11-46J23.1,,0,unmapped,False
RP11-471L13.3,,0,unmapped,False
RP11-472B18.1,,0,unmapped,False
RP11-472I20.1,,0,unmapped,False
RP11-472I20.2,,0,unmapped,False
RP11-473D24.1,,0,unmapped,False
RP11-473I1.10,,0,unmapped,False
RP11-473I1.9,,0,unmapped,False
RP11-473M20.14,,0,unmapped,False
RP11-473M20.16,,0,unmapped,False
RP11-473M20.7,,0,unmapped,False
RP11-473M20.9,,0,unmapped,False
RP11-473N11.2,,0,unmapped,False
RP11-473O4.5,,0,unmapped,False
RP11-473P24.2,,0,unmapped,False
RP11-474C8.4,,0,unmapped,False
RP11-474D14.2,,0,unmapped,False
RP11-474G23.2,,0,unmapped,False
RP11-474G23.3,,0,unmapped,False
RP11-474I16.8,,0,unmapped,False
RP11-474L23.3,,0,unmapped,False
RP11-474N24.2,,0,unmapped,False
RP11-474N24.6,,0,unmapped,False
RP11-474O21.5,,0,unmapped,False
RP11-475C16.1,,0,unmapped,False
RP11-475I24.3,,0,unmapped,False
RP11-475J5.4,,0,unmapped,False
RP11-475J5.5,,0,unmapped,False
RP11-475J5.6,,0,unmapped,False
RP11-475N22.4,,0,unmapped,False
RP11-476D10.1,,0,unmapped,False
RP11-477D19.2,,0,unmapped,False
RP11-477E3.2,,0,unmapped,False
RP11-477G18.1,,0,unmapped,False
RP11-477G18.2,,0,unmapped,False
RP11-477J21.6,,0,unmapped,False
RP11-477N3.1,,0,unmapped,False
RP11-478B9.3,,0,unmapped,False
RP11-478C6.4,,0,unmapped,False
RP11-479G22.8,,0,unmapped,False
RP11-479O9.2,,0,unmapped,False
RP11-47A8.5,,0,unmapped,False
RP11-47G11.2,,0,unmapped,False
RP11-47I22.2,,0,unmapped,False
RP11-47I22.3,,0,unmapped,False
RP11-47K11.2,,0,unmapped,False
RP11-47L3.1,,0,unmapped,False
RP11-480A16.1,,0,unmapped,False
RP11-480D4.2,,0,unmapped,False
RP11-480D4.6,,0,unmapped,False
RP11-480I12.2,,0,unmapped,False
RP11-480I12.4,,0,unmapped,False
RP11-480I12.5,,0,unmapped,False
RP11-480I12.7,,0,unmapped,False
RP11-483F11.7,,0,unmapped,False
RP11-483I13.5,,0,unmapped,False
RP11-483P21.2,,0,unmapped,False
RP11-484D2.3,,0,unmapped,False
RP11-484D2.4,,0,unmapped,False
RP11-485G4.2,,0,unmapped,False
RP11-485G7.5,,0,unmapped,False
RP11-486G15.2,,0,unmapped,False
RP11-486L19.2,,0,unmapped,False
RP11-486O12.2,,0,unmapped,False
RP11-486O13.2,,0,unmapped,False
RP11-486O13.3,,0,unmapped,False
RP11-487I5.4,,0,unmapped,False
RP11-488C13.1,,0,unmapped,False
RP11-488C13.5,,0,unmapped,False
RP11-488C13.6,,0,unmapped,False
RP11-488L18.1,,0,unmapped,False
RP11-488L18.10,,0,unmapped,False
RP11-488L18.3,,0,unmapped,False
RP11-488L18.6,,0,unmapped,False
RP11-488P3.1,,0,unmapped,False
RP11-489E7.4,,0,unmapped,False
RP11-489M13.1,,0,unmapped,False
RP11-48B14.1,,0,unmapped,False
RP11-48B3.4,,0,unmapped,False
RP11-48G14.1,,0,unmapped,False
RP11-490G8.1,,0,unmapped,False
RP11-490H24.5,,0,unmapped,False
RP11-490K7.4,,0,unmapped,False
RP11-490O6.2,,0,unmapped,False
RP11-492M23.2,,0,unmapped,False
RP11-493E12.2,,0,unmapped,False
RP11-493K19.3,,0,unmapped,False
RP11-493L12.4,,0,unmapped,False
RP11-495K9.3,,0,unmapped,False
RP11-495K9.6,,0,unmapped,False
RP11-495P10.1,,0,unmapped,False
RP11-495P10.10,,0,unmapped,False
RP11-495P10.7,,0,unmapped,False
RP11-495P10.8,,0,unmapped,False
RP11-496H1.1,,0,unmapped,False
RP11-496I2.5,,0,unmapped,False
RP11-496I9.1,,0,unmapped,False
RP11-496N12.6,,0,unmapped,False
RP11-497G19.1,,0,unmapped,False
RP11-497G19.2,,0,unmapped,False
RP11-497H16.2,,0,unmapped,False
RP11-497H16.5,,0,unmapped,False
RP11-497H16.6,,0,unmapped,False
RP11-497H16.7,,0,unmapped,False
RP11-497H16.8,,0,unmapped,False
RP11-497H16.9,,0,unmapped,False
RP11-497H17.1,,0,unmapped,False
RP11-498C9.12,,0,unmapped,False
RP11-498C9.15,,0,unmapped,False
RP11-498C9.2,,0,unmapped,False
RP11-498C9.3,,0,unmapped,False
RP11-498D10.6,,0,unmapped,False
RP11-498E2.7,,0,unmapped,False
RP11-498E2.8,,0,unmapped,False
RP11-498E2.9,,0,unmapped,False
RP11-498P14.5,,0,unmapped,False
RP11-499E18.1,,0,unmapped,False
RP11-499P20.2,,0,unmapped,False
RP11-49C24.1,,0,unmapped,False
RP11-49C9.2,,0,unmapped,False
RP11-49K24.4,,0,unmapped,False
RP11-49O14.2,,0,unmapped,False
RP11-4C20.4,,0,unmapped,False
RP11-4F5.2,,0,unmapped,False
RP11-4K3__A.3,,0,unmapped,False
RP11-4K3__A.5,,0,unmapped,False
RP11-4M23.2,,0,unmapped,False
RP11-4O1.2,,0,unmapped,False
RP11-500C11.3,,0,unmapped,False
RP11-500M8.6,,0,unmapped,False
RP11-501J20.5,,0,unmapped,False
RP11-502I4.3,,0,unmapped,False
RP11-503E24.2,,0,unmapped,False
RP11-503N18.1,,0,unmapped,False
RP11-503P10.1,,0,unmapped,False
RP11-504P24.2,,0,unmapped,False
RP11-504P24.3,,0,unmapped,False
RP11-504P24.5,,0,unmapped,False
RP11-504P24.8,,0,unmapped,False
RP11-505E24.2,,0,unmapped,False
RP11-505K9.1,,0,unmapped,False
RP11-505K9.4,,0,unmapped,False
RP11-505P4.7,,0,unmapped,False
RP11-506B6.3,,0,unmapped,False
RP11-506M12.1,,0,unmapped,False
RP11-506M13.3,,0,unmapped,False
RP11-507E23.1,,0,unmapped,False
RP11-508M1.7,,0,unmapped,False
RP11-508N22.12,,0,unmapped,False
RP11-509J21.1,,0,unmapped,False
RP11-509J21.3,,0,unmapped,False
RP11-50B3.4,,0,unmapped,False
RP11-50D9.1,,0,unmapped,False
RP11-50E11.3,,0,unmapped,False
RP11-510H23.1,,0,unmapped,False
RP11-511B23.1,,0,unmapped,False
RP11-511B23.2,,0,unmapped,False
RP11-511B7.1,,0,unmapped,False
RP11-511H9.3,,0,unmapped,False
RP11-512F24.1,,0,unmapped,False
RP11-512H23.2,,0,unmapped,False
RP11-512M8.3,,0,unmapped,False
RP11-513D5.5,,0,unmapped,False
RP11-513I15.6,,0,unmapped,False
RP11-513M16.7,,0,unmapped,False
RP11-513M16.8,,0,unmapped,False
RP11-516A11.1,,0,unmapped,False
RP11-516A11.3,,0,unmapped,False
RP11-517B11.7,,0,unmapped,False
RP11-517C16.2,,0,unmapped,False
RP11-517H2.6,,0,unmapped,False
RP11-517P14.2,,0,unmapped,False
RP11-517P14.7,,0,unmapped,False
RP11-519C12.1,,0,unmapped,False
RP11-519G16.3,,0,unmapped,False
RP11-51F16.5,,0,unmapped,False
RP11-51J9.5,,0,unmapped,False
RP11-51J9.6,,0,unmapped,False
RP11-51L5.3,,0,unmapped,False
RP11-51L5.5,,0,unmapped,False
RP11-51O6.1,,0,unmapped,False
RP11-521B24.3,,0,unmapped,False
RP11-521I2.3,,0,unmapped,False
RP11-521L9.2,,0,unmapped,False
RP11-522I20.3,,0,unmapped,False
RP11-523H20.3,,0,unmapped,False
RP11-523H24.3,,0,unmapped,False
RP11-524L6.3,,0,unmapped,False
RP11-524O1.4,,0,unmapped,False
RP11-524O24.2,,0,unmapped,False
RP11-525A16.4,,0,unmapped,False
RP11-525K10.3,,0,unmapped,False
RP11-526I2.5,,0,unmapped,False
RP11-526K21.2,,0,unmapped,False
RP11-527J8.1,,0,unmapped,False
RP11-527L4.5,,0,unmapped,False
RP11-528A10.1,,0,unmapped,False
RP11-529E10.6,,0,unmapped,False
RP11-529F4.1,,0,unmapped,False
RP11-529H2.2,,0,unmapped,False
RP11-529H20.3,,0,unmapped,False
RP11-529H20.6,,0,unmapped,False
RP11-529J17.3,,0,unmapped,False
RP11-529K1.2,,0,unmapped,False
RP11-529K1.4,,0,unmapped,False
RP11-52A20.2,,0,unmapped,False
RP11-530N7.2,,0,unmapped,False
RP11-531A24.5,,0,unmapped,False
RP11-531F16.3,,0,unmapped,False
RP11-531H8.2,,0,unmapped,False
RP11-532F12.5,,0,unmapped,False
RP11-532F6.3,,0,unmapped,False
RP11-532M24.1,,0,unmapped,False
RP11-533E19.3,,0,unmapped,False
RP11-533E19.5,,0,unmapped,False
RP11-533E19.7,,0,unmapped,False
RP11-533F5.2,,0,unmapped,False
RP11-534C12.1,,0,unmapped,False
RP11-534L20.4,,0,unmapped,False
RP11-534L20.5,,0,unmapped,False
RP11-535K18.2,,0,unmapped,False
RP11-535M15.1,,0,unmapped,False
RP11-535M15.2,,0,unmapped,False
RP11-536C10.12,,0,unmapped,False
RP11-536C5.7,,0,unmapped,False
RP11-536K7.3,,0,unmapped,False
RP11-537H15.4,,0,unmapped,False
RP11-537I16.2,,0,unmapped,False
RP11-538D16.2,,0,unmapped,False
RP11-539G18.2,,0,unmapped,False
RP11-539L10.2,,0,unmapped,False
RP11-539L10.3,,0,unmapped,False
RP11-53B2.2,,0,unmapped,False
RP11-53B2.6,,0,unmapped,False
RP11-53I6.1,,0,unmapped,False
RP11-53I6.3,,0,unmapped,False
RP11-53M11.2,,0,unmapped,False
RP11-53O19.1,,0,unmapped,False
RP11-53O19.3,,0,unmapped,False
RP11-540A21.2,,0,unmapped,False
RP11-540B6.3,,0,unmapped,False
RP11-540B6.6,,0,unmapped,False
RP11-540O11.1,,0,unmapped,False
RP11-541F9.2,,0,unmapped,False
RP11-541N10.3,,0,unmapped,False
RP11-542K23.7,,0,unmapped,False
RP11-542K23.9,,0,unmapped,False
RP11-542M13.3,,0,unmapped,False
RP11-543B16.1,,0,unmapped,False
RP11-543B16.2,,0,unmapped,False
RP11-543C4.1,,0,unmapped,False
RP11-543P15.1,,0,unmapped,False
RP11-544I20.2,,0,unmapped,False
RP11-544M22.13,,0,unmapped,False
RP11-545E17.3,,0,unmapped,False
RP11-545I5.3,,0,unmapped,False
RP11-545N8.3,,0,unmapped,False
RP11-546B8.3,,0,unmapped,False
RP11-546B8.5,,0,unmapped,False
RP11-546J1.1,,0,unmapped,False
RP11-546K22.3,,0,unmapped,False
RP11-547D23.1,,0,unmapped,False
RP11-547L9.1,,0,unmapped,False
RP11-548H3.1,,0,unmapped,False
RP11-549B18.1,,0,unmapped,False
RP11-549J18.1,,0,unmapped,False
RP11-549K20.1,,0,unmapped,False
RP11-54A4.2,,0,unmapped,False
RP11-54C4.1,,0,unmapped,False
RP11-54D18.4,,0,unmapped,False
RP11-54O7.1,,0,unmapped,False
RP11-54O7.16,,0,unmapped,False
RP11-54O7.17,,0,unmapped,False
RP11-54O7.18,,0,unmapped,False
RP11-54O7.3,,0,unmapped,False
RP11-550F7.1,,0,unmapped,False
RP11-550I24.2,,0,unmapped,False
RP11-551G24.2,,0,unmapped,False
RP11-551L14.1,,0,unmapped,False
RP11-552C15.1,,0,unmapped,False
RP11-552D4.1,,0,unmapped,False
RP11-552F3.10,,0,unmapped,False
RP11-552F3.4,,0,unmapped,False
RP11-552J9.9,,0,unmapped,False
RP11-552M11.4,,0,unmapped,False
RP11-552M11.8,,0,unmapped,False
RP11-553A21.3,,0,unmapped,False
RP11-553K23.2,,0,unmapped,False
RP11-553L6.2,,0,unmapped,False
RP11-553L6.5,,0,unmapped,False
RP11-553N16.1,,0,unmapped,False
RP11-553P9.1,,0,unmapped,False
RP11-554A11.9,,0,unmapped,False
RP11-554D14.2,,0,unmapped,False
RP11-554I8.1,,0,unmapped,False
RP11-554J4.1,,0,unmapped,False
RP11-555H23.1,,0,unmapped,False
RP11-555M1.3,,0,unmapped,False
RP11-556E13.1,,0,unmapped,False
RP11-556H2.3,,0,unmapped,False
RP11-556K13.1,,0,unmapped,False
RP11-557J10.3,,0,unmapped,False
RP11-557L19.1,,0,unmapped,False
RP11-558F24.4,,0,unmapped,False
RP11-558O12.1,,0,unmapped,False
RP11-559M23.1,,0,unmapped,False
RP11-559N14.5,,0,unmapped,False
RP11-55K13.1,,0,unmapped,False
RP11-560J1.2,,0,unmapped,False
RP11-561C5.4,,0,unmapped,False
RP11-561I11.4,,0,unmapped,False
RP11-561O23.8,,0,unmapped,False
RP11-561O4.1,,0,unmapped,False
RP11-561P12.5,,0,unmapped,False
RP11-563H6.1,,0,unmapped,False
RP11-563J2.2,,0,unmapped,False
RP11-563N4.1,,0,unmapped,False
RP11-563N6.6,,0,unmapped,False
RP11-564A8.4,,0,unmapped,False
RP11-564D11.3,,0,unmapped,False
RP11-565F19.2,,0,unmapped,False
RP11-566E18.3,,0,unmapped,False
RP11-566F5.1,,0,unmapped,False
RP11-566K11.7,,0,unmapped,False
RP11-566K19.6,,0,unmapped,False
RP11-566K19.8,,0,unmapped,False
RP11-567G24.1,,0,unmapped,False
RP11-567J20.3,,0,unmapped,False
RP11-567M16.1,,0,unmapped,False
RP11-567M16.3,,0,unmapped,False
RP11-568J23.1,,0,unmapped,False
RP11-568K15.1,,0,unmapped,False
RP11-568N6.1,,0,unmapped,False
RP11-569A11.1,,0,unmapped,False
RP11-56B16.1,,0,unmapped,False
RP11-56B16.2,,0,unmapped,False
RP11-56F10.3,,0,unmapped,False
RP11-56G10.2,,0,unmapped,False
RP11-56M3.1,,0,unmapped,False
RP11-570G20.1,,0,unmapped,False
RP11-570P14.1,,0,unmapped,False
RP11-571F15.2,,0,unmapped,False
RP11-571F15.3,,0,unmapped,False
RP11-571I18.4,,0,unmapped,False
RP11-571L19.8,,0,unmapped,False
RP11-571M6.1,,0,unmapped,False
RP11-571M6.17,,0,unmapped,False
RP11-571M6.7,,0,unmapped,False
RP11-571M6.8,,0,unmapped,False
RP11-572M11.4,,0,unmapped,False
RP11-572O17.1,,0,unmapped,False
RP11-572P18.1,,0,unmapped,False
RP11-573D15.8,,0,unmapped,False
RP11-573D15.9,,0,unmapped,False
RP11-573G6.6,,0,unmapped,False
RP11-573G6.8,,0,unmapped,False
RP11-573G6.9,,0,unmapped,False
RP11-574F21.2,,0,unmapped,False
RP11-574K11.28,,0,unmapped,False
RP11-574K11.29,,0,unmapped,False
RP11-574K11.31,,0,unmapped,False
RP11-574O7.1,,0,unmapped,False
RP11-575G13.2,,0,unmapped,False
RP11-576C2.1,,0,unmapped,False
RP11-576N17.5,,0,unmapped,False
RP11-577H5.1,,0,unmapped,False
RP11-578C11.2,,0,unmapped,False
RP11-578F21.10,,0,unmapped,False
RP11-578F21.12,,0,unmapped,False
RP11-578F21.3,,0,unmapped,False
RP11-57A19.2,,0,unmapped,False
RP11-57G10.8,,0,unmapped,False
RP11-57H14.2,,0,unmapped,False
RP11-57H14.4,,0,unmapped,False
RP11-57K17.1,,0,unmapped,False
RP11-580I16.2,,0,unmapped,False
RP11-582E3.4,,0,unmapped,False
RP11-582J16.4,,0,unmapped,False
RP11-582J16.5,,0,unmapped,False
RP11-583F2.1,,0,unmapped,False
RP11-584P21.2,,0,unmapped,False
RP11-584P21.4,,0,unmapped,False
RP11-585P4.5,,0,unmapped,False
RP11-587D21.1,,0,unmapped,False
RP11-588H23.3,,0,unmapped,False
RP11-588K22.2,,0,unmapped,False
RP11-589C21.5,,0,unmapped,False
RP11-589C21.6,,0,unmapped,False
RP11-589F5.3,,0,unmapped,False
RP11-589F5.4,,0,unmapped,False
RP11-589M4.1,,0,unmapped,False
RP11-589N15.2,,0,unmapped,False
RP11-589P10.5,,0,unmapped,False
RP11-58E21.3,,0,unmapped,False
RP11-58H15.1,,0,unmapped,False
RP11-592B15.4,,0,unmapped,False
RP11-592N21.1,,0,unmapped,False
RP11-594N15.3,,0,unmapped,False
RP11-597A11.3,,0,unmapped,False
RP11-597A11.4,,0,unmapped,False
RP11-597D13.7,,0,unmapped,False
RP11-597D13.9,,0,unmapped,False
RP11-598D12.3,,0,unmapped,False
RP11-598D12.4,,0,unmapped,False
RP11-598F7.3,,0,unmapped,False
RP11-599J14.2,,0,unmapped,False
RP11-59D5__B.2,,0,unmapped,False
RP11-59K5.1,,0,unmapped,False
RP11-5C23.1,,0,unmapped,False
RP11-5C23.2,,0,unmapped,False
RP11-5L12.1,,0,unmapped,False
RP11-5N19.3,,0,unmapped,False
RP11-600F24.1,,0,unmapped,False
RP11-600F24.2,,0,unmapped,False
RP11-600F24.7,,0,unmapped,False
RP11-603B24.1,,0,unmapped,False
RP11-603J24.14,,0,unmapped,False
RP11-603J24.17,,0,unmapped,False
RP11-603J24.5,,0,unmapped,False
RP11-603J24.7,,0,unmapped,False
RP11-603K19.1,,0,unmapped,False
RP11-605F14.2,,0,unmapped,False
RP11-606P2.1,,0,unmapped,False
RP11-60I3.5,,0,unmapped,False
RP11-611D20.2,,0,unmapped,False
RP11-611E13.2,,0,unmapped,False
RP11-611L7.1,,0,unmapped,False
RP11-611O2.1,,0,unmapped,False
RP11-611O2.5,,0,unmapped,False
RP11-612B6.2,,0,unmapped,False
RP11-613C6.4,,0,unmapped,False
RP11-613D13.4,,0,unmapped,False
RP11-613F22.5,,0,unmapped,False
RP11-613F22.6,,0,unmapped,False
RP11-613F22.8,,0,unmapped,False
RP11-613F7.1,,0,unmapped,False
RP11-613G13.1,,0,unmapped,False
RP11-613H2.2,,0,unmapped,False
RP11-613M10.6,,0,unmapped,False
RP11-613M5.2,,0,unmapped,False
RP11-615I2.3,,0,unmapped,False
RP11-615J4.4,,0,unmapped,False
RP11-616K22.1,,0,unmapped,False
RP11-616M22.3,,0,unmapped,False
RP11-616M22.5,,0,unmapped,False
RP11-617D20.1,,0,unmapped,False
RP11-617F23.1,,0,unmapped,False
RP11-618I10.1,,0,unmapped,False
RP11-618I10.4,,0,unmapped,False
RP11-618N24.1,,0,unmapped,False
RP11-61A14.2,,0,unmapped,False
RP11-61A14.3,,0,unmapped,False
RP11-61F12.1,,0,unmapped,False
RP11-61L19.1,,0,unmapped,False
RP11-61L19.2,,0,unmapped,False
RP11-61L19.3,,0,unmapped,False
RP11-61L23.2,,0,unmapped,False
RP11-61N20.3,,0,unmapped,False
RP11-620J15.1,,0,unmapped,False
RP11-620J15.3,,0,unmapped,False
RP11-621H8.2,,0,unmapped,False
RP11-621K7.1,,0,unmapped,False
RP11-622K12.1,,0,unmapped,False
RP11-624C23.1,,0,unmapped,False
RP11-624D20.1,,0,unmapped,False
RP11-624L12.1,,0,unmapped,False
RP11-626A1.1,,0,unmapped,False
RP11-627G1.1,,0,unmapped,False
RP11-627K11.1,,0,unmapped,False
RP11-629B11.4,,0,unmapped,False
RP11-629G13.1,,0,unmapped,False
RP11-629O1.2,,0,unmapped,False
RP11-629O4.1,,0,unmapped,False
RP11-62H7.2,,0,unmapped,False
RP11-630C16.2,,0,unmapped,False
RP11-630I5.1,,0,unmapped,False
RP11-631M6.2,,0,unmapped,False
RP11-631M6.3,,0,unmapped,False
RP11-631N16.2,,0,unmapped,False
RP11-632C17__A.1,,0,unmapped,False
RP11-632F7.1,,0,unmapped,False
RP11-632K20.2,,0,unmapped,False
RP11-632K20.6,,0,unmapped,False
RP11-632K20.7,,0,unmapped,False
RP11-632K20.8,,0,unmapped,False
RP11-634B7.4,,0,unmapped,False
RP11-634H22.1,,0,unmapped,False
RP11-635N19.1,,0,unmapped,False
RP11-635N19.2,,0,unmapped,False
RP11-637A17.2,,0,unmapped,False
RP11-638F5.1,,0,unmapped,False
RP11-638I2.2,,0,unmapped,False
RP11-638I2.4,,0,unmapped,False
RP11-638I8.1,,0,unmapped,False
RP11-63E5.6,,0,unmapped,False
RP11-63P12.6,,0,unmapped,False
RP11-640M9.1,,0,unmapped,False
RP11-640M9.2,,0,unmapped,False
RP11-641A6.5,,0,unmapped,False
RP11-641A6.9,,0,unmapped,False
RP11-641D5.1,,0,unmapped,False
RP11-642P15.1,,0,unmapped,False
RP11-644F5.10,,0,unmapped,False
RP11-644F5.11,,0,unmapped,False
RP11-644F5.15,,0,unmapped,False
RP11-644N4.1,,0,unmapped,False
RP11-645C24.2,,0,unmapped,False
RP11-645C24.5,,0,unmapped,False
RP11-646I6.5,,0,unmapped,False
RP11-647K16.1,,0,unmapped,False
RP11-648M2.2,,0,unmapped,False
RP11-649A18.12,,0,unmapped,False
RP11-649A18.4,,0,unmapped,False
RP11-649A18.5,,0,unmapped,False
RP11-649A18.7,,0,unmapped,False
RP11-649E7.5,,0,unmapped,False
RP11-649G15.2,,0,unmapped,False
RP11-64B16.2,,0,unmapped,False
RP11-64C12.6,,0,unmapped,False
RP11-64D22.2,,0,unmapped,False
RP11-64J19.1,,0,unmapped,False
RP11-64K12.1,,0,unmapped,False
RP11-64K12.10,,0,unmapped,False
RP11-64K7.1,,0,unmapped,False
RP11-651L5.2,,0,unmapped,False
RP11-651P23.4,,0,unmapped,False
RP11-653J6.1,,0,unmapped,False
RP11-655C2.3,,0,unmapped,False
RP11-655M14.13,,0,unmapped,False
RP11-656D10.3,,0,unmapped,False
RP11-658F2.3,,0,unmapped,False
RP11-658F2.8,,0,unmapped,False
RP11-65E22.2,,0,unmapped,False
RP11-65I12.1,,0,unmapped,False
RP11-65J3.1,,0,unmapped,False
RP11-65L3.2,,0,unmapped,False
RP11-65L3.4,,0,unmapped,False
RP11-65N13.6,,0,unmapped,False
RP11-660L16.2,,0,unmapped,False
RP11-661A12.12,,0,unmapped,False
RP11-661A12.14,,0,unmapped,False
RP11-661A12.5,,0,unmapped,False
RP11-661A12.7,,0,unmapped,False
RP11-661A12.9,,0,unmapped,False
RP11-663P9.2,,0,unmapped,False
RP11-664D1.1,,0,unmapped,False
RP11-665C16.6,,0,unmapped,False
RP11-666A8.8,,0,unmapped,False
RP11-667K14.3,,0,unmapped,False
RP11-667K14.4,,0,unmapped,False
RP11-667K14.8,,0,unmapped,False
RP11-667M19.9,,0,unmapped,False
RP11-66B24.2,,0,unmapped,False
RP11-66B24.4,,0,unmapped,False
RP11-66B24.7,,0,unmapped,False
RP11-66D17.5,,0,unmapped,False
RP11-66N11.8,,0,unmapped,False
RP11-66N24.3,,0,unmapped,False
RP11-66N24.4,,0,unmapped,False
RP11-670E13.2,,0,unmapped,False
RP11-670E13.3,,0,unmapped,False
RP11-672L10.6,,0,unmapped,False
RP11-673C5.1,,0,unmapped,False
RP11-673E1.1,,0,unmapped,False
RP11-673E1.3,,0,unmapped,False
RP11-676M6.1,,0,unmapped,False
RP11-677M14.2,,0,unmapped,False
RP11-677M14.7,,0,unmapped,False
RP11-678B3.2,,0,unmapped,False
RP11-678G14.2,,0,unmapped,False
RP11-678G14.3,,0,unmapped,False
RP11-678G14.4,,0,unmapped,False
RP11-678G14.5,,0,unmapped,False
RP11-67L2.2,,0,unmapped,False
RP11-67M1.1,,0,unmapped,False
RP11-680A11.5,,0,unmapped,False
RP11-680G24.4,,0,unmapped,False
RP11-680G24.5,,0,unmapped,False
RP11-680H20.1,,0,unmapped,False
RP11-681N23.1,,0,unmapped,False
RP11-682B13.2,,0,unmapped,False
RP11-682N22.1,,0,unmapped,False
RP11-683L23.1,,0,unmapped,False
RP11-685B14.1,,0,unmapped,False
RP11-685M7.3,,0,unmapped,False
RP11-685N10.1,,0,unmapped,False
RP11-685N3.1,,0,unmapped,False
RP11-686D22.10,,0,unmapped,False
RP11-686D22.3,,0,unmapped,False
RP11-686D22.4,,0,unmapped,False
RP11-686D22.5,,0,unmapped,False
RP11-686D22.6,,0,unmapped,False
RP11-686D22.7,,0,unmapped,False
RP11-686D22.8,,0,unmapped,False
RP11-686G8.2,,0,unmapped,False
RP11-686O6.2,,0,unmapped,False
RP11-687F6.1,,0,unmapped,False
RP11-687F6.4,,0,unmapped,False
RP11-689B22.2,,0,unmapped,False
RP11-689P11.2,,0,unmapped,False
RP11-68I3.11,,0,unmapped,False
RP11-68I3.4,,0,unmapped,False
RP11-68L18.1,,0,unmapped,False
RP11-690D19.3,,0,unmapped,False
RP11-690G19.3,,0,unmapped,False
RP11-690I21.2,,0,unmapped,False
RP11-692C23.1,,0,unmapped,False
RP11-692D12.1,,0,unmapped,False
RP11-692M12.4,,0,unmapped,False
RP11-692N5.1,,0,unmapped,False
RP11-692N5.2,,0,unmapped,False
RP11-693J15.5,,0,unmapped,False
RP11-693N9.2,,0,unmapped,False
RP11-694I15.7,,0,unmapped,False
RP11-695J4.2,,0,unmapped,False
RP11-696N14.1,,0,unmapped,False
RP11-697E2.7,,0,unmapped,False
RP11-697N18.4,,0,unmapped,False
RP11-698N11.4,,0,unmapped,False
RP11-69E11.4,,0,unmapped,False
RP11-69L16.4,,0,unmapped,False
RP11-69L16.5,,0,unmapped,False
RP11-69M1.3,,0,unmapped,False
RP11-6B6.3,,0,unmapped,False
RP11-6I2.3,,0,unmapped,False
RP11-6J24.6,,0,unmapped,False
RP11-6L6.2,,0,unmapped,False
RP11-6N17.4,,0,unmapped,False
RP11-700J17.1,,0,unmapped,False
RP11-700J17.2,,0,unmapped,False
RP11-700P18.1,,0,unmapped,False
RP11-700P18.2,,0,unmapped,False
RP11-701H24.7,,0,unmapped,False
RP11-701P16.1,,0,unmapped,False
RP11-701P16.2,,0,unmapped,False
RP11-701P16.5,,0,unmapped,False
RP11-702H23.2,,0,unmapped,False
RP11-704M14.1,,0,unmapped,False
RP11-705C15.2,,0,unmapped,False
RP11-705C15.3,,0,unmapped,False
RP11-705O1.8,,0,unmapped,False
RP11-706O15.1,,0,unmapped,False
RP11-706O15.3,,0,unmapped,False
RP11-706O15.5,,0,unmapped,False
RP11-706O15.7,,0,unmapped,False
RP11-707G14.7,,0,unmapped,False
RP11-707G14.8,,0,unmapped,False
RP11-707M3.3,,0,unmapped,False
RP11-707O23.5,,0,unmapped,False
RP11-708J19.1,,0,unmapped,False
RP11-70C1.1,,0,unmapped,False
RP11-70P17.1,,0,unmapped,False
RP11-710C12.1,,0,unmapped,False
RP11-710F7.3,,0,unmapped,False
RP11-710M11.1,,0,unmapped,False
RP11-711M9.1,,0,unmapped,False
RP11-712B9.2,,0,unmapped,False
RP11-712L6.5,,0,unmapped,False
RP11-712P20.2,,0,unmapped,False
RP11-713C19.2,,0,unmapped,False
RP11-713C5.1,,0,unmapped,False
RP11-713H12.1,,0,unmapped,False
RP11-713M15.2,,0,unmapped,False
RP11-713P17.3,,0,unmapped,False
RP11-715F3.2,,0,unmapped,False
RP11-715J22.1,,0,unmapped,False
RP11-715J22.2,,0,unmapped,False
RP11-715J22.4,,0,unmapped,False
RP11-715J22.6,,0,unmapped,False
RP11-717A5.2,,0,unmapped,False
RP11-717D12.1,,0,unmapped,False
RP11-718G2.5,,0,unmapped,False
RP11-71G12.1,,0,unmapped,False
RP11-71H17.9,,0,unmapped,False
RP11-720N19.1,,0,unmapped,False
RP11-720N19.2,,0,unmapped,False
RP11-722E23.2,,0,unmapped,False
RP11-723D22.2,,0,unmapped,False
RP11-723O4.2,,0,unmapped,False
RP11-723O4.3,,0,unmapped,False
RP11-723O4.6,,0,unmapped,False
RP11-723O4.9,,0,unmapped,False
RP11-726G1.1,,0,unmapped,False
RP11-727A23.11,,0,unmapped,False
RP11-727A23.4,,0,unmapped,False
RP11-727A23.5,,0,unmapped,False
RP11-727F15.11,,0,unmapped,False
RP11-727F15.12,,0,unmapped,False
RP11-727F15.13,,0,unmapped,False
RP11-727F15.9,,0,unmapped,False
RP11-728B21.3,,0,unmapped,False
RP11-728F11.4,,0,unmapped,False
RP11-728K20.1,,0,unmapped,False
RP11-72I8.1,,0,unmapped,False
RP11-72M17.1,,0,unmapped,False
RP11-730G20.2,,0,unmapped,False
RP11-730K11.1,,0,unmapped,False
RP11-731C17.2,,0,unmapped,False
RP11-731F5.2,,0,unmapped,False
RP11-731I19.1,,0,unmapped,False
RP11-732A19.1,,0,unmapped,False
RP11-732A19.8,,0,unmapped,False
RP11-732A19.9,,0,unmapped,False
RP11-732M18.3,,0,unmapped,False
RP11-734E19.1,,0,unmapped,False
RP11-734J24.1,,0,unmapped,False
RP11-734K2.4,,0,unmapped,False
RP11-736N17.4,,0,unmapped,False
RP11-737O24.2,,0,unmapped,False
RP11-737O24.3,,0,unmapped,False
RP11-737O24.5,,0,unmapped,False
RP11-738E22.3,,0,unmapped,False
RP11-739L10.1,,0,unmapped,False
RP11-73B2.6,,0,unmapped,False
RP11-73E17.2,,0,unmapped,False
RP11-73G16.2,,0,unmapped,False
RP11-73K9.2,,0,unmapped,False
RP11-73M18.10,,0,unmapped,False
RP11-73M18.6,,0,unmapped,False
RP11-73M18.7,,0,unmapped,False
RP11-73M18.8,,0,unmapped,False
RP11-73M18.9,,0,unmapped,False
RP11-73M7.6,,0,unmapped,False
RP11-73O6.3,,0,unmapped,False
RP11-742N3.1,,0,unmapped,False
RP11-744D14.1,,0,unmapped,False
RP11-744N12.3,,0,unmapped,False
RP11-745A24.2,,0,unmapped,False
RP11-745L13.2,,0,unmapped,False
RP11-745O10.2,,0,unmapped,False
RP11-747H12.4,,0,unmapped,False
RP11-747H7.3,,0,unmapped,False
RP11-74C1.2,,0,unmapped,False
RP11-74E22.3,,0,unmapped,False
RP11-74E24.2,,0,unmapped,False
RP11-750B16.1,,0,unmapped,False
RP11-750H9.5,,0,unmapped,False
RP11-752G15.4,,0,unmapped,False
RP11-752G15.6,,0,unmapped,False
RP11-752G15.9,,0,unmapped,False
RP11-752L20.1,,0,unmapped,False
RP11-754B17.1,,0,unmapped,False
RP11-754N21.1,,0,unmapped,False
RP11-755B10.2,,0,unmapped,False
RP11-755B10.3,,0,unmapped,False
RP11-755B10.4,,0,unmapped,False
RP11-755F10.3,,0,unmapped,False
RP11-756H6.1,,0,unmapped,False
RP11-756P10.3,,0,unmapped,False
RP11-757G1.6,,0,unmapped,False
RP11-757O6.1,,0,unmapped,False
RP11-758P17.2,,0,unmapped,False
RP11-758P17.3,,0,unmapped,False
RP11-759L5.2,,0,unmapped,False
RP11-75C10.7,,0,unmapped,False
RP11-75C9.1,,0,unmapped,False
RP11-75L1.1,,0,unmapped,False
RP11-75L1.2,,0,unmapped,False
RP11-760D2.7,,0,unmapped,False
RP11-760H22.2,,0,unmapped,False
RP11-760N9.1,,0,unmapped,False
RP11-761E20.1,,0,unmapped,False
RP11-761I4.3,,0,unmapped,False
RP11-761N21.2,,0,unmapped,False
RP11-762E8.1,,0,unmapped,False
RP11-762H8.2,,0,unmapped,False
RP11-762I7.4,,0,unmapped,False
RP11-762I7.5,,0,unmapped,False
RP11-764K9.1,,0,unmapped,False
RP11-764K9.4,,0,unmapped,False
RP11-766H1.1,,0,unmapped,False
RP11-767C1.2,,0,unmapped,False
RP11-767N6.2,,0,unmapped,False
RP11-767N6.7,,0,unmapped,False
RP11-769O8.3,,0,unmapped,False
RP11-76E16.2,,0,unmapped,False
RP11-76E17.3,,0,unmapped,False
RP11-76E17.4,,0,unmapped,False
RP11-76H14.2,,0,unmapped,False
RP11-770J1.3,,0,unmapped,False
RP11-770J1.5,,0,unmapped,False
RP11-770J1.7,,0,unmapped,False
RP11-771F20.1,,0,unmapped,False
RP11-773D16.1,,0,unmapped,False
RP11-773H22.2,,0,unmapped,False
RP11-774O3.3,,0,unmapped,False
RP11-775J23.2,,0,unmapped,False
RP11-777B9.5,,0,unmapped,False
RP11-777J24.1,,0,unmapped,False
RP11-778D9.12,,0,unmapped,False
RP11-778D9.4,,0,unmapped,False
RP11-778J16.2,,0,unmapped,False
RP11-779O18.2,,0,unmapped,False
RP11-779O18.3,,0,unmapped,False
RP11-77E14.2,,0,unmapped,False
RP11-77H9.2,,0,unmapped,False
RP11-77H9.5,,0,unmapped,False
RP11-77K12.3,,0,unmapped,False
RP11-77K12.5,,0,unmapped,False
RP11-77O7.1,,0,unmapped,False
RP11-77P16.4,,0,unmapped,False
RP11-77P6.2,,0,unmapped,False
RP11-782C8.1,,0,unmapped,False
RP11-782C8.3,,0,unmapped,False
RP11-783K16.13,,0,unmapped,False
RP11-783K16.14,,0,unmapped,False
RP11-783K16.5,,0,unmapped,False
RP11-785H5.1,,0,unmapped,False
RP11-785H5.2,,0,unmapped,False
RP11-78A19.3,,0,unmapped,False
RP11-78H18.2,,0,unmapped,False
RP11-78O7.2,,0,unmapped,False
RP11-791G15.2,,0,unmapped,False
RP11-791G16.2,,0,unmapped,False
RP11-791G16.4,,0,unmapped,False
RP11-792A8.4,,0,unmapped,False
RP11-793H13.10,,0,unmapped,False
RP11-793H13.11,,0,unmapped,False
RP11-795F19.5,,0,unmapped,False
RP11-796E2.4,,0,unmapped,False
RP11-796G6.1,,0,unmapped,False
RP11-796G6.2,,0,unmapped,False
RP11-797A18.3,,0,unmapped,False
RP11-797A18.4,,0,unmapped,False
RP11-797A18.6,,0,unmapped,False
RP11-797H7.3,,0,unmapped,False
RP11-797H7.5,,0,unmapped,False
RP11-798G7.7,,0,unmapped,False
RP11-798G7.8,,0,unmapped,False
RP11-798K23.5,,0,unmapped,False
RP11-798M19.3,,0,unmapped,False
RP11-798M19.6,,0,unmapped,False
RP11-799B12.4,,0,unmapped,False
RP11-799D4.4,,0,unmapped,False
RP11-799M12.2,,0,unmapped,False
RP11-799O21.2,,0,unmapped,False
RP11-79H23.3,,0,unmapped,False
RP11-79L9.2,,0,unmapped,False
RP11-79N23.1,,0,unmapped,False
RP11-79O8.1,,0,unmapped,False
RP11-79P5.3,,0,unmapped,False
RP11-79P5.9,,0,unmapped,False
RP11-7D5.2,,0,unmapped,False
RP11-7F17.3,,0,unmapped,False
RP11-7F17.5,,0,unmapped,False
RP11-7F18.2,,0,unmapped,False
RP11-7O11.3,,0,unmapped,False
RP11-800A3.2,,0,unmapped,False
RP11-800A3.4,,0,unmapped,False
RP11-800A3.7,,0,unmapped,False
RP11-801F7.1,,0,unmapped,False
RP11-802E16.3,,0,unmapped,False
RP11-802O23.3,,0,unmapped,False
RP11-803B1.8,,0,unmapped,False
RP11-803D5.4,,0,unmapped,False
RP11-803P9.1,,0,unmapped,False
RP11-804F13.2,,0,unmapped,False
RP11-804H8.6,,0,unmapped,False
RP11-804M7.1,,0,unmapped,False
RP11-805F19.4,,0,unmapped,False
RP11-806H10.4,,0,unmapped,False
RP11-807E13.3,,0,unmapped,False
RP11-807H22.6,,0,unmapped,False
RP11-809C9.2,,0,unmapped,False
RP11-809F4.2,,0,unmapped,False
RP11-809N8.4,,0,unmapped,False
RP11-809N8.5,,0,unmapped,False
RP11-809O17.1,,0,unmapped,False
RP11-80A15.1,,0,unmapped,False
RP11-80H8.4,,0,unmapped,False
RP11-812E19.9,,0,unmapped,False
RP11-813P10.2,,0,unmapped,False
RP11-815I9.4,,0,unmapped,False
RP11-815J21.1,,0,unmapped,False
RP11-815J4.6,,0,unmapped,False
RP11-815J4.7,,0,unmapped,False
RP11-815M8.1,,0,unmapped,False
RP11-815N9.2,,0,unmapped,False
RP11-816J6.3,,0,unmapped,False
RP11-817O13.6,,0,unmapped,False
RP11-817O13.8,,0,unmapped,False
RP11-819C21.1,,0,unmapped,False
RP11-819M15.1,,0,unmapped,False
RP11-81H14.2,,0,unmapped,False
RP11-81K2.1,,0,unmapped,False
RP11-820I16.4,,0,unmapped,False
RP11-829H16.2,,0,unmapped,False
RP11-829H16.3,,0,unmapped,False
RP11-82H13.2,,0,unmapped,False
RP11-82L18.2,,0,unmapped,False
RP11-82L2.1,,0,unmapped,False
RP11-82O19.2,,0,unmapped,False
RP11-830F9.6,,0,unmapped,False
RP11-830F9.7,,0,unmapped,False
RP11-832N8.1,,0,unmapped,False
RP11-834C11.11,,0,unmapped,False
RP11-834C11.7,,0,unmapped,False
RP11-83A24.1,,0,unmapped,False
RP11-83A24.2,,0,unmapped,False
RP11-83J16.1,,0,unmapped,False
RP11-83N9.5,,0,unmapped,False
RP11-840I19.3,,0,unmapped,False
RP11-840I19.5,,0,unmapped,False
RP11-841C19.3,,0,unmapped,False
RP11-844P9.2,,0,unmapped,False
RP11-844P9.3,,0,unmapped,False
RP11-848G14.2,,0,unmapped,False
RP11-848G14.5,,0,unmapped,False
RP11-848P1.2,,0,unmapped,False
RP11-848P1.5,,0,unmapped,False
RP11-848P1.9,,0,unmapped,False
RP11-849F2.10,,0,unmapped,False
RP11-849F2.5,,0,unmapped,False
RP11-849F2.7,,0,unmapped,False
RP11-849F2.8,,0,unmapped,False
RP11-849F2.9,,0,unmapped,False
RP11-849H4.2,,0,unmapped,False
RP11-849H4.4,,0,unmapped,False
RP11-84A1.1,,0,unmapped,False
RP11-84A19.4,,0,unmapped,False
RP11-84C10.2,,0,unmapped,False
RP11-84C13.1,,0,unmapped,False
RP11-84C13.2,,0,unmapped,False
RP11-84D1.1,,0,unmapped,False
RP11-84G21.1,,0,unmapped,False
RP11-84H6.1,,0,unmapped,False
RP11-857B24.3,,0,unmapped,False
RP11-85A1.3,,0,unmapped,False
RP11-85F14.5,,0,unmapped,False
RP11-85G20.1,,0,unmapped,False
RP11-85G21.3,,0,unmapped,False
RP11-85K15.2,,0,unmapped,False
RP11-861A13.4,,0,unmapped,False
RP11-861E21.1,,0,unmapped,False
RP11-861E21.2,,0,unmapped,False
RP11-862L9.3,,0,unmapped,False
RP11-863K10.4,,0,unmapped,False
RP11-863K10.7,,0,unmapped,False
RP11-863P13.4,,0,unmapped,False
RP11-864G5.1,,0,unmapped,False
RP11-864N7.2,,0,unmapped,False
RP11-867G2.8,,0,unmapped,False
RP11-867G23.1,,0,unmapped,False
RP11-867G23.3,,0,unmapped,False
RP11-867G23.8,,0,unmapped,False
RP11-869B15.1,,0,unmapped,False
RP11-872D17.4,,0,unmapped,False
RP11-872D17.8,,0,unmapped,False
RP11-872J21.3,,0,unmapped,False
RP11-873E20.1,,0,unmapped,False
RP11-874J12.4,,0,unmapped,False
RP11-875O11.1,,0,unmapped,False
RP11-875O11.3,,0,unmapped,False
RP11-876N24.1,,0,unmapped,False
RP11-876N24.4,,0,unmapped,False
RP11-876N24.5,,0,unmapped,False
RP11-87C12.2,,0,unmapped,False
RP11-87C12.5,,0,unmapped,False
RP11-87F15.2,,0,unmapped,False
RP11-87G24.3,,0,unmapped,False
RP11-87G24.6,,0,unmapped,False
RP11-87H9.2,,0,unmapped,False
RP11-881M11.2,,0,unmapped,False
RP11-883A18.3,,0,unmapped,False
RP11-884K10.7,,0,unmapped,False
RP11-885B4.1,,0,unmapped,False
RP11-885B4.2,,0,unmapped,False
RP11-887P2.3,,0,unmapped,False
RP11-887P2.6,,0,unmapped,False
RP11-888D10.3,,0,unmapped,False
RP11-888D10.4,,0,unmapped,False
RP11-889L3.1,,0,unmapped,False
RP11-889L3.4,,0,unmapped,False
RP11-890B15.2,,0,unmapped,False
RP11-890B15.3,,0,unmapped,False
RP11-893F2.9,,0,unmapped,False
RP11-894J14.5,,0,unmapped,False
RP11-894P9.1,,0,unmapped,False
RP11-897M7.1,,0,unmapped,False
RP11-89C3.4,,0,unmapped,False
RP11-89K10.1,,0,unmapped,False
RP11-89K11.1,,0,unmapped,False
RP11-89M16.1,,0,unmapped,False
RP11-8H2.1,,0,unmapped,False
RP11-8J9.1,,0,unmapped,False
RP11-8L8.2,,0,unmapped,False
RP11-902B17.1,,0,unmapped,False
RP11-90B9.2,,0,unmapped,False
RP11-90E9.1,,0,unmapped,False
RP11-90H3.1,,0,unmapped,False
RP11-90H3.2,,0,unmapped,False
RP11-90O23.1,,0,unmapped,False
RP11-90P5.5,,0,unmapped,False
RP11-90P5.7,,0,unmapped,False
RP11-91G21.1,,0,unmapped,False
RP11-91J19.4,,0,unmapped,False
RP11-91K8.2,,0,unmapped,False
RP11-91P24.1,,0,unmapped,False
RP11-91P24.6,,0,unmapped,False
RP11-91P24.7,,0,unmapped,False
RP11-923I11.4,,0,unmapped,False
RP11-923I11.7,,0,unmapped,False
RP11-925D8.3,,0,unmapped,False
RP11-925D8.5,,0,unmapped,False
RP11-925D8.6,,0,unmapped,False
RP11-927P21.1,,0,unmapped,False
RP11-927P21.4,,0,unmapped,False
RP11-930O11.1,,0,unmapped,False
RP11-930P14.2,,0,unmapped,False
RP11-932O9.10,,0,unmapped,False
RP11-932O9.7,,0,unmapped,False
RP11-932O9.8,,0,unmapped,False
RP11-932O9.9,,0,unmapped,False
RP11-933H2.4,,0,unmapped,False
RP11-936I5.1,,0,unmapped,False
RP11-93B14.4,,0,unmapped,False
RP11-93B14.6,,0,unmapped,False
RP11-93K22.13,,0,unmapped,False
RP11-93K22.6,,0,unmapped,False
RP11-93O14.2,,0,unmapped,False
RP11-946L16.1,,0,unmapped,False
RP11-94L15.2,,0,unmapped,False
RP11-950C14.7,,0,unmapped,False
RP11-958N24.1,,0,unmapped,False
RP11-958N24.2,,0,unmapped,False
RP11-95D17.1,,0,unmapped,False
RP11-95M15.2,,0,unmapped,False
RP11-95O2.5,,0,unmapped,False
RP11-95P2.1,,0,unmapped,False
RP11-95P9.1,,0,unmapped,False
RP11-960L18.1,,0,unmapped,False
RP11-963H1.1,,0,unmapped,False
RP11-967K21.1,,0,unmapped,False
RP11-968O1.5,,0,unmapped,False
RP11-96C23.9,,0,unmapped,False
RP11-96D1.10,,0,unmapped,False
RP11-96D1.3,,0,unmapped,False
RP11-96D1.9,,0,unmapped,False
RP11-96H19.1,,0,unmapped,False
RP11-96K19.2,,0,unmapped,False
RP11-96K19.4,,0,unmapped,False
RP11-96K19.5,,0,unmapped,False
RP11-973H7.1,,0,unmapped,False
RP11-973H7.3,,0,unmapped,False
RP11-973N13.2,,0,unmapped,False
RP11-977G19.11,,0,unmapped,False
RP11-977G19.5,,0,unmapped,False
RP11-97C16.1,,0,unmapped,False
RP11-97N19.2,,0,unmapped,False
RP11-97O12.6,,0,unmapped,False
RP11-97O12.7,,0,unmapped,False
RP11-981G7.1,,0,unmapped,False
RP11-981G7.2,,0,unmapped,False
RP11-981G7.6,,0,unmapped,False
RP11-981P6.1,,0,unmapped,False
RP11-982M15.2,,0,unmapped,False
RP11-982M15.8,,0,unmapped,False
RP11-983P16.2,,0,unmapped,False
RP11-983P16.4,,0,unmapped,False
RP11-986G18.1,,0,unmapped,False
RP11-989F5.3,,0,unmapped,False
RP11-98D18.16,,0,unmapped,False
RP11-98D18.3,,0,unmapped,False
RP11-98D18.9,,0,unmapped,False
RP11-98I9.4,,0,unmapped,False
RP11-98J23.1,,0,unmapped,False
RP11-98J23.2,,0,unmapped,False
RP11-98L4.1,,0,unmapped,False
RP11-996F15.2,,0,unmapped,False
RP11-999E24.3,,0,unmapped,False
RP11-99A1.2,,0,unmapped,False
RP11-9L18.2,,0,unmapped,False
RP11-9M16.2,,0,unmapped,False
RP13-1032I1.7,,0,unmapped,False
RP13-104F24.3,,0,unmapped,False
RP13-131K19.1,,0,unmapped,False
RP13-131K19.2,,0,unmapped,False
RP13-131K19.6,,0,unmapped,False
RP13-131K19.7,,0,unmapped,False
RP13-140E4.1,,0,unmapped,False
RP13-150K15.1,,0,unmapped,False
RP13-15M17.1,,0,unmapped,False
RP13-188A5.1,,0,unmapped,False
RP13-20L14.4,,0,unmapped,False
RP13-20L14.6,,0,unmapped,False
RP13-216E22.4,,0,unmapped,False
RP13-228J13.1,,0,unmapped,False
RP13-228J13.5,,0,unmapped,False
RP13-228J13.6,,0,unmapped,False
RP13-228J13.8,,0,unmapped,False
RP13-254B10.1,,0,unmapped,False
RP13-258O15.1,,0,unmapped,False
RP13-270P17.1,,0,unmapped,False
RP13-270P17.2,,0,unmapped,False
RP13-270P17.3,,0,unmapped,False
RP13-297E16.4,,0,unmapped,False
RP13-297E16.5,,0,unmapped,False
RP13-314C10.5,,0,unmapped,False
RP13-383K5.4,,0,unmapped,False
RP13-395E19.3,,0,unmapped,False
RP13-39P12.2,,0,unmapped,False
RP13-401N8.1,,0,unmapped,False
RP13-444K19.1,,0,unmapped,False
RP13-452N2.1,,0,unmapped,False
RP13-46H24.1,,0,unmapped,False
RP13-476E20.1,,0,unmapped,False
RP13-487P22.1,,0,unmapped,False
RP13-516M14.1,,0,unmapped,False
RP13-516M14.2,,0,unmapped,False
RP13-516M14.4,,0,unmapped,False
RP13-578N3.3,,0,unmapped,False
RP13-580F15.2,,0,unmapped,False
RP13-582O9.5,,0,unmapped,False
RP13-582O9.7,,0,unmapped,False
RP13-585F24.1,,0,unmapped,False
RP13-638C3.2,,0,unmapped,False
RP13-638C3.4,,0,unmapped,False
RP13-638C3.6,,0,unmapped,False
RP13-726E6.2,,0,unmapped,False
RP13-735L24.1,,0,unmapped,False
RP13-753N3.1,,0,unmapped,False
RP13-766D20.2,,0,unmapped,False
RP13-7D7.1,,0,unmapped,False
RP13-870H17.3,,0,unmapped,False
RP13-88F20.1,,0,unmapped,False
RP13-890H12.2,,0,unmapped,False
RP13-93L13.2,,0,unmapped,False
RP13-941N14.1,,0,unmapped,False
RP13-977J11.2,,0,unmapped,False
RP13-977J11.5,,0,unmapped,False
RP13-996F3.3,,0,unmapped,False
RP1L1,Q8IWN7,1,HGNC_symbol,False
RP2,O75695,1,HGNC_symbol,False
RP3-322G13.5,,0,unmapped,False
RP3-322G13.7,,0,unmapped,False
RP3-322L4.2,,0,unmapped,False
RP3-323P24.3,,0,unmapped,False
RP3-324O17.4,,0,unmapped,False
RP3-325F22.5,,0,unmapped,False
RP3-327A19.5,,0,unmapped,False
RP3-329A5.8,,0,unmapped,False
RP3-330M21.5,,0,unmapped,False
RP3-337H4.6,,0,unmapped,False
RP3-337H4.9,,0,unmapped,False
RP3-337O18.9,,0,unmapped,False
RP3-340B19.2,,0,unmapped,False
RP3-340N1.2,,0,unmapped,False
RP3-341D10.1,,0,unmapped,False
RP3-342P20.2,,0,unmapped,False
RP3-347M6.2,,0,unmapped,False
RP3-352A20.1,,0,unmapped,False
RP3-354N19.3,,0,unmapped,False
RP3-355L5.5,,0,unmapped,False
RP3-365I19.2,,0,unmapped,False
RP3-368A4.5,,0,unmapped,False
RP3-368A4.6,,0,unmapped,False
RP3-370M22.8,,0,unmapped,False
RP3-375P9.2,,0,unmapped,False
RP3-388E23.2,,0,unmapped,False
RP3-388M5.9,,0,unmapped,False
RP3-393E18.2,,0,unmapped,False
RP3-395C13.1,,0,unmapped,False
RP3-395M20.12,,0,unmapped,False
RP3-395M20.7,,0,unmapped,False
RP3-395M20.8,,0,unmapped,False
RP3-395M20.9,,0,unmapped,False
RP3-399L15.3,,0,unmapped,False
RP3-400B16.1,,0,unmapped,False
RP3-400B16.4,,0,unmapped,False
RP3-400N23.6,,0,unmapped,False
RP3-402G11.25,,0,unmapped,False
RP3-402G11.26,,0,unmapped,False
RP3-402G11.27,,0,unmapped,False
RP3-402G11.28,,0,unmapped,False
RP3-404F18.5,,0,unmapped,False
RP3-406A7.7,,0,unmapped,False
RP3-406P24.1,,0,unmapped,False
RP3-406P24.3,,0,unmapped,False
RP3-408N23.4,,0,unmapped,False
RP3-412A9.16,,0,unmapped,False
RP3-414A15.10,,0,unmapped,False
RP3-414A15.2,,0,unmapped,False
RP3-417G15.1,,0,unmapped,False
RP3-418A9.3,,0,unmapped,False
RP3-423B22.5,,0,unmapped,False
RP3-425P12.4,,0,unmapped,False
RP3-426I6.5,,0,unmapped,False
RP3-428L16.2,,0,unmapped,False
RP3-431A14.4,,0,unmapped,False
RP3-437C15.1,,0,unmapped,False
RP3-449M8.6,,0,unmapped,False
RP3-449O17.1,,0,unmapped,False
RP3-452M16.1,,0,unmapped,False
RP3-455J7.4,,0,unmapped,False
RP3-460G2.2,,0,unmapped,False
RP3-462E2.3,,0,unmapped,False
RP3-462E2.5,,0,unmapped,False
RP3-465N24.5,,0,unmapped,False
RP3-465N24.6,,0,unmapped,False
RP3-466P17.1,,0,unmapped,False
RP3-467K16.4,,0,unmapped,False
RP3-467L1.4,,0,unmapped,False
RP3-467L1.6,,0,unmapped,False
RP3-467N11.1,,0,unmapped,False
RP3-467N11.2,,0,unmapped,False
RP3-469D22.1,,0,unmapped,False
RP3-473L9.4,,0,unmapped,False
RP3-475N16.1,,0,unmapped,False
RP3-476K8.3,,0,unmapped,False
RP3-476K8.4,,0,unmapped,False
RP3-477M7.5,,0,unmapped,False
RP3-477O4.14,,0,unmapped,False
RP3-481A17.1,,0,unmapped,False
RP3-486I3.4,,0,unmapped,False
RP3-486I3.7,,0,unmapped,False
RP3-496C20.1,,0,unmapped,False
RP3-497J21.1,,0,unmapped,False
RP3-508I15.14,,0,unmapped,False
RP3-508I15.18,,0,unmapped,False
RP3-508I15.19,,0,unmapped,False
RP3-508I15.20,,0,unmapped,False
RP3-508I15.21,,0,unmapped,False
RP3-508I15.22,,0,unmapped,False
RP3-508I15.9,,0,unmapped,False
RP3-510D11.2,,0,unmapped,False
RP3-514P16.1,,0,unmapped,False
RP3-522J7.6,,0,unmapped,False
RP3-525N10.2,,0,unmapped,False
RP4-545C24.1,,0,unmapped,False
RP4-545K15.3,,0,unmapped,False
RP4-545K15.5,,0,unmapped,False
RP4-548D19.3,,0,unmapped,False
RP4-549L20.3,,0,unmapped,False
RP4-561L24.3,,0,unmapped,False
RP4-564F22.5,,0,unmapped,False
RP4-575N6.2,,0,unmapped,False
RP4-575N6.5,,0,unmapped,False
RP4-576H24.2,,0,unmapped,False
RP4-583P15.10,,0,unmapped,False
RP4-583P15.15,,0,unmapped,False
RP4-584D14.5,,0,unmapped,False
RP4-584D14.7,,0,unmapped,False
RP4-592A1.2,,0,unmapped,False
RP4-595K12.1,,0,unmapped,False
RP4-595K12.2,,0,unmapped,False
RP4-603I14.3,,0,unmapped,False
RP4-604A21.1,,0,unmapped,False
RP4-605O3.4,,0,unmapped,False
RP4-607I7.1,,0,unmapped,False
RP4-607J23.2,,0,unmapped,False
RP4-610C12.3,,0,unmapped,False
RP4-610C12.4,,0,unmapped,False
RP4-612B15.2,,0,unmapped,False
RP4-612B15.3,,0,unmapped,False
RP4-612B18.1,,0,unmapped,False
RP4-613B23.1,,0,unmapped,False
RP4-614O4.11,,0,unmapped,False
RP4-614O4.12,,0,unmapped,False
RP4-620F22.3,,0,unmapped,False
RP4-621B10.8,,0,unmapped,False
RP4-622L5.7,,0,unmapped,False
RP4-631H13.6,,0,unmapped,False
RP4-633O19__A.1,,0,unmapped,False
RP4-635A23.4,,0,unmapped,False
RP4-635E18.6,,0,unmapped,False
RP4-635E18.7,,0,unmapped,False
RP4-635E18.8,,0,unmapped,False
RP4-639F20.1,,0,unmapped,False
RP4-641G12.4,,0,unmapped,False
RP4-647C14.2,,0,unmapped,False
RP4-647C14.3,,0,unmapped,False
RP4-647J21.1,,0,unmapped,False
RP4-655J12.4,,0,unmapped,False
RP4-657D16.3,,0,unmapped,False
RP4-657D16.6,,0,unmapped,False
RP4-665J23.1,,0,unmapped,False
RP4-666F24.3,,0,unmapped,False
RP4-669L17.10,,0,unmapped,False
RP4-669P10.16,,0,unmapped,False
RP4-669P10.19,,0,unmapped,False
RP4-671G15.2,,0,unmapped,False
RP4-673D20.3,,0,unmapped,False
RP4-673D20.4,,0,unmapped,False
RP4-673M15.1,,0,unmapped,False
RP4-676J13.2,,0,unmapped,False
RP4-680D5.9,,0,unmapped,False
RP4-682C21.2,,0,unmapped,False
RP4-684O24.5,,0,unmapped,False
RP4-701O16.5,,0,unmapped,False
RP4-704D21.2,,0,unmapped,False
RP4-706A16.3,,0,unmapped,False
RP4-714D9.5,,0,unmapped,False
RP4-717I23.2,,0,unmapped,False
RP4-717I23.3,,0,unmapped,False
RP4-725G10.4,,0,unmapped,False
RP4-728D4.2,,0,unmapped,False
RP4-730K3.3,,0,unmapped,False
RP4-737E23.2,,0,unmapped,False
RP4-740C4.6,,0,unmapped,False
RP4-740C4.7,,0,unmapped,False
RP4-742C19.12,,0,unmapped,False
RP4-751H13.7,,0,unmapped,False
RP4-753P9.3,,0,unmapped,False
RP4-755D9.1,,0,unmapped,False
RP4-756G23.5,,0,unmapped,False
RP4-756H11.3,,0,unmapped,False
RP4-758J18.10,,0,unmapped,False
RP4-758J18.13,,0,unmapped,False
RP4-758J18.2,,0,unmapped,False
RP4-758J24.5,,0,unmapped,False
RP4-761J14.10,,0,unmapped,False
RP4-764D2.1,,0,unmapped,False
RP4-765C7.2,,0,unmapped,False
RP4-769N13.6,,0,unmapped,False
RP4-773N10.4,,0,unmapped,False
RP4-775C13.1,,0,unmapped,False
RP4-779E11.3,,0,unmapped,False
RP4-781K5.2,,0,unmapped,False
RP4-784A16.5,,0,unmapped,False
RP4-785G19.2,,0,unmapped,False
RP4-785G19.5,,0,unmapped,False
RP4-789D17.5,,0,unmapped,False
RP4-791C19.1,,0,unmapped,False
RP4-791M13.3,,0,unmapped,False
RP4-794H19.1,,0,unmapped,False
RP4-794H19.4,,0,unmapped,False
RP4-796I17.5,,0,unmapped,False
RP4-798A10.2,,0,unmapped,False
RP4-798A10.7,,0,unmapped,False
RP4-798A17.5,,0,unmapped,False
RP4-798P15.3,,0,unmapped,False
RP4-799D16.1,,0,unmapped,False
RP4-800G7.1,,0,unmapped,False
RP4-800G7.2,,0,unmapped,False
RP4-800J21.3,,0,unmapped,False
RP4-800M22.1,,0,unmapped,False
RP4-803J11.2,,0,unmapped,False
RP4-813F11.4,,0,unmapped,False
RP4-814D15.1,,0,unmapped,False
RP4-814D15.2,,0,unmapped,False
RP4-816N1.6,,0,unmapped,False
RP4-816N1.7,,0,unmapped,False
RP5-1000K24.2,,0,unmapped,False
RP5-1007M22.2,,0,unmapped,False
RP5-1009N12.1,,0,unmapped,False
RP5-1021I20.1,,0,unmapped,False
RP5-1021I20.4,,0,unmapped,False
RP5-1021I20.5,,0,unmapped,False
RP5-1021I20.6,,0,unmapped,False
RP5-1024G6.2,,0,unmapped,False
RP5-1024G6.5,,0,unmapped,False
RP5-1024G6.8,,0,unmapped,False
RP5-1024N4.4,,0,unmapped,False
RP5-1028K7.2,,0,unmapped,False
RP5-1029F21.3,,0,unmapped,False
RP5-1033H22.2,,0,unmapped,False
RP5-1039K5.17,,0,unmapped,False
RP5-1041C10.3,,0,unmapped,False
RP5-1042I8.7,,0,unmapped,False
RP5-1043L13.1,,0,unmapped,False
RP5-1050D4.5,,0,unmapped,False
RP5-1053E7.3,,0,unmapped,False
RP5-1057J7.6,,0,unmapped,False
RP5-1061H20.4,,0,unmapped,False
RP5-1065J22.8,,0,unmapped,False
RP5-1068B5.3,,0,unmapped,False
RP5-1068E13.7,,0,unmapped,False
RP5-1071N3.1,,0,unmapped,False
RP5-1073O3.7,,0,unmapped,False
RP5-1074L1.1,,0,unmapped,False
RP5-1074L1.4,,0,unmapped,False
RP5-1085F17.3,,0,unmapped,False
RP5-1086K13.1,,0,unmapped,False
RP5-1091N2.9,,0,unmapped,False
RP5-1092A11.5,,0,unmapped,False
RP5-1092A3.4,,0,unmapped,False
RP5-1096D14.3,,0,unmapped,False
RP5-1099D15.1,,0,unmapped,False
RP5-1103G7.4,,0,unmapped,False
RP5-1107A17.4,,0,unmapped,False
RP5-1109J22.1,,0,unmapped,False
RP5-1112D6.4,,0,unmapped,False
RP5-1112D6.7,,0,unmapped,False
RP5-1112D6.8,,0,unmapped,False
RP5-1115A15.1,,0,unmapped,False
RP5-1125A11.1,,0,unmapped,False
RP5-1126H10.2,,0,unmapped,False
RP5-1132H15.3,,0,unmapped,False
RP5-1136G13.2,,0,unmapped,False
RP5-1139B12.2,,0,unmapped,False
RP5-1139B12.3,,0,unmapped,False
RP5-1142A6.2,,0,unmapped,False
RP5-1142A6.9,,0,unmapped,False
RP5-1148A21.3,,0,unmapped,False
RP5-1157M23.2,,0,unmapped,False
RP5-1158E12.3,,0,unmapped,False
RP5-1159O4.1,,0,unmapped,False
RP5-1159O4.2,,0,unmapped,False
RP5-1160K1.3,,0,unmapped,False
RP5-1165K10.2,,0,unmapped,False
RP5-1180C10.2,,0,unmapped,False
RP5-1180E21.4,,0,unmapped,False
RP5-1180E21.5,,0,unmapped,False
RP5-1198O20.4,,0,unmapped,False
RP5-821D11.7,,0,unmapped,False
RP5-827C21.1,,0,unmapped,False
RP5-827C21.2,,0,unmapped,False
RP5-827C21.4,,0,unmapped,False
RP5-828H9.1,,0,unmapped,False
RP5-837I24.1,,0,unmapped,False
RP5-837J1.2,,0,unmapped,False
RP5-837J1.4,,0,unmapped,False
RP5-854E16.2,,0,unmapped,False
RP5-855D21.2,,0,unmapped,False
RP5-855D21.3,,0,unmapped,False
RP5-857K21.11,,0,unmapped,False
RP5-857K21.7,,0,unmapped,False
RP5-864K19.4,,0,unmapped,False
RP5-867C24.1,,0,unmapped,False
RP5-867C24.4,,0,unmapped,False
RP5-874C20.3,,0,unmapped,False
RP5-882C2.2,,0,unmapped,False
RP5-882O7.1,,0,unmapped,False
RP5-884G6.2,,0,unmapped,False
RP5-884M6.1,,0,unmapped,False
RP5-886K2.3,,0,unmapped,False
RP5-887A10.1,,0,unmapped,False
RP5-888M10.2,,0,unmapped,False
RP5-890E16.2,,0,unmapped,False
RP5-890O3.9,,0,unmapped,False
RP5-892K4.1,,0,unmapped,False
RP5-894A10.2,,0,unmapped,False
RP5-894A10.6,,0,unmapped,False
RP5-894D12.3,,0,unmapped,False
RP5-901A4.1,,0,unmapped,False
RP5-902P8.10,,0,unmapped,False
RP5-902P8.12,,0,unmapped,False
RP5-906A24.2,,0,unmapped,False
RP5-914P20.5,,0,unmapped,False
RP5-934G17.6,,0,unmapped,False
RP5-935K16.1,,0,unmapped,False
RP5-940J5.3,,0,unmapped,False
RP5-940J5.6,,0,unmapped,False
RP5-940J5.9,,0,unmapped,False
RP5-942I16.1,,0,unmapped,False
RP5-943J3.1,,0,unmapped,False
RP5-943J3.2,,0,unmapped,False
RP5-961K14.1,,0,unmapped,False
RP5-966M1.6,,0,unmapped,False
RP5-968J1.1,,0,unmapped,False
RP5-968P14.2,,0,unmapped,False
RP5-973M2.2,,0,unmapped,False
RP5-977B1.7,,0,unmapped,False
RP5-981O7.2,,0,unmapped,False
RP5-983L19.2,,0,unmapped,False
RP5-991C6.4,,0,unmapped,False
RP5-991G20.1,,0,unmapped,False
RP5-991G20.2,,0,unmapped,False
RP5-991G20.4,,0,unmapped,False
RP5-994D16.3,,0,unmapped,False
RP6-105D16.1,,0,unmapped,False
RP6-109B7.2,,0,unmapped,False
RP6-109B7.3,,0,unmapped,False
RP6-109B7.4,,0,unmapped,False
RP6-109B7.5,,0,unmapped,False
RP6-145B8.3,,0,unmapped,False
RP6-159A1.2,,0,unmapped,False
RP6-159A1.3,,0,unmapped,False
RP6-186E3.1,,0,unmapped,False
RP6-201G10.2,,0,unmapped,False
RP6-206I17.1,,0,unmapped,False
RP6-206I17.3,,0,unmapped,False
RP6-218J18.2,,0,unmapped,False
RP6-42F4.1,,0,unmapped,False
RP6-65G23.1,,0,unmapped,False
RP6-65G23.3,,0,unmapped,False
RP6-74O6.6,,0,unmapped,False
RP6-91H8.3,,0,unmapped,False
RP6-99M1.2,,0,unmapped,False
RP6-99M1.3,,0,unmapped,False
RP9,Q8TA86,1,HGNC_symbol,True
RP9P,,0,unmapped,False
RPA1,P27694,1,HGNC_symbol,False
RPA2,P15927,1,HGNC_symbol,False
RPA2P2,,0,unmapped,False
RPA2P3,,0,unmapped,False
RPA3,P35244,1,HGNC_symbol,True
RPA3-AS1,,0,unmapped,False
RPA4,Q13156,1,HGNC_symbol,False
RPAIN,Q86UA6,1,HGNC_symbol,True
RPAP1,Q9BWH6,1,HGNC_symbol,False
RPAP2,Q8IXW5,1,HGNC_symbol,False
RPAP3,Q9H6T3,1,HGNC_symbol,True
RPE,Q96AT9,1,HGNC_symbol,True
RPE65,Q16518,1,HGNC_symbol,False
RPEL1,Q2QD12,1,HGNC_symbol,False
RPEP4,,0,unmapped,False
RPF1,Q9H9Y2,1,HGNC_symbol,True
RPF2,Q9H7B2,1,HGNC_symbol,False
RPF2P1,,0,unmapped,False
RPGR,Q92834,1,HGNC_symbol,True
RPGRIP1,Q96KN7,1,HGNC_symbol,False
RPGRIP1L,Q68CZ1,1,HGNC_symbol,False
RPH3A,Q9Y2J0,1,HGNC_symbol,True
RPH3AL,Q9UNE2,1,HGNC_symbol,False
RPIA,P49247,1,HGNC_symbol,True
RPL10,P27635,1,HGNC_symbol,True
RPL10A,P62906,1,HGNC_symbol,False
RPL10AP2,,0,unmapped,False
RPL10AP6,,0,unmapped,False
RPL10L,Q96L21,1,HGNC_symbol,False
RPL10P1,,0,unmapped,False
RPL10P15,,0,unmapped,False
RPL10P3,,0,unmapped,False
RPL11,P62913,1,HGNC_symbol,True
RPL12,P30050,1,HGNC_symbol,True
RPL12L3,,0,unmapped,False
RPL12P1,,0,unmapped,False
RPL12P15,,0,unmapped,False
RPL12P2,,0,unmapped,False
RPL12P33,,0,unmapped,False
RPL12P38,,0,unmapped,False
RPL12P4,,0,unmapped,False
RPL12P41,,0,unmapped,False
RPL12P8,,0,unmapped,False
RPL13,P26373,1,HGNC_symbol,True
RPL13A,P40429,1,HGNC_symbol,False
RPL13AP20,,0,unmapped,False
RPL13AP25,,0,unmapped,False
RPL13AP3,Q6NVV1,1,HGNC_symbol,False
RPL13AP5,,0,unmapped,False
RPL13AP6,,0,unmapped,False
RPL13AP7,,0,unmapped,False
RPL13P12,,0,unmapped,False
RPL13P2,,0,unmapped,False
RPL13P5,,0,unmapped,False
RPL13P6,,0,unmapped,False
RPL14,P50914,1,HGNC_symbol,False
RPL14P1,,0,unmapped,False
RPL15,P61313,1,HGNC_symbol,False
RPL15P18,,0,unmapped,False
RPL15P2,,0,unmapped,False
RPL15P20,,0,unmapped,False
RPL15P3,,0,unmapped,False
RPL17,P18621,1,HGNC_symbol,False
RPL17P26,,0,unmapped,False
RPL17P43,,0,unmapped,False
RPL17P50,,0,unmapped,False
RPL18,Q07020,1,HGNC_symbol,True
RPL18A,Q02543,1,HGNC_symbol,True
RPL18AP3,,0,unmapped,False
RPL18P13,,0,unmapped,False
RPL19,P84098,1,HGNC_symbol,False
RPL19P12,,0,unmapped,False
RPL19P21,,0,unmapped,False
RPL21,P46778,1,HGNC_symbol,False
RPL21P10,,0,unmapped,False
RPL21P11,,0,unmapped,False
RPL21P116,,0,unmapped,False
RPL21P119,,0,unmapped,False
RPL21P120,,0,unmapped,False
RPL21P123,,0,unmapped,False
RPL21P134,,0,unmapped,False
RPL21P28,,0,unmapped,False
RPL21P3,,0,unmapped,False
RPL21P39,,0,unmapped,False
RPL21P44,,0,unmapped,False
RPL21P5,,0,unmapped,False
RPL21P7,,0,unmapped,False
RPL21P75,,0,unmapped,False
RPL22,P35268,1,HGNC_symbol,True
RPL22L1,Q6P5R6,1,HGNC_symbol,False
RPL22P11,,0,unmapped,False
RPL23,P62829,1,HGNC_symbol,False
RPL23A,P62750,1,HGNC_symbol,True
RPL23AP2,,0,unmapped,False
RPL23AP3,,0,unmapped,False
RPL23AP53,,0,unmapped,False
RPL23AP69,,0,unmapped,False
RPL23AP7,,0,unmapped,False
RPL23AP82,,0,unmapped,False
RPL23P2,,0,unmapped,False
RPL23P8,,0,unmapped,False
RPL24,P83731,1,HGNC_symbol,False
RPL24P2,,0,unmapped,False
RPL24P4,,0,unmapped,False
RPL24P7,,0,unmapped,False
RPL24P8,,0,unmapped,False
RPL26,P61254,1,HGNC_symbol,True
RPL26L1,Q9UNX3,1,HGNC_symbol,True
RPL26P30,,0,unmapped,False
RPL26P35,,0,unmapped,False
RPL26P37,,0,unmapped,False
RPL27,P61353,1,HGNC_symbol,False
RPL27A,P46776,1,HGNC_symbol,True
RPL27AP5,,0,unmapped,False
RPL28,P46779,1,HGNC_symbol,False
RPL29,P47914,1,HGNC_symbol,True
RPL29P11,,0,unmapped,False
RPL29P12,,0,unmapped,False
RPL29P14,,0,unmapped,False
RPL29P3,,0,unmapped,False
RPL29P33,,0,unmapped,False
RPL29P7,,0,unmapped,False
RPL3,P39023,1,HGNC_symbol,False
RPL30,P62888,1,HGNC_symbol,True
RPL30P14,,0,unmapped,False
RPL30P4,,0,unmapped,False
RPL31,P62899,1,HGNC_symbol,False
RPL31P11,,0,unmapped,False
RPL31P2,,0,unmapped,False
RPL31P28,,0,unmapped,False
RPL31P49,,0,unmapped,False
RPL31P52,,0,unmapped,False
RPL31P63,,0,unmapped,False
RPL31P7,,0,unmapped,False
RPL32,P62910,1,HGNC_symbol,True
RPL32P1,,0,unmapped,False
RPL32P3,,0,unmapped,False
RPL32P31,,0,unmapped,False
RPL34,P49207,1,HGNC_symbol,True
RPL34-AS1,,0,unmapped,False
RPL34P18,,0,unmapped,False
RPL34P22,,0,unmapped,False
RPL34P27,,0,unmapped,False
RPL34P31,,0,unmapped,False
RPL34P33,,0,unmapped,False
RPL34P34,,0,unmapped,False
RPL35,P42766,1,HGNC_symbol,True
RPL35A,P18077,1,HGNC_symbol,False
RPL35AP21,,0,unmapped,False
RPL35P1,,0,unmapped,False
RPL35P2,,0,unmapped,False
RPL35P5,,0,unmapped,False
RPL36,C0HME6,1,HGNC_symbol,False
RPL36A,P83881,1,HGNC_symbol,False
RPL36AL,Q969Q0,1,HGNC_symbol,False
RPL36AP13,,0,unmapped,False
RPL36AP15,,0,unmapped,False
RPL36AP21,,0,unmapped,False
RPL36AP26,,0,unmapped,False
RPL36AP33,,0,unmapped,False
RPL36AP45,,0,unmapped,False
RPL36P2,,0,unmapped,False
RPL37,P61927,1,HGNC_symbol,False
RPL37A,P61513,1,HGNC_symbol,True
RPL37AP1,,0,unmapped,False
RPL37AP8,A6NKH3,1,HGNC_symbol,False
RPL37P1,,0,unmapped,False
RPL37P2,,0,unmapped,False
RPL37P23,,0,unmapped,False
RPL38,P63173,1,HGNC_symbol,True
RPL38P3,,0,unmapped,False
RPL38P4,,0,unmapped,False
RPL39,P62891,1,HGNC_symbol,True
RPL39L,Q96EH5,1,HGNC_symbol,True
RPL39P3,,0,unmapped,False
RPL39P36,,0,unmapped,False
RPL39P38,,0,unmapped,False
RPL3L,Q92901,1,HGNC_symbol,False
RPL3P1,,0,unmapped,False
RPL3P10,,0,unmapped,False
RPL3P12,,0,unmapped,False
RPL3P2,,0,unmapped,False
RPL3P3,,0,unmapped,False
RPL3P4,,0,unmapped,False
RPL3P6,,0,unmapped,False
RPL3P7,,0,unmapped,False
RPL3P9,,0,unmapped,False
RPL4,P36578,1,HGNC_symbol,False
RPL41,P62945,1,HGNC_symbol,True
RPL41P1,,0,unmapped,False
RPL41P2,,0,unmapped,False
RPL4P1,,0,unmapped,False
RPL4P2,,0,unmapped,False
RPL4P3,,0,unmapped,False
RPL4P4,,0,unmapped,False
RPL4P5,,0,unmapped,False
RPL4P6,,0,unmapped,False
RPL5,P46777,1,HGNC_symbol,True
RPL5P1,,0,unmapped,False
RPL5P11,,0,unmapped,False
RPL5P12,,0,unmapped,False
RPL5P17,,0,unmapped,False
RPL5P18,,0,unmapped,False
RPL5P22,,0,unmapped,False
RPL5P23,,0,unmapped,False
RPL5P24,,0,unmapped,False
RPL5P29,,0,unmapped,False
RPL5P3,,0,unmapped,False
RPL5P30,,0,unmapped,False
RPL5P34,,0,unmapped,False
RPL5P4,,0,unmapped,False
RPL5P5,,0,unmapped,False
RPL5P6,,0,unmapped,False
RPL5P9,,0,unmapped,False
RPL6,Q02878,1,HGNC_symbol,False
RPL6P25,,0,unmapped,False
RPL6P27,,0,unmapped,False
RPL7,P18124,1,HGNC_symbol,True
RPL7A,P62424,1,HGNC_symbol,False
RPL7AP11,,0,unmapped,False
RPL7AP28,,0,unmapped,False
RPL7AP30,,0,unmapped,False
RPL7AP31,,0,unmapped,False
RPL7AP34,,0,unmapped,False
RPL7AP6,,0,unmapped,False
RPL7AP60,,0,unmapped,False
RPL7AP64,,0,unmapped,False
RPL7AP66,,0,unmapped,False
RPL7L1,Q6DKI1,1,HGNC_symbol,False
RPL7L1P3,,0,unmapped,False
RPL7L1P8,,0,unmapped,False
RPL7P1,,0,unmapped,False
RPL7P10,,0,unmapped,False
RPL7P11,,0,unmapped,False
RPL7P18,,0,unmapped,False
RPL7P19,,0,unmapped,False
RPL7P21,,0,unmapped,False
RPL7P22,,0,unmapped,False
RPL7P23,,0,unmapped,False
RPL7P24,,0,unmapped,False
RPL7P26,,0,unmapped,False
RPL7P32,,0,unmapped,False
RPL7P46,,0,unmapped,False
RPL7P47,,0,unmapped,False
RPL7P48,,0,unmapped,False
RPL7P49,,0,unmapped,False
RPL7P50,,0,unmapped,False
RPL7P6,,0,unmapped,False
RPL7P9,,0,unmapped,False
RPL8,P62917,1,HGNC_symbol,True
RPL8P2,,0,unmapped,False
RPL9,P32969,1,HGNC_symbol,True
RPL9P18,,0,unmapped,False
RPL9P28,,0,unmapped,False
RPL9P32,,0,unmapped,False
RPL9P7,2CQL,5,STRING_alias,False
RPL9P8,2CQL,5,STRING_alias,False
RPLP0,P05388,1,HGNC_symbol,True
RPLP0P2,,0,unmapped,False
RPLP0P6,Q8NHW5,1,HGNC_symbol,False
RPLP1,P05386,1,HGNC_symbol,True
RPLP2,P05387,1,HGNC_symbol,False
RPN1,P04843,1,HGNC_symbol,True
RPN2,P04844,1,HGNC_symbol,False
RPP14,O95059,1,HGNC_symbol,True
RPP21,Q9H633,1,HGNC_symbol,False
RPP25,Q9BUL9,1,HGNC_symbol,True
RPP25L,Q8N5L8,1,HGNC_symbol,True
RPP30,P78346,1,HGNC_symbol,True
RPP38,P78345,1,HGNC_symbol,False
RPP40,O75818,1,HGNC_symbol,False
RPPH1,,0,unmapped,False
RPRD1A,Q96P16,1,HGNC_symbol,False
RPRD1B,Q9NQG5,1,HGNC_symbol,False
RPRD2,Q5VT52,1,HGNC_symbol,False
RPRM,Q9NS64,1,HGNC_symbol,True
RPRML,Q8N4K4,1,HGNC_symbol,False
RPS10,P46783,1,HGNC_symbol,False
RPS10L,,0,unmapped,False
RPS10P2,,0,unmapped,False
RPS10P28,,0,unmapped,False
RPS10P3,,0,unmapped,False
RPS10P7,,0,unmapped,False
RPS11,P62280,1,HGNC_symbol,True
RPS11P5,,0,unmapped,False
RPS11P7,,0,unmapped,False
RPS12,P25398,1,HGNC_symbol,True
RPS12P23,,0,unmapped,False
RPS12P26,,0,unmapped,False
RPS12P27,,0,unmapped,False
RPS13,P62277,1,HGNC_symbol,False
RPS14,P62263,1,HGNC_symbol,False
RPS14P3,,0,unmapped,False
RPS15,P62841,1,HGNC_symbol,False
RPS15A,P62244,1,HGNC_symbol,True
RPS15AP1,,0,unmapped,False
RPS15AP10,,0,unmapped,False
RPS15AP11,,0,unmapped,False
RPS15AP12,,0,unmapped,False
RPS15AP24,,0,unmapped,False
RPS15AP38,,0,unmapped,False
RPS15AP40,,0,unmapped,False
RPS15AP5,,0,unmapped,False
RPS15P5,,0,unmapped,False
RPS16,P62249,1,HGNC_symbol,False
RPS16P5,,0,unmapped,False
RPS17,P08708,1,HGNC_symbol,False
RPS17L,40S ribosomal protein S17,5,STRING_alias,False
RPS17P2,,0,unmapped,False
RPS18,P62269,1,HGNC_symbol,True
RPS18P12,,0,unmapped,False
RPS18P6,,0,unmapped,False
RPS18P9,,0,unmapped,False
RPS19,P39019,1,HGNC_symbol,True
RPS19BP1,Q86WX3,1,HGNC_symbol,False
RPS19P1,,0,unmapped,False
RPS19P3,,0,unmapped,False
RPS2,P15880,1,HGNC_symbol,True
RPS20,P60866,1,HGNC_symbol,True
RPS20P10,,0,unmapped,False
RPS20P14,,0,unmapped,False
RPS20P22,,0,unmapped,False
RPS20P33,,0,unmapped,False
RPS20P35,,0,unmapped,False
RPS21,P63220,1,HGNC_symbol,True
RPS21P4,,0,unmapped,False
RPS23,P62266,1,HGNC_symbol,False
RPS23P2,,0,unmapped,False
RPS23P8,,0,unmapped,False
RPS24,P62847,1,HGNC_symbol,False
RPS24P16,,0,unmapped,False
RPS24P17,,0,unmapped,False
RPS24P7,,0,unmapped,False
RPS24P8,,0,unmapped,False
RPS25,P62851,1,HGNC_symbol,False
RPS26,P62854,1,HGNC_symbol,True
RPS26P11,Q5JNZ5,1,HGNC_symbol,True
RPS26P15,,0,unmapped,False
RPS26P21,,0,unmapped,False
RPS26P3,,0,unmapped,False
RPS26P31,,0,unmapped,False
RPS26P47,,0,unmapped,False
RPS26P6,,0,unmapped,False
RPS26P8,,0,unmapped,False
RPS27,P42677,1,HGNC_symbol,True
RPS27A,P62979,1,HGNC_symbol,False
RPS27AP1,,0,unmapped,False
RPS27AP2,,0,unmapped,False
RPS27L,Q71UM5,1,HGNC_symbol,False
RPS27P29,,0,unmapped,False
RPS28,P62857,1,HGNC_symbol,True
RPS29,P62273,1,HGNC_symbol,False
RPS2P1,,0,unmapped,False
RPS2P32,,0,unmapped,False
RPS2P35,,0,unmapped,False
RPS2P4,,0,unmapped,False
RPS2P44,,0,unmapped,False
RPS2P46,,0,unmapped,False
RPS2P48,,0,unmapped,False
RPS2P5,,0,unmapped,False
RPS2P55,,0,unmapped,False
RPS2P7,,0,unmapped,False
RPS3,P23396,1,HGNC_symbol,False
RPS3A,P61247,1,HGNC_symbol,False
RPS3AP25,,0,unmapped,False
RPS3AP26,,0,unmapped,False
RPS3AP3,,0,unmapped,False
RPS3AP30,,0,unmapped,False
RPS3AP34,,0,unmapped,False
RPS3AP43,,0,unmapped,False
RPS3AP44,,0,unmapped,False
RPS3AP47,,0,unmapped,False
RPS3AP49,,0,unmapped,False
RPS3AP5,,0,unmapped,False
RPS3AP6,,0,unmapped,False
RPS3P6,,0,unmapped,False
RPS4X,P62701,1,HGNC_symbol,True
RPS4XP1,,0,unmapped,False
RPS4XP11,,0,unmapped,False
RPS4XP13,,0,unmapped,False
RPS4XP14,,0,unmapped,False
RPS4XP16,,0,unmapped,False
RPS4XP17,,0,unmapped,False
RPS4XP2,,0,unmapped,False
RPS4XP20,,0,unmapped,False
RPS4XP22,,0,unmapped,False
RPS4XP3,,0,unmapped,False
RPS4XP6,,0,unmapped,False
RPS4XP7,,0,unmapped,False
RPS4XP8,,0,unmapped,False
RPS4Y1,P22090,1,HGNC_symbol,False
RPS4Y2,Q8TD47,1,HGNC_symbol,False
RPS5,P46782,1,HGNC_symbol,False
RPS5P3,,0,unmapped,False
RPS6,P62753,1,HGNC_symbol,False
RPS6KA1,Q15418,1,HGNC_symbol,True
RPS6KA2,Q15349,1,HGNC_symbol,True
RPS6KA3,P51812,1,HGNC_symbol,False
RPS6KA4,O75676,1,HGNC_symbol,True
RPS6KA5,O75582,1,HGNC_symbol,False
RPS6KA6,Q9UK32,1,HGNC_symbol,False
RPS6KB1,P23443,1,HGNC_symbol,False
RPS6KB2,Q9UBS0,1,HGNC_symbol,False
RPS6KC1,Q96S38,1,HGNC_symbol,False
RPS6KL1,Q9Y6S9,1,HGNC_symbol,False
RPS7,P62081,1,HGNC_symbol,False
RPS7P1,,0,unmapped,False
RPS7P10,,0,unmapped,False
RPS7P11,,0,unmapped,False
RPS7P14,,0,unmapped,False
RPS7P3,,0,unmapped,False
RPS7P4,,0,unmapped,False
RPS8,P62241,1,HGNC_symbol,False
RPS8P3,,0,unmapped,False
RPS9,P46781,1,HGNC_symbol,True
RPS9P1,,0,unmapped,False
RPSA,P08865,1,HGNC_symbol,True
RPSAP14,,0,unmapped,False
RPSAP15,,0,unmapped,False
RPSAP4,,0,unmapped,False
RPSAP47,,0,unmapped,False
RPSAP53,,0,unmapped,False
RPSAP54,,0,unmapped,False
RPSAP55,,0,unmapped,False
RPSAP58,,0,unmapped,False
RPSAP8,,0,unmapped,False
RPSAP9,,0,unmapped,False
RPTN,Q6XPR3,1,HGNC_symbol,True
RPTOR,Q8N122,1,HGNC_symbol,False
RPUSD1,Q9UJJ7,1,HGNC_symbol,False
RPUSD2,Q8IZ73,1,HGNC_symbol,True
RPUSD3,Q6P087,1,HGNC_symbol,False
RPUSD4,Q96CM3,1,HGNC_symbol,True
RQCD1,2FV2,5,STRING_alias,False
RRAD,P55042,1,HGNC_symbol,True
RRAGA,Q7L523,1,HGNC_symbol,False
RRAGB,Q5VZM2,1,HGNC_symbol,False
RRAGC,Q9HB90,1,HGNC_symbol,False
RRAGD,Q9NQL2,1,HGNC_symbol,False
RRAS,P10301,1,HGNC_symbol,True
RRAS2,P62070,1,HGNC_symbol,False
RRBP1,Q9P2E9,1,HGNC_symbol,False
RREB1,Q92766,1,HGNC_symbol,False
RRH,O14718,1,HGNC_symbol,False
RRM1,P23921,1,HGNC_symbol,False
RRM2,P31350,1,HGNC_symbol,True
RRM2B,Q7LG56,1,HGNC_symbol,True
RRM2P3,,0,unmapped,False
RRN3,Q9NYV6,1,HGNC_symbol,False
RRN3P1,Q2M238,1,HGNC_symbol,True
RRN3P2,A6NIE6,1,HGNC_symbol,True
RRN3P3,,0,unmapped,False
RRNAD1,51093,5,STRING_alias,False
RRP1,P56182,1,HGNC_symbol,False
RRP12,Q5JTH9,1,HGNC_symbol,False
RRP15,Q9Y3B9,1,HGNC_symbol,False
RRP1B,Q14684,1,HGNC_symbol,False
RRP36,Q96EU6,1,HGNC_symbol,False
RRP7A,Q9Y3A4,1,HGNC_symbol,False
RRP7B,,0,unmapped,False
RRP8,O43159,1,HGNC_symbol,True
RRP9,O43818,1,HGNC_symbol,False
RRS1,Q15050,1,HGNC_symbol,True
RS1,O15537,1,HGNC_symbol,True
RSAD1,Q9HA92,1,HGNC_symbol,False
RSAD2,Q8WXG1,1,HGNC_symbol,False
RSBN1,Q5VWQ0,1,HGNC_symbol,False
RSBN1L,Q6PCB5,1,HGNC_symbol,False
RSBN1L-AS1,,0,unmapped,False
RSC1A1,Q92681,1,HGNC_symbol,False
RSF1,Q96T23,1,HGNC_symbol,False
RSF1-IT1,,0,unmapped,False
RSF1-IT2,,0,unmapped,False
RSG1,79363,5,STRING_alias,False
RSKR,Q96LW2,1,HGNC_symbol,False
RSL1D1,O76021,1,HGNC_symbol,False
RSL24D1,Q9UHA3,1,HGNC_symbol,True
RSL24D1P1,,0,unmapped,False
RSL24D1P11,,0,unmapped,False
RSL24D1P3,,0,unmapped,False
RSL24D1P8,,0,unmapped,False
RSPH1,Q8WYR4,1,HGNC_symbol,True
RSPH10B,P0C881,1,HGNC_symbol,True
RSPH10B2,B2RC85,1,HGNC_symbol,False
RSPH14,Q9UHP6,1,HGNC_symbol,True
RSPH3,Q86UC2,1,HGNC_symbol,True
RSPH4A,Q5TD94,1,HGNC_symbol,True
RSPH6A,Q9H0K4,1,HGNC_symbol,False
RSPH9,Q9H1X1,1,HGNC_symbol,False
RSPO1,Q2MKA7,1,HGNC_symbol,False
RSPO2,Q6UXX9,1,HGNC_symbol,False
RSPO3,Q9BXY4,1,HGNC_symbol,False
RSPO4,Q2I0M5,1,HGNC_symbol,False
RSPRY1,Q96DX4,1,HGNC_symbol,False
RSRC1,Q96IZ7,1,HGNC_symbol,True
RSRC2,Q7L4I2,1,HGNC_symbol,True
RSRP1,Q9BUV0,1,HGNC_symbol,True
RSU1,Q15404,1,HGNC_symbol,False
RTBDN,Q9BSG5,1,HGNC_symbol,False
RTCA,O00442,1,HGNC_symbol,True
RTCB,Q9Y3I0,1,HGNC_symbol,False
RTEL1,Q9NZ71,1,HGNC_symbol,False
RTEL1-TNFRSF6B,,0,unmapped,False
RTEL1P1,,0,unmapped,False
RTF1,Q92541,1,HGNC_symbol,False
RTF2,Q9BY42,1,HGNC_symbol,True
RTFDC1,NP_057491.2,5,STRING_alias,False
RTKN,Q9BST9,1,HGNC_symbol,False
RTKN2,Q8IZC4,1,HGNC_symbol,True
RTL1,A6NKG5,1,HGNC_symbol,False
RTL10,Q7L3V2,1,HGNC_symbol,True
RTL3,Q8N8U3,1,HGNC_symbol,True
RTL4,Q6ZR62,1,HGNC_symbol,False
RTL5,Q5HYW3,1,HGNC_symbol,False
RTL6,Q6ICC9,1,HGNC_symbol,False
RTL8A,Q9BWD3,1,HGNC_symbol,True
RTL8B,Q17RB0,1,HGNC_symbol,False
RTL8C,O15255,1,HGNC_symbol,False
RTL9,Q8NET4,1,HGNC_symbol,False
RTN1,Q16799,1,HGNC_symbol,False
RTN2,O75298,1,HGNC_symbol,False
RTN3,O95197,1,HGNC_symbol,False
RTN3P1,,0,unmapped,False
RTN4,Q9NQC3,1,HGNC_symbol,False
RTN4IP1,Q8WWV3,1,HGNC_symbol,False
RTN4R,Q9BZR6,1,HGNC_symbol,True
RTN4RL1,Q86UN2,1,HGNC_symbol,True
RTN4RL2,Q86UN3,1,HGNC_symbol,True
RTP1,P59025,1,HGNC_symbol,True
RTP2,Q5QGT7,1,HGNC_symbol,False
RTP3,Q9BQQ7,1,HGNC_symbol,False
RTP4,Q96DX8,1,HGNC_symbol,False
RTP5,Q14D33,1,HGNC_symbol,True
RTRAF,Q9Y224,1,HGNC_symbol,False
RTTN,Q86VV8,1,HGNC_symbol,False
RUBCN,Q92622,1,HGNC_symbol,True
RUBCNL,Q9H714,1,HGNC_symbol,True
RUFY1,Q96T51,1,HGNC_symbol,False
RUFY2,Q8WXA3,1,HGNC_symbol,False
RUFY3,Q7L099,1,HGNC_symbol,False
RUFY4,Q6ZNE9,1,HGNC_symbol,True
RUNDC1,Q96C34,1,HGNC_symbol,False
RUNDC3A,Q59EK9,1,HGNC_symbol,False
RUNDC3B,Q96NL0,1,HGNC_symbol,True
RUNX1,Q01196,1,HGNC_symbol,False
RUNX1T1,Q06455,1,HGNC_symbol,False
RUNX2,Q13950,1,HGNC_symbol,True
RUNX3,Q13761,1,HGNC_symbol,False
RUSC1,Q9BVN2,1,HGNC_symbol,False
RUSC1-AS1,Q66K80,1,HGNC_symbol,False
RUSC2,Q8N2Y8,1,HGNC_symbol,False
RUSF1,Q96GQ5,1,HGNC_symbol,True
RUVBL1,Q9Y265,1,HGNC_symbol,False
RUVBL2,Q9Y230,1,HGNC_symbol,True
RWDD1,Q9H446,1,HGNC_symbol,False
RWDD2A,Q9UIY3,1,HGNC_symbol,False
RWDD2B,P57060,1,HGNC_symbol,False
RWDD3,Q9Y3V2,1,HGNC_symbol,True
RWDD4,Q6NW29,1,HGNC_symbol,False
RWDD4P1,,0,unmapped,False
RWDD4P2,,0,unmapped,False
RXFP1,Q9HBX9,1,HGNC_symbol,False
RXFP2,Q8WXD0,1,HGNC_symbol,True
RXFP3,Q9NSD7,1,HGNC_symbol,True
RXFP4,Q8TDU9,1,HGNC_symbol,False
RXRA,P19793,1,HGNC_symbol,False
RXRB,P28702,1,HGNC_symbol,True
RXRG,P48443,1,HGNC_symbol,False
RXYLT1,Q9Y2B1,1,HGNC_symbol,True
RYBP,Q8N488,1,HGNC_symbol,False
RYK,P34925,1,HGNC_symbol,True
RYKP1,,0,unmapped,False
RYR1,P21817,1,HGNC_symbol,False
RYR2,Q92736,1,HGNC_symbol,False
RYR3,Q15413,1,HGNC_symbol,False
S100A1,P23297,1,HGNC_symbol,False
S100A10,P60903,1,HGNC_symbol,False
S100A11,P31949,1,HGNC_symbol,True
S100A12,P80511,1,HGNC_symbol,False
S100A13,Q99584,1,HGNC_symbol,False
S100A14,Q9HCY8,1,HGNC_symbol,False
S100A16,Q96FQ6,1,HGNC_symbol,False
S100A2,P29034,1,HGNC_symbol,True
S100A3,P33764,1,HGNC_symbol,False
S100A4,P26447,1,HGNC_symbol,False
S100A5,P33763,1,HGNC_symbol,True
S100A6,P06703,1,HGNC_symbol,False
S100A7,P31151,1,HGNC_symbol,True
S100A7A,Q86SG5,1,HGNC_symbol,True
S100A8,P05109,1,HGNC_symbol,False
S100A9,P06702,1,HGNC_symbol,False
S100B,P04271,1,HGNC_symbol,False
S100G,P29377,1,HGNC_symbol,False
S100P,P25815,1,HGNC_symbol,False
S100PBP,Q96BU1,1,HGNC_symbol,False
S100Z,Q8WXG8,1,HGNC_symbol,False
S1PR1,P21453,1,HGNC_symbol,True
S1PR2,O95136,1,HGNC_symbol,False
S1PR3,Q99500,1,HGNC_symbol,False
S1PR4,O95977,1,HGNC_symbol,False
S1PR5,Q9H228,1,HGNC_symbol,True
SAA1,P0DJI8,1,HGNC_symbol,True
SAA2,P0DJI9,1,HGNC_symbol,True
SAA4,P35542,1,HGNC_symbol,True
SAAL1,Q96ER3,1,HGNC_symbol,False
SAC3D1,A6NKF1,1,HGNC_symbol,True
SACM1L,Q9NTJ5,1,HGNC_symbol,False
SACS,Q9NZJ4,1,HGNC_symbol,False
SAE1,Q9UBE0,1,HGNC_symbol,False
SAFB,Q15424,1,HGNC_symbol,True
SAFB2,Q14151,1,HGNC_symbol,False
SAG,P10523,1,HGNC_symbol,False
SAGE1,Q9NXZ1,1,HGNC_symbol,True
SALL1,Q9NSC2,1,HGNC_symbol,False
SALL2,Q9Y467,1,HGNC_symbol,False
SALL3,Q9BXA9,1,HGNC_symbol,False
SALL4,Q9UJQ4,1,HGNC_symbol,False
SAMD1,Q6SPF0,1,HGNC_symbol,False
SAMD10,Q9BYL1,1,HGNC_symbol,False
SAMD11,Q96NU1,1,HGNC_symbol,False
SAMD12,Q8N8I0,1,HGNC_symbol,False
SAMD13,Q5VXD3,1,HGNC_symbol,False
SAMD14,Q8IZD0,1,HGNC_symbol,True
SAMD15,Q9P1V8,1,HGNC_symbol,False
SAMD3,Q8N6K7,1,HGNC_symbol,False
SAMD4A,Q9UPU9,1,HGNC_symbol,True
SAMD4B,Q5PRF9,1,HGNC_symbol,False
SAMD5,Q5TGI4,1,HGNC_symbol,True
SAMD7,Q7Z3H4,1,HGNC_symbol,False
SAMD8,Q96LT4,1,HGNC_symbol,False
SAMD9,Q5K651,1,HGNC_symbol,False
SAMD9L,Q8IVG5,1,HGNC_symbol,False
SAMHD1,Q9Y3Z3,1,HGNC_symbol,False
SAMM50,Q9Y512,1,HGNC_symbol,True
SAMSN1,Q9NSI8,1,HGNC_symbol,False
SAMTOR,Q1RMZ1,1,HGNC_symbol,False
SANBR,Q6NSI8,1,HGNC_symbol,False
SAP130,Q9H0E3,1,HGNC_symbol,False
SAP18,O00422,1,HGNC_symbol,False
SAP25,Q8TEE9,1,HGNC_symbol,False
SAP30,O75446,1,HGNC_symbol,False
SAP30BP,Q9UHR5,1,HGNC_symbol,True
SAP30L,Q9HAJ7,1,HGNC_symbol,False
SAP30L-AS1,,0,unmapped,False
SAPCD1,Q5SSQ6,1,HGNC_symbol,True
SAPCD1-AS1,,0,unmapped,False
SAPCD2,Q86UD0,1,HGNC_symbol,False
SAR1A,Q9NR31,1,HGNC_symbol,False
SAR1B,Q9Y6B6,1,HGNC_symbol,True
SARAF,Q96BY9,1,HGNC_symbol,False
SARDH,Q9UL12,1,HGNC_symbol,True
SARM1,Q6SZW1,1,HGNC_symbol,False
SARNP,P82979,1,HGNC_symbol,False
SARS,3VBB,5,STRING_alias,False
SARS1,P49591,1,HGNC_symbol,True
SARS2,Q9NP81,1,HGNC_symbol,False
SART1,O43290,1,HGNC_symbol,True
SART3,Q15020,1,HGNC_symbol,True
SASH1,O94885,1,HGNC_symbol,False
SASH3,O75995,1,HGNC_symbol,False
SASS6,Q6UVJ0,1,HGNC_symbol,False
SAT1,P21673,1,HGNC_symbol,False
SAT2,Q96F10,1,HGNC_symbol,False
SATB1,Q01826,1,HGNC_symbol,False
SATB2,Q9UPW6,1,HGNC_symbol,False
SATB2-AS1,,0,unmapped,False
SATL1,Q86VE3,1,HGNC_symbol,True
SAV1,Q9H4B6,1,HGNC_symbol,False
SAXO1,Q8IYX7,1,HGNC_symbol,True
SAXO2,Q658L1,1,HGNC_symbol,False
SAXO3,A0A1B0GTJ6,1,HGNC_symbol,True
SAXO4,Q7Z5V6,1,HGNC_symbol,False
SAXO5,Q8NA69,1,HGNC_symbol,True
SAYSD1,Q9NPB0,1,HGNC_symbol,False
SBDS,Q9Y3A5,1,HGNC_symbol,False
SBDSP1,,0,unmapped,False
SBF1,O95248,1,HGNC_symbol,False
SBF2,Q86WG5,1,HGNC_symbol,False
SBF2-AS1,,0,unmapped,False
SBK1,Q52WX2,1,HGNC_symbol,False
SBK2,P0C263,1,HGNC_symbol,False
SBK3,P0C264,1,HGNC_symbol,False
SBNO1,A3KN83,1,HGNC_symbol,False
SBNO2,Q9Y2G9,1,HGNC_symbol,False
SBSN,Q6UWP8,1,HGNC_symbol,True
SBSPON,Q8IVN8,1,HGNC_symbol,False
SC22CB-1E7.1,,0,unmapped,False
SC5D,O75845,1,HGNC_symbol,False
SCAF1,Q9H7N4,1,HGNC_symbol,False
SCAF11,Q99590,1,HGNC_symbol,False
SCAF4,O95104,1,HGNC_symbol,False
SCAF8,Q9UPN6,1,HGNC_symbol,False
SCAI,Q8N9R8,1,HGNC_symbol,True
SCAMP1,O15126,1,HGNC_symbol,True
SCAMP2,O15127,1,HGNC_symbol,True
SCAMP3,O14828,1,HGNC_symbol,True
SCAMP4,Q969E2,1,HGNC_symbol,True
SCAMP5,Q8TAC9,1,HGNC_symbol,False
SCAND1,P57086,1,HGNC_symbol,True
SCAND2P,Q9GZW5,1,HGNC_symbol,True
SCAND3,Q6R2W3,1,HGNC_symbol,False
SCAP,Q12770,1,HGNC_symbol,False
SCAPER,Q9BY12,1,HGNC_symbol,False
SCARA3,Q6AZY7,1,HGNC_symbol,False
SCARA5,Q6ZMJ2,1,HGNC_symbol,False
SCARB1,Q8WTV0,1,HGNC_symbol,True
SCARB2,Q14108,1,HGNC_symbol,True
SCARF1,Q14162,1,HGNC_symbol,False
SCARF2,Q96GP6,1,HGNC_symbol,False
SCARNA13,,0,unmapped,False
SCARNA17,,0,unmapped,False
SCARNA2,,0,unmapped,False
SCARNA24,,0,unmapped,False
SCARNA3,,0,unmapped,False
SCARNA4,,0,unmapped,False
SCARNA5,,0,unmapped,False
SCARNA6,,0,unmapped,False
SCARNA7,,0,unmapped,False
SCARNA8,,0,unmapped,False
SCARNA9,,0,unmapped,False
SCART1,Q4G0T1,1,HGNC_symbol,False
SCCPDH,Q8NBX0,1,HGNC_symbol,False
SCD,O00767,1,HGNC_symbol,True
SCD5,Q86SK9,1,HGNC_symbol,True
SCDP1,,0,unmapped,False
SCEL,O95171,1,HGNC_symbol,False
SCFD1,Q8WVM8,1,HGNC_symbol,False
SCFD2,Q8WU76,1,HGNC_symbol,True
SCG2,P13521,1,HGNC_symbol,False
SCG3,Q8WXD2,1,HGNC_symbol,False
SCG5,P05408,1,HGNC_symbol,False
SCGB1A1,P11684,1,HGNC_symbol,False
SCGB1B2P,,0,unmapped,False
SCGB1C1,Q8TD33,1,HGNC_symbol,False
SCGB1C2,P0DMR2,1,HGNC_symbol,True
SCGB1D1,O95968,1,HGNC_symbol,True
SCGB1D2,O95969,1,HGNC_symbol,True
SCGB1D4,Q6XE38,1,HGNC_symbol,True
SCGB2A1,O75556,1,HGNC_symbol,False
SCGB2A2,Q13296,1,HGNC_symbol,False
SCGB2B2,Q4G0G5,1,HGNC_symbol,True
SCGB3A1,Q96QR1,1,HGNC_symbol,True
SCGB3A2,Q96PL1,1,HGNC_symbol,True
SCGN,O76038,1,HGNC_symbol,True
SCHIP1,P0DPB3,1,HGNC_symbol,True
SCIMP,Q6UWF3,1,HGNC_symbol,False
SCIN,Q9Y6U3,1,HGNC_symbol,False
SCLT1,Q96NL6,1,HGNC_symbol,False
SCLY,Q96I15,1,HGNC_symbol,True
SCMH1,Q96GD3,1,HGNC_symbol,False
SCML1,Q9UN30,1,HGNC_symbol,True
SCML2,Q9UQR0,1,HGNC_symbol,True
SCML2P2,,0,unmapped,False
SCML4,Q8N228,1,HGNC_symbol,False
SCN10A,Q9Y5Y9,1,HGNC_symbol,False
SCN11A,Q9UI33,1,HGNC_symbol,False
SCN1A,P35498,1,HGNC_symbol,False
SCN1B,Q07699,1,HGNC_symbol,False
SCN2A,Q99250,1,HGNC_symbol,False
SCN2B,O60939,1,HGNC_symbol,False
SCN3A,Q9NY46,1,HGNC_symbol,False
SCN3B,Q9NY72,1,HGNC_symbol,True
SCN4A,P35499,1,HGNC_symbol,False
SCN4B,Q8IWT1,1,HGNC_symbol,False
SCN5A,Q14524,1,HGNC_symbol,False
SCN7A,Q01118,1,HGNC_symbol,False
SCN8A,Q9UQD0,1,HGNC_symbol,False
SCN9A,Q15858,1,HGNC_symbol,False
SCNM1,Q9BWG6,1,HGNC_symbol,False
SCNN1A,P37088,1,HGNC_symbol,True
SCNN1B,P51168,1,HGNC_symbol,False
SCNN1D,P51172,1,HGNC_symbol,True
SCNN1G,P51170,1,HGNC_symbol,False
SCO1,O75880,1,HGNC_symbol,False
SCO2,O43819,1,HGNC_symbol,False
SCOC,Q9UIL1,1,HGNC_symbol,True
SCP2,P22307,1,HGNC_symbol,False
SCP2D1,Q9UJQ7,1,HGNC_symbol,True
SCPEP1,Q9HB40,1,HGNC_symbol,True
SCRG1,O75711,1,HGNC_symbol,True
SCRIB,Q14160,1,HGNC_symbol,False
SCRN1,Q12765,1,HGNC_symbol,False
SCRN2,Q96FV2,1,HGNC_symbol,True
SCRN3,Q0VDG4,1,HGNC_symbol,False
SCRT1,Q9BWW7,1,HGNC_symbol,True
SCRT2,Q9NQ03,1,HGNC_symbol,False
SCT,P09683,1,HGNC_symbol,False
SCTR,P47872,1,HGNC_symbol,True
SCUBE1,Q8IWY4,1,HGNC_symbol,True
SCUBE2,Q9NQ36,1,HGNC_symbol,False
SCUBE3,Q8IX30,1,HGNC_symbol,False
SCX,Q7RTU7,1,HGNC_symbol,False
SCXB,642658,5,STRING_alias,False
SCYGR1,A0A286YEY9,1,HGNC_symbol,False
SCYGR10,A0A286YEX9,1,HGNC_symbol,False
SCYGR2,A0A286YFB4,1,HGNC_symbol,True
SCYGR3,A0A286YF60,1,HGNC_symbol,False
SCYGR4,A0A286YEV6,1,HGNC_symbol,True
SCYGR5,A0A286YF46,1,HGNC_symbol,True
SCYGR6,A0A286YF77,1,HGNC_symbol,True
SCYGR7,A0A286YF01,1,HGNC_symbol,False
SCYGR8,A0A286YFG1,1,HGNC_symbol,False
SCYL1,Q96KG9,1,HGNC_symbol,False
SCYL2,Q6P3W7,1,HGNC_symbol,True
SCYL3,Q8IZE3,1,HGNC_symbol,True
SDAD1,Q9NVU7,1,HGNC_symbol,False
SDAD1P1,,0,unmapped,False
SDAD1P2,,0,unmapped,False
SDC1,P18827,1,HGNC_symbol,True
SDC2,P34741,1,HGNC_symbol,True
SDC3,O75056,1,HGNC_symbol,True
SDC4,P31431,1,HGNC_symbol,False
SDCBP,O00560,1,HGNC_symbol,False
SDCBP2,Q9H190,1,HGNC_symbol,True
SDCBP2-AS1,,0,unmapped,False
SDCBPP2,,0,unmapped,False
SDCBPP3,,0,unmapped,False
SDCCAG3,10807,5,STRING_alias,False
SDCCAG3P1,,0,unmapped,False
SDCCAG3P2,,0,unmapped,False
SDCCAG8,Q86SQ7,1,HGNC_symbol,False
SDE2,Q6IQ49,1,HGNC_symbol,False
SDF2,Q99470,1,HGNC_symbol,True
SDF2L1,Q9HCN8,1,HGNC_symbol,True
SDF4,Q9BRK5,1,HGNC_symbol,False
SDHA,P31040,1,HGNC_symbol,False
SDHAF1,A6NFY7,1,HGNC_symbol,False
SDHAF2,Q9NX18,1,HGNC_symbol,False
SDHAF3,Q9NRP4,1,HGNC_symbol,False
SDHAF4,Q5VUM1,1,HGNC_symbol,False
SDHAP1,,0,unmapped,False
SDHAP3,,0,unmapped,False
SDHB,P21912,1,HGNC_symbol,True
SDHC,Q99643,1,HGNC_symbol,False
SDHCP4,,0,unmapped,False
SDHD,O14521,1,HGNC_symbol,False
SDHDP2,,0,unmapped,False
SDHDP6,,0,unmapped,False
SDK1,Q7Z5N4,1,HGNC_symbol,False
SDK2,Q58EX2,1,HGNC_symbol,False
SDPR,8436,5,STRING_alias,False
SDR16C5,Q8N3Y7,1,HGNC_symbol,False
SDR39U1,Q9NRG7,1,HGNC_symbol,False
SDR42E1,Q8WUS8,1,HGNC_symbol,True
SDR42E2,A6NKP2,1,HGNC_symbol,False
SDR9C7,Q8NEX9,1,HGNC_symbol,False
SDS,P20132,1,HGNC_symbol,False
SDSL,Q96GA7,1,HGNC_symbol,True
SEBOX,Q9HB31,1,HGNC_symbol,False
SEC11A,P67812,1,HGNC_symbol,False
SEC11C,Q9BY50,1,HGNC_symbol,False
SEC13,P55735,1,HGNC_symbol,False
SEC14L1,Q92503,1,HGNC_symbol,True
SEC14L1P1,,0,unmapped,False
SEC14L2,O76054,1,HGNC_symbol,True
SEC14L3,Q9UDX4,1,HGNC_symbol,False
SEC14L4,Q9UDX3,1,HGNC_symbol,True
SEC14L5,O43304,1,HGNC_symbol,True
SEC14L6,B5MCN3,1,HGNC_symbol,False
SEC16A,O15027,1,HGNC_symbol,False
SEC16B,Q96JE7,1,HGNC_symbol,False
SEC1P,,0,unmapped,False
SEC22A,Q96IW7,1,HGNC_symbol,True
SEC22B,O75396,1,HGNC_symbol,False
SEC22C,Q9BRL7,1,HGNC_symbol,False
SEC23A,Q15436,1,HGNC_symbol,False
SEC23B,Q15437,1,HGNC_symbol,True
SEC23IP,Q9Y6Y8,1,HGNC_symbol,True
SEC24A,O95486,1,HGNC_symbol,False
SEC24B,O95487,1,HGNC_symbol,False
SEC24B-AS1,,0,unmapped,False
SEC24C,P53992,1,HGNC_symbol,False
SEC24D,O94855,1,HGNC_symbol,False
SEC31A,O94979,1,HGNC_symbol,False
SEC31B,Q9NQW1,1,HGNC_symbol,False
SEC61A1,P61619,1,HGNC_symbol,False
SEC61A2,Q9H9S3,1,HGNC_symbol,True
SEC61B,P60468,1,HGNC_symbol,False
SEC61G,P60059,1,HGNC_symbol,False
SEC62,Q99442,1,HGNC_symbol,True
SEC63,Q9UGP8,1,HGNC_symbol,False
SEC63P1,,0,unmapped,False
SECISBP2,Q96T21,1,HGNC_symbol,True
SECISBP2L,Q93073,1,HGNC_symbol,False
SECTM1,Q8WVN6,1,HGNC_symbol,False
SEH1L,Q96EE3,1,HGNC_symbol,False
SEL1L,Q9UBV2,1,HGNC_symbol,True
SEL1L2,Q5TEA6,1,HGNC_symbol,False
SEL1L3,Q68CR1,1,HGNC_symbol,False
SELE,P16581,1,HGNC_symbol,False
SELENBP1,Q13228,1,HGNC_symbol,False
SELENOF,O60613,1,HGNC_symbol,True
SELENOH,Q8IZQ5,1,HGNC_symbol,True
SELENOI,Q9C0D9,1,HGNC_symbol,False
SELENOK,Q9Y6D0,1,HGNC_symbol,False
SELENOM,Q8WWX9,1,HGNC_symbol,False
SELENON,Q9NZV5,1,HGNC_symbol,False
SELENOO,Q9BVL4,1,HGNC_symbol,False
SELENOP,P49908,1,HGNC_symbol,False
SELENOS,Q9BQE4,1,HGNC_symbol,False
SELENOT,P62341,1,HGNC_symbol,False
SELENOV,P59797,1,HGNC_symbol,True
SELENOW,P63302,1,HGNC_symbol,True
SELK,58515,5,STRING_alias,False
SELL,P14151,1,HGNC_symbol,False
SELM,140606,5,STRING_alias,False
SELO,2.7.7.-,5,STRING_alias,False
SELP,P16109,1,HGNC_symbol,True
SELPLG,Q14242,1,HGNC_symbol,False
SELT,1.8.1.9,5,STRING_alias,False
SEM1,Q6ZVN7,1,HGNC_symbol,True
SEMA3A,Q14563,1,HGNC_symbol,False
SEMA3B,Q13214,1,HGNC_symbol,True
SEMA3C,Q99985,1,HGNC_symbol,False
SEMA3D,O95025,1,HGNC_symbol,False
SEMA3E,O15041,1,HGNC_symbol,False
SEMA3F,Q13275,1,HGNC_symbol,False
SEMA3G,Q9NS98,1,HGNC_symbol,True
SEMA4A,Q9H3S1,1,HGNC_symbol,False
SEMA4B,Q9NPR2,1,HGNC_symbol,True
SEMA4C,Q9C0C4,1,HGNC_symbol,True
SEMA4D,Q92854,1,HGNC_symbol,False
SEMA4F,O95754,1,HGNC_symbol,True
SEMA4G,Q9NTN9,1,HGNC_symbol,True
SEMA5A,Q13591,1,HGNC_symbol,False
SEMA5B,Q9P283,1,HGNC_symbol,False
SEMA6A,Q9H2E6,1,HGNC_symbol,False
SEMA6B,Q9H3T3,1,HGNC_symbol,True
SEMA6C,Q9H3T2,1,HGNC_symbol,False
SEMA6D,Q8NFY4,1,HGNC_symbol,False
SEMA7A,O75326,1,HGNC_symbol,True
SEMG1,P04279,1,HGNC_symbol,False
SEMG2,Q02383,1,HGNC_symbol,True
SENCR,,0,unmapped,False
SENP1,Q9P0U3,1,HGNC_symbol,False
SENP2,Q9HC62,1,HGNC_symbol,False
SENP3,Q9H4L4,1,HGNC_symbol,False
SENP3-EIF4A1,,0,unmapped,False
SENP5,Q96HI0,1,HGNC_symbol,True
SENP6,Q9GZR1,1,HGNC_symbol,False
SENP7,Q9BQF6,1,HGNC_symbol,False
SENP8,Q96LD8,1,HGNC_symbol,False
SEP15,15 kDa selenoprotein,5,STRING_alias,False
SEPHS1,P49903,1,HGNC_symbol,True
SEPHS1P4,,0,unmapped,False
SEPHS1P6,,0,unmapped,False
SEPHS2,Q99611,1,HGNC_symbol,False
SEPN1,57190,5,STRING_alias,False
SEPP1,6414,5,STRING_alias,False
SEPSECS,Q9HD40,1,HGNC_symbol,True
SEPT1,1731,5,STRING_alias,False
SEPT10,151011,5,STRING_alias,False
SEPT11,55752,5,STRING_alias,False
SEPT12,124404,5,STRING_alias,False
SEPT2,2QA5,5,STRING_alias,False
SEPT2P1,,0,unmapped,False
SEPT3,3SOP,5,STRING_alias,False
SEPT4,,0,unmapped,False
SEPT5,5413,5,STRING_alias,False
SEPT6,23157,5,STRING_alias,False
SEPT7,2QAG,5,STRING_alias,False
SEPT7P2,,0,unmapped,False
SEPT7P3,,0,unmapped,False
SEPT7P6,,0,unmapped,False
SEPT7P7,,0,unmapped,False
SEPT7P8,,0,unmapped,False
SEPT7P9,,0,unmapped,False
SEPT8,23176,5,STRING_alias,False
SEPT9,10801,5,STRING_alias,False
SEPTIN1,Q8WYJ6,1,HGNC_symbol,False
SEPTIN10,Q9P0V9,1,HGNC_symbol,False
SEPTIN11,Q9NVA2,1,HGNC_symbol,True
SEPTIN12,Q8IYM1,1,HGNC_symbol,False
SEPTIN14,Q6ZU15,1,HGNC_symbol,False
SEPTIN2,Q15019,1,HGNC_symbol,True
SEPTIN3,Q9UH03,1,HGNC_symbol,False
SEPTIN4,O43236,1,HGNC_symbol,False
SEPTIN5,Q99719,1,HGNC_symbol,True
SEPTIN6,Q14141,1,HGNC_symbol,False
SEPTIN7,Q16181,1,HGNC_symbol,True
SEPTIN8,Q92599,1,HGNC_symbol,False
SEPTIN9,Q9UHD8,1,HGNC_symbol,False
SEPW1,6415,5,STRING_alias,False
SEPW1P,,0,unmapped,False
SERAC1,Q96JX3,1,HGNC_symbol,False
SERBP1,Q8NC51,1,HGNC_symbol,True
SERBP1P1,,0,unmapped,False
SERBP1P5,,0,unmapped,False
SERBP1P6,,0,unmapped,False
SERF1A,O75920,1,HGNC_symbol,True
SERF1B,728492,5,STRING_alias,False
SERF2,P84101,1,HGNC_symbol,False
SERGEF,Q9UGK8,1,HGNC_symbol,False
SERHL,Q9NQF3,1,HGNC_symbol,True
SERHL2,Q9H4I8,1,HGNC_symbol,False
SERINC1,Q9NRX5,1,HGNC_symbol,True
SERINC2,Q96SA4,1,HGNC_symbol,True
SERINC3,Q13530,1,HGNC_symbol,False
SERINC4,A6NH21,1,HGNC_symbol,False
SERINC5,Q86VE9,1,HGNC_symbol,True
SERP1,Q9Y6X1,1,HGNC_symbol,False
SERP2,Q8N6R1,1,HGNC_symbol,False
SERPINA1,P01009,1,HGNC_symbol,True
SERPINA10,Q9UK55,1,HGNC_symbol,True
SERPINA11,Q86U17,1,HGNC_symbol,True
SERPINA12,Q8IW75,1,HGNC_symbol,False
SERPINA2,P20848,1,HGNC_symbol,False
SERPINA3,P01011,1,HGNC_symbol,True
SERPINA4,P29622,1,HGNC_symbol,True
SERPINA5,P05154,1,HGNC_symbol,False
SERPINA6,P08185,1,HGNC_symbol,True
SERPINA7,P05543,1,HGNC_symbol,False
SERPINA9,Q86WD7,1,HGNC_symbol,False
SERPINB1,P30740,1,HGNC_symbol,True
SERPINB10,P48595,1,HGNC_symbol,False
SERPINB11,Q96P15,1,HGNC_symbol,False
SERPINB12,Q96P63,1,HGNC_symbol,False
SERPINB13,Q9UIV8,1,HGNC_symbol,False
SERPINB2,P05120,1,HGNC_symbol,False
SERPINB3,P29508,1,HGNC_symbol,False
SERPINB4,P48594,1,HGNC_symbol,True
SERPINB5,P36952,1,HGNC_symbol,True
SERPINB6,P35237,1,HGNC_symbol,True
SERPINB7,O75635,1,HGNC_symbol,True
SERPINB8,P50452,1,HGNC_symbol,False
SERPINB9,P50453,1,HGNC_symbol,False
SERPINC1,P01008,1,HGNC_symbol,False
SERPIND1,P05546,1,HGNC_symbol,False
SERPINE1,P05121,1,HGNC_symbol,True
SERPINE2,P07093,1,HGNC_symbol,False
SERPINE3,A8MV23,1,HGNC_symbol,False
SERPINF1,P36955,1,HGNC_symbol,True
SERPINF2,P08697,1,HGNC_symbol,False
SERPING1,P05155,1,HGNC_symbol,False
SERPINH1,P50454,1,HGNC_symbol,False
SERPINI1,Q99574,1,HGNC_symbol,False
SERPINI2,O75830,1,HGNC_symbol,True
SERTAD1,Q9UHV2,1,HGNC_symbol,True
SERTAD2,Q14140,1,HGNC_symbol,False
SERTAD3,Q9UJW9,1,HGNC_symbol,False
SERTAD4,Q9NUC0,1,HGNC_symbol,True
SERTM1,A2A2V5,1,HGNC_symbol,False
SERTM2,A0A1B0GWG4,1,HGNC_symbol,True
SESN1,Q9Y6P5,1,HGNC_symbol,True
SESN2,P58004,1,HGNC_symbol,True
SESN3,P58005,1,HGNC_symbol,True
SESTD1,Q86VW0,1,HGNC_symbol,True
SET,Q01105,1,HGNC_symbol,False
SETBP1,Q9Y6X0,1,HGNC_symbol,False
SETD1A,O15047,1,HGNC_symbol,False
SETD1B,Q9UPS6,1,HGNC_symbol,False
SETD2,Q9BYW2,1,HGNC_symbol,False
SETD3,Q86TU7,1,HGNC_symbol,False
SETD4,Q9NVD3,1,HGNC_symbol,True
SETD5,Q9C0A6,1,HGNC_symbol,False
SETD5-AS1,,0,unmapped,False
SETD6,Q8TBK2,1,HGNC_symbol,False
SETD7,Q8WTS6,1,HGNC_symbol,False
SETD8,1ZKK,5,STRING_alias,False
SETD9,Q8NE22,1,HGNC_symbol,True
SETDB1,Q15047,1,HGNC_symbol,False
SETDB2,Q96T68,1,HGNC_symbol,False
SETMAR,Q53H47,1,HGNC_symbol,False
SETP14,,0,unmapped,False
SETP17,,0,unmapped,False
SETP2,,0,unmapped,False
SETP20,,0,unmapped,False
SETP21,,0,unmapped,False
SETP4,,0,unmapped,False
SETP8,,0,unmapped,False
SETSIP,P0DME0,1,HGNC_symbol,False
SETX,Q7Z333,1,HGNC_symbol,False
SEZ6,Q53EL9,1,HGNC_symbol,True
SEZ6L,Q9BYH1,1,HGNC_symbol,True
SEZ6L2,Q6UXD5,1,HGNC_symbol,True
SF1,Q15637,1,HGNC_symbol,True
SF3A1,Q15459,1,HGNC_symbol,False
SF3A2,Q15428,1,HGNC_symbol,True
SF3A3,Q12874,1,HGNC_symbol,False
SF3A3P1,,0,unmapped,False
SF3A3P2,,0,unmapped,False
SF3B1,O75533,1,HGNC_symbol,False
SF3B14,2F9D,5,STRING_alias,False
SF3B2,Q13435,1,HGNC_symbol,False
SF3B3,Q15393,1,HGNC_symbol,False
SF3B4,Q15427,1,HGNC_symbol,False
SF3B5,Q9BWJ5,1,HGNC_symbol,False
SF3B6,Q9Y3B4,1,HGNC_symbol,False
SFI1,A8K8P3,1,HGNC_symbol,False
SFMBT1,Q9UHJ3,1,HGNC_symbol,True
SFMBT2,Q5VUG0,1,HGNC_symbol,True
SFN,P31947,1,HGNC_symbol,True
SFPQ,P23246,1,HGNC_symbol,True
SFR1,Q86XK3,1,HGNC_symbol,True
SFRP1,Q8N474,1,HGNC_symbol,True
SFRP2,Q96HF1,1,HGNC_symbol,True
SFRP4,Q6FHJ7,1,HGNC_symbol,False
SFRP5,Q5T4F7,1,HGNC_symbol,False
SFSWAP,Q12872,1,HGNC_symbol,False
SFT2D1,Q8WV19,1,HGNC_symbol,False
SFT2D2,O95562,1,HGNC_symbol,False
SFT2D3,Q587I9,1,HGNC_symbol,False
SFTA2,Q6UW10,1,HGNC_symbol,True
SFTPA1,Q8IWL2,1,HGNC_symbol,True
SFTPA2,Q8IWL1,1,HGNC_symbol,False
SFTPB,P07988,1,HGNC_symbol,False
SFTPC,P11686,1,HGNC_symbol,False
SFTPD,P35247,1,HGNC_symbol,True
SFXN1,Q9H9B4,1,HGNC_symbol,False
SFXN2,Q96NB2,1,HGNC_symbol,False
SFXN3,Q9BWM7,1,HGNC_symbol,True
SFXN4,Q6P4A7,1,HGNC_symbol,False
SFXN5,Q8TD22,1,HGNC_symbol,False
SGCA,Q16586,1,HGNC_symbol,True
SGCB,Q16585,1,HGNC_symbol,False
SGCD,Q92629,1,HGNC_symbol,True
SGCE,O43556,1,HGNC_symbol,True
SGCG,Q13326,1,HGNC_symbol,False
SGCZ,Q96LD1,1,HGNC_symbol,True
SGF29,Q96ES7,1,HGNC_symbol,False
SGIP1,Q9BQI5,1,HGNC_symbol,True
SGK1,O00141,1,HGNC_symbol,True
SGK2,Q9HBY8,1,HGNC_symbol,False
SGK223,157285,5,STRING_alias,False
SGK3,Q96BR1,1,HGNC_symbol,True
SGK494,2.7.11.1,5,STRING_alias,False
SGMS1,Q86VZ5,1,HGNC_symbol,True
SGMS2,Q8NHU3,1,HGNC_symbol,True
SGO1,Q5FBB7,1,HGNC_symbol,True
SGO2,Q562F6,1,HGNC_symbol,False
SGOL1,151648,5,STRING_alias,False
SGOL1-AS1,,0,unmapped,False
SGOL2,151246,5,STRING_alias,False
SGPL1,O95470,1,HGNC_symbol,True
SGPP1,Q9BX95,1,HGNC_symbol,False
SGPP2,Q8IWX5,1,HGNC_symbol,False
SGSH,P51688,1,HGNC_symbol,False
SGSM1,Q2NKQ1,1,HGNC_symbol,False
SGSM2,O43147,1,HGNC_symbol,True
SGSM3,Q96HU1,1,HGNC_symbol,True
SGTA,O43765,1,HGNC_symbol,False
SGTB,Q96EQ0,1,HGNC_symbol,False
SH2B1,Q9NRF2,1,HGNC_symbol,True
SH2B2,O14492,1,HGNC_symbol,True
SH2B3,Q9UQQ2,1,HGNC_symbol,False
SH2D1A,O60880,1,HGNC_symbol,False
SH2D1B,O14796,1,HGNC_symbol,True
SH2D2A,Q9NP31,1,HGNC_symbol,False
SH2D3A,Q9BRG2,1,HGNC_symbol,True
SH2D3C,Q8N5H7,1,HGNC_symbol,False
SH2D4A,Q9H788,1,HGNC_symbol,False
SH2D4B,Q5SQS7,1,HGNC_symbol,True
SH2D5,Q6ZV89,1,HGNC_symbol,True
SH2D6,Q7Z4S9,1,HGNC_symbol,False
SH2D7,A6NKC9,1,HGNC_symbol,True
SH3BGR,P55822,1,HGNC_symbol,True
SH3BGRL,O75368,1,HGNC_symbol,False
SH3BGRL2,Q9UJC5,1,HGNC_symbol,False
SH3BGRL3,Q9H299,1,HGNC_symbol,False
SH3BP1,Q9Y3L3,1,HGNC_symbol,True
SH3BP2,P78314,1,HGNC_symbol,True
SH3BP4,Q9P0V3,1,HGNC_symbol,True
SH3BP5,O60239,1,HGNC_symbol,False
SH3BP5-AS1,,0,unmapped,False
SH3BP5L,Q7L8J4,1,HGNC_symbol,True
SH3D19,Q5HYK7,1,HGNC_symbol,False
SH3D21,A4FU49,1,HGNC_symbol,False
SH3GL1,Q99961,1,HGNC_symbol,False
SH3GL1P1,,0,unmapped,False
SH3GL1P2,,0,unmapped,False
SH3GL2,Q99962,1,HGNC_symbol,False
SH3GL3,Q99963,1,HGNC_symbol,True
SH3GLB1,Q9Y371,1,HGNC_symbol,True
SH3GLB2,Q9NR46,1,HGNC_symbol,True
SH3KBP1,Q96B97,1,HGNC_symbol,True
SH3PXD2A,Q5TCZ1,1,HGNC_symbol,False
SH3PXD2B,A1X283,1,HGNC_symbol,False
SH3RF1,Q7Z6J0,1,HGNC_symbol,True
SH3RF2,Q8TEC5,1,HGNC_symbol,False
SH3RF3,Q8TEJ3,1,HGNC_symbol,False
SH3RF3-AS1,,0,unmapped,False
SH3TC1,Q8TE82,1,HGNC_symbol,False
SH3TC2,Q8TF17,1,HGNC_symbol,False
SH3YL1,Q96HL8,1,HGNC_symbol,False
SHANK1,Q9Y566,1,HGNC_symbol,False
SHANK2,Q9UPX8,1,HGNC_symbol,False
SHANK3,Q9BYB0,1,HGNC_symbol,False
SHARPIN,Q9H0F6,1,HGNC_symbol,True
SHB,Q15464,1,HGNC_symbol,True
SHBG,P04278,1,HGNC_symbol,False
SHC1,P29353,1,HGNC_symbol,True
SHC1P2,,0,unmapped,False
SHC2,P98077,1,HGNC_symbol,True
SHC3,Q92529,1,HGNC_symbol,True
SHC4,Q6S5L8,1,HGNC_symbol,False
SHCBP1,Q8NEM2,1,HGNC_symbol,False
SHCBP1L,Q9BZQ2,1,HGNC_symbol,False
SHD,Q96IW2,1,HGNC_symbol,False
SHE,Q5VZ18,1,HGNC_symbol,False
SHF,Q7M4L6,1,HGNC_symbol,False
SHFL,Q9NUL5,1,HGNC_symbol,True
SHFM1,A0A087WUG5,5,STRING_alias,False
SHH,Q15465,1,HGNC_symbol,False
SHISA2,Q6UWI4,1,HGNC_symbol,False
SHISA3,A0PJX4,1,HGNC_symbol,True
SHISA4,Q96DD7,1,HGNC_symbol,False
SHISA5,Q8N114,1,HGNC_symbol,False
SHISA6,Q6ZSJ9,1,HGNC_symbol,True
SHISA7,A6NL88,1,HGNC_symbol,True
SHISA8,B8ZZ34,1,HGNC_symbol,False
SHISA9,B4DS77,1,HGNC_symbol,False
SHISAL1,Q3SXP7,1,HGNC_symbol,False
SHISAL2A,Q6UWV7,1,HGNC_symbol,False
SHISAL2B,A6NKW6,1,HGNC_symbol,False
SHKBP1,Q8TBC3,1,HGNC_symbol,False
SHLD1,Q8IYI0,1,HGNC_symbol,False
SHLD2,Q86V20,1,HGNC_symbol,True
SHLD3,Q6ZNX1,1,HGNC_symbol,False
SHMT1,P34896,1,HGNC_symbol,False
SHMT2,P34897,1,HGNC_symbol,False
SHOC1,Q5VXU9,1,HGNC_symbol,False
SHOC2,Q9UQ13,1,HGNC_symbol,False
SHOX,O15266,1,HGNC_symbol,True
SHOX2,O60902,1,HGNC_symbol,False
SHPK,Q9UHJ6,1,HGNC_symbol,True
SHPRH,Q149N8,1,HGNC_symbol,False
SHQ1,Q6PI26,1,HGNC_symbol,False
SHROOM1,Q2M3G4,1,HGNC_symbol,True
SHROOM2,Q13796,1,HGNC_symbol,False
SHROOM3,Q8TF72,1,HGNC_symbol,False
SHROOM4,Q9ULL8,1,HGNC_symbol,False
SHTN1,A0MZ66,1,HGNC_symbol,False
SI,P14410,1,HGNC_symbol,False
SIAE,Q9HAT2,1,HGNC_symbol,True
SIAH1,Q8IUQ4,1,HGNC_symbol,False
SIAH2,O43255,1,HGNC_symbol,False
SIAH3,Q8IW03,1,HGNC_symbol,True
SIDT1,Q9NXL6,1,HGNC_symbol,True
SIDT2,Q8NBJ9,1,HGNC_symbol,True
SIGIRR,Q6IA17,1,HGNC_symbol,False
SIGLEC1,Q9BZZ2,1,HGNC_symbol,False
SIGLEC10,Q96LC7,1,HGNC_symbol,True
SIGLEC11,Q96RL6,1,HGNC_symbol,False
SIGLEC12,Q96PQ1,1,HGNC_symbol,True
SIGLEC14,Q08ET2,1,HGNC_symbol,True
SIGLEC15,Q6ZMC9,1,HGNC_symbol,False
SIGLEC16,A6NMB1,1,HGNC_symbol,False
SIGLEC17P,,0,unmapped,False
SIGLEC18P,,0,unmapped,False
SIGLEC19P,,0,unmapped,False
SIGLEC20P,,0,unmapped,False
SIGLEC22P,,0,unmapped,False
SIGLEC5,O15389,1,HGNC_symbol,False
SIGLEC6,O43699,1,HGNC_symbol,True
SIGLEC7,Q9Y286,1,HGNC_symbol,False
SIGLEC8,Q9NYZ4,1,HGNC_symbol,False
SIGLEC9,Q9Y336,1,HGNC_symbol,False
SIGLECL1,Q8N7X8,1,HGNC_symbol,True
SIGMAR1,Q99720,1,HGNC_symbol,True
SIK1,P57059,1,HGNC_symbol,False
SIK2,Q9H0K1,1,HGNC_symbol,True
SIK3,Q9Y2K2,1,HGNC_symbol,False
SIK3-IT1,,0,unmapped,False
SIKE1,Q9BRV8,1,HGNC_symbol,True
SIL1,Q9H173,1,HGNC_symbol,True
SIM1,P81133,1,HGNC_symbol,True
SIM2,Q14190,1,HGNC_symbol,False
SIMC1,Q8NDZ2,1,HGNC_symbol,False
SIN3A,Q96ST3,1,HGNC_symbol,False
SIN3B,O75182,1,HGNC_symbol,False
SINHCAF,Q9NP50,1,HGNC_symbol,True
SIPA1,Q96FS4,1,HGNC_symbol,False
SIPA1L1,O43166,1,HGNC_symbol,False
SIPA1L2,Q9P2F8,1,HGNC_symbol,False
SIPA1L3,O60292,1,HGNC_symbol,False
SIRPA,P78324,1,HGNC_symbol,False
SIRPAP1,,0,unmapped,False
SIRPB1,O00241,1,HGNC_symbol,False
SIRPB2,Q5JXA9,1,HGNC_symbol,False
SIRPB3P,,0,unmapped,False
SIRPD,Q9H106,1,HGNC_symbol,False
SIRPG,Q9P1W8,1,HGNC_symbol,True
SIRT1,Q96EB6,1,HGNC_symbol,False
SIRT2,Q8IXJ6,1,HGNC_symbol,False
SIRT3,Q9NTG7,1,HGNC_symbol,True
SIRT4,Q9Y6E7,1,HGNC_symbol,True
SIRT5,Q9NXA8,1,HGNC_symbol,False
SIRT6,Q8N6T7,1,HGNC_symbol,True
SIRT7,Q9NRC8,1,HGNC_symbol,True
SIT1,Q9Y3P8,1,HGNC_symbol,False
SIVA1,O15304,1,HGNC_symbol,False
SIX1,Q15475,1,HGNC_symbol,False
SIX2,Q9NPC8,1,HGNC_symbol,False
SIX3,O95343,1,HGNC_symbol,False
SIX4,Q9UIU6,1,HGNC_symbol,False
SIX5,Q8N196,1,HGNC_symbol,False
SIX6,O95475,1,HGNC_symbol,False
SKA1,Q96BD8,1,HGNC_symbol,True
SKA2,Q8WVK7,1,HGNC_symbol,False
SKA2P1,,0,unmapped,False
SKA3,Q8IX90,1,HGNC_symbol,False
SKAP1,Q86WV1,1,HGNC_symbol,False
SKAP2,O75563,1,HGNC_symbol,False
SKI,P12755,1,HGNC_symbol,True
SKIC2,Q15477,1,HGNC_symbol,False
SKIC3,Q6PGP7,1,HGNC_symbol,False
SKIC8,Q9GZS3,1,HGNC_symbol,False
SKIDA1,Q1XH10,1,HGNC_symbol,False
SKIL,P12757,1,HGNC_symbol,False
SKIV2L,3.6.4.-,5,STRING_alias,False
SKIV2L2,23517,5,STRING_alias,False
SKOR1,P84550,1,HGNC_symbol,False
SKOR2,Q2VWA4,1,HGNC_symbol,False
SKP1,P63208,1,HGNC_symbol,False
SKP1P1,,0,unmapped,False
SKP2,Q13309,1,HGNC_symbol,False
SLA,Q13239,1,HGNC_symbol,False
SLA2,Q9H6Q3,1,HGNC_symbol,False
SLAIN1,Q8ND83,1,HGNC_symbol,True
SLAIN2,Q9P270,1,HGNC_symbol,False
SLAMF1,Q13291,1,HGNC_symbol,True
SLAMF6,Q96DU3,1,HGNC_symbol,True
SLAMF7,Q9NQ25,1,HGNC_symbol,False
SLAMF8,Q9P0V8,1,HGNC_symbol,True
SLAMF9,Q96A28,1,HGNC_symbol,False
SLBP,Q14493,1,HGNC_symbol,False
SLC10A1,Q14973,1,HGNC_symbol,True
SLC10A2,Q12908,1,HGNC_symbol,False
SLC10A3,P09131,1,HGNC_symbol,True
SLC10A4,Q96EP9,1,HGNC_symbol,True
SLC10A5,Q5PT55,1,HGNC_symbol,False
SLC10A6,Q3KNW5,1,HGNC_symbol,True
SLC10A7,Q0GE19,1,HGNC_symbol,True
SLC11A1,P49279,1,HGNC_symbol,False
SLC11A2,P49281,1,HGNC_symbol,True
SLC12A1,Q13621,1,HGNC_symbol,False
SLC12A2,P55011,1,HGNC_symbol,False
SLC12A3,P55017,1,HGNC_symbol,False
SLC12A4,Q9UP95,1,HGNC_symbol,False
SLC12A5,Q9H2X9,1,HGNC_symbol,False
SLC12A6,Q9UHW9,1,HGNC_symbol,False
SLC12A7,Q9Y666,1,HGNC_symbol,False
SLC12A8,A0AV02,1,HGNC_symbol,True
SLC12A9,Q9BXP2,1,HGNC_symbol,True
SLC13A1,Q9BZW2,1,HGNC_symbol,False
SLC13A2,Q13183,1,HGNC_symbol,False
SLC13A3,Q8WWT9,1,HGNC_symbol,False
SLC13A4,Q9UKG4,1,HGNC_symbol,False
SLC13A5,Q86YT5,1,HGNC_symbol,True
SLC14A1,Q13336,1,HGNC_symbol,True
SLC14A2,Q15849,1,HGNC_symbol,True
SLC15A1,P46059,1,HGNC_symbol,True
SLC15A2,Q16348,1,HGNC_symbol,False
SLC15A3,Q8IY34,1,HGNC_symbol,False
SLC15A4,Q8N697,1,HGNC_symbol,False
SLC15A5,A6NIM6,1,HGNC_symbol,True
SLC16A1,P53985,1,HGNC_symbol,True
SLC16A1-AS1,,0,unmapped,False
SLC16A10,Q8TF71,1,HGNC_symbol,False
SLC16A11,Q8NCK7,1,HGNC_symbol,False
SLC16A12,Q6ZSM3,1,HGNC_symbol,False
SLC16A13,Q7RTY0,1,HGNC_symbol,False
SLC16A14,Q7RTX9,1,HGNC_symbol,False
SLC16A2,P36021,1,HGNC_symbol,True
SLC16A3,O15427,1,HGNC_symbol,False
SLC16A4,O15374,1,HGNC_symbol,False
SLC16A5,O15375,1,HGNC_symbol,False
SLC16A6,O15403,1,HGNC_symbol,False
SLC16A6P1,,0,unmapped,False
SLC16A7,O60669,1,HGNC_symbol,False
SLC16A8,O95907,1,HGNC_symbol,True
SLC16A9,Q7RTY1,1,HGNC_symbol,True
SLC17A1,Q14916,1,HGNC_symbol,False
SLC17A2,O00624,1,HGNC_symbol,True
SLC17A3,O00476,1,HGNC_symbol,False
SLC17A4,Q9Y2C5,1,HGNC_symbol,False
SLC17A5,Q9NRA2,1,HGNC_symbol,False
SLC17A6,Q9P2U8,1,HGNC_symbol,False
SLC17A7,Q9P2U7,1,HGNC_symbol,False
SLC17A8,Q8NDX2,1,HGNC_symbol,True
SLC17A9,Q9BYT1,1,HGNC_symbol,True
SLC18A1,P54219,1,HGNC_symbol,True
SLC18A2,Q05940,1,HGNC_symbol,True
SLC18A3,Q16572,1,HGNC_symbol,False
SLC18B1,Q6NT16,1,HGNC_symbol,False
SLC19A1,P41440,1,HGNC_symbol,False
SLC19A2,O60779,1,HGNC_symbol,False
SLC19A3,Q9BZV2,1,HGNC_symbol,False
SLC1A1,P43005,1,HGNC_symbol,True
SLC1A2,P43004,1,HGNC_symbol,False
SLC1A3,P43003,1,HGNC_symbol,False
SLC1A4,P43007,1,HGNC_symbol,False
SLC1A5,Q15758,1,HGNC_symbol,True
SLC1A6,P48664,1,HGNC_symbol,False
SLC1A7,O00341,1,HGNC_symbol,True
SLC20A1,Q8WUM9,1,HGNC_symbol,True
SLC20A2,Q08357,1,HGNC_symbol,True
SLC22A1,O15245,1,HGNC_symbol,False
SLC22A10,Q63ZE4,1,HGNC_symbol,True
SLC22A11,Q9NSA0,1,HGNC_symbol,False
SLC22A12,Q96S37,1,HGNC_symbol,False
SLC22A13,Q9Y226,1,HGNC_symbol,True
SLC22A14,Q9Y267,1,HGNC_symbol,False
SLC22A15,Q8IZD6,1,HGNC_symbol,False
SLC22A16,Q86VW1,1,HGNC_symbol,True
SLC22A17,Q8WUG5,1,HGNC_symbol,False
SLC22A18,5002,5,STRING_alias,False
SLC22A18AS,5003,5,STRING_alias,False
SLC22A2,O15244,1,HGNC_symbol,True
SLC22A20,,0,unmapped,False
SLC22A23,A1A5C7,1,HGNC_symbol,True
SLC22A24,Q8N4F4,1,HGNC_symbol,True
SLC22A25,Q6T423,1,HGNC_symbol,False
SLC22A3,O75751,1,HGNC_symbol,False
SLC22A31,A6NKX4,1,HGNC_symbol,True
SLC22A4,Q9H015,1,HGNC_symbol,False
SLC22A5,O76082,1,HGNC_symbol,False
SLC22A6,Q4U2R8,1,HGNC_symbol,False
SLC22A7,Q9Y694,1,HGNC_symbol,False
SLC22A8,Q8TCC7,1,HGNC_symbol,True
SLC22A9,Q8IVM8,1,HGNC_symbol,False
SLC23A1,Q9UHI7,1,HGNC_symbol,True
SLC23A2,Q9UGH3,1,HGNC_symbol,True
SLC23A3,Q6PIS1,1,HGNC_symbol,False
SLC24A1,O60721,1,HGNC_symbol,False
SLC24A2,Q9UI40,1,HGNC_symbol,False
SLC24A3,Q9HC58,1,HGNC_symbol,True
SLC24A4,Q8NFF2,1,HGNC_symbol,False
SLC24A5,Q71RS6,1,HGNC_symbol,True
SLC25A1,P53007,1,HGNC_symbol,True
SLC25A10,Q9UBX3,1,HGNC_symbol,False
SLC25A11,Q02978,1,HGNC_symbol,False
SLC25A12,O75746,1,HGNC_symbol,False
SLC25A13,Q9UJS0,1,HGNC_symbol,False
SLC25A14,O95258,1,HGNC_symbol,False
SLC25A15,Q9Y619,1,HGNC_symbol,True
SLC25A16,P16260,1,HGNC_symbol,False
SLC25A17,O43808,1,HGNC_symbol,False
SLC25A18,Q9H1K4,1,HGNC_symbol,False
SLC25A19,Q9HC21,1,HGNC_symbol,False
SLC25A2,Q9BXI2,1,HGNC_symbol,False
SLC25A20,O43772,1,HGNC_symbol,False
SLC25A21,Q9BQT8,1,HGNC_symbol,False
SLC25A22,Q9H936,1,HGNC_symbol,False
SLC25A23,Q9BV35,1,HGNC_symbol,True
SLC25A24,Q6NUK1,1,HGNC_symbol,True
SLC25A25,Q6KCM7,1,HGNC_symbol,False
SLC25A26,Q70HW3,1,HGNC_symbol,True
SLC25A27,O95847,1,HGNC_symbol,True
SLC25A28,Q96A46,1,HGNC_symbol,True
SLC25A29,Q8N8R3,1,HGNC_symbol,False
SLC25A3,Q00325,1,HGNC_symbol,True
SLC25A30,Q5SVS4,1,HGNC_symbol,True
SLC25A30-AS1,,0,unmapped,False
SLC25A31,Q9H0C2,1,HGNC_symbol,False
SLC25A32,Q9H2D1,1,HGNC_symbol,False
SLC25A33,Q9BSK2,1,HGNC_symbol,False
SLC25A34,Q6PIV7,1,HGNC_symbol,False
SLC25A35,Q3KQZ1,1,HGNC_symbol,False
SLC25A36,Q96CQ1,1,HGNC_symbol,True
SLC25A37,Q9NYZ2,1,HGNC_symbol,True
SLC25A38,Q96DW6,1,HGNC_symbol,True
SLC25A38P1,,0,unmapped,False
SLC25A39,Q9BZJ4,1,HGNC_symbol,True
SLC25A4,P12235,1,HGNC_symbol,False
SLC25A40,Q8TBP6,1,HGNC_symbol,False
SLC25A41,Q8N5S1,1,HGNC_symbol,True
SLC25A42,Q86VD7,1,HGNC_symbol,False
SLC25A43,Q8WUT9,1,HGNC_symbol,False
SLC25A44,Q96H78,1,HGNC_symbol,True
SLC25A45,Q8N413,1,HGNC_symbol,False
SLC25A46,Q96AG3,1,HGNC_symbol,False
SLC25A47,Q6Q0C1,1,HGNC_symbol,False
SLC25A48,Q6ZT89,1,HGNC_symbol,True
SLC25A5,P05141,1,HGNC_symbol,True
SLC25A5-AS1,,0,unmapped,False
SLC25A51,Q9H1U9,1,HGNC_symbol,False
SLC25A52,Q3SY17,1,HGNC_symbol,True
SLC25A53,Q5H9E4,1,HGNC_symbol,False
SLC25A5P2,,0,unmapped,False
SLC25A6,P12236,1,HGNC_symbol,True
SLC25A6P2,,0,unmapped,False
SLC26A1,Q9H2B4,1,HGNC_symbol,True
SLC26A10,65012,5,STRING_alias,False
SLC26A11,Q86WA9,1,HGNC_symbol,False
SLC26A2,P50443,1,HGNC_symbol,True
SLC26A3,P40879,1,HGNC_symbol,False
SLC26A4,O43511,1,HGNC_symbol,False
SLC26A5,P58743,1,HGNC_symbol,True
SLC26A6,Q9BXS9,1,HGNC_symbol,False
SLC26A7,Q8TE54,1,HGNC_symbol,True
SLC26A8,Q96RN1,1,HGNC_symbol,False
SLC26A9,Q7LBE3,1,HGNC_symbol,False
SLC27A1,Q6PCB7,1,HGNC_symbol,False
SLC27A2,O14975,1,HGNC_symbol,False
SLC27A3,Q5K4L6,1,HGNC_symbol,False
SLC27A4,Q6P1M0,1,HGNC_symbol,True
SLC27A5,Q9Y2P5,1,HGNC_symbol,False
SLC27A6,Q9Y2P4,1,HGNC_symbol,True
SLC28A1,O00337,1,HGNC_symbol,True
SLC28A2,O43868,1,HGNC_symbol,False
SLC28A3,Q9HAS3,1,HGNC_symbol,True
SLC29A1,Q99808,1,HGNC_symbol,False
SLC29A2,Q14542,1,HGNC_symbol,True
SLC29A3,Q9BZD2,1,HGNC_symbol,True
SLC29A4,Q7RTT9,1,HGNC_symbol,True
SLC2A1,P11166,1,HGNC_symbol,False
SLC2A1-AS1,,0,unmapped,False
SLC2A10,O95528,1,HGNC_symbol,False
SLC2A11,Q9BYW1,1,HGNC_symbol,True
SLC2A12,Q8TD20,1,HGNC_symbol,False
SLC2A13,Q96QE2,1,HGNC_symbol,True
SLC2A14,Q8TDB8,1,HGNC_symbol,True
SLC2A2,P11168,1,HGNC_symbol,False
SLC2A3,P11169,1,HGNC_symbol,False
SLC2A3P2,,0,unmapped,False
SLC2A3P4,,0,unmapped,False
SLC2A4,P14672,1,HGNC_symbol,False
SLC2A4RG,Q9NR83,1,HGNC_symbol,False
SLC2A5,P22732,1,HGNC_symbol,False
SLC2A6,Q9UGQ3,1,HGNC_symbol,False
SLC2A7,Q6PXP3,1,HGNC_symbol,False
SLC2A8,Q9NY64,1,HGNC_symbol,False
SLC2A9,Q9NRM0,1,HGNC_symbol,True
SLC30A1,Q9Y6M5,1,HGNC_symbol,False
SLC30A10,Q6XR72,1,HGNC_symbol,False
SLC30A2,Q9BRI3,1,HGNC_symbol,True
SLC30A3,Q99726,1,HGNC_symbol,False
SLC30A4,O14863,1,HGNC_symbol,False
SLC30A5,Q8TAD4,1,HGNC_symbol,True
SLC30A6,Q6NXT4,1,HGNC_symbol,False
SLC30A7,Q8NEW0,1,HGNC_symbol,False
SLC30A8,Q8IWU4,1,HGNC_symbol,False
SLC30A9,Q6PML9,1,HGNC_symbol,False
SLC31A1,O15431,1,HGNC_symbol,False
SLC31A2,O15432,1,HGNC_symbol,False
SLC32A1,Q9H598,1,HGNC_symbol,False
SLC33A1,O00400,1,HGNC_symbol,False
SLC34A1,Q06495,1,HGNC_symbol,True
SLC34A2,O95436,1,HGNC_symbol,True
SLC34A3,Q8N130,1,HGNC_symbol,False
SLC35A1,P78382,1,HGNC_symbol,False
SLC35A2,P78381,1,HGNC_symbol,False
SLC35A3,Q9Y2D2,1,HGNC_symbol,False
SLC35A4,Q96G79,1,HGNC_symbol,False
SLC35A5,Q9BS91,1,HGNC_symbol,True
SLC35B1,P78383,1,HGNC_symbol,True
SLC35B2,Q8TB61,1,HGNC_symbol,True
SLC35B3,Q9H1N7,1,HGNC_symbol,False
SLC35B4,Q969S0,1,HGNC_symbol,False
SLC35C1,Q96A29,1,HGNC_symbol,False
SLC35C2,51006,5,STRING_alias,False
SLC35D1,Q9NTN3,1,HGNC_symbol,False
SLC35D2,Q76EJ3,1,HGNC_symbol,True
SLC35D3,Q5M8T2,1,HGNC_symbol,False
SLC35E1,Q96K37,1,HGNC_symbol,False
SLC35E1P1,,0,unmapped,False
SLC35E2,9906,5,STRING_alias,False
SLC35E2B,P0CK96,1,HGNC_symbol,False
SLC35E3,Q7Z769,1,HGNC_symbol,True
SLC35E4,Q6ICL7,1,HGNC_symbol,False
SLC35F1,Q5T1Q4,1,HGNC_symbol,False
SLC35F2,Q8IXU6,1,HGNC_symbol,False
SLC35F3,Q8IY50,1,HGNC_symbol,False
SLC35F4,A4IF30,1,HGNC_symbol,True
SLC35F5,Q8WV83,1,HGNC_symbol,True
SLC35F6,Q8N357,1,HGNC_symbol,False
SLC35G1,Q2M3R5,1,HGNC_symbol,False
SLC35G2,Q8TBE7,1,HGNC_symbol,False
SLC35G3,Q8N808,1,HGNC_symbol,True
SLC35G4,P0C7Q5,1,HGNC_symbol,False
SLC35G5,Q96KT7,1,HGNC_symbol,True
SLC35G6,P0C7Q6,1,HGNC_symbol,False
SLC36A1,Q7Z2H8,1,HGNC_symbol,False
SLC36A2,Q495M3,1,HGNC_symbol,True
SLC36A3,Q495N2,1,HGNC_symbol,False
SLC36A4,Q6YBV0,1,HGNC_symbol,True
SLC37A1,P57057,1,HGNC_symbol,False
SLC37A2,Q8TED4,1,HGNC_symbol,False
SLC37A3,Q8NCC5,1,HGNC_symbol,True
SLC37A4,O43826,1,HGNC_symbol,True
SLC38A1,Q9H2H9,1,HGNC_symbol,False
SLC38A10,Q9HBR0,1,HGNC_symbol,False
SLC38A11,Q08AI6,1,HGNC_symbol,False
SLC38A2,Q96QD8,1,HGNC_symbol,False
SLC38A3,Q99624,1,HGNC_symbol,False
SLC38A4,Q969I6,1,HGNC_symbol,True
SLC38A5,Q8WUX1,1,HGNC_symbol,True
SLC38A6,Q8IZM9,1,HGNC_symbol,False
SLC38A7,Q9NVC3,1,HGNC_symbol,False
SLC38A8,A6NNN8,1,HGNC_symbol,True
SLC38A9,Q8NBW4,1,HGNC_symbol,False
SLC39A1,Q9NY26,1,HGNC_symbol,True
SLC39A10,Q9ULF5,1,HGNC_symbol,False
SLC39A11,Q8N1S5,1,HGNC_symbol,False
SLC39A12,Q504Y0,1,HGNC_symbol,False
SLC39A13,Q96H72,1,HGNC_symbol,False
SLC39A14,Q15043,1,HGNC_symbol,True
SLC39A2,Q9NP94,1,HGNC_symbol,False
SLC39A3,Q9BRY0,1,HGNC_symbol,True
SLC39A4,Q6P5W5,1,HGNC_symbol,False
SLC39A5,Q6ZMH5,1,HGNC_symbol,True
SLC39A6,Q13433,1,HGNC_symbol,True
SLC39A7,Q92504,1,HGNC_symbol,True
SLC39A8,Q9C0K1,1,HGNC_symbol,True
SLC39A9,Q9NUM3,1,HGNC_symbol,False
SLC3A1,Q07837,1,HGNC_symbol,False
SLC3A2,P08195,1,HGNC_symbol,True
SLC40A1,Q9NP59,1,HGNC_symbol,False
SLC41A1,Q8IVJ1,1,HGNC_symbol,True
SLC41A2,Q96JW4,1,HGNC_symbol,True
SLC41A3,Q96GZ6,1,HGNC_symbol,True
SLC43A1,O75387,1,HGNC_symbol,True
SLC43A2,Q8N370,1,HGNC_symbol,True
SLC43A3,Q8NBI5,1,HGNC_symbol,False
SLC44A1,Q8WWI5,1,HGNC_symbol,True
SLC44A2,Q8IWA5,1,HGNC_symbol,False
SLC44A3,Q8N4M1,1,HGNC_symbol,True
SLC44A4,Q53GD3,1,HGNC_symbol,True
SLC44A5,Q8NCS7,1,HGNC_symbol,True
SLC45A1,Q9Y2W3,1,HGNC_symbol,True
SLC45A2,Q9UMX9,1,HGNC_symbol,False
SLC45A3,Q96JT2,1,HGNC_symbol,False
SLC45A4,Q5BKX6,1,HGNC_symbol,False
SLC46A1,Q96NT5,1,HGNC_symbol,True
SLC46A2,Q9BY10,1,HGNC_symbol,False
SLC46A3,Q7Z3Q1,1,HGNC_symbol,False
SLC47A1,Q96FL8,1,HGNC_symbol,False
SLC47A2,Q86VL8,1,HGNC_symbol,True
SLC48A1,Q6P1K1,1,HGNC_symbol,False
SLC49A3,Q6UXD7,1,HGNC_symbol,False
SLC49A4,Q96SL1,1,HGNC_symbol,True
SLC4A1,P02730,1,HGNC_symbol,True
SLC4A10,Q6U841,1,HGNC_symbol,False
SLC4A11,Q8NBS3,1,HGNC_symbol,False
SLC4A1AP,Q9BWU0,1,HGNC_symbol,True
SLC4A2,P04920,1,HGNC_symbol,False
SLC4A3,P48751,1,HGNC_symbol,False
SLC4A4,Q9Y6R1,1,HGNC_symbol,False
SLC4A5,Q9BY07,1,HGNC_symbol,False
SLC4A7,Q9Y6M7,1,HGNC_symbol,False
SLC4A8,Q2Y0W8,1,HGNC_symbol,False
SLC4A9,Q96Q91,1,HGNC_symbol,True
SLC50A1,Q9BRV3,1,HGNC_symbol,False
SLC51A,Q86UW1,1,HGNC_symbol,False
SLC51B,Q86UW2,1,HGNC_symbol,False
SLC52A1,Q9NWF4,1,HGNC_symbol,True
SLC52A2,Q9HAB3,1,HGNC_symbol,False
SLC52A3,Q9NQ40,1,HGNC_symbol,True
SLC5A1,P13866,1,HGNC_symbol,False
SLC5A10,A0PJK1,1,HGNC_symbol,False
SLC5A11,Q8WWX8,1,HGNC_symbol,False
SLC5A12,Q1EHB4,1,HGNC_symbol,True
SLC5A2,P31639,1,HGNC_symbol,False
SLC5A3,P53794,1,HGNC_symbol,True
SLC5A4,Q9NY91,1,HGNC_symbol,False
SLC5A5,Q92911,1,HGNC_symbol,True
SLC5A6,Q9Y289,1,HGNC_symbol,True
SLC5A7,Q9GZV3,1,HGNC_symbol,False
SLC5A8,Q8N695,1,HGNC_symbol,True
SLC5A9,Q2M3M2,1,HGNC_symbol,False
SLC66A1,Q6ZP29,1,HGNC_symbol,False
SLC66A2,Q8N2U9,1,HGNC_symbol,False
SLC66A3,Q8N755,1,HGNC_symbol,True
SLC67A1,Q96BI1,1,HGNC_symbol,True
SLC6A1,P30531,1,HGNC_symbol,False
SLC6A10P,,0,unmapped,False
SLC6A11,P48066,1,HGNC_symbol,False
SLC6A12,P48065,1,HGNC_symbol,True
SLC6A13,Q9NSD5,1,HGNC_symbol,False
SLC6A14,Q9UN76,1,HGNC_symbol,False
SLC6A15,Q9H2J7,1,HGNC_symbol,True
SLC6A16,Q9GZN6,1,HGNC_symbol,True
SLC6A17,Q9H1V8,1,HGNC_symbol,False
SLC6A18,Q96N87,1,HGNC_symbol,False
SLC6A19,Q695T7,1,HGNC_symbol,True
SLC6A2,P23975,1,HGNC_symbol,True
SLC6A20,Q9NP91,1,HGNC_symbol,False
SLC6A3,Q01959,1,HGNC_symbol,False
SLC6A4,P31645,1,HGNC_symbol,False
SLC6A5,Q9Y345,1,HGNC_symbol,False
SLC6A6,P31641,1,HGNC_symbol,True
SLC6A7,Q99884,1,HGNC_symbol,False
SLC6A8,P48029,1,HGNC_symbol,False
SLC6A9,P48067,1,HGNC_symbol,True
SLC7A1,P30825,1,HGNC_symbol,True
SLC7A10,Q9NS82,1,HGNC_symbol,False
SLC7A11,Q9UPY5,1,HGNC_symbol,False
SLC7A13,Q8TCU3,1,HGNC_symbol,False
SLC7A14,Q8TBB6,1,HGNC_symbol,True
SLC7A2,P52569,1,HGNC_symbol,False
SLC7A3,Q8WY07,1,HGNC_symbol,False
SLC7A4,O43246,1,HGNC_symbol,False
SLC7A5,Q01650,1,HGNC_symbol,False
SLC7A5P1,Q8MH63,1,HGNC_symbol,True
SLC7A6,Q92536,1,HGNC_symbol,True
SLC7A6OS,Q96CW6,1,HGNC_symbol,False
SLC7A7,Q9UM01,1,HGNC_symbol,False
SLC7A8,Q9UHI5,1,HGNC_symbol,True
SLC7A9,P82251,1,HGNC_symbol,False
SLC8A1,P32418,1,HGNC_symbol,True
SLC8A1-AS1,,0,unmapped,False
SLC8A2,Q9UPR5,1,HGNC_symbol,False
SLC8A3,P57103,1,HGNC_symbol,False
SLC8B1,Q6J4K2,1,HGNC_symbol,True
SLC9A1,P19634,1,HGNC_symbol,False
SLC9A2,Q9UBY0,1,HGNC_symbol,False
SLC9A3,P48764,1,HGNC_symbol,True
SLC9A3R1,1G9O,5,STRING_alias,False
SLC9A3R2,2D11,5,STRING_alias,False
SLC9A4,Q6AI14,1,HGNC_symbol,True
SLC9A5,Q14940,1,HGNC_symbol,True
SLC9A6,Q92581,1,HGNC_symbol,True
SLC9A7,Q96T83,1,HGNC_symbol,True
SLC9A7P1,,0,unmapped,False
SLC9A8,Q9Y2E8,1,HGNC_symbol,True
SLC9A9,Q8IVB4,1,HGNC_symbol,False
SLC9B1,Q4ZJI4,1,HGNC_symbol,False
SLC9B2,Q86UD5,1,HGNC_symbol,False
SLC9C1,Q4G0N8,1,HGNC_symbol,False
SLC9C2,Q5TAH2,1,HGNC_symbol,False
SLCO1A2,P46721,1,HGNC_symbol,True
SLCO1B1,Q9Y6L6,1,HGNC_symbol,False
SLCO1B3,Q9NPD5,1,HGNC_symbol,False
SLCO1B7,G3V0H7,1,HGNC_symbol,False
SLCO1C1,Q9NYB5,1,HGNC_symbol,True
SLCO2A1,Q92959,1,HGNC_symbol,False
SLCO2B1,O94956,1,HGNC_symbol,True
SLCO3A1,Q9UIG8,1,HGNC_symbol,False
SLCO4A1,Q96BD0,1,HGNC_symbol,False
SLCO4C1,Q6ZQN7,1,HGNC_symbol,False
SLCO5A1,Q9H2Y9,1,HGNC_symbol,True
SLCO6A1,Q86UG4,1,HGNC_symbol,False
SLF1,Q9BQI6,1,HGNC_symbol,False
SLF2,Q8IX21,1,HGNC_symbol,False
SLFN11,Q7Z7L1,1,HGNC_symbol,True
SLFN12,Q8IYM2,1,HGNC_symbol,False
SLFN12L,Q6IEE8,1,HGNC_symbol,False
SLFN13,Q68D06,1,HGNC_symbol,True
SLFN14,P0C7P3,1,HGNC_symbol,False
SLFN5,Q08AF3,1,HGNC_symbol,False
SLFNL1,Q499Z3,1,HGNC_symbol,True
SLIRP,Q9GZT3,1,HGNC_symbol,True
SLIT1,O75093,1,HGNC_symbol,False
SLIT2,O94813,1,HGNC_symbol,False
SLIT3,O75094,1,HGNC_symbol,False
SLITRK1,Q96PX8,1,HGNC_symbol,False
SLITRK2,Q9H156,1,HGNC_symbol,True
SLITRK3,O94933,1,HGNC_symbol,True
SLITRK4,Q8IW52,1,HGNC_symbol,False
SLITRK5,O94991,1,HGNC_symbol,True
SLITRK6,Q9H5Y7,1,HGNC_symbol,False
SLK,Q9H2G2,1,HGNC_symbol,False
SLMAP,Q14BN4,1,HGNC_symbol,False
SLMO1,10650,5,STRING_alias,False
SLMO2,51012,5,STRING_alias,False
SLN,O00631,1,HGNC_symbol,False
SLPI,P03973,1,HGNC_symbol,True
SLTM,Q9NWH9,1,HGNC_symbol,False
SLU7,O95391,1,HGNC_symbol,True
SLURP1,P55000,1,HGNC_symbol,True
SLURP2,P0DP57,1,HGNC_symbol,True
SLX1A,Q9BQ83,1,HGNC_symbol,False
SLX1B,3.1.-.-,5,STRING_alias,False
SLX4,Q8IY92,1,HGNC_symbol,False
SLX4IP,Q5VYV7,1,HGNC_symbol,False
SLX9,Q9NSI2,1,HGNC_symbol,True
SMAD1,Q15797,1,HGNC_symbol,True
SMAD2,Q15796,1,HGNC_symbol,True
SMAD3,P84022,1,HGNC_symbol,False
SMAD4,Q13485,1,HGNC_symbol,False
SMAD5,Q99717,1,HGNC_symbol,False
SMAD6,O43541,1,HGNC_symbol,False
SMAD7,O15105,1,HGNC_symbol,False
SMAD9,O15198,1,HGNC_symbol,True
SMAGP,Q0VAQ4,1,HGNC_symbol,True
SMAP1,Q8IYB5,1,HGNC_symbol,False
SMAP2,Q8WU79,1,HGNC_symbol,False
SMARCA1,P28370,1,HGNC_symbol,False
SMARCA2,P51531,1,HGNC_symbol,False
SMARCA4,P51532,1,HGNC_symbol,False
SMARCA5,O60264,1,HGNC_symbol,False
SMARCAD1,Q9H4L7,1,HGNC_symbol,False
SMARCAL1,Q9NZC9,1,HGNC_symbol,False
SMARCB1,Q12824,1,HGNC_symbol,False
SMARCC1,Q92922,1,HGNC_symbol,False
SMARCC2,Q8TAQ2,1,HGNC_symbol,False
SMARCD1,Q96GM5,1,HGNC_symbol,True
SMARCD2,Q92925,1,HGNC_symbol,False
SMARCD3,Q6STE5,1,HGNC_symbol,True
SMARCE1,Q969G3,1,HGNC_symbol,False
SMARCE1P1,,0,unmapped,False
SMARCE1P2,,0,unmapped,False
SMARCE1P5,,0,unmapped,False
SMARCE1P6,,0,unmapped,False
SMC1A,Q14683,1,HGNC_symbol,False
SMC1B,Q8NDV3,1,HGNC_symbol,False
SMC2,O95347,1,HGNC_symbol,False
SMC3,Q9UQE7,1,HGNC_symbol,False
SMC4,Q9NTJ3,1,HGNC_symbol,False
SMC5,Q8IY18,1,HGNC_symbol,False
SMC5-AS1,,0,unmapped,False
SMC6,Q96SB8,1,HGNC_symbol,False
SMCHD1,A6NHR9,1,HGNC_symbol,False
SMCO1,Q147U7,1,HGNC_symbol,False
SMCO2,A6NFE2,1,HGNC_symbol,False
SMCO3,A2RU48,1,HGNC_symbol,False
SMCO4,Q9NRQ5,1,HGNC_symbol,False
SMCP,P49901,1,HGNC_symbol,True
SMCR2,,0,unmapped,False
SMCR8,Q8TEV9,1,HGNC_symbol,True
SMDT1,Q9H4I9,1,HGNC_symbol,True
SMEK1,55671,5,STRING_alias,False
SMEK2,57223,5,STRING_alias,False
SMG1,Q96Q15,1,HGNC_symbol,False
SMG1P1,,0,unmapped,False
SMG5,Q9UPR3,1,HGNC_symbol,True
SMG6,Q86US8,1,HGNC_symbol,False
SMG7,Q92540,1,HGNC_symbol,False
SMG7-AS1,,0,unmapped,False
SMG8,Q8ND04,1,HGNC_symbol,False
SMG9,Q9H0W8,1,HGNC_symbol,False
SMIM1,B2RUZ4,1,HGNC_symbol,False
SMIM10,Q96HG1,1,HGNC_symbol,False
SMIM10L1,P0DMW3,1,HGNC_symbol,False
SMIM10L2A,P0DMW4,1,HGNC_symbol,False
SMIM10L2B,P0DMW5,1,HGNC_symbol,True
SMIM10L3,A0A0C4DGP1,1,HGNC_symbol,False
SMIM11,P58511,1,HGNC_symbol,True
SMIM12,Q96EX1,1,HGNC_symbol,True
SMIM13,P0DJ93,1,HGNC_symbol,True
SMIM14,Q96QK8,1,HGNC_symbol,False
SMIM15,Q7Z3B0,1,HGNC_symbol,False
SMIM17,P0DL12,1,HGNC_symbol,False
SMIM18,P0DKX4,1,HGNC_symbol,False
SMIM19,Q96E16,1,HGNC_symbol,False
SMIM2,Q9BVW6,1,HGNC_symbol,False
SMIM2-AS1,,0,unmapped,False
SMIM20,Q8N5G0,1,HGNC_symbol,True
SMIM21,Q3B7S5,1,HGNC_symbol,False
SMIM22,K7EJ46,1,HGNC_symbol,False
SMIM23,A6NLE4,1,HGNC_symbol,False
SMIM24,O75264,1,HGNC_symbol,False
SMIM26,A0A096LP01,1,HGNC_symbol,True
SMIM27,A0A1B0GUW7,1,HGNC_symbol,False
SMIM28,A0A1B0GU29,1,HGNC_symbol,False
SMIM29,Q86T20,1,HGNC_symbol,True
SMIM3,Q9BZL3,1,HGNC_symbol,False
SMIM30,A4D0T7,1,HGNC_symbol,True
SMIM31,A0A1B0GVY4,1,HGNC_symbol,False
SMIM32,A0A1B0GUA5,1,HGNC_symbol,True
SMIM33,A0A1B0GW64,1,HGNC_symbol,False
SMIM34,A8MWV9,1,HGNC_symbol,False
SMIM35,A0A1B0GVV1,1,HGNC_symbol,False
SMIM36,A0A1B0GVT2,1,HGNC_symbol,False
SMIM38,A0A286YFK9,1,HGNC_symbol,False
SMIM39,A0A1B0GW54,1,HGNC_symbol,False
SMIM4,440957,5,STRING_alias,False
SMIM40,Q5STR5,1,HGNC_symbol,True
SMIM41,A0A2R8YCJ5,1,HGNC_symbol,False
SMIM42,A0A5F9ZH02,1,HGNC_symbol,True
SMIM43,Q4W5P6,1,HGNC_symbol,True
SMIM44,A0A286YF18,1,HGNC_symbol,True
SMIM45,A0A590UK83,1,HGNC_symbol,False
SMIM47,D0EPY3,1,HGNC_symbol,True
SMIM5,Q71RC9,1,HGNC_symbol,False
SMIM6,100130933,5,STRING_alias,False
SMIM7,Q9BQ49,1,HGNC_symbol,False
SMIM8,Q96KF7,1,HGNC_symbol,True
SMIM9,A6NGZ8,1,HGNC_symbol,False
SMKR1,H3BMG3,1,HGNC_symbol,False
SMLR1,H3BR10,1,HGNC_symbol,False
SMN1,Q16637,1,HGNC_symbol,False
SMN2,1G5V,5,STRING_alias,False
SMNDC1,O75940,1,HGNC_symbol,True
SMO,Q99835,1,HGNC_symbol,False
SMOC1,Q9H4F8,1,HGNC_symbol,True
SMOC2,Q9H3U7,1,HGNC_symbol,False
SMOX,Q9NWM0,1,HGNC_symbol,False
SMPD1,P17405,1,HGNC_symbol,False
SMPD2,O60906,1,HGNC_symbol,False
SMPD3,Q9NY59,1,HGNC_symbol,True
SMPD4,Q9NXE4,1,HGNC_symbol,True
SMPDL3A,Q92484,1,HGNC_symbol,True
SMPDL3B,Q92485,1,HGNC_symbol,False
SMPX,Q9UHP9,1,HGNC_symbol,True
SMR3A,Q99954,1,HGNC_symbol,False
SMR3B,P02814,1,HGNC_symbol,False
SMS,P52788,1,HGNC_symbol,True
SMTN,P53814,1,HGNC_symbol,True
SMTNL1,A8MU46,1,HGNC_symbol,False
SMTNL2,Q2TAL5,1,HGNC_symbol,True
SMU1,Q2TAY7,1,HGNC_symbol,True
SMUG1,Q53HV7,1,HGNC_symbol,False
SMURF1,Q9HCE7,1,HGNC_symbol,False
SMURF2,Q9HAU4,1,HGNC_symbol,False
SMURF2P1,,0,unmapped,False
SMYD1,Q8NB12,1,HGNC_symbol,True
SMYD2,Q9NRG4,1,HGNC_symbol,False
SMYD3,Q9H7B4,1,HGNC_symbol,False
SMYD4,Q8IYR2,1,HGNC_symbol,False
SMYD5,Q6GMV2,1,HGNC_symbol,True
SNAI1,O95863,1,HGNC_symbol,True
SNAI2,O43623,1,HGNC_symbol,False
SNAI3,Q3KNW1,1,HGNC_symbol,False
SNAI3-AS1,,0,unmapped,False
SNAP23,O00161,1,HGNC_symbol,True
SNAP25,P60880,1,HGNC_symbol,True
SNAP29,O95721,1,HGNC_symbol,True
SNAP47,Q5SQN1,1,HGNC_symbol,False
SNAP91,O60641,1,HGNC_symbol,True
SNAPC1,Q16533,1,HGNC_symbol,True
SNAPC2,Q13487,1,HGNC_symbol,True
SNAPC3,Q92966,1,HGNC_symbol,True
SNAPC4,Q5SXM2,1,HGNC_symbol,False
SNAPC5,O75971,1,HGNC_symbol,True
SNAPIN,O95295,1,HGNC_symbol,False
SNCA,P37840,1,HGNC_symbol,False
SNCAIP,Q9Y6H5,1,HGNC_symbol,False
SNCB,Q16143,1,HGNC_symbol,True
SNCG,O76070,1,HGNC_symbol,True
SND1,Q7KZF4,1,HGNC_symbol,False
SNED1,Q8TER0,1,HGNC_symbol,False
SNF8,Q96H20,1,HGNC_symbol,False
SNHG1,,0,unmapped,False
SNHG10,,0,unmapped,False
SNHG11,,0,unmapped,False
SNHG12,Q9BXW3,1,HGNC_symbol,False
SNHG14,,0,unmapped,False
SNHG15,,0,unmapped,False
SNHG16,,0,unmapped,False
SNHG17,,0,unmapped,False
SNHG3,,0,unmapped,False
SNHG5,,0,unmapped,False
SNHG6,,0,unmapped,False
SNHG7,,0,unmapped,False
SNHG8,,0,unmapped,False
SNHG9,,0,unmapped,False
SNIP1,Q8TAD8,1,HGNC_symbol,True
SNN,O75324,1,HGNC_symbol,False
SNORA11,,0,unmapped,False
SNORA14B,,0,unmapped,False
SNORA16,,0,unmapped,False
SNORA16B,,0,unmapped,False
SNORA19,,0,unmapped,False
SNORA28,,0,unmapped,False
SNORA2A,,0,unmapped,False
SNORA2B,,0,unmapped,False
SNORA31,,0,unmapped,False
SNORA33,,0,unmapped,False
SNORA34,,0,unmapped,False
SNORA45,,0,unmapped,False
SNORA47,,0,unmapped,False
SNORA50,,0,unmapped,False
SNORA53,,0,unmapped,False
SNORA54,,0,unmapped,False
SNORA55,,0,unmapped,False
SNORA5C,,0,unmapped,False
SNORA65,,0,unmapped,False
SNORA66,,0,unmapped,False
SNORA68,,0,unmapped,False
SNORA71A,,0,unmapped,False
SNORA71B,,0,unmapped,False
SNORA71C,,0,unmapped,False
SNORA71D,,0,unmapped,False
SNORA73B,,0,unmapped,False
SNORA7B,,0,unmapped,False
SNORA80B,,0,unmapped,False
SNORA81,,0,unmapped,False
SNORC,Q6UX34,1,HGNC_symbol,False
SNORD100,,0,unmapped,False
SNORD101,,0,unmapped,False
SNORD103A,,0,unmapped,False
SNORD104,,0,unmapped,False
SNORD108,,0,unmapped,False
SNORD109A,,0,unmapped,False
SNORD11,,0,unmapped,False
SNORD112,,0,unmapped,False
SNORD116-20,,0,unmapped,False
SNORD117,,0,unmapped,False
SNORD119,,0,unmapped,False
SNORD11B,,0,unmapped,False
SNORD12,,0,unmapped,False
SNORD124,,0,unmapped,False
SNORD125,,0,unmapped,False
SNORD12B,,0,unmapped,False
SNORD12C,,0,unmapped,False
SNORD13,,0,unmapped,False
SNORD14A,,0,unmapped,False
SNORD14E,,0,unmapped,False
SNORD15B,,0,unmapped,False
SNORD17,,0,unmapped,False
SNORD19,,0,unmapped,False
SNORD20,,0,unmapped,False
SNORD3A,,0,unmapped,False
SNORD3B-1,,0,unmapped,False
SNORD3B-2,,0,unmapped,False
SNORD3C,,0,unmapped,False
SNORD3D,,0,unmapped,False
SNORD46,,0,unmapped,False
SNORD4A,,0,unmapped,False
SNORD53,,0,unmapped,False
SNORD58,,0,unmapped,False
SNORD59A,,0,unmapped,False
SNORD6,,0,unmapped,False
SNORD62B,,0,unmapped,False
SNORD63,,0,unmapped,False
SNORD69,,0,unmapped,False
SNORD71,,0,unmapped,False
SNORD78,,0,unmapped,False
SNORD83A,,0,unmapped,False
SNORD89,,0,unmapped,False
SNORD9,,0,unmapped,False
SNORD94,,0,unmapped,False
SNORD99,,0,unmapped,False
SNPH,O15079,1,HGNC_symbol,True
SNRK,Q9NRH2,1,HGNC_symbol,False
SNRK-AS1,,0,unmapped,False
SNRNP200,O75643,1,HGNC_symbol,False
SNRNP25,Q9BV90,1,HGNC_symbol,True
SNRNP27,Q8WVK2,1,HGNC_symbol,False
SNRNP35,Q16560,1,HGNC_symbol,False
SNRNP40,Q96DI7,1,HGNC_symbol,False
SNRNP48,Q6IEG0,1,HGNC_symbol,False
SNRNP70,P08621,1,HGNC_symbol,False
SNRPA,P09012,1,HGNC_symbol,True
SNRPA1,P09661,1,HGNC_symbol,False
SNRPB,P14678,1,HGNC_symbol,False
SNRPB2,P08579,1,HGNC_symbol,True
SNRPC,P09234,1,HGNC_symbol,False
SNRPD1,P62314,1,HGNC_symbol,True
SNRPD2,P62316,1,HGNC_symbol,True
SNRPD2P1,,0,unmapped,False
SNRPD3,P62318,1,HGNC_symbol,True
SNRPE,P62304,1,HGNC_symbol,False
SNRPEP2,,0,unmapped,False
SNRPEP4,,0,unmapped,False
SNRPEP6,,0,unmapped,False
SNRPF,P62306,1,HGNC_symbol,False
SNRPFP1,,0,unmapped,False
SNRPG,P62308,1,HGNC_symbol,False
SNRPGP10,,0,unmapped,False
SNRPGP14,,0,unmapped,False
SNRPGP15,A8MWD9,1,HGNC_symbol,False
SNRPGP2,,0,unmapped,False
SNRPGP9,,0,unmapped,False
SNRPN,P63162,1,HGNC_symbol,False
SNTA1,Q13424,1,HGNC_symbol,True
SNTB1,Q13884,1,HGNC_symbol,False
SNTB2,Q13425,1,HGNC_symbol,False
SNTG1,Q9NSN8,1,HGNC_symbol,True
SNTG2,Q9NY99,1,HGNC_symbol,False
SNTN,A6NMZ2,1,HGNC_symbol,False
SNU13,P55769,1,HGNC_symbol,True
SNUPN,O95149,1,HGNC_symbol,True
SNURF,Q9Y675,1,HGNC_symbol,False
SNW1,Q13573,1,HGNC_symbol,True
SNX1,Q13596,1,HGNC_symbol,False
SNX10,Q9Y5X0,1,HGNC_symbol,False
SNX11,Q9Y5W9,1,HGNC_symbol,False
SNX12,Q9UMY4,1,HGNC_symbol,False
SNX13,Q9Y5W8,1,HGNC_symbol,True
SNX14,Q9Y5W7,1,HGNC_symbol,False
SNX15,Q9NRS6,1,HGNC_symbol,True
SNX16,P57768,1,HGNC_symbol,False
SNX17,Q15036,1,HGNC_symbol,True
SNX18,Q96RF0,1,HGNC_symbol,True
SNX18P3,,0,unmapped,False
SNX18P7,,0,unmapped,False
SNX18P9,,0,unmapped,False
SNX19,Q92543,1,HGNC_symbol,True
SNX19P2,,0,unmapped,False
SNX19P3,,0,unmapped,False
SNX2,O60749,1,HGNC_symbol,False
SNX20,Q7Z614,1,HGNC_symbol,True
SNX21,Q969T3,1,HGNC_symbol,True
SNX22,Q96L94,1,HGNC_symbol,True
SNX24,Q9Y343,1,HGNC_symbol,False
SNX25,Q9H3E2,1,HGNC_symbol,False
SNX25P1,,0,unmapped,False
SNX27,Q96L92,1,HGNC_symbol,False
SNX29,Q8TEQ0,1,HGNC_symbol,False
SNX29P1,,0,unmapped,False
SNX29P2,Q8IUI4,1,HGNC_symbol,False
SNX3,O60493,1,HGNC_symbol,False
SNX30,Q5VWJ9,1,HGNC_symbol,False
SNX31,Q8N9S9,1,HGNC_symbol,False
SNX32,Q86XE0,1,HGNC_symbol,True
SNX33,Q8WV41,1,HGNC_symbol,False
SNX4,O95219,1,HGNC_symbol,False
SNX5,Q9Y5X3,1,HGNC_symbol,True
SNX5P1,,0,unmapped,False
SNX6,Q9UNH7,1,HGNC_symbol,False
SNX7,Q9UNH6,1,HGNC_symbol,True
SNX8,Q9Y5X2,1,HGNC_symbol,False
SNX9,Q9Y5X1,1,HGNC_symbol,True
SOAT1,P35610,1,HGNC_symbol,False
SOAT2,O75908,1,HGNC_symbol,False
SOBP,A7XYQ1,1,HGNC_symbol,True
SOCS1,O15524,1,HGNC_symbol,False
SOCS2,O14508,1,HGNC_symbol,True
SOCS2-AS1,,0,unmapped,False
SOCS3,O14543,1,HGNC_symbol,False
SOCS4,Q8WXH5,1,HGNC_symbol,True
SOCS5,O75159,1,HGNC_symbol,True
SOCS5P4,,0,unmapped,False
SOCS6,O14544,1,HGNC_symbol,True
SOCS7,O14512,1,HGNC_symbol,True
SOD1,P00441,1,HGNC_symbol,True
SOD2,P04179,1,HGNC_symbol,False
SOD3,P08294,1,HGNC_symbol,False
SOGA1,140710,5,STRING_alias,False
SOGA2,23255,5,STRING_alias,False
SOHLH1,Q5JUK2,1,HGNC_symbol,False
SOHLH2,Q9NX45,1,HGNC_symbol,False
SON,P18583,1,HGNC_symbol,False
SORBS1,Q9BX66,1,HGNC_symbol,False
SORBS2,O94875,1,HGNC_symbol,False
SORBS3,O60504,1,HGNC_symbol,False
SORCS1,Q8WY21,1,HGNC_symbol,False
SORCS2,Q96PQ0,1,HGNC_symbol,False
SORCS3,Q9UPU3,1,HGNC_symbol,False
SORD,Q00796,1,HGNC_symbol,False
SORL1,Q92673,1,HGNC_symbol,False
SORT1,Q99523,1,HGNC_symbol,False
SOS1,Q07889,1,HGNC_symbol,False
SOS1-IT1,,0,unmapped,False
SOS2,Q07890,1,HGNC_symbol,False
SOST,Q9BQB4,1,HGNC_symbol,True
SOSTDC1,Q6X4U4,1,HGNC_symbol,True
SOWAHA,Q2M3V2,1,HGNC_symbol,False
SOWAHB,A6NEL2,1,HGNC_symbol,True
SOWAHC,Q53LP3,1,HGNC_symbol,False
SOWAHD,A6NJG2,1,HGNC_symbol,False
SOX1,O00570,1,HGNC_symbol,False
SOX10,P56693,1,HGNC_symbol,True
SOX11,P35716,1,HGNC_symbol,True
SOX12,O15370,1,HGNC_symbol,False
SOX13,Q9UN79,1,HGNC_symbol,False
SOX14,O95416,1,HGNC_symbol,False
SOX15,O60248,1,HGNC_symbol,False
SOX17,Q9H6I2,1,HGNC_symbol,True
SOX18,P35713,1,HGNC_symbol,True
SOX2,P48431,1,HGNC_symbol,True
SOX21,Q9Y651,1,HGNC_symbol,True
SOX3,P41225,1,HGNC_symbol,False
SOX30,O94993,1,HGNC_symbol,True
SOX4,Q06945,1,HGNC_symbol,True
SOX5,P35711,1,HGNC_symbol,False
SOX6,P35712,1,HGNC_symbol,False
SOX7,Q9BT81,1,HGNC_symbol,True
SOX8,P57073,1,HGNC_symbol,False
SOX9,P48436,1,HGNC_symbol,True
SP1,P08047,1,HGNC_symbol,False
SP100,P23497,1,HGNC_symbol,True
SP110,Q9HB58,1,HGNC_symbol,False
SP140,Q13342,1,HGNC_symbol,False
SP140L,Q9H930,1,HGNC_symbol,False
SP2,Q02086,1,HGNC_symbol,False
SP3,Q02447,1,HGNC_symbol,True
SP4,Q02446,1,HGNC_symbol,False
SP5,Q6BEB4,1,HGNC_symbol,True
SP6,Q3SY56,1,HGNC_symbol,False
SP7,Q8TDD2,1,HGNC_symbol,True
SP8,Q8IXZ3,1,HGNC_symbol,True
SP9,P0CG40,1,HGNC_symbol,False
SPA17,Q15506,1,HGNC_symbol,False
SPAAR,A0A1B0GVQ0,1,HGNC_symbol,False
SPACA1,Q9HBV2,1,HGNC_symbol,False
SPACA3,Q8IXA5,1,HGNC_symbol,True
SPACA4,Q8TDM5,1,HGNC_symbol,True
SPACA5,Q96QH8,1,HGNC_symbol,True
SPACA5B,3.2.1.17,5,STRING_alias,False
SPACA6,W5XKT8,1,HGNC_symbol,True
SPACA6P,147650,5,STRING_alias,False
SPACA7,Q96KW9,1,HGNC_symbol,True
SPACA9,Q96E40,1,HGNC_symbol,True
SPACDR,Q8IZ16,1,HGNC_symbol,False
SPADH,A0A494C103,1,HGNC_symbol,False
SPAG1,Q07617,1,HGNC_symbol,False
SPAG11A,Q6PDA7,1,HGNC_symbol,True
SPAG11B,Q08648,1,HGNC_symbol,True
SPAG16,Q8N0X2,1,HGNC_symbol,False
SPAG17,Q6Q759,1,HGNC_symbol,False
SPAG4,Q9NPE6,1,HGNC_symbol,False
SPAG5,Q96R06,1,HGNC_symbol,False
SPAG5-AS1,,0,unmapped,False
SPAG6,O75602,1,HGNC_symbol,False
SPAG7,O75391,1,HGNC_symbol,False
SPAG8,Q99932,1,HGNC_symbol,True
SPAG9,O60271,1,HGNC_symbol,False
SPAM1,P38567,1,HGNC_symbol,True
SPANXA1,Q9NS26,1,HGNC_symbol,False
SPANXA2,30014,5,STRING_alias,False
SPANXB1,Q9NS25,1,HGNC_symbol,True
SPANXC,Q9NY87,1,HGNC_symbol,True
SPANXD,Q9BXN6,1,HGNC_symbol,True
SPANXN1,Q5VSR9,1,HGNC_symbol,False
SPANXN2,Q5MJ10,1,HGNC_symbol,False
SPANXN3,Q5MJ09,1,HGNC_symbol,False
SPANXN4,Q5MJ08,1,HGNC_symbol,False
SPANXN5,Q5MJ07,1,HGNC_symbol,False
SPARC,P09486,1,HGNC_symbol,True
SPARCL1,Q14515,1,HGNC_symbol,False
SPART,Q8N0X7,1,HGNC_symbol,True
SPAST,Q9UBP0,1,HGNC_symbol,True
SPATA1,Q5VX52,1,HGNC_symbol,False
SPATA12,Q7Z6I5,1,HGNC_symbol,True
SPATA13,Q96N96,1,HGNC_symbol,False
SPATA16,Q9BXB7,1,HGNC_symbol,False
SPATA17,Q96L03,1,HGNC_symbol,False
SPATA18,Q8TC71,1,HGNC_symbol,False
SPATA19,Q7Z5L4,1,HGNC_symbol,False
SPATA2,Q9UM82,1,HGNC_symbol,False
SPATA20,Q8TB22,1,HGNC_symbol,True
SPATA21,Q7Z572,1,HGNC_symbol,False
SPATA22,Q8NHS9,1,HGNC_symbol,False
SPATA24,Q86W54,1,HGNC_symbol,True
SPATA25,Q9BR10,1,HGNC_symbol,False
SPATA2L,Q8IUW3,1,HGNC_symbol,True
SPATA3,Q8NHX4,1,HGNC_symbol,True
SPATA31A1,Q5TZJ5,1,HGNC_symbol,False
SPATA31A3,Q5VYP0,1,HGNC_symbol,False
SPATA31A5,Q5VU36,1,HGNC_symbol,False
SPATA31A6,Q5VVP1,1,HGNC_symbol,False
SPATA31A7,Q8IWB4,1,HGNC_symbol,False
SPATA31C1,P0DKV0,1,HGNC_symbol,False
SPATA31C2,B4DYI2,1,HGNC_symbol,False
SPATA31D1,Q6ZQQ2,1,HGNC_symbol,False
SPATA31D3,P0C874,1,HGNC_symbol,True
SPATA31D4,Q6ZUB0,1,HGNC_symbol,True
SPATA31E1,Q6ZUB1,1,HGNC_symbol,False
SPATA31F1,Q6ZU69,1,HGNC_symbol,False
SPATA31F3,A6NFA0,1,HGNC_symbol,True
SPATA31G1,Q5VYM1,1,HGNC_symbol,False
SPATA31H1,Q68DN1,1,HGNC_symbol,False
SPATA32,Q96LK8,1,HGNC_symbol,False
SPATA33,Q96N06,1,HGNC_symbol,False
SPATA4,Q8NEY3,1,HGNC_symbol,False
SPATA41,,0,unmapped,False
SPATA45,Q537H7,1,HGNC_symbol,True
SPATA46,Q5T0L3,1,HGNC_symbol,True
SPATA5,166378,5,STRING_alias,False
SPATA5L1,79029,5,STRING_alias,False
SPATA6,Q9NWH7,1,HGNC_symbol,True
SPATA6L,Q8N4H0,1,HGNC_symbol,True
SPATA7,Q9P0W8,1,HGNC_symbol,True
SPATA9,Q9BWV2,1,HGNC_symbol,False
SPATC1,Q76KD6,1,HGNC_symbol,False
SPATC1L,Q9H0A9,1,HGNC_symbol,False
SPATS1,Q496A3,1,HGNC_symbol,False
SPATS2,Q86XZ4,1,HGNC_symbol,True
SPATS2L,Q9NUQ6,1,HGNC_symbol,False
SPC24,Q8NBT2,1,HGNC_symbol,True
SPC25,Q9HBM1,1,HGNC_symbol,False
SPCS1,Q9Y6A9,1,HGNC_symbol,True
SPCS2,Q15005,1,HGNC_symbol,False
SPCS2P4,,0,unmapped,False
SPCS3,P61009,1,HGNC_symbol,True
SPDEF,O95238,1,HGNC_symbol,False
SPDL1,Q96EA4,1,HGNC_symbol,False
SPDYA,Q5MJ70,1,HGNC_symbol,True
SPDYC,Q5MJ68,1,HGNC_symbol,False
SPDYE1,Q8NFV5,1,HGNC_symbol,False
SPDYE10,P0DUX0,1,HGNC_symbol,False
SPDYE11,P0DTA3,1,HGNC_symbol,False
SPDYE12,P0DUX1,1,HGNC_symbol,False
SPDYE13,A0A494C0Z2,1,HGNC_symbol,False
SPDYE14,P0DUD3,1,HGNC_symbol,True
SPDYE15,P0DUD4,1,HGNC_symbol,True
SPDYE16,A6NNV3,1,HGNC_symbol,False
SPDYE17,P0DUD2,1,HGNC_symbol,False
SPDYE18,P0DV79,1,HGNC_symbol,False
SPDYE2,Q495Y8,1,HGNC_symbol,True
SPDYE21,A0A494C086,1,HGNC_symbol,False
SPDYE2B,A6NHP3,1,HGNC_symbol,True
SPDYE3,A6NKU9,1,HGNC_symbol,True
SPDYE4,A6NLX3,1,HGNC_symbol,False
SPDYE5,A6NIY4,1,HGNC_symbol,True
SPDYE6,P0CI01,1,HGNC_symbol,False
SPDYE8,P0DUD1,1,HGNC_symbol,False
SPDYE9,A0A494C191,1,HGNC_symbol,False
SPECC1,Q5M775,1,HGNC_symbol,False
SPECC1L,Q69YQ0,1,HGNC_symbol,False
SPEF1,Q9Y4P9,1,HGNC_symbol,False
SPEF2,Q9C093,1,HGNC_symbol,False
SPEG,Q15772,1,HGNC_symbol,False
SPEGNB,A0A087WV53,1,HGNC_symbol,True
SPEM1,Q8N4L4,1,HGNC_symbol,True
SPEM2,Q0P670,1,HGNC_symbol,True
SPEM3,A0A1B0GUW6,1,HGNC_symbol,False
SPEN,Q96T58,1,HGNC_symbol,False
SPESP1,Q6UW49,1,HGNC_symbol,False
SPG11,Q96JI7,1,HGNC_symbol,False
SPG20,23111,5,STRING_alias,False
SPG20OS,,0,unmapped,False
SPG21,Q9NZD8,1,HGNC_symbol,True
SPG7,Q9UQ90,1,HGNC_symbol,True
SPHK1,Q9NYA1,1,HGNC_symbol,False
SPHK2,Q9NRA0,1,HGNC_symbol,True
SPHKAP,Q2M3C7,1,HGNC_symbol,False
SPI1,P17947,1,HGNC_symbol,True
SPIB,Q01892,1,HGNC_symbol,True
SPIC,Q8N5J4,1,HGNC_symbol,True
SPICE1,Q8N0Z3,1,HGNC_symbol,True
SPIDR,Q14159,1,HGNC_symbol,True
SPIN1,Q9Y657,1,HGNC_symbol,True
SPIN2A,Q99865,1,HGNC_symbol,True
SPIN2B,Q9BPZ2,1,HGNC_symbol,True
SPIN3,Q5JUX0,1,HGNC_symbol,True
SPIN4,Q56A73,1,HGNC_symbol,False
SPINDOC,Q9BUA3,1,HGNC_symbol,False
SPINK1,P00995,1,HGNC_symbol,True
SPINK13,Q1W4C9,1,HGNC_symbol,False
SPINK14,Q6IE38,1,HGNC_symbol,True
SPINK2,P20155,1,HGNC_symbol,True
SPINK4,O60575,1,HGNC_symbol,False
SPINK5,Q9NQ38,1,HGNC_symbol,False
SPINK6,Q6UWN8,1,HGNC_symbol,False
SPINK7,P58062,1,HGNC_symbol,True
SPINK8,P0C7L1,1,HGNC_symbol,False
SPINK9,Q5DT21,1,HGNC_symbol,True
SPINT1,O43278,1,HGNC_symbol,False
SPINT2,O43291,1,HGNC_symbol,True
SPINT3,P49223,1,HGNC_symbol,False
SPINT4,Q6UDR6,1,HGNC_symbol,False
SPIRE1,Q08AE8,1,HGNC_symbol,True
SPIRE2,Q8WWL2,1,HGNC_symbol,False
SPMAP1,A8MV24,1,HGNC_symbol,False
SPMAP2,Q9P2T0,1,HGNC_symbol,False
SPMAP2L,P0DJG4,1,HGNC_symbol,True
SPMIP1,A0A1B0GUX0,1,HGNC_symbol,False
SPMIP10,Q6ZNM6,1,HGNC_symbol,False
SPMIP11,A0A1B0GTD5,1,HGNC_symbol,True
SPMIP2,Q96LM5,1,HGNC_symbol,False
SPMIP3,Q5SVJ3,1,HGNC_symbol,False
SPMIP4,Q8N865,1,HGNC_symbol,True
SPMIP5,Q8WW14,1,HGNC_symbol,False
SPMIP6,Q8NCR6,1,HGNC_symbol,False
SPMIP7,A4D263,1,HGNC_symbol,True
SPMIP8,Q6URK8,1,HGNC_symbol,True
SPMIP9,Q96LM6,1,HGNC_symbol,False
SPN,P16150,1,HGNC_symbol,False
SPNS1,Q9H2V7,1,HGNC_symbol,True
SPNS2,Q8IVW8,1,HGNC_symbol,True
SPNS3,Q6ZMD2,1,HGNC_symbol,False
SPO11,Q9Y5K1,1,HGNC_symbol,True
SPOCD1,Q6ZMY3,1,HGNC_symbol,False
SPOCK1,Q08629,1,HGNC_symbol,True
SPOCK2,Q92563,1,HGNC_symbol,False
SPOCK3,Q9BQ16,1,HGNC_symbol,True
SPON1,Q9HCB6,1,HGNC_symbol,False
SPON2,Q9BUD6,1,HGNC_symbol,False
SPOP,O43791,1,HGNC_symbol,False
SPOPL,Q6IQ16,1,HGNC_symbol,False
SPOUT1,Q5T280,1,HGNC_symbol,True
SPP1,P10451,1,HGNC_symbol,True
SPP2,Q13103,1,HGNC_symbol,False
SPPL2A,Q8TCT8,1,HGNC_symbol,True
SPPL2B,Q8TCT7,1,HGNC_symbol,False
SPPL2C,Q8IUH8,1,HGNC_symbol,False
SPPL3,Q8TCT6,1,HGNC_symbol,True
SPR,P35270,1,HGNC_symbol,True
SPRED1,Q7Z699,1,HGNC_symbol,True
SPRED2,Q7Z698,1,HGNC_symbol,False
SPRED3,Q2MJR0,1,HGNC_symbol,False
SPRING1,Q9H741,1,HGNC_symbol,False
SPRN,Q5BIV9,1,HGNC_symbol,False
SPRR1A,P35321,1,HGNC_symbol,True
SPRR1B,P22528,1,HGNC_symbol,True
SPRR2A,P35326,1,HGNC_symbol,False
SPRR2B,P35325,1,HGNC_symbol,False
SPRR2D,P22532,1,HGNC_symbol,False
SPRR2E,P22531,1,HGNC_symbol,True
SPRR2F,Q96RM1,1,HGNC_symbol,False
SPRR2G,Q9BYE4,1,HGNC_symbol,True
SPRR3,Q9UBC9,1,HGNC_symbol,False
SPRR4,Q96PI1,1,HGNC_symbol,False
SPRR5,A0A1B0GTR4,1,HGNC_symbol,False
SPRTN,Q9H040,1,HGNC_symbol,False
SPRY1,O43609,1,HGNC_symbol,True
SPRY2,O43597,1,HGNC_symbol,True
SPRY3,O43610,1,HGNC_symbol,True
SPRY4,Q9C004,1,HGNC_symbol,False
SPRYD3,Q8NCJ5,1,HGNC_symbol,False
SPRYD4,Q8WW59,1,HGNC_symbol,False
SPRYD7,Q5W111,1,HGNC_symbol,True
SPSB1,Q96BD6,1,HGNC_symbol,False
SPSB2,Q99619,1,HGNC_symbol,False
SPSB3,Q6PJ21,1,HGNC_symbol,False
SPSB4,Q96A44,1,HGNC_symbol,True
SPTA1,P02549,1,HGNC_symbol,False
SPTAN1,Q13813,1,HGNC_symbol,False
SPTB,P11277,1,HGNC_symbol,False
SPTBN1,Q01082,1,HGNC_symbol,False
SPTBN2,O15020,1,HGNC_symbol,False
SPTBN4,Q9H254,1,HGNC_symbol,False
SPTBN5,Q9NRC6,1,HGNC_symbol,False
SPTLC1,O15269,1,HGNC_symbol,True
SPTLC1P1,,0,unmapped,False
SPTLC2,O15270,1,HGNC_symbol,True
SPTLC3,Q9NUV7,1,HGNC_symbol,True
SPTSSA,Q969W0,1,HGNC_symbol,False
SPTSSB,Q8NFR3,1,HGNC_symbol,False
SPTY2D1,Q68D10,1,HGNC_symbol,True
SPTY2D1-AS1,,0,unmapped,False
SPX,Q9BT56,1,HGNC_symbol,False
SPZ1,Q9BXG8,1,HGNC_symbol,True
SQLE,Q14534,1,HGNC_symbol,False
SQOR,Q9Y6N5,1,HGNC_symbol,False
SQRDL,1.8.5.-,5,STRING_alias,False
SQSTM1,Q13501,1,HGNC_symbol,False
SRA1,Q9HD15,1,HGNC_symbol,False
SRARP,Q8NEQ6,1,HGNC_symbol,False
SRBD1,Q8N5C6,1,HGNC_symbol,True
SRC,P12931,1,HGNC_symbol,True
SRCAP,Q6ZRS2,1,HGNC_symbol,False
SRCIN1,Q9C0H9,1,HGNC_symbol,False
SRCRB4D,136853,5,STRING_alias,False
SRD5A1,P18405,1,HGNC_symbol,False
SRD5A2,P31213,1,HGNC_symbol,False
SRD5A3,Q9H8P0,1,HGNC_symbol,False
SRD5A3-AS1,,0,unmapped,False
SREBF1,P36956,1,HGNC_symbol,False
SREBF2,Q12772,1,HGNC_symbol,False
SREK1,Q8WXA9,1,HGNC_symbol,False
SREK1IP1,Q8N9Q2,1,HGNC_symbol,False
SRF,P11831,1,HGNC_symbol,False
SRFBP1,Q8NEF9,1,HGNC_symbol,True
SRGAP1,Q7Z6B7,1,HGNC_symbol,False
SRGAP2,O75044,1,HGNC_symbol,False
SRGAP2B,P0DMP2,1,HGNC_symbol,False
SRGAP2C,P0DJJ0,1,HGNC_symbol,True
SRGAP3,O43295,1,HGNC_symbol,False
SRGN,P10124,1,HGNC_symbol,False
SRI,P30626,1,HGNC_symbol,False
SRIP3,,0,unmapped,False
SRL,Q86TD4,1,HGNC_symbol,False
SRM,P19623,1,HGNC_symbol,False
SRMS,Q9H3Y6,1,HGNC_symbol,False
SRP14,P37108,1,HGNC_symbol,True
SRP14-AS1,,0,unmapped,False
SRP19,P09132,1,HGNC_symbol,False
SRP54,P61011,1,HGNC_symbol,True
SRP68,Q9UHB9,1,HGNC_symbol,True
SRP72,O76094,1,HGNC_symbol,False
SRP72P1,,0,unmapped,False
SRP72P2,,0,unmapped,False
SRP9,P49458,1,HGNC_symbol,False
SRP9P1,,0,unmapped,False
SRPK1,Q96SB4,1,HGNC_symbol,True
SRPK2,P78362,1,HGNC_symbol,True
SRPK3,Q9UPE1,1,HGNC_symbol,False
SRPR,2FH5,5,STRING_alias,False
SRPRA,P08240,1,HGNC_symbol,True
SRPRB,Q9Y5M8,1,HGNC_symbol,False
SRPX,P78539,1,HGNC_symbol,False
SRPX2,O60687,1,HGNC_symbol,True
SRR,Q9GZT4,1,HGNC_symbol,False
SRRD,Q9UH36,1,HGNC_symbol,True
SRRM1,Q8IYB3,1,HGNC_symbol,False
SRRM1P3,,0,unmapped,False
SRRM2,Q9UQ35,1,HGNC_symbol,False
SRRM2-AS1,,0,unmapped,False
SRRM3,A6NNA2,1,HGNC_symbol,False
SRRM4,A7MD48,1,HGNC_symbol,True
SRRM5,B3KS81,1,HGNC_symbol,False
SRRT,Q9BXP5,1,HGNC_symbol,False
SRSF1,Q07955,1,HGNC_symbol,True
SRSF10,O75494,1,HGNC_symbol,True
SRSF10P1,,0,unmapped,False
SRSF11,Q05519,1,HGNC_symbol,False
SRSF12,Q8WXF0,1,HGNC_symbol,True
SRSF2,Q01130,1,HGNC_symbol,False
SRSF3,P84103,1,HGNC_symbol,False
SRSF4,Q08170,1,HGNC_symbol,False
SRSF5,Q13243,1,HGNC_symbol,False
SRSF6,Q13247,1,HGNC_symbol,False
SRSF7,Q16629,1,HGNC_symbol,True
SRSF8,Q9BRL6,1,HGNC_symbol,False
SRSF9,Q13242,1,HGNC_symbol,True
SRXN1,Q9BYN0,1,HGNC_symbol,False
SRY,Q05066,1,HGNC_symbol,False
SS18,Q15532,1,HGNC_symbol,False
SS18L1,O75177,1,HGNC_symbol,False
SS18L2,Q9UHA2,1,HGNC_symbol,False
SSB,P05455,1,HGNC_symbol,True
SSBP1,Q04837,1,HGNC_symbol,True
SSBP2,P81877,1,HGNC_symbol,False
SSBP3,Q9BWW4,1,HGNC_symbol,True
SSBP3-AS1,Q7Z2R9,1,HGNC_symbol,False
SSBP4,Q9BWG4,1,HGNC_symbol,True
SSC4D,Q8WTU2,1,HGNC_symbol,True
SSC5D,A1L4H1,1,HGNC_symbol,False
SSFA2,6744,5,STRING_alias,False
SSH1,Q8WYL5,1,HGNC_symbol,False
SSH2,Q76I76,1,HGNC_symbol,False
SSH3,Q8TE77,1,HGNC_symbol,True
SSMEM1,Q8WWF3,1,HGNC_symbol,False
SSNA1,O43805,1,HGNC_symbol,False
SSPN,Q14714,1,HGNC_symbol,False
SSPO,,0,unmapped,False
SSR1,P43307,1,HGNC_symbol,True
SSR2,P43308,1,HGNC_symbol,False
SSR3,Q9UNL2,1,HGNC_symbol,False
SSR4,P51571,1,HGNC_symbol,False
SSR4P1,,0,unmapped,False
SSRP1,Q08945,1,HGNC_symbol,False
SSSCA1,10534,5,STRING_alias,False
SSSCA1-AS1,,0,unmapped,False
SST,P61278,1,HGNC_symbol,False
SSTR1,P30872,1,HGNC_symbol,False
SSTR2,P30874,1,HGNC_symbol,True
SSTR3,P32745,1,HGNC_symbol,True
SSTR4,P31391,1,HGNC_symbol,True
SSTR5,P35346,1,HGNC_symbol,True
SSU72,Q9NP77,1,HGNC_symbol,True
SSU72L1,A0A1W2PQ27,1,HGNC_symbol,False
SSU72L2,A0A1W2PQD8,1,HGNC_symbol,False
SSU72L3,A0A1W2PQJ5,1,HGNC_symbol,True
SSU72L4,A0A1W2PQC6,1,HGNC_symbol,False
SSU72L5,A0A1W2PQ64,1,HGNC_symbol,True
SSU72L6,A0A1W2PR75,1,HGNC_symbol,True
SSUH2,Q9Y2M2,1,HGNC_symbol,False
SSX1,Q16384,1,HGNC_symbol,True
SSX2,Q16385,1,HGNC_symbol,False
SSX2B,,0,unmapped,False
SSX2IP,Q9Y2D8,1,HGNC_symbol,False
SSX3,Q99909,1,HGNC_symbol,False
SSX4,O60224,1,HGNC_symbol,False
SSX4B,548313,5,STRING_alias,False
SSX5,O60225,1,HGNC_symbol,False
SSX7,Q7RTT5,1,HGNC_symbol,True
ST13,P50502,1,HGNC_symbol,True
ST13P10,,0,unmapped,False
ST13P13,,0,unmapped,False
ST13P15,,0,unmapped,False
ST13P18,,0,unmapped,False
ST13P19,,0,unmapped,False
ST13P3,,0,unmapped,False
ST13P4,Q8IZP2,1,HGNC_symbol,True
ST13P5,Q8NFI4,1,HGNC_symbol,False
ST13P6,,0,unmapped,False
ST14,Q9Y5Y6,1,HGNC_symbol,True
ST18,O60284,1,HGNC_symbol,False
ST20,Q9HBF5,1,HGNC_symbol,True
ST3GAL1,Q11201,1,HGNC_symbol,False
ST3GAL2,Q16842,1,HGNC_symbol,False
ST3GAL3,Q11203,1,HGNC_symbol,False
ST3GAL4,Q11206,1,HGNC_symbol,False
ST3GAL5,Q9UNP4,1,HGNC_symbol,True
ST3GAL6,Q9Y274,1,HGNC_symbol,True
ST3GAL6-AS1,,0,unmapped,False
ST5,6764,5,STRING_alias,False
ST6GAL1,P15907,1,HGNC_symbol,False
ST6GAL2,Q96JF0,1,HGNC_symbol,False
ST6GALNAC1,Q9NSC7,1,HGNC_symbol,False
ST6GALNAC2,Q9UJ37,1,HGNC_symbol,False
ST6GALNAC3,Q8NDV1,1,HGNC_symbol,True
ST6GALNAC4,Q9H4F1,1,HGNC_symbol,False
ST6GALNAC4P1,,0,unmapped,False
ST6GALNAC5,Q9BVH7,1,HGNC_symbol,False
ST6GALNAC6,Q969X2,1,HGNC_symbol,False
ST7,Q9NRC1,1,HGNC_symbol,False
ST7-AS1,,0,unmapped,False
ST7-OT4,,0,unmapped,False
ST7L,Q8TDW4,1,HGNC_symbol,True
ST8SIA1,Q92185,1,HGNC_symbol,True
ST8SIA2,Q92186,1,HGNC_symbol,False
ST8SIA3,O43173,1,HGNC_symbol,False
ST8SIA4,Q92187,1,HGNC_symbol,True
ST8SIA5,O15466,1,HGNC_symbol,False
ST8SIA6,P61647,1,HGNC_symbol,False
STAB1,Q9NY15,1,HGNC_symbol,False
STAB2,Q8WWQ8,1,HGNC_symbol,False
STAC,Q99469,1,HGNC_symbol,True
STAC2,Q6ZMT1,1,HGNC_symbol,True
STAC3,Q96MF2,1,HGNC_symbol,False
STAG1,Q8WVM7,1,HGNC_symbol,False
STAG2,Q8N3U4,1,HGNC_symbol,False
STAG3,Q9UJ98,1,HGNC_symbol,False
STAG3L1,P0CL83,1,HGNC_symbol,False
STAG3L2,P0CL84,1,HGNC_symbol,True
STAG3L3,P0CL85,1,HGNC_symbol,True
STAG3L4,Q8TBR4,1,HGNC_symbol,False
STAG3L5P,,0,unmapped,False
STAG3L5P-PVRIG2P-PILRB,,0,unmapped,False
STAM,Q92783,1,HGNC_symbol,True
STAM2,O75886,1,HGNC_symbol,False
STAMBP,O95630,1,HGNC_symbol,True
STAMBPL1,Q96FJ0,1,HGNC_symbol,False
STAP1,Q9ULZ2,1,HGNC_symbol,False
STAP2,Q9UGK3,1,HGNC_symbol,True
STAR,P49675,1,HGNC_symbol,False
STARD10,Q9Y365,1,HGNC_symbol,False
STARD13,Q9Y3M8,1,HGNC_symbol,False
STARD3,Q14849,1,HGNC_symbol,False
STARD3NL,O95772,1,HGNC_symbol,True
STARD4,Q96DR4,1,HGNC_symbol,True
STARD4-AS1,,0,unmapped,False
STARD5,Q9NSY2,1,HGNC_symbol,False
STARD6,P59095,1,HGNC_symbol,False
STARD7,Q9NQZ5,1,HGNC_symbol,True
STARD7-AS1,,0,unmapped,False
STARD8,Q92502,1,HGNC_symbol,True
STARD9,Q9P2P6,1,HGNC_symbol,False
STAT1,P42224,1,HGNC_symbol,True
STAT2,P52630,1,HGNC_symbol,True
STAT3,P40763,1,HGNC_symbol,False
STAT4,Q14765,1,HGNC_symbol,True
STAT5A,P42229,1,HGNC_symbol,True
STAT5B,P51692,1,HGNC_symbol,True
STAT6,P42226,1,HGNC_symbol,True
STATH,P02808,1,HGNC_symbol,False
STAU1,O95793,1,HGNC_symbol,False
STAU2,Q9NUL3,1,HGNC_symbol,True
STBD1,O95210,1,HGNC_symbol,True
STC1,P52823,1,HGNC_symbol,False
STC2,O76061,1,HGNC_symbol,False
STEAP1,Q9UHE8,1,HGNC_symbol,False
STEAP1B,Q6NZ63,1,HGNC_symbol,False
STEAP2,Q8NFT2,1,HGNC_symbol,True
STEAP3,Q658P3,1,HGNC_symbol,False
STEAP4,Q687X5,1,HGNC_symbol,False
STEEP1,Q9H5V9,1,HGNC_symbol,True
STH,Q8IWL8,1,HGNC_symbol,True
STIL,Q15468,1,HGNC_symbol,False
STIM1,Q13586,1,HGNC_symbol,False
STIM2,Q9P246,1,HGNC_symbol,True
STIMATE,Q86TL2,1,HGNC_symbol,True
STING1,Q86WV6,1,HGNC_symbol,True
STIP1,P31948,1,HGNC_symbol,False
STK10,O94804,1,HGNC_symbol,False
STK11,Q15831,1,HGNC_symbol,False
STK11IP,Q8N1F8,1,HGNC_symbol,False
STK16,O75716,1,HGNC_symbol,False
STK17A,Q9UEE5,1,HGNC_symbol,True
STK17B,O94768,1,HGNC_symbol,False
STK19,2.7.11.1,5,STRING_alias,False
STK19P,,0,unmapped,False
STK24,Q9Y6E0,1,HGNC_symbol,False
STK24-AS1,,0,unmapped,False
STK25,O00506,1,HGNC_symbol,True
STK26,Q9P289,1,HGNC_symbol,False
STK3,Q13188,1,HGNC_symbol,True
STK31,Q9BXU1,1,HGNC_symbol,True
STK32A,Q8WU08,1,HGNC_symbol,True
STK32B,Q9NY57,1,HGNC_symbol,False
STK32C,Q86UX6,1,HGNC_symbol,True
STK33,Q9BYT3,1,HGNC_symbol,False
STK35,Q8TDR2,1,HGNC_symbol,False
STK36,Q9NRP7,1,HGNC_symbol,False
STK38,Q15208,1,HGNC_symbol,True
STK38L,Q9Y2H1,1,HGNC_symbol,True
STK39,Q9UEW8,1,HGNC_symbol,False
STK4,Q13043,1,HGNC_symbol,False
STK4-AS1,,0,unmapped,False
STK40,Q8N2I9,1,HGNC_symbol,True
STKLD1,Q8NE28,1,HGNC_symbol,True
STMN1,P16949,1,HGNC_symbol,False
STMN2,Q93045,1,HGNC_symbol,False
STMN3,Q9NZ72,1,HGNC_symbol,False
STMN4,Q9H169,1,HGNC_symbol,True
STMND1,H3BQB6,1,HGNC_symbol,False
STMP1,E0CX11,1,HGNC_symbol,False
STN1,Q9H668,1,HGNC_symbol,True
STOM,P27105,1,HGNC_symbol,False
STOML1,Q9UBI4,1,HGNC_symbol,False
STOML2,Q9UJZ1,1,HGNC_symbol,False
STOML3,Q8TAV4,1,HGNC_symbol,False
STON1,Q9Y6Q2,1,HGNC_symbol,True
STON2,Q8WXE9,1,HGNC_symbol,False
STOX1,Q6ZVD7,1,HGNC_symbol,False
STOX2,Q9P2F5,1,HGNC_symbol,False
STPG1,Q5TH74,1,HGNC_symbol,False
STPG2,Q8N412,1,HGNC_symbol,False
STPG3,Q8N7X2,1,HGNC_symbol,False
STPG4,Q8N801,1,HGNC_symbol,False
STRA13,8553,5,STRING_alias,False
STRA6,Q9BX79,1,HGNC_symbol,False
STRA8,Q7Z7C7,1,HGNC_symbol,False
STRADA,Q7RTN6,1,HGNC_symbol,False
STRADB,Q9C0K7,1,HGNC_symbol,True
STRAP,Q9Y3F4,1,HGNC_symbol,True
STRBP,Q96SI9,1,HGNC_symbol,False
STRC,Q7RTU9,1,HGNC_symbol,False
STRCP1,A6NGW2,1,HGNC_symbol,False
STRIP1,Q5VSL9,1,HGNC_symbol,False
STRIP2,Q9ULQ0,1,HGNC_symbol,False
STRIT1,P0DN84,1,HGNC_symbol,False
STRN,O43815,1,HGNC_symbol,False
STRN3,Q13033,1,HGNC_symbol,False
STRN4,Q9NRL3,1,HGNC_symbol,False
STS,P08842,1,HGNC_symbol,True
STT3A,P46977,1,HGNC_symbol,False
STT3B,Q8TCJ2,1,HGNC_symbol,False
STUB1,Q9UNE7,1,HGNC_symbol,True
STUM,Q69YW2,1,HGNC_symbol,False
STX10,O60499,1,HGNC_symbol,False
STX11,O75558,1,HGNC_symbol,False
STX12,Q86Y82,1,HGNC_symbol,False
STX16,O14662,1,HGNC_symbol,False
STX16-NPEPL1,,0,unmapped,False
STX17,P56962,1,HGNC_symbol,True
STX18,Q9P2W9,1,HGNC_symbol,False
STX18-AS1,,0,unmapped,False
STX19,Q8N4C7,1,HGNC_symbol,True
STX1A,Q16623,1,HGNC_symbol,False
STX1B,P61266,1,HGNC_symbol,False
STX2,P32856,1,HGNC_symbol,False
STX3,Q13277,1,HGNC_symbol,True
STX4,Q12846,1,HGNC_symbol,True
STX5,Q13190,1,HGNC_symbol,True
STX6,O43752,1,HGNC_symbol,True
STX7,O15400,1,HGNC_symbol,True
STX8,Q9UNK0,1,HGNC_symbol,False
STXBP1,P61764,1,HGNC_symbol,False
STXBP2,Q15833,1,HGNC_symbol,False
STXBP3,O00186,1,HGNC_symbol,False
STXBP4,Q6ZWJ1,1,HGNC_symbol,True
STXBP5,Q5T5C0,1,HGNC_symbol,False
STXBP5-AS1,,0,unmapped,False
STXBP5L,Q9Y2K9,1,HGNC_symbol,False
STXBP6,Q8NFX7,1,HGNC_symbol,False
STYK1,Q6J9G0,1,HGNC_symbol,False
STYX,Q8WUJ0,1,HGNC_symbol,True
STYXL1,Q9Y6J8,1,HGNC_symbol,True
STYXL2,Q5VZP5,1,HGNC_symbol,False
SUB1,P53999,1,HGNC_symbol,False
SUB1P1,,0,unmapped,False
SUB1P3,,0,unmapped,False
SUCLA2,Q9P2R7,1,HGNC_symbol,True
SUCLA2P3,,0,unmapped,False
SUCLG1,P53597,1,HGNC_symbol,True
SUCLG2,Q96I99,1,HGNC_symbol,False
SUCLG2P2,,0,unmapped,False
SUCNR1,Q9BXA5,1,HGNC_symbol,True
SUCO,Q9UBS9,1,HGNC_symbol,False
SUDS3,Q9H7L9,1,HGNC_symbol,False
SUDS3P1,,0,unmapped,False
SUFU,Q9UMX1,1,HGNC_symbol,True
SUGCT,Q9HAC7,1,HGNC_symbol,True
SUGP1,Q8IWZ8,1,HGNC_symbol,True
SUGP2,Q8IX01,1,HGNC_symbol,False
SUGT1,Q9Y2Z0,1,HGNC_symbol,True
SUGT1P,,0,unmapped,False
SUGT1P2,,0,unmapped,False
SUGT1P3,,0,unmapped,False
SULF1,Q8IWU6,1,HGNC_symbol,True
SULF2,Q8IWU5,1,HGNC_symbol,False
SULT1A1,P50225,1,HGNC_symbol,True
SULT1A2,P50226,1,HGNC_symbol,True
SULT1A3,P0DMM9,1,HGNC_symbol,False
SULT1A4,P0DMN0,1,HGNC_symbol,False
SULT1B1,O43704,1,HGNC_symbol,True
SULT1C2,O00338,1,HGNC_symbol,True
SULT1C3,Q6IMI6,1,HGNC_symbol,False
SULT1C4,O75897,1,HGNC_symbol,False
SULT1E1,P49888,1,HGNC_symbol,True
SULT2A1,Q06520,1,HGNC_symbol,False
SULT2B1,O00204,1,HGNC_symbol,False
SULT4A1,Q9BR01,1,HGNC_symbol,False
SULT6B1,Q6IMI4,1,HGNC_symbol,False
SUMF1,Q8NBK3,1,HGNC_symbol,False
SUMF2,Q8NBJ7,1,HGNC_symbol,True
SUMO1,P63165,1,HGNC_symbol,False
SUMO1P1,G2XKQ0,1,HGNC_symbol,False
SUMO1P3,,0,unmapped,False
SUMO1P4,,0,unmapped,False
SUMO2,P61956,1,HGNC_symbol,False
SUMO2P1,,0,unmapped,False
SUMO2P17,,0,unmapped,False
SUMO2P20,,0,unmapped,False
SUMO2P3,,0,unmapped,False
SUMO2P6,,0,unmapped,False
SUMO3,P55854,1,HGNC_symbol,False
SUMO4,Q6EEV6,1,HGNC_symbol,True
SUN1,O94901,1,HGNC_symbol,False
SUN2,Q9UH99,1,HGNC_symbol,False
SUN3,Q8TAQ9,1,HGNC_symbol,False
SUN5,Q8TC36,1,HGNC_symbol,False
SUOX,P51687,1,HGNC_symbol,True
SUPT16H,Q9Y5B9,1,HGNC_symbol,False
SUPT20H,Q8NEM7,1,HGNC_symbol,True
SUPT20HL1,Q3ZLR7,1,HGNC_symbol,False
SUPT20HL2,P0C7V6,1,HGNC_symbol,False
SUPT3H,O75486,1,HGNC_symbol,True
SUPT4H1,P63272,1,HGNC_symbol,True
SUPT5H,O00267,1,HGNC_symbol,False
SUPT6H,Q7KZ85,1,HGNC_symbol,False
SUPT7L,O94864,1,HGNC_symbol,True
SUPV3L1,Q8IYB8,1,HGNC_symbol,True
SURF1,Q15526,1,HGNC_symbol,True
SURF2,Q15527,1,HGNC_symbol,True
SURF4,O15260,1,HGNC_symbol,False
SURF6,O75683,1,HGNC_symbol,False
SUSD1,Q6UWL2,1,HGNC_symbol,False
SUSD2,Q9UGT4,1,HGNC_symbol,False
SUSD3,Q96L08,1,HGNC_symbol,True
SUSD4,Q5VX71,1,HGNC_symbol,False
SUSD5,O60279,1,HGNC_symbol,False
SUSD6,Q92537,1,HGNC_symbol,False
SUV39H1,O43463,1,HGNC_symbol,False
SUV39H2,Q9H5I1,1,HGNC_symbol,True
SUV420H1,2.1.1.361,5,STRING_alias,False
SUV420H2,2.1.1.361,5,STRING_alias,False
SUZ12,Q15022,1,HGNC_symbol,True
SUZ12P,,0,unmapped,False
SV2A,Q7L0J3,1,HGNC_symbol,False
SV2B,Q7L1I2,1,HGNC_symbol,False
SV2C,Q496J9,1,HGNC_symbol,False
SVBP,Q8N300,1,HGNC_symbol,True
SVEP1,Q4LDE5,1,HGNC_symbol,False
SVIL,O95425,1,HGNC_symbol,False
SVILP1,,0,unmapped,False
SVIP,Q8NHG7,1,HGNC_symbol,True
SVOP,Q8N4V2,1,HGNC_symbol,True
SVOPL,Q8N434,1,HGNC_symbol,True
SWAP70,Q9UH65,1,HGNC_symbol,True
SWI5,Q1ZZU3,1,HGNC_symbol,False
SWSAP1,Q6NVH7,1,HGNC_symbol,True
SWT1,Q5T5J6,1,HGNC_symbol,True
SYAP1,Q96A49,1,HGNC_symbol,False
SYBU,Q9NX95,1,HGNC_symbol,True
SYCE1,Q8N0S2,1,HGNC_symbol,True
SYCE1L,A8MT33,1,HGNC_symbol,True
SYCE2,Q6PIF2,1,HGNC_symbol,False
SYCE3,A1L190,1,HGNC_symbol,True
SYCN,Q0VAF6,1,HGNC_symbol,True
SYCP1,Q15431,1,HGNC_symbol,False
SYCP2,Q9BX26,1,HGNC_symbol,False
SYCP2L,Q5T4T6,1,HGNC_symbol,False
SYCP3,Q8IZU3,1,HGNC_symbol,False
SYDE1,Q6ZW31,1,HGNC_symbol,False
SYDE2,Q5VT97,1,HGNC_symbol,False
SYF2,O95926,1,HGNC_symbol,True
SYK,P43405,1,HGNC_symbol,True
SYMPK,Q92797,1,HGNC_symbol,False
SYN1,P17600,1,HGNC_symbol,False
SYN2,Q92777,1,HGNC_symbol,False
SYN3,O14994,1,HGNC_symbol,False
SYNC,Q9H7C4,1,HGNC_symbol,True
SYNCRIP,O60506,1,HGNC_symbol,False
SYNDIG1,Q9H7V2,1,HGNC_symbol,False
SYNDIG1L,A6NDD5,1,HGNC_symbol,True
SYNE1,Q8NF91,1,HGNC_symbol,False
SYNE2,Q8WXH0,1,HGNC_symbol,False
SYNE3,Q6ZMZ3,1,HGNC_symbol,False
SYNE4,Q8N205,1,HGNC_symbol,True
SYNGAP1,Q96PV0,1,HGNC_symbol,False
SYNGR1,O43759,1,HGNC_symbol,True
SYNGR2,O43760,1,HGNC_symbol,True
SYNGR3,O43761,1,HGNC_symbol,False
SYNGR4,O95473,1,HGNC_symbol,True
SYNJ1,O43426,1,HGNC_symbol,False
SYNJ2,O15056,1,HGNC_symbol,False
SYNJ2BP,P57105,1,HGNC_symbol,False
SYNM,O15061,1,HGNC_symbol,False
SYNPO,Q8N3V7,1,HGNC_symbol,True
SYNPO2,Q9UMS6,1,HGNC_symbol,False
SYNPO2L,Q9H987,1,HGNC_symbol,True
SYNPR,Q8TBG9,1,HGNC_symbol,True
SYNRG,Q9UMZ2,1,HGNC_symbol,False
SYP,P08247,1,HGNC_symbol,False
SYPL1,Q16563,1,HGNC_symbol,True
SYPL2,Q5VXT5,1,HGNC_symbol,True
SYS1,Q8N2H4,1,HGNC_symbol,True
SYT1,P21579,1,HGNC_symbol,True
SYT10,Q6XYQ8,1,HGNC_symbol,True
SYT11,Q9BT88,1,HGNC_symbol,True
SYT12,Q8IV01,1,HGNC_symbol,True
SYT13,Q7L8C5,1,HGNC_symbol,True
SYT14,Q8NB59,1,HGNC_symbol,False
SYT15,Q9BQS2,1,HGNC_symbol,True
SYT15B,X6R8R1,1,HGNC_symbol,False
SYT16,Q17RD7,1,HGNC_symbol,False
SYT17,Q9BSW7,1,HGNC_symbol,False
SYT2,Q8N9I0,1,HGNC_symbol,False
SYT3,Q9BQG1,1,HGNC_symbol,False
SYT4,Q9H2B2,1,HGNC_symbol,False
SYT5,O00445,1,HGNC_symbol,True
SYT6,Q5T7P8,1,HGNC_symbol,True
SYT7,O43581,1,HGNC_symbol,False
SYT8,Q8NBV8,1,HGNC_symbol,False
SYT9,Q86SS6,1,HGNC_symbol,True
SYTL1,Q8IYJ3,1,HGNC_symbol,False
SYTL2,Q9HCH5,1,HGNC_symbol,False
SYTL3,Q4VX76,1,HGNC_symbol,False
SYTL4,Q96C24,1,HGNC_symbol,True
SYTL5,Q8TDW5,1,HGNC_symbol,False
SYVN1,Q86TM6,1,HGNC_symbol,False
SZRD1,Q7Z422,1,HGNC_symbol,True
SZT2,Q5T011,1,HGNC_symbol,False
TAAR1,Q96RJ0,1,HGNC_symbol,False
TAAR2,Q9P1P5,1,HGNC_symbol,False
TAAR5,O14804,1,HGNC_symbol,True
TAAR6,Q96RI8,1,HGNC_symbol,False
TAAR8,Q969N4,1,HGNC_symbol,True
TAAR9,Q96RI9,1,HGNC_symbol,False
TAB1,Q15750,1,HGNC_symbol,False
TAB2,Q9NYJ8,1,HGNC_symbol,True
TAB3,Q8N5C8,1,HGNC_symbol,False
TAC1,P20366,1,HGNC_symbol,False
TAC3,Q9UHF0,1,HGNC_symbol,False
TAC4,Q86UU9,1,HGNC_symbol,False
TACC1,O75410,1,HGNC_symbol,False
TACC2,O95359,1,HGNC_symbol,False
TACC3,Q9Y6A5,1,HGNC_symbol,False
TACO1,Q9BSH4,1,HGNC_symbol,True
TACR1,P25103,1,HGNC_symbol,False
TACR2,P21452,1,HGNC_symbol,False
TACR3,P29371,1,HGNC_symbol,True
TACSTD2,P09758,1,HGNC_symbol,False
TADA1,Q96BN2,1,HGNC_symbol,True
TADA2A,O75478,1,HGNC_symbol,False
TADA2B,Q86TJ2,1,HGNC_symbol,True
TADA3,O75528,1,HGNC_symbol,True
TAF1,P21675,1,HGNC_symbol,False
TAF10,Q12962,1,HGNC_symbol,True
TAF11,Q15544,1,HGNC_symbol,True
TAF11L10,P0DW14,1,HGNC_symbol,False
TAF11L11,A0A1W2PQ09,1,HGNC_symbol,True
TAF11L12,A0A1W2PPW3,1,HGNC_symbol,False
TAF11L13,A0A1W2PPH5,1,HGNC_symbol,False
TAF11L14,A0A1W2PPL8,1,HGNC_symbol,False
TAF11L2,A6NLC8,1,HGNC_symbol,False
TAF11L3,A0A1W2PRV1,1,HGNC_symbol,False
TAF11L4,A0A1W2PPE2,1,HGNC_symbol,True
TAF11L5,A0A1W2PP81,1,HGNC_symbol,False
TAF11L6,P0DW11,1,HGNC_symbol,False
TAF11L7,P0DW12,1,HGNC_symbol,True
TAF11L8,P0DW13,1,HGNC_symbol,True
TAF11L9,A0A1W2PR64,1,HGNC_symbol,True
TAF12,Q16514,1,HGNC_symbol,False
TAF13,Q15543,1,HGNC_symbol,True
TAF15,Q92804,1,HGNC_symbol,True
TAF1A,Q15573,1,HGNC_symbol,False
TAF1B,Q53T94,1,HGNC_symbol,True
TAF1C,Q15572,1,HGNC_symbol,False
TAF1D,Q9H5J8,1,HGNC_symbol,False
TAF1L,Q8IZX4,1,HGNC_symbol,False
TAF2,Q6P1X5,1,HGNC_symbol,False
TAF3,Q5VWG9,1,HGNC_symbol,True
TAF4,O00268,1,HGNC_symbol,False
TAF4B,Q92750,1,HGNC_symbol,True
TAF5,Q15542,1,HGNC_symbol,False
TAF5L,O75529,1,HGNC_symbol,True
TAF6,P49848,1,HGNC_symbol,True
TAF6L,Q9Y6J9,1,HGNC_symbol,True
TAF7,Q15545,1,HGNC_symbol,True
TAF7L,Q5H9L4,1,HGNC_symbol,True
TAF8,Q7Z7C8,1,HGNC_symbol,False
TAF9,Q16594,1,HGNC_symbol,True
TAF9B,Q9HBM6,1,HGNC_symbol,True
TAF9P3,,0,unmapped,False
TAFA1,Q7Z5A9,1,HGNC_symbol,False
TAFA2,Q8N3H0,1,HGNC_symbol,False
TAFA3,Q7Z5A8,1,HGNC_symbol,False
TAFA4,Q96LR4,1,HGNC_symbol,False
TAFA5,Q7Z5A7,1,HGNC_symbol,True
TAFAZZIN,Q16635,1,HGNC_symbol,False
TAGAP,Q8N103,1,HGNC_symbol,True
TAGLN,Q01995,1,HGNC_symbol,False
TAGLN2,P37802,1,HGNC_symbol,True
TAGLN2P1,,0,unmapped,False
TAGLN3,Q9UI15,1,HGNC_symbol,True
TAL1,P17542,1,HGNC_symbol,True
TAL2,Q16559,1,HGNC_symbol,True
TALDO1,P37837,1,HGNC_symbol,True
TAMALIN,Q7Z6J2,1,HGNC_symbol,False
TAMM41,Q96BW9,1,HGNC_symbol,False
TANC1,Q9C0D5,1,HGNC_symbol,False
TANC2,Q9HCD6,1,HGNC_symbol,False
TANGO2,Q6ICL3,1,HGNC_symbol,False
TANGO6,Q9C0B7,1,HGNC_symbol,False
TANK,Q92844,1,HGNC_symbol,False
TAOK1,Q7L7X3,1,HGNC_symbol,False
TAOK2,Q9UL54,1,HGNC_symbol,False
TAOK3,Q9H2K8,1,HGNC_symbol,False
TAP1,Q03518,1,HGNC_symbol,False
TAP2,Q03519,1,HGNC_symbol,True
TAPBP,O15533,1,HGNC_symbol,True
TAPBPL,Q9BX59,1,HGNC_symbol,False
TAPSAR1,,0,unmapped,False
TAPT1,Q6NXT6,1,HGNC_symbol,True
TAPT1-AS1,,0,unmapped,False
TARBP1,Q13395,1,HGNC_symbol,False
TARBP2,Q15633,1,HGNC_symbol,False
TARDBP,Q13148,1,HGNC_symbol,True
TARDBPP2,,0,unmapped,False
TARM1,B6A8C7,1,HGNC_symbol,True
TARS,1WWT,5,STRING_alias,False
TARS1,P26639,1,HGNC_symbol,True
TARS2,Q9BW92,1,HGNC_symbol,False
TARS3,A2RTX5,1,HGNC_symbol,False
TARSL2,123283,5,STRING_alias,False
TAS1R1,Q7RTX1,1,HGNC_symbol,False
TAS1R2,Q8TE23,1,HGNC_symbol,False
TAS1R3,Q7RTX0,1,HGNC_symbol,False
TAS2R1,Q9NYW7,1,HGNC_symbol,False
TAS2R10,Q9NYW0,1,HGNC_symbol,False
TAS2R12,,0,unmapped,False
TAS2R13,Q9NYV9,1,HGNC_symbol,False
TAS2R14,Q9NYV8,1,HGNC_symbol,False
TAS2R15,,0,unmapped,False
TAS2R16,Q9NYV7,1,HGNC_symbol,True
TAS2R18,,0,unmapped,False
TAS2R19,P59542,1,HGNC_symbol,True
TAS2R2,Q50KZ9,1,HGNC_symbol,False
TAS2R20,P59543,1,HGNC_symbol,True
TAS2R3,Q9NYW6,1,HGNC_symbol,False
TAS2R30,P59541,1,HGNC_symbol,True
TAS2R31,P59538,1,HGNC_symbol,False
TAS2R38,P59533,1,HGNC_symbol,True
TAS2R39,P59534,1,HGNC_symbol,False
TAS2R4,Q9NYW5,1,HGNC_symbol,True
TAS2R40,P59535,1,HGNC_symbol,True
TAS2R41,P59536,1,HGNC_symbol,True
TAS2R42,Q7RTR8,1,HGNC_symbol,False
TAS2R43,P59537,1,HGNC_symbol,True
TAS2R46,P59540,1,HGNC_symbol,False
TAS2R5,Q9NYW4,1,HGNC_symbol,True
TAS2R50,P59544,1,HGNC_symbol,False
TAS2R6,,0,unmapped,False
TAS2R60,P59551,1,HGNC_symbol,False
TAS2R64P,,0,unmapped,False
TAS2R7,Q9NYW3,1,HGNC_symbol,False
TAS2R8,Q9NYW2,1,HGNC_symbol,False
TAS2R9,Q9NYW1,1,HGNC_symbol,False
TASL,Q9HAI6,1,HGNC_symbol,True
TASOR,Q9UK61,1,HGNC_symbol,False
TASOR2,Q5VWN6,1,HGNC_symbol,False
TASP1,Q9H6P5,1,HGNC_symbol,False
TAT,P17735,1,HGNC_symbol,True
TATDN1,Q6P1N9,1,HGNC_symbol,True
TATDN1P1,,0,unmapped,False
TATDN2,Q93075,1,HGNC_symbol,True
TATDN3,Q17R31,1,HGNC_symbol,True
TAX1BP1,Q86VP1,1,HGNC_symbol,True
TAX1BP3,O14907,1,HGNC_symbol,False
TAZ,25937,5,STRING_alias,False
TBATA,Q96M53,1,HGNC_symbol,False
TBC1D1,Q86TI0,1,HGNC_symbol,False
TBC1D10A,Q9BXI6,1,HGNC_symbol,True
TBC1D10B,Q4KMP7,1,HGNC_symbol,False
TBC1D10C,Q8IV04,1,HGNC_symbol,True
TBC1D12,O60347,1,HGNC_symbol,False
TBC1D13,Q9NVG8,1,HGNC_symbol,False
TBC1D14,Q9P2M4,1,HGNC_symbol,True
TBC1D15,Q8TC07,1,HGNC_symbol,True
TBC1D16,Q8TBP0,1,HGNC_symbol,True
TBC1D17,Q9HA65,1,HGNC_symbol,True
TBC1D19,Q8N5T2,1,HGNC_symbol,False
TBC1D2,Q9BYX2,1,HGNC_symbol,True
TBC1D20,Q96BZ9,1,HGNC_symbol,False
TBC1D21,Q8IYX1,1,HGNC_symbol,False
TBC1D22A,Q8WUA7,1,HGNC_symbol,False
TBC1D22B,Q9NU19,1,HGNC_symbol,False
TBC1D23,Q9NUY8,1,HGNC_symbol,False
TBC1D24,Q9ULP9,1,HGNC_symbol,False
TBC1D25,Q3MII6,1,HGNC_symbol,False
TBC1D26,Q86UD7,1,HGNC_symbol,True
TBC1D27,,0,unmapped,False
TBC1D28,Q2M2D7,1,HGNC_symbol,False
TBC1D29,,0,unmapped,False
TBC1D2B,Q9UPU7,1,HGNC_symbol,False
TBC1D3,Q8IZP1,1,HGNC_symbol,False
TBC1D30,Q9Y2I9,1,HGNC_symbol,True
TBC1D31,Q96DN5,1,HGNC_symbol,False
TBC1D32,Q96NH3,1,HGNC_symbol,False
TBC1D3B,A6NDS4,1,HGNC_symbol,False
TBC1D3C,Q6IPX1,1,HGNC_symbol,False
TBC1D3D,A0A087WVF3,1,HGNC_symbol,False
TBC1D3E,A0A087X179,1,HGNC_symbol,False
TBC1D3F,A6NER0,1,HGNC_symbol,False
TBC1D3G,Q6DHY5,1,HGNC_symbol,True
TBC1D3H,P0C7X1,1,HGNC_symbol,False
TBC1D3I,A0A087WXS9,1,HGNC_symbol,False
TBC1D3K,A0A087X1G2,1,HGNC_symbol,False
TBC1D3L,B9A6J9,1,HGNC_symbol,True
TBC1D4,O60343,1,HGNC_symbol,False
TBC1D5,Q92609,1,HGNC_symbol,True
TBC1D7,Q9P0N9,1,HGNC_symbol,False
TBC1D8,O95759,1,HGNC_symbol,False
TBC1D8B,Q0IIM8,1,HGNC_symbol,False
TBC1D9,Q6ZT07,1,HGNC_symbol,False
TBC1D9B,Q66K14,1,HGNC_symbol,False
TBCA,O75347,1,HGNC_symbol,True
TBCAP1,,0,unmapped,False
TBCB,Q99426,1,HGNC_symbol,False
TBCC,Q15814,1,HGNC_symbol,True
TBCCD1,Q9NVR7,1,HGNC_symbol,True
TBCD,Q9BTW9,1,HGNC_symbol,False
TBCE,Q15813,1,HGNC_symbol,True
TBCEL,Q5QJ74,1,HGNC_symbol,False
TBCK,Q8TEA7,1,HGNC_symbol,True
TBK1,Q9UHD2,1,HGNC_symbol,True
TBKBP1,A7MCY6,1,HGNC_symbol,False
TBL1X,O60907,1,HGNC_symbol,True
TBL1XR1,Q9BZK7,1,HGNC_symbol,False
TBL1Y,Q9BQ87,1,HGNC_symbol,True
TBL2,Q9Y4P3,1,HGNC_symbol,False
TBL3,Q12788,1,HGNC_symbol,False
TBP,P20226,1,HGNC_symbol,False
TBPL1,P62380,1,HGNC_symbol,False
TBPL2,Q6SJ96,1,HGNC_symbol,False
TBR1,Q16650,1,HGNC_symbol,False
TBRG1,Q3YBR2,1,HGNC_symbol,True
TBRG4,Q969Z0,1,HGNC_symbol,False
TBX1,O43435,1,HGNC_symbol,True
TBX10,O75333,1,HGNC_symbol,True
TBX15,Q96SF7,1,HGNC_symbol,True
TBX18,O95935,1,HGNC_symbol,True
TBX19,O60806,1,HGNC_symbol,False
TBX2,Q13207,1,HGNC_symbol,False
TBX20,Q9UMR3,1,HGNC_symbol,True
TBX21,Q9UL17,1,HGNC_symbol,True
TBX22,Q9Y458,1,HGNC_symbol,False
TBX3,O15119,1,HGNC_symbol,False
TBX4,P57082,1,HGNC_symbol,True
TBX5,Q99593,1,HGNC_symbol,False
TBX6,O95947,1,HGNC_symbol,False
TBXA2R,P21731,1,HGNC_symbol,True
TBXAS1,P24557,1,HGNC_symbol,False
TBXT,O15178,1,HGNC_symbol,False
TC2N,Q8N9U0,1,HGNC_symbol,False
TCAF1,Q9Y4C2,1,HGNC_symbol,False
TCAF2,A6NFQ2,1,HGNC_symbol,True
TCAIM,Q8N3R3,1,HGNC_symbol,True
TCAM1P,,0,unmapped,False
TCAP,O15273,1,HGNC_symbol,True
TCEA1,P23193,1,HGNC_symbol,False
TCEA1P2,,0,unmapped,False
TCEA1P4,,0,unmapped,False
TCEA2,Q15560,1,HGNC_symbol,True
TCEA3,O75764,1,HGNC_symbol,False
TCEAL1,Q15170,1,HGNC_symbol,False
TCEAL2,Q9H3H9,1,HGNC_symbol,False
TCEAL3,Q969E4,1,HGNC_symbol,False
TCEAL4,Q96EI5,1,HGNC_symbol,True
TCEAL5,Q5H9L2,1,HGNC_symbol,False
TCEAL6,Q6IPX3,1,HGNC_symbol,True
TCEAL7,Q9BRU2,1,HGNC_symbol,True
TCEAL8,Q8IYN2,1,HGNC_symbol,False
TCEAL9,Q9UHQ7,1,HGNC_symbol,True
TCEANC,Q8N8B7,1,HGNC_symbol,False
TCEANC2,Q96MN5,1,HGNC_symbol,True
TCEB1,1LM8,5,STRING_alias,False
TCEB1P19,,0,unmapped,False
TCEB1P2,,0,unmapped,False
TCEB2,1LM8,5,STRING_alias,False
TCEB3,4HFX,5,STRING_alias,False
TCERG1,O14776,1,HGNC_symbol,False
TCERG1L,Q5VWI1,1,HGNC_symbol,True
TCF12,Q99081,1,HGNC_symbol,False
TCF15,Q12870,1,HGNC_symbol,False
TCF19,Q9Y242,1,HGNC_symbol,True
TCF20,Q9UGU0,1,HGNC_symbol,False
TCF21,O43680,1,HGNC_symbol,False
TCF23,Q7RTU1,1,HGNC_symbol,False
TCF24,Q7RTU0,1,HGNC_symbol,False
TCF25,Q9BQ70,1,HGNC_symbol,False
TCF3,P15923,1,HGNC_symbol,True
TCF4,P15884,1,HGNC_symbol,False
TCF7,P36402,1,HGNC_symbol,False
TCF7L1,Q9HCS4,1,HGNC_symbol,True
TCF7L2,Q9NQB0,1,HGNC_symbol,True
TCFL5,Q9UL49,1,HGNC_symbol,False
TCHH,Q07283,1,HGNC_symbol,False
TCHHL1,Q5QJ38,1,HGNC_symbol,True
TCHP,Q9BT92,1,HGNC_symbol,False
TCIM,Q9NR00,1,HGNC_symbol,False
TCIRG1,Q13488,1,HGNC_symbol,False
TCL1A,P56279,1,HGNC_symbol,False
TCL1B,O95988,1,HGNC_symbol,True
TCL6,,0,unmapped,False
TCN1,P20061,1,HGNC_symbol,False
TCN2,P20062,1,HGNC_symbol,False
TCOF1,Q13428,1,HGNC_symbol,False
TCP1,P17987,1,HGNC_symbol,False
TCP10L,Q8TDR4,1,HGNC_symbol,False
TCP11,Q8WWU5,1,HGNC_symbol,True
TCP11L1,Q9NUJ3,1,HGNC_symbol,True
TCP11L2,Q8N4U5,1,HGNC_symbol,True
TCP11X1,B4DZS4,1,HGNC_symbol,False
TCP11X2,Q5H9J9,1,HGNC_symbol,True
TCP1P1,,0,unmapped,False
TCTA,P57738,1,HGNC_symbol,True
TCTE1,202500,5,STRING_alias,False
TCTE3,6991,5,STRING_alias,False
TCTEX1D1,200132,5,STRING_alias,False
TCTEX1D2,255758,5,STRING_alias,False
TCTEX1D4,343521,5,STRING_alias,False
TCTN1,Q2MV58,1,HGNC_symbol,True
TCTN2,Q96GX1,1,HGNC_symbol,True
TCTN3,Q6NUS6,1,HGNC_symbol,True
TDG,Q13569,1,HGNC_symbol,False
TDH,Q8IZJ6,1,HGNC_symbol,False
TDO2,P48775,1,HGNC_symbol,False
TDP1,Q9NUW8,1,HGNC_symbol,True
TDP2,O95551,1,HGNC_symbol,False
TDPX2,NM_002574.3,5,STRING_alias,False
TDRD1,Q9BXT4,1,HGNC_symbol,False
TDRD10,Q5VZ19,1,HGNC_symbol,False
TDRD12,Q587J7,1,HGNC_symbol,False
TDRD15,B5MCY1,1,HGNC_symbol,False
TDRD3,Q9H7E2,1,HGNC_symbol,False
TDRD5,Q8NAT2,1,HGNC_symbol,True
TDRD6,O60522,1,HGNC_symbol,False
TDRD7,Q8NHU6,1,HGNC_symbol,False
TDRD9,Q8NDG6,1,HGNC_symbol,False
TDRKH,Q9Y2W6,1,HGNC_symbol,True
TDRP,Q86YL5,1,HGNC_symbol,True
TEAD1,P28347,1,HGNC_symbol,False
TEAD2,Q15562,1,HGNC_symbol,False
TEAD3,Q99594,1,HGNC_symbol,False
TEAD4,Q15561,1,HGNC_symbol,False
TEC,P42680,1,HGNC_symbol,False
TECPR1,Q7Z6L1,1,HGNC_symbol,False
TECPR2,O15040,1,HGNC_symbol,False
TECR,Q9NZ01,1,HGNC_symbol,True
TECRL,Q5HYJ1,1,HGNC_symbol,True
TECRP1,,0,unmapped,False
TECRP2,,0,unmapped,False
TECTA,O75443,1,HGNC_symbol,False
TECTB,Q96PL2,1,HGNC_symbol,True
TEDC1,Q86SX3,1,HGNC_symbol,False
TEDC2,Q7L2K0,1,HGNC_symbol,True
TEDDM1,Q5T9Z0,1,HGNC_symbol,False
TEF,Q10587,1,HGNC_symbol,True
TEFM,Q96QE5,1,HGNC_symbol,False
TEK,Q02763,1,HGNC_symbol,False
TEKT1,Q969V4,1,HGNC_symbol,True
TEKT2,Q9UIF3,1,HGNC_symbol,False
TEKT3,Q9BXF9,1,HGNC_symbol,True
TEKT4,Q8WW24,1,HGNC_symbol,True
TEKT4P2,,0,unmapped,False
TEKT5,Q96M29,1,HGNC_symbol,False
TEKTIP1,A6NCJ1,1,HGNC_symbol,False
TEKTL1,Q8IYK2,1,HGNC_symbol,False
TELO2,Q9Y4R8,1,HGNC_symbol,True
TEN1,Q86WV5,1,HGNC_symbol,False
TEN1-CDK3,,0,unmapped,False
TENC1,23371,5,STRING_alias,False
TENM1,Q9UKZ4,1,HGNC_symbol,False
TENM2,Q9NT68,1,HGNC_symbol,False
TENM3,Q9P273,1,HGNC_symbol,False
TENM4,Q6N022,1,HGNC_symbol,False
TENT2,Q6PIY7,1,HGNC_symbol,True
TENT4A,Q5XG87,1,HGNC_symbol,True
TENT4B,Q8NDF8,1,HGNC_symbol,False
TENT5A,Q96IP4,1,HGNC_symbol,False
TENT5B,Q96A09,1,HGNC_symbol,False
TENT5C,Q5VWP2,1,HGNC_symbol,False
TENT5D,Q8NEK8,1,HGNC_symbol,True
TEP1,Q99973,1,HGNC_symbol,False
TEPP,374739,5,STRING_alias,False
TEPSIN,Q96N21,1,HGNC_symbol,False
TERB1,Q8NA31,1,HGNC_symbol,True
TERB2,Q8NHR7,1,HGNC_symbol,True
TERC,,0,unmapped,False
TERF1,P54274,1,HGNC_symbol,False
TERF1P2,,0,unmapped,False
TERF1P4,,0,unmapped,False
TERF1P5,,0,unmapped,False
TERF2,Q15554,1,HGNC_symbol,True
TERF2IP,Q9NYB0,1,HGNC_symbol,False
TERT,O14746,1,HGNC_symbol,False
TES,Q9UGI8,1,HGNC_symbol,True
TESC,Q96BS2,1,HGNC_symbol,False
TESK1,Q15569,1,HGNC_symbol,False
TESK2,Q96S53,1,HGNC_symbol,False
TESMIN,Q9Y4I5,1,HGNC_symbol,False
TESPA1,A2RU30,1,HGNC_symbol,False
TET1,Q8NFU7,1,HGNC_symbol,False
TET2,Q6N021,1,HGNC_symbol,False
TET3,O43151,1,HGNC_symbol,False
TEX10,Q9NXF1,1,HGNC_symbol,False
TEX101,Q9BY14,1,HGNC_symbol,False
TEX11,Q8IYF3,1,HGNC_symbol,False
TEX12,Q9BXU0,1,HGNC_symbol,False
TEX13A,Q9BXU3,1,HGNC_symbol,True
TEX13B,Q9BXU2,1,HGNC_symbol,True
TEX13C,A0A0J9YWL9,1,HGNC_symbol,True
TEX13D,A0A0J9YY54,1,HGNC_symbol,False
TEX14,Q8IWB6,1,HGNC_symbol,False
TEX15,Q9BXT5,1,HGNC_symbol,False
TEX19,Q8NA77,1,HGNC_symbol,True
TEX2,Q8IWB9,1,HGNC_symbol,False
TEX21P,,0,unmapped,False
TEX22,C9J3V5,1,HGNC_symbol,True
TEX26,Q8N6G2,1,HGNC_symbol,False
TEX261,Q6UWH6,1,HGNC_symbol,False
TEX264,Q9Y6I9,1,HGNC_symbol,False
TEX28,O15482,1,HGNC_symbol,False
TEX29,Q8N6K0,1,HGNC_symbol,False
TEX30,Q5JUR7,1,HGNC_symbol,False
TEX35,Q5T0J7,1,HGNC_symbol,False
TEX36,Q5VZQ5,1,HGNC_symbol,True
TEX38,Q6PEX7,1,HGNC_symbol,False
TEX44,Q53QW1,1,HGNC_symbol,True
TEX46,H3BTG2,1,HGNC_symbol,False
TEX47,Q8TBZ9,1,HGNC_symbol,True
TEX48,A0A1B0GUV7,1,HGNC_symbol,False
TEX50,A0A1B0GTY4,1,HGNC_symbol,False
TEX51,A0A1B0GUA7,1,HGNC_symbol,False
TEX52,A6NCN8,1,HGNC_symbol,False
TEX53,A0A1B0GU33,1,HGNC_symbol,False
TEX54,A0A1B0GVG6,1,HGNC_symbol,True
TEX55,Q96M34,1,HGNC_symbol,True
TEX9,Q8N6V9,1,HGNC_symbol,True
TF,P02787,1,HGNC_symbol,True
TFAM,Q00059,1,HGNC_symbol,False
TFAP2A,P05549,1,HGNC_symbol,False
TFAP2B,Q92481,1,HGNC_symbol,False
TFAP2C,Q92754,1,HGNC_symbol,False
TFAP2D,Q7Z6R9,1,HGNC_symbol,True
TFAP2E,Q6VUC0,1,HGNC_symbol,False
TFAP4,Q01664,1,HGNC_symbol,False
TFB1M,Q8WVM0,1,HGNC_symbol,False
TFB2M,Q9H5Q4,1,HGNC_symbol,False
TFCP2,Q12800,1,HGNC_symbol,True
TFCP2L1,Q9NZI6,1,HGNC_symbol,False
TFDP1,Q14186,1,HGNC_symbol,False
TFDP2,Q14188,1,HGNC_symbol,False
TFDP3,Q5H9I0,1,HGNC_symbol,False
TFE3,P19532,1,HGNC_symbol,False
TFEB,P19484,1,HGNC_symbol,False
TFEC,O14948,1,HGNC_symbol,True
TFF1,P04155,1,HGNC_symbol,True
TFF2,Q03403,1,HGNC_symbol,True
TFF3,Q07654,1,HGNC_symbol,False
TFG,Q92734,1,HGNC_symbol,False
TFIP11,Q9UBB9,1,HGNC_symbol,False
TFP1,,0,unmapped,False
TFPI,P10646,1,HGNC_symbol,True
TFPI2,P48307,1,HGNC_symbol,False
TFPT,P0C1Z6,1,HGNC_symbol,False
TFR2,Q9UP52,1,HGNC_symbol,True
TFRC,P02786,1,HGNC_symbol,False
TG,P01266,1,HGNC_symbol,False
TGDS,O95455,1,HGNC_symbol,True
TGFA,P01135,1,HGNC_symbol,True
TGFB1,P01137,1,HGNC_symbol,False
TGFB1I1,O43294,1,HGNC_symbol,False
TGFB2,P61812,1,HGNC_symbol,True
TGFB3,P10600,1,HGNC_symbol,True
TGFBI,Q15582,1,HGNC_symbol,False
TGFBR1,P36897,1,HGNC_symbol,False
TGFBR2,P37173,1,HGNC_symbol,True
TGFBR3,Q03167,1,HGNC_symbol,True
TGFBR3L,H3BV60,1,HGNC_symbol,True
TGFBRAP1,Q8WUH2,1,HGNC_symbol,False
TGIF1,Q15583,1,HGNC_symbol,False
TGIF2,Q9GZN2,1,HGNC_symbol,True
TGIF2LX,Q8IUE1,1,HGNC_symbol,False
TGIF2LY,Q8IUE0,1,HGNC_symbol,False
TGIF2P1,,0,unmapped,False
TGM1,P22735,1,HGNC_symbol,False
TGM2,P21980,1,HGNC_symbol,True
TGM3,Q08188,1,HGNC_symbol,False
TGM4,P49221,1,HGNC_symbol,False
TGM5,O43548,1,HGNC_symbol,True
TGM6,O95932,1,HGNC_symbol,False
TGM7,Q96PF1,1,HGNC_symbol,False
TGOLN2,O43493,1,HGNC_symbol,True
TGS1,Q96RS0,1,HGNC_symbol,False
TH,P07101,1,HGNC_symbol,False
THA1P,,0,unmapped,False
THADA,Q6YHU6,1,HGNC_symbol,False
THAP1,Q9NVV9,1,HGNC_symbol,False
THAP10,Q9P2Z0,1,HGNC_symbol,False
THAP11,Q96EK4,1,HGNC_symbol,True
THAP12,O43422,1,HGNC_symbol,True
THAP2,Q9H0W7,1,HGNC_symbol,True
THAP3,Q8WTV1,1,HGNC_symbol,True
THAP4,Q8WY91,1,HGNC_symbol,False
THAP5,Q7Z6K1,1,HGNC_symbol,False
THAP5P1,,0,unmapped,False
THAP6,Q8TBB0,1,HGNC_symbol,False
THAP7,Q9BT49,1,HGNC_symbol,False
THAP7-AS1,,0,unmapped,False
THAP8,Q8NA92,1,HGNC_symbol,False
THAP9,Q9H5L6,1,HGNC_symbol,False
THAP9-AS1,,0,unmapped,False
THBD,P07204,1,HGNC_symbol,True
THBS1,P07996,1,HGNC_symbol,False
THBS2,P35442,1,HGNC_symbol,False
THBS3,P49746,1,HGNC_symbol,False
THBS4,P35443,1,HGNC_symbol,False
THEM4,Q5T1C6,1,HGNC_symbol,True
THEM5,Q8N1Q8,1,HGNC_symbol,False
THEM6,Q8WUY1,1,HGNC_symbol,True
THEMIS,Q8N1K5,1,HGNC_symbol,False
THEMIS2,Q5TEJ8,1,HGNC_symbol,True
THG1L,Q9NWX6,1,HGNC_symbol,False
THNSL1,Q8IYQ7,1,HGNC_symbol,False
THNSL2,Q86YJ6,1,HGNC_symbol,False
THOC1,Q96FV9,1,HGNC_symbol,False
THOC2,Q8NI27,1,HGNC_symbol,False
THOC3,Q96J01,1,HGNC_symbol,False
THOC5,Q13769,1,HGNC_symbol,False
THOC6,Q86W42,1,HGNC_symbol,False
THOC7,Q6I9Y2,1,HGNC_symbol,False
THOP1,P52888,1,HGNC_symbol,False
THPO,P40225,1,HGNC_symbol,True
THRA,P10827,1,HGNC_symbol,True
THRAP3,Q9Y2W1,1,HGNC_symbol,False
THRAP3P1,,0,unmapped,False
THRB,P10828,1,HGNC_symbol,False
THRSP,Q92748,1,HGNC_symbol,True
THSD1,Q9NS62,1,HGNC_symbol,False
THSD4,Q6ZMP0,1,HGNC_symbol,True
THSD7A,Q9UPZ6,1,HGNC_symbol,False
THSD7B,Q9C0I4,1,HGNC_symbol,False
THSD8,A0A1W2PP97,1,HGNC_symbol,True
THTPA,Q9BU02,1,HGNC_symbol,False
THUMPD1,Q9NXG2,1,HGNC_symbol,True
THUMPD2,Q9BTF0,1,HGNC_symbol,True
THUMPD3,Q9BV44,1,HGNC_symbol,False
THY1,P04216,1,HGNC_symbol,True
THYN1,Q9P016,1,HGNC_symbol,False
TIA1,P31483,1,HGNC_symbol,False
TIAF1,12 kDa TGF-beta-1-induced antiapoptotic factor,5,STRING_alias,False
TIAL1,Q01085,1,HGNC_symbol,True
TIAM1,Q13009,1,HGNC_symbol,False
TIAM2,Q8IVF5,1,HGNC_symbol,False
TICAM1,Q8IUC6,1,HGNC_symbol,False
TICAM2,Q86XR7,1,HGNC_symbol,False
TICRR,Q7Z2Z1,1,HGNC_symbol,False
TIE1,P35590,1,HGNC_symbol,False
TIFA,Q96CG3,1,HGNC_symbol,True
TIFAB,Q6ZNK6,1,HGNC_symbol,False
TIGAR,Q9NQ88,1,HGNC_symbol,False
TIGD1,Q96MW7,1,HGNC_symbol,False
TIGD2,Q4W5G0,1,HGNC_symbol,True
TIGD3,Q6B0B8,1,HGNC_symbol,False
TIGD4,Q8IY51,1,HGNC_symbol,True
TIGD5,Q53EQ6,1,HGNC_symbol,False
TIGD6,Q17RP2,1,HGNC_symbol,False
TIGD7,Q6NT04,1,HGNC_symbol,False
TIGIT,Q495A1,1,HGNC_symbol,True
TIMD4,Q96H15,1,HGNC_symbol,False
TIMELESS,Q9UNS1,1,HGNC_symbol,False
TIMM10,P62072,1,HGNC_symbol,True
TIMM10B,Q9Y5J6,1,HGNC_symbol,False
TIMM13,Q9Y5L4,1,HGNC_symbol,True
TIMM17A,Q99595,1,HGNC_symbol,True
TIMM17B,O60830,1,HGNC_symbol,True
TIMM21,Q9BVV7,1,HGNC_symbol,True
TIMM22,Q9Y584,1,HGNC_symbol,False
TIMM23,O14925,1,HGNC_symbol,False
TIMM23B,Q5SRD1,1,HGNC_symbol,False
TIMM29,Q9BSF4,1,HGNC_symbol,True
TIMM44,O43615,1,HGNC_symbol,True
TIMM50,Q3ZCQ8,1,HGNC_symbol,False
TIMM8A,O60220,1,HGNC_symbol,False
TIMM8B,Q9Y5J9,1,HGNC_symbol,False
TIMM8BP2,,0,unmapped,False
TIMM9,Q9Y5J7,1,HGNC_symbol,True
TIMMDC1,Q9NPL8,1,HGNC_symbol,True
TIMP1,P01033,1,HGNC_symbol,True
TIMP2,P16035,1,HGNC_symbol,False
TIMP3,P35625,1,HGNC_symbol,True
TIMP4,Q99727,1,HGNC_symbol,False
TINAG,Q9UJW2,1,HGNC_symbol,True
TINAGL1,Q9GZM7,1,HGNC_symbol,False
TINCR,A0A2R8Y7D0,1,HGNC_symbol,False
TINF2,Q9BSI4,1,HGNC_symbol,False
TIPARP,Q7Z3E1,1,HGNC_symbol,True
TIPARP-AS1,,0,unmapped,False
TIPIN,Q9BVW5,1,HGNC_symbol,True
TIPRL,O75663,1,HGNC_symbol,False
TIRAP,P58753,1,HGNC_symbol,False
TJAP1,Q5JTD0,1,HGNC_symbol,True
TJP1,Q07157,1,HGNC_symbol,False
TJP2,Q9UDY2,1,HGNC_symbol,False
TJP3,O95049,1,HGNC_symbol,True
TK1,P04183,1,HGNC_symbol,False
TK2,O00142,1,HGNC_symbol,False
TKFC,Q3LXA3,1,HGNC_symbol,False
TKT,P29401,1,HGNC_symbol,False
TKTL1,P51854,1,HGNC_symbol,True
TKTL2,Q9H0I9,1,HGNC_symbol,True
TLCD1,Q96CP7,1,HGNC_symbol,True
TLCD2,A6NGC4,1,HGNC_symbol,True
TLCD3A,Q8TBR7,1,HGNC_symbol,False
TLCD3B,Q71RH2,1,HGNC_symbol,False
TLCD4,Q96MV1,1,HGNC_symbol,True
TLCD5,Q6ZRR5,1,HGNC_symbol,True
TLDC1,57707,5,STRING_alias,False
TLDC2,A0PJX2,1,HGNC_symbol,True
TLE1,Q04724,1,HGNC_symbol,True
TLE1P1,,0,unmapped,False
TLE2,Q04725,1,HGNC_symbol,True
TLE3,Q04726,1,HGNC_symbol,False
TLE4,Q04727,1,HGNC_symbol,True
TLE5,Q08117,1,HGNC_symbol,False
TLE6,Q9H808,1,HGNC_symbol,True
TLE7,A0A1W2PR48,1,HGNC_symbol,True
TLK1,Q9UKI8,1,HGNC_symbol,True
TLK1P1,,0,unmapped,False
TLK2,Q86UE8,1,HGNC_symbol,False
TLK2P1,,0,unmapped,False
TLL1,O43897,1,HGNC_symbol,False
TLL2,Q9Y6L7,1,HGNC_symbol,True
TLN1,Q9Y490,1,HGNC_symbol,False
TLN2,Q9Y4G6,1,HGNC_symbol,False
TLNRD1,Q9H1K6,1,HGNC_symbol,False
TLR1,Q15399,1,HGNC_symbol,False
TLR10,Q9BXR5,1,HGNC_symbol,False
TLR2,O60603,1,HGNC_symbol,False
TLR3,O15455,1,HGNC_symbol,False
TLR4,O00206,1,HGNC_symbol,False
TLR5,O60602,1,HGNC_symbol,False
TLR6,Q9Y2C9,1,HGNC_symbol,True
TLR7,Q9NYK1,1,HGNC_symbol,False
TLR8,Q9NR97,1,HGNC_symbol,False
TLR8-AS1,,0,unmapped,False
TLR9,Q9NR96,1,HGNC_symbol,False
TLX1,P31314,1,HGNC_symbol,True
TLX2,O43763,1,HGNC_symbol,True
TLX3,O43711,1,HGNC_symbol,False
TM2D1,Q9BX74,1,HGNC_symbol,False
TM2D2,Q9BX73,1,HGNC_symbol,True
TM2D3,Q9BRN9,1,HGNC_symbol,True
TM4SF1,P30408,1,HGNC_symbol,False
TM4SF18,Q96CE8,1,HGNC_symbol,False
TM4SF19,Q96DZ7,1,HGNC_symbol,True
TM4SF19-AS1,,0,unmapped,False
TM4SF20,Q53R12,1,HGNC_symbol,False
TM4SF4,P48230,1,HGNC_symbol,False
TM4SF5,O14894,1,HGNC_symbol,False
TM6SF1,Q9BZW5,1,HGNC_symbol,False
TM6SF2,Q9BZW4,1,HGNC_symbol,False
TM7SF2,O76062,1,HGNC_symbol,False
TM7SF3,Q9NS93,1,HGNC_symbol,False
TM9SF1,O15321,1,HGNC_symbol,False
TM9SF2,Q99805,1,HGNC_symbol,False
TM9SF3,Q9HD45,1,HGNC_symbol,True
TM9SF4,Q92544,1,HGNC_symbol,False
TMA16,Q96EY4,1,HGNC_symbol,True
TMA7,Q9Y2S6,1,HGNC_symbol,False
TMA7B,A0A024R1R8,1,HGNC_symbol,False
TMBIM1,Q969X1,1,HGNC_symbol,True
TMBIM4,Q9HC24,1,HGNC_symbol,False
TMBIM6,P55061,1,HGNC_symbol,False
TMC1,Q8TDI8,1,HGNC_symbol,True
TMC2,Q8TDI7,1,HGNC_symbol,False
TMC3,Q7Z5M5,1,HGNC_symbol,False
TMC4,Q7Z404,1,HGNC_symbol,True
TMC5,Q6UXY8,1,HGNC_symbol,True
TMC6,Q7Z403,1,HGNC_symbol,True
TMC7,Q7Z402,1,HGNC_symbol,True
TMC8,Q8IU68,1,HGNC_symbol,False
TMCC1,O94876,1,HGNC_symbol,True
TMCC1-AS1,,0,unmapped,False
TMCC2,O75069,1,HGNC_symbol,True
TMCC3,Q9ULS5,1,HGNC_symbol,False
TMCO1,Q9UM00,1,HGNC_symbol,False
TMCO2,Q7Z6W1,1,HGNC_symbol,False
TMCO3,55002,5,STRING_alias,False
TMCO4,Q5TGY1,1,HGNC_symbol,False
TMCO5A,Q8N6Q1,1,HGNC_symbol,False
TMCO6,Q96DC7,1,HGNC_symbol,True
TMDD1,P0DPE3,1,HGNC_symbol,False
TMED1,Q13445,1,HGNC_symbol,False
TMED10,P49755,1,HGNC_symbol,False
TMED10P2,,0,unmapped,False
TMED2,Q15363,1,HGNC_symbol,True
TMED3,Q9Y3Q3,1,HGNC_symbol,False
TMED4,Q7Z7H5,1,HGNC_symbol,True
TMED5,Q9Y3A6,1,HGNC_symbol,True
TMED6,Q8WW62,1,HGNC_symbol,False
TMED7,Q9Y3B3,1,HGNC_symbol,False
TMED8,Q6PL24,1,HGNC_symbol,True
TMED9,Q9BVK6,1,HGNC_symbol,True
TMEFF1,Q8IYR6,1,HGNC_symbol,False
TMEFF2,Q9UIK5,1,HGNC_symbol,False
TMEM100,Q9NV29,1,HGNC_symbol,True
TMEM101,Q96IK0,1,HGNC_symbol,False
TMEM102,Q8N9M5,1,HGNC_symbol,False
TMEM104,54868,5,STRING_alias,False
TMEM105,Q8N8V8,1,HGNC_symbol,False
TMEM106A,Q96A25,1,HGNC_symbol,False
TMEM106B,Q9NUM4,1,HGNC_symbol,True
TMEM106C,Q9BVX2,1,HGNC_symbol,False
TMEM107,Q6UX40,1,HGNC_symbol,False
TMEM108,Q6UXF1,1,HGNC_symbol,True
TMEM109,Q9BVC6,1,HGNC_symbol,True
TMEM11,P17152,1,HGNC_symbol,True
TMEM110,375346,5,STRING_alias,False
TMEM110-MUSTN1,,0,unmapped,False
TMEM114,B3SHH9,1,HGNC_symbol,False
TMEM115,Q12893,1,HGNC_symbol,True
TMEM116,Q8NCL8,1,HGNC_symbol,False
TMEM117,Q9H0C3,1,HGNC_symbol,False
TMEM119,Q4V9L6,1,HGNC_symbol,False
TMEM120A,Q9BXJ8,1,HGNC_symbol,True
TMEM120B,A0PK00,1,HGNC_symbol,False
TMEM121,Q9BTD3,1,HGNC_symbol,False
TMEM121B,Q9BXQ6,1,HGNC_symbol,False
TMEM123,Q8N131,1,HGNC_symbol,True
TMEM125,Q96AQ2,1,HGNC_symbol,True
TMEM126A,Q9H061,1,HGNC_symbol,False
TMEM126B,Q8IUX1,1,HGNC_symbol,False
TMEM127,O75204,1,HGNC_symbol,False
TMEM128,Q5BJH2,1,HGNC_symbol,False
TMEM129,A0AVI4,1,HGNC_symbol,False
TMEM130,Q8N3G9,1,HGNC_symbol,False
TMEM131,Q92545,1,HGNC_symbol,False
TMEM131L,A2VDJ0,1,HGNC_symbol,False
TMEM132A,Q24JP5,1,HGNC_symbol,False
TMEM132B,Q14DG7,1,HGNC_symbol,False
TMEM132C,Q8N3T6,1,HGNC_symbol,False
TMEM132D,Q14C87,1,HGNC_symbol,False
TMEM132E,Q6IEE7,1,HGNC_symbol,False
TMEM133,143872,5,STRING_alias,False
TMEM134,Q9H6X4,1,HGNC_symbol,True
TMEM135,Q86UB9,1,HGNC_symbol,True
TMEM136,219902,5,STRING_alias,False
TMEM138,Q9NPI0,1,HGNC_symbol,True
TMEM139,Q8IV31,1,HGNC_symbol,False
TMEM140,Q9NV12,1,HGNC_symbol,False
TMEM141,Q96I45,1,HGNC_symbol,False
TMEM143,Q96AN5,1,HGNC_symbol,True
TMEM144,Q7Z5S9,1,HGNC_symbol,False
TMEM145,Q8NBT3,1,HGNC_symbol,True
TMEM147,Q9BVK8,1,HGNC_symbol,False
TMEM14A,Q9Y6G1,1,HGNC_symbol,False
TMEM14B,Q9NUH8,1,HGNC_symbol,True
TMEM14C,Q9P0S9,1,HGNC_symbol,False
TMEM14D,,0,unmapped,False
TMEM150A,Q86TG1,1,HGNC_symbol,False
TMEM150B,A6NC51,1,HGNC_symbol,False
TMEM150C,B9EJG8,1,HGNC_symbol,True
TMEM151A,Q8N4L1,1,HGNC_symbol,True
TMEM151B,Q8IW70,1,HGNC_symbol,False
TMEM154,Q6P9G4,1,HGNC_symbol,False
TMEM156,Q8N614,1,HGNC_symbol,False
TMEM158,Q8WZ71,1,HGNC_symbol,False
TMEM159,57146,5,STRING_alias,False
TMEM160,Q9NX00,1,HGNC_symbol,False
TMEM161A,Q9NX61,1,HGNC_symbol,True
TMEM161B,Q8NDZ6,1,HGNC_symbol,False
TMEM161B-AS1,,0,unmapped,False
TMEM161BP1,,0,unmapped,False
TMEM163,Q8TC26,1,HGNC_symbol,False
TMEM164,Q5U3C3,1,HGNC_symbol,False
TMEM165,Q9HC07,1,HGNC_symbol,False
TMEM167A,Q8TBQ9,1,HGNC_symbol,False
TMEM167B,Q9NRX6,1,HGNC_symbol,False
TMEM168,Q9H0V1,1,HGNC_symbol,False
TMEM169,Q96HH4,1,HGNC_symbol,True
TMEM17,Q86X19,1,HGNC_symbol,False
TMEM170A,Q8WVE7,1,HGNC_symbol,False
TMEM170B,Q5T4T1,1,HGNC_symbol,True
TMEM171,Q8WVE6,1,HGNC_symbol,False
TMEM173,340061,5,STRING_alias,False
TMEM174,Q8WUU8,1,HGNC_symbol,False
TMEM175,Q9BSA9,1,HGNC_symbol,True
TMEM176A,Q96HP8,1,HGNC_symbol,True
TMEM176B,Q3YBM2,1,HGNC_symbol,True
TMEM177,Q53S58,1,HGNC_symbol,False
TMEM178A,Q8NBL3,1,HGNC_symbol,True
TMEM178B,H3BS89,1,HGNC_symbol,False
TMEM179,Q6ZVK1,1,HGNC_symbol,False
TMEM179B,Q7Z7N9,1,HGNC_symbol,True
TMEM18,Q96B42,1,HGNC_symbol,True
TMEM180,79847,5,STRING_alias,False
TMEM181,Q9P2C4,1,HGNC_symbol,False
TMEM182,Q6ZP80,1,HGNC_symbol,False
TMEM183A,Q8IXX5,1,HGNC_symbol,False
TMEM184A,Q6ZMB5,1,HGNC_symbol,True
TMEM184B,Q9Y519,1,HGNC_symbol,False
TMEM184C,Q9NVA4,1,HGNC_symbol,True
TMEM185A,Q8NFB2,1,HGNC_symbol,True
TMEM185AP1,,0,unmapped,False
TMEM185B,Q9H7F4,1,HGNC_symbol,False
TMEM186,Q96B77,1,HGNC_symbol,False
TMEM187,Q14656,1,HGNC_symbol,True
TMEM189,1.14.99.19,5,STRING_alias,False
TMEM19,Q96HH6,1,HGNC_symbol,True
TMEM190,Q8WZ59,1,HGNC_symbol,False
TMEM191A,Q9H0A3,1,HGNC_symbol,False
TMEM191B,P0C7N4,1,HGNC_symbol,True
TMEM191C,A6NGB0,1,HGNC_symbol,True
TMEM192,Q8IY95,1,HGNC_symbol,True
TMEM194A,23306,5,STRING_alias,False
TMEM194B,100131211,5,STRING_alias,False
TMEM196,Q5HYL7,1,HGNC_symbol,False
TMEM198,Q66K66,1,HGNC_symbol,True
TMEM198B,,0,unmapped,False
TMEM199,147007,5,STRING_alias,False
TMEM2,23670,5,STRING_alias,False
TMEM200A,Q86VY9,1,HGNC_symbol,True
TMEM200B,Q69YZ2,1,HGNC_symbol,True
TMEM200C,A6NKL6,1,HGNC_symbol,False
TMEM201,Q5SNT2,1,HGNC_symbol,False
TMEM202,A6NGA9,1,HGNC_symbol,False
TMEM203,Q969S6,1,HGNC_symbol,True
TMEM204,Q9BSN7,1,HGNC_symbol,False
TMEM205,Q6UW68,1,HGNC_symbol,False
TMEM206,55248,5,STRING_alias,False
TMEM207,Q6UWW9,1,HGNC_symbol,False
TMEM208,Q9BTX3,1,HGNC_symbol,False
TMEM209,Q96SK2,1,HGNC_symbol,False
TMEM210,A6NLX4,1,HGNC_symbol,False
TMEM212,A6NML5,1,HGNC_symbol,False
TMEM213,A2RRL7,1,HGNC_symbol,False
TMEM214,Q6NUQ4,1,HGNC_symbol,True
TMEM215,Q68D42,1,HGNC_symbol,False
TMEM216,Q9P0N5,1,HGNC_symbol,True
TMEM217,Q8N7C4,1,HGNC_symbol,False
TMEM217B,A0A494BZU4,1,HGNC_symbol,True
TMEM218,A2RU14,1,HGNC_symbol,True
TMEM219,Q86XT9,1,HGNC_symbol,True
TMEM220,Q6QAJ8,1,HGNC_symbol,False
TMEM221,A6NGB7,1,HGNC_symbol,False
TMEM222,Q9H0R3,1,HGNC_symbol,True
TMEM223,A0PJW6,1,HGNC_symbol,False
TMEM225,Q6GV28,1,HGNC_symbol,False
TMEM225B,P0DP42,1,HGNC_symbol,False
TMEM229A,B2RXF0,1,HGNC_symbol,True
TMEM229B,Q8NBD8,1,HGNC_symbol,True
TMEM230,Q96A57,1,HGNC_symbol,True
TMEM231,Q9H6L2,1,HGNC_symbol,False
TMEM232,C9JQI7,1,HGNC_symbol,False
TMEM233,B4DJY2,1,HGNC_symbol,True
TMEM234,Q8WY98,1,HGNC_symbol,False
TMEM235,A6NFC5,1,HGNC_symbol,True
TMEM236,Q5W0B7,1,HGNC_symbol,True
TMEM237,Q96Q45,1,HGNC_symbol,True
TMEM238,C9JI98,1,HGNC_symbol,True
TMEM238L,A6NJY4,1,HGNC_symbol,False
TMEM239,Q8WW34,1,HGNC_symbol,False
TMEM240,Q5SV17,1,HGNC_symbol,True
TMEM241,85019,5,STRING_alias,False
TMEM242,Q9NWH2,1,HGNC_symbol,False
TMEM243,Q9BU79,1,HGNC_symbol,True
TMEM244,Q5VVB8,1,HGNC_symbol,True
TMEM245,Q9H330,1,HGNC_symbol,False
TMEM246,84302,5,STRING_alias,False
TMEM247,A6NEH6,1,HGNC_symbol,True
TMEM248,Q9NWD8,1,HGNC_symbol,True
TMEM249,340393,5,STRING_alias,False
TMEM25,Q86YD3,1,HGNC_symbol,True
TMEM250,H0YL14,1,HGNC_symbol,False
TMEM251,26175,5,STRING_alias,False
TMEM252,Q8N6L7,1,HGNC_symbol,False
TMEM253,P0C7T8,1,HGNC_symbol,True
TMEM254,Q8TBM7,1,HGNC_symbol,True
TMEM254-AS1,,0,unmapped,False
TMEM255A,Q5JRV8,1,HGNC_symbol,True
TMEM255B,Q8WV15,1,HGNC_symbol,False
TMEM256,Q8N2U0,1,HGNC_symbol,True
TMEM256-PLSCR3,,0,unmapped,False
TMEM258,P61165,1,HGNC_symbol,True
TMEM259,Q4ZIN3,1,HGNC_symbol,True
TMEM26,Q6ZUK4,1,HGNC_symbol,True
TMEM260,Q9NX78,1,HGNC_symbol,True
TMEM261,90871,5,STRING_alias,False
TMEM262,100130348,5,STRING_alias,False
TMEM263,Q8WUH6,1,HGNC_symbol,False
TMEM265,A0A087WTH1,1,HGNC_symbol,True
TMEM266,Q2M3C6,1,HGNC_symbol,True
TMEM267,Q0VDI3,1,HGNC_symbol,False
TMEM268,Q5VZI3,1,HGNC_symbol,False
TMEM269,A0A1B0GVZ9,1,HGNC_symbol,True
TMEM27,57393,5,STRING_alias,False
TMEM270,Q6UE05,1,HGNC_symbol,True
TMEM271,A0A286YF58,1,HGNC_symbol,False
TMEM272,A0A1B0GTI8,1,HGNC_symbol,True
TMEM273,Q5T292,1,HGNC_symbol,False
TMEM275,A0A0U1RQS6,1,HGNC_symbol,False
TMEM278,A6NKF7,1,HGNC_symbol,True
TMEM30A,Q9NV96,1,HGNC_symbol,False
TMEM30B,Q3MIR4,1,HGNC_symbol,False
TMEM31,Q5JXX7,1,HGNC_symbol,False
TMEM33,P57088,1,HGNC_symbol,False
TMEM35A,Q53FP2,1,HGNC_symbol,False
TMEM35B,Q8NCS4,1,HGNC_symbol,True
TMEM37,Q8WXS4,1,HGNC_symbol,False
TMEM38A,Q9H6F2,1,HGNC_symbol,False
TMEM38B,Q9NVV0,1,HGNC_symbol,False
TMEM39A,Q9NV64,1,HGNC_symbol,False
TMEM39B,Q9GZU3,1,HGNC_symbol,True
TMEM40,Q8WWA1,1,HGNC_symbol,False
TMEM41A,Q96HV5,1,HGNC_symbol,True
TMEM41B,Q5BJD5,1,HGNC_symbol,False
TMEM42,Q69YG0,1,HGNC_symbol,True
TMEM43,Q9BTV4,1,HGNC_symbol,False
TMEM44,Q2T9K0,1,HGNC_symbol,False
TMEM44-AS1,,0,unmapped,False
TMEM45A,Q9NWC5,1,HGNC_symbol,False
TMEM45B,Q96B21,1,HGNC_symbol,False
TMEM47,Q9BQJ4,1,HGNC_symbol,True
TMEM5,10329,5,STRING_alias,False
TMEM50A,O95807,1,HGNC_symbol,False
TMEM50B,P56557,1,HGNC_symbol,True
TMEM51,Q9NW97,1,HGNC_symbol,False
TMEM51-AS1,,0,unmapped,False
TMEM52,Q8NDY8,1,HGNC_symbol,True
TMEM52B,Q4KMG9,1,HGNC_symbol,False
TMEM53,Q6P2H8,1,HGNC_symbol,False
TMEM54,Q969K7,1,HGNC_symbol,False
TMEM55A,3.1.3.78,5,STRING_alias,False
TMEM55B,3.1.3.78,5,STRING_alias,False
TMEM56,148534,5,STRING_alias,False
TMEM57,55219,5,STRING_alias,False
TMEM59,Q9BXS4,1,HGNC_symbol,False
TMEM59L,Q9UK28,1,HGNC_symbol,True
TMEM60,Q9H2L4,1,HGNC_symbol,False
TMEM61,Q8N0U2,1,HGNC_symbol,False
TMEM62,Q0P6H9,1,HGNC_symbol,False
TMEM63A,O94886,1,HGNC_symbol,True
TMEM63B,Q5T3F8,1,HGNC_symbol,True
TMEM63C,Q9P1W3,1,HGNC_symbol,False
TMEM64,Q6YI46,1,HGNC_symbol,True
TMEM65,Q6PI78,1,HGNC_symbol,True
TMEM66,51669,5,STRING_alias,False
TMEM67,Q5HYA8,1,HGNC_symbol,True
TMEM68,Q96MH6,1,HGNC_symbol,True
TMEM69,Q5SWH9,1,HGNC_symbol,False
TMEM70,Q9BUB7,1,HGNC_symbol,True
TMEM71,Q6P5X7,1,HGNC_symbol,True
TMEM72,A0PK05,1,HGNC_symbol,False
TMEM72-AS1,,0,unmapped,False
TMEM74,Q96NL1,1,HGNC_symbol,True
TMEM74B,Q9NUR3,1,HGNC_symbol,True
TMEM78,Q5T7P6,1,HGNC_symbol,False
TMEM79,Q9BSE2,1,HGNC_symbol,False
TMEM80,Q96HE8,1,HGNC_symbol,False
TMEM81,Q6P7N7,1,HGNC_symbol,False
TMEM82,A0PJX8,1,HGNC_symbol,True
TMEM86A,Q8N2M4,1,HGNC_symbol,True
TMEM86B,Q8N661,1,HGNC_symbol,False
TMEM87A,Q8NBN3,1,HGNC_symbol,False
TMEM87B,Q96K49,1,HGNC_symbol,False
TMEM88,Q6PEY1,1,HGNC_symbol,False
TMEM89,A2RUT3,1,HGNC_symbol,True
TMEM8A,3.1.1.4,5,STRING_alias,False
TMEM8B,A6NDV4,1,HGNC_symbol,True
TMEM9,Q9P0T7,1,HGNC_symbol,False
TMEM91,Q6ZNR0,1,HGNC_symbol,True
TMEM92,Q6UXU6,1,HGNC_symbol,False
TMEM94,Q12767,1,HGNC_symbol,False
TMEM95,Q3KNT9,1,HGNC_symbol,True
TMEM97,Q5BJF2,1,HGNC_symbol,False
TMEM98,Q9Y2Y6,1,HGNC_symbol,True
TMEM99,,0,unmapped,False
TMEM9B,Q9NQ34,1,HGNC_symbol,False
TMEM9B-AS1,,0,unmapped,False
TMF1,P82094,1,HGNC_symbol,False
TMIE,Q8NEW7,1,HGNC_symbol,False
TMIGD1,Q6UXZ0,1,HGNC_symbol,True
TMIGD2,Q96BF3,1,HGNC_symbol,False
TMIGD3,P0DMS9,1,HGNC_symbol,True
TMLHE,Q9NVH6,1,HGNC_symbol,True
TMOD1,P28289,1,HGNC_symbol,False
TMOD2,Q9NZR1,1,HGNC_symbol,False
TMOD3,Q9NYL9,1,HGNC_symbol,True
TMOD4,Q9NZQ9,1,HGNC_symbol,True
TMPO,P42166,1,HGNC_symbol,True
TMPO-AS1,,0,unmapped,False
TMPPE,Q6ZT21,1,HGNC_symbol,True
TMPRSS11A,Q6ZMR5,1,HGNC_symbol,False
TMPRSS11B,Q86T26,1,HGNC_symbol,True
TMPRSS11D,O60235,1,HGNC_symbol,False
TMPRSS11E,Q9UL52,1,HGNC_symbol,False
TMPRSS11F,Q6ZWK6,1,HGNC_symbol,True
TMPRSS12,Q86WS5,1,HGNC_symbol,False
TMPRSS13,Q9BYE2,1,HGNC_symbol,True
TMPRSS15,P98073,1,HGNC_symbol,True
TMPRSS2,O15393,1,HGNC_symbol,False
TMPRSS3,P57727,1,HGNC_symbol,True
TMPRSS4,Q9NRS4,1,HGNC_symbol,True
TMPRSS5,Q9H3S3,1,HGNC_symbol,True
TMPRSS6,Q8IU80,1,HGNC_symbol,False
TMPRSS7,Q7RTY8,1,HGNC_symbol,False
TMPRSS9,Q7Z410,1,HGNC_symbol,False
TMSB10,P63313,1,HGNC_symbol,False
TMSB10P1,,0,unmapped,False
TMSB10P2,,0,unmapped,False
TMSB15A,P0CG34,1,HGNC_symbol,False
TMSB15B,P0CG35,1,HGNC_symbol,True
TMSB15C,P0DX04,1,HGNC_symbol,True
TMSB4X,P62328,1,HGNC_symbol,True
TMSB4XP1,,0,unmapped,False
TMSB4XP2,,0,unmapped,False
TMSB4XP4,,0,unmapped,False
TMSB4XP6,,0,unmapped,False
TMSB4XP8,,0,unmapped,False
TMSB4Y,O14604,1,HGNC_symbol,True
TMT1A,Q9H8H3,1,HGNC_symbol,False
TMT1B,Q6UX53,1,HGNC_symbol,True
TMTC1,Q8IUR5,1,HGNC_symbol,False
TMTC2,Q8N394,1,HGNC_symbol,False
TMTC3,Q6ZXV5,1,HGNC_symbol,True
TMTC4,Q5T4D3,1,HGNC_symbol,False
TMUB1,Q9BVT8,1,HGNC_symbol,False
TMUB2,Q71RG4,1,HGNC_symbol,False
TMX1,Q9H3N1,1,HGNC_symbol,False
TMX2,Q9Y320,1,HGNC_symbol,True
TMX3,Q96JJ7,1,HGNC_symbol,True
TMX4,Q9H1E5,1,HGNC_symbol,False
TNC,P24821,1,HGNC_symbol,False
TNF,P01375,1,HGNC_symbol,True
TNFAIP1,Q13829,1,HGNC_symbol,False
TNFAIP2,Q03169,1,HGNC_symbol,False
TNFAIP3,P21580,1,HGNC_symbol,True
TNFAIP6,P98066,1,HGNC_symbol,False
TNFAIP8,O95379,1,HGNC_symbol,False
TNFAIP8L1,Q8WVP5,1,HGNC_symbol,False
TNFAIP8L2,Q6P589,1,HGNC_symbol,False
TNFAIP8L3,Q5GJ75,1,HGNC_symbol,False
TNFRSF10A,O00220,1,HGNC_symbol,False
TNFRSF10B,O14763,1,HGNC_symbol,True
TNFRSF10C,O14798,1,HGNC_symbol,False
TNFRSF10D,Q9UBN6,1,HGNC_symbol,True
TNFRSF11A,Q9Y6Q6,1,HGNC_symbol,False
TNFRSF11B,O00300,1,HGNC_symbol,False
TNFRSF12A,Q9NP84,1,HGNC_symbol,False
TNFRSF13B,O14836,1,HGNC_symbol,True
TNFRSF13C,Q96RJ3,1,HGNC_symbol,False
TNFRSF14,Q92956,1,HGNC_symbol,True
TNFRSF17,Q02223,1,HGNC_symbol,True
TNFRSF18,Q9Y5U5,1,HGNC_symbol,True
TNFRSF19,Q9NS68,1,HGNC_symbol,True
TNFRSF1A,P19438,1,HGNC_symbol,False
TNFRSF1B,P20333,1,HGNC_symbol,False
TNFRSF21,O75509,1,HGNC_symbol,False
TNFRSF25,Q93038,1,HGNC_symbol,False
TNFRSF4,P43489,1,HGNC_symbol,True
TNFRSF6B,O95407,1,HGNC_symbol,False
TNFRSF8,P28908,1,HGNC_symbol,False
TNFRSF9,Q07011,1,HGNC_symbol,True
TNFSF10,P50591,1,HGNC_symbol,True
TNFSF11,O14788,1,HGNC_symbol,False
TNFSF12,O43508,1,HGNC_symbol,False
TNFSF13,O75888,1,HGNC_symbol,False
TNFSF13B,Q9Y275,1,HGNC_symbol,False
TNFSF14,O43557,1,HGNC_symbol,True
TNFSF15,O95150,1,HGNC_symbol,True
TNFSF18,Q9UNG2,1,HGNC_symbol,False
TNFSF4,P23510,1,HGNC_symbol,False
TNFSF8,P32971,1,HGNC_symbol,False
TNFSF9,P41273,1,HGNC_symbol,False
TNIK,Q9UKE5,1,HGNC_symbol,False
TNIP1,Q15025,1,HGNC_symbol,False
TNIP2,Q8NFZ5,1,HGNC_symbol,False
TNIP3,Q96KP6,1,HGNC_symbol,False
TNK1,Q13470,1,HGNC_symbol,False
TNK2,Q07912,1,HGNC_symbol,False
TNK2-AS1,,0,unmapped,False
TNKS,O95271,1,HGNC_symbol,False
TNKS1BP1,Q9C0C2,1,HGNC_symbol,False
TNKS2,Q9H2K2,1,HGNC_symbol,False
TNKS2-AS1,,0,unmapped,False
TNMD,Q9H2S6,1,HGNC_symbol,False
TNN,Q9UQP3,1,HGNC_symbol,False
TNNC1,P63316,1,HGNC_symbol,True
TNNC2,P02585,1,HGNC_symbol,False
TNNI1,P19237,1,HGNC_symbol,True
TNNI2,P48788,1,HGNC_symbol,False
TNNI3,P19429,1,HGNC_symbol,False
TNNI3K,Q59H18,1,HGNC_symbol,False
TNNT1,P13805,1,HGNC_symbol,True
TNNT2,P45379,1,HGNC_symbol,True
TNNT3,P45378,1,HGNC_symbol,False
TNP1,P09430,1,HGNC_symbol,False
TNP2,Q05952,1,HGNC_symbol,False
TNPO1,Q92973,1,HGNC_symbol,True
TNPO1P1,,0,unmapped,False
TNPO1P2,,0,unmapped,False
TNPO2,O14787,1,HGNC_symbol,True
TNPO3,Q9Y5L0,1,HGNC_symbol,False
TNR,Q92752,1,HGNC_symbol,False
TNRC18,O15417,1,HGNC_symbol,False
TNRC18P1,,0,unmapped,False
TNRC18P2,,0,unmapped,False
TNRC18P3,,0,unmapped,False
TNRC6A,Q8NDV7,1,HGNC_symbol,False
TNRC6B,Q9UPQ9,1,HGNC_symbol,False
TNRC6C,Q9HCJ0,1,HGNC_symbol,False
TNRC6C-AS1,,0,unmapped,False
TNS1,Q9HBL0,1,HGNC_symbol,False
TNS2,Q63HR2,1,HGNC_symbol,False
TNS3,Q68CZ2,1,HGNC_symbol,False
TNS4,Q8IZW8,1,HGNC_symbol,False
TNXA,Q16473,1,HGNC_symbol,True
TNXB,P22105,1,HGNC_symbol,False
TOB1,P50616,1,HGNC_symbol,True
TOB1-AS1,,0,unmapped,False
TOB2,Q14106,1,HGNC_symbol,True
TOB2P1,,0,unmapped,False
TOE1,Q96GM8,1,HGNC_symbol,False
TOGARAM1,Q9Y4F4,1,HGNC_symbol,False
TOGARAM2,Q6ZUX3,1,HGNC_symbol,False
TOLLIP,Q9H0E2,1,HGNC_symbol,False
TOLLIP-AS1,,0,unmapped,False
TOM1,O60784,1,HGNC_symbol,False
TOM1L1,O75674,1,HGNC_symbol,False
TOM1L2,Q6ZVM7,1,HGNC_symbol,False
TOMM20,Q15388,1,HGNC_symbol,False
TOMM20L,Q6UXN7,1,HGNC_symbol,True
TOMM22,Q9NS69,1,HGNC_symbol,False
TOMM34,Q15785,1,HGNC_symbol,True
TOMM40,O96008,1,HGNC_symbol,False
TOMM40L,Q969M1,1,HGNC_symbol,True
TOMM5,Q8N4H5,1,HGNC_symbol,False
TOMM6,Q96B49,1,HGNC_symbol,False
TOMM7,Q9P0U1,1,HGNC_symbol,True
TOMM70,O94826,1,HGNC_symbol,True
TOMM70A,9868,5,STRING_alias,False
TOMT,Q8WZ04,1,HGNC_symbol,True
TONSL,Q96HA7,1,HGNC_symbol,False
TOP1,P11387,1,HGNC_symbol,True
TOP1MT,Q969P6,1,HGNC_symbol,False
TOP2A,P11388,1,HGNC_symbol,False
TOP2B,Q02880,1,HGNC_symbol,False
TOP3A,Q13472,1,HGNC_symbol,False
TOP3B,O95985,1,HGNC_symbol,True
TOP6BL,Q8N6T0,1,HGNC_symbol,True
TOPAZ1,Q8N9V7,1,HGNC_symbol,False
TOPBP1,Q92547,1,HGNC_symbol,False
TOPORS,Q9NS56,1,HGNC_symbol,False
TOPORS-AS1,,0,unmapped,False
TOR1A,O14656,1,HGNC_symbol,True
TOR1AIP1,Q5JTV8,1,HGNC_symbol,True
TOR1AIP2,Q8NFQ8,1,HGNC_symbol,False
TOR1B,O14657,1,HGNC_symbol,True
TOR2A,Q5JU69,1,HGNC_symbol,True
TOR3A,Q9H497,1,HGNC_symbol,False
TOR4A,Q9NXH8,1,HGNC_symbol,False
TOX,O94900,1,HGNC_symbol,True
TOX2,Q96NM4,1,HGNC_symbol,True
TOX3,O15405,1,HGNC_symbol,False
TOX4,O94842,1,HGNC_symbol,False
TOX4P1,,0,unmapped,False
TP53,P04637,1,HGNC_symbol,False
TP53AIP1,Q9HCN2,1,HGNC_symbol,True
TP53BP1,Q12888,1,HGNC_symbol,False
TP53BP2,Q13625,1,HGNC_symbol,False
TP53I11,O14683,1,HGNC_symbol,False
TP53I13,Q8NBR0,1,HGNC_symbol,True
TP53I3,Q53FA7,1,HGNC_symbol,False
TP53INP1,Q96A56,1,HGNC_symbol,True
TP53INP2,Q8IXH6,1,HGNC_symbol,False
TP53RK,Q96S44,1,HGNC_symbol,False
TP53TG1,,0,unmapped,False
TP53TG3,Q9ULZ0,1,HGNC_symbol,False
TP53TG3B,102723655,5,STRING_alias,False
TP53TG3C,102723655,5,STRING_alias,False
TP53TG3D,102723655,5,STRING_alias,False
TP53TG3E,102723655,5,STRING_alias,False
TP53TG3F,102723655,5,STRING_alias,False
TP53TG5,Q9Y2B4,1,HGNC_symbol,False
TP63,Q9H3D4,1,HGNC_symbol,False
TP73,O15350,1,HGNC_symbol,False
TP73-AS1,,0,unmapped,False
TPBG,Q13641,1,HGNC_symbol,False
TPBGL,P0DKB5,1,HGNC_symbol,True
TPCN1,Q9ULQ1,1,HGNC_symbol,True
TPCN2,Q8NHX9,1,HGNC_symbol,False
TPD52,P55327,1,HGNC_symbol,False
TPD52L1,Q16890,1,HGNC_symbol,True
TPD52L2,O43399,1,HGNC_symbol,True
TPD52L3,Q96J77,1,HGNC_symbol,False
TPGS1,Q6ZTW0,1,HGNC_symbol,False
TPGS2,Q68CL5,1,HGNC_symbol,True
TPH1,P17752,1,HGNC_symbol,True
TPH2,Q8IWU9,1,HGNC_symbol,True
TPI1,P60174,1,HGNC_symbol,False
TPI1P1,,0,unmapped,False
TPI1P2,,0,unmapped,False
TPI1P3,,0,unmapped,False
TPK1,Q9H3S4,1,HGNC_symbol,True
TPM1,P09493,1,HGNC_symbol,False
TPM2,P07951,1,HGNC_symbol,True
TPM3,P06753,1,HGNC_symbol,False
TPM3P6,,0,unmapped,False
TPM3P8,,0,unmapped,False
TPM3P9,,0,unmapped,False
TPM4,P67936,1,HGNC_symbol,False
TPMT,P51580,1,HGNC_symbol,False
TPMTP1,,0,unmapped,False
TPO,P07202,1,HGNC_symbol,True
TPP1,O14773,1,HGNC_symbol,False
TPP2,P29144,1,HGNC_symbol,False
TPPP,O94811,1,HGNC_symbol,False
TPPP2,P59282,1,HGNC_symbol,False
TPPP3,Q9BW30,1,HGNC_symbol,False
TPR,P12270,1,HGNC_symbol,False
TPRA1,Q86W33,1,HGNC_symbol,True
TPRG1,Q6ZUI0,1,HGNC_symbol,False
TPRG1-AS1,,0,unmapped,False
TPRG1L,Q5T0D9,1,HGNC_symbol,True
TPRKB,Q9Y3C4,1,HGNC_symbol,True
TPRKBP2,,0,unmapped,False
TPRN,Q4KMQ1,1,HGNC_symbol,False
TPRX1,Q8N7U7,1,HGNC_symbol,False
TPRX2,P0DV77,1,HGNC_symbol,True
TPSAB1,Q15661,1,HGNC_symbol,True
TPSB2,P20231,1,HGNC_symbol,False
TPSD1,Q9BZJ3,1,HGNC_symbol,False
TPSG1,Q9NRR2,1,HGNC_symbol,True
TPST1,O60507,1,HGNC_symbol,False
TPST2,O60704,1,HGNC_symbol,False
TPT1,P13693,1,HGNC_symbol,False
TPT1-AS1,,0,unmapped,False
TPT1P1,,0,unmapped,False
TPT1P10,,0,unmapped,False
TPT1P12,,0,unmapped,False
TPT1P4,,0,unmapped,False
TPT1P5,,0,unmapped,False
TPT1P6,,0,unmapped,False
TPT1P8,Q9HAU6,1,HGNC_symbol,False
TPT1P9,,0,unmapped,False
TPTE,P56180,1,HGNC_symbol,True
TPTE2,Q6XPS3,1,HGNC_symbol,False
TPTE2P1,Q5T6R2,1,HGNC_symbol,False
TPTE2P4,,0,unmapped,False
TPTE2P5,,0,unmapped,False
TPTEP1,,0,unmapped,False
TPX2,Q9ULW0,1,HGNC_symbol,False
TRA2A,Q13595,1,HGNC_symbol,False
TRA2B,P62995,1,HGNC_symbol,False
TRABD,Q9H4I3,1,HGNC_symbol,True
TRABD2A,Q86V40,1,HGNC_symbol,True
TRABD2B,A6NFA1,1,HGNC_symbol,True
TRAC,P01848,1,HGNC_symbol,False
TRADD,Q15628,1,HGNC_symbol,True
TRAF1,Q13077,1,HGNC_symbol,True
TRAF2,Q12933,1,HGNC_symbol,False
TRAF3,Q13114,1,HGNC_symbol,True
TRAF3IP1,Q8TDR0,1,HGNC_symbol,False
TRAF3IP2,O43734,1,HGNC_symbol,True
TRAF3IP2-AS1,,0,unmapped,False
TRAF3IP3,Q9Y228,1,HGNC_symbol,True
TRAF4,Q9BUZ4,1,HGNC_symbol,False
TRAF5,O00463,1,HGNC_symbol,False
TRAF6,Q9Y4K3,1,HGNC_symbol,True
TRAF6P1,,0,unmapped,False
TRAF7,Q6Q0C0,1,HGNC_symbol,False
TRAFD1,O14545,1,HGNC_symbol,True
TRAIP,Q9BWF2,1,HGNC_symbol,False
TRAJ3,A0A075B6Y3,1,HGNC_symbol,False
TRAJ5,A0A075B6V8,1,HGNC_symbol,True
TRAK1,Q9UPV9,1,HGNC_symbol,False
TRAK2,O60296,1,HGNC_symbol,True
TRAM1,Q15629,1,HGNC_symbol,False
TRAM1L1,Q8N609,1,HGNC_symbol,True
TRAM2,Q15035,1,HGNC_symbol,True
TRAM2-AS1,,0,unmapped,False
TRANK1,O15050,1,HGNC_symbol,False
TRAP1,Q12931,1,HGNC_symbol,True
TRAPPC1,Q9Y5R8,1,HGNC_symbol,False
TRAPPC10,P48553,1,HGNC_symbol,False
TRAPPC11,Q7Z392,1,HGNC_symbol,False
TRAPPC12,Q8WVT3,1,HGNC_symbol,True
TRAPPC13,A5PLN9,1,HGNC_symbol,True
TRAPPC14,Q8WVR3,1,HGNC_symbol,False
TRAPPC2,P0DI81,1,HGNC_symbol,True
TRAPPC2B,P0DI82,1,HGNC_symbol,True
TRAPPC2L,Q9UL33,1,HGNC_symbol,True
TRAPPC2P1,,0,unmapped,False
TRAPPC3,O43617,1,HGNC_symbol,False
TRAPPC3L,Q5T215,1,HGNC_symbol,True
TRAPPC4,Q9Y296,1,HGNC_symbol,False
TRAPPC5,Q8IUR0,1,HGNC_symbol,False
TRAPPC6A,O75865,1,HGNC_symbol,False
TRAPPC6B,Q86SZ2,1,HGNC_symbol,False
TRAPPC8,Q9Y2L5,1,HGNC_symbol,False
TRAPPC9,Q96Q05,1,HGNC_symbol,False
TRARG1,Q8IXB3,1,HGNC_symbol,False
TRAT1,Q6PIZ9,1,HGNC_symbol,False
TRAV1-1,A0A0B4J248,1,HGNC_symbol,True
TRAV1-2,A0A0B4J238,1,HGNC_symbol,False
TRAV10,A0A0B4J240,1,HGNC_symbol,True
TRAV12-1,A0A0B4J245,1,HGNC_symbol,False
TRAV12-2,A0A075B6T6,1,HGNC_symbol,False
TRAV12-3,A0A0B4J271,1,HGNC_symbol,False
TRAV13-1,A0A0B4J241,1,HGNC_symbol,True
TRAV13-2,A0A0B4J235,1,HGNC_symbol,True
TRAV14DV4,A0A0A6YYC5,1,HGNC_symbol,False
TRAV16,A0A0A6YYK6,1,HGNC_symbol,False
TRAV17,A0A0B4J275,1,HGNC_symbol,False
TRAV19,A0A0A6YYK7,1,HGNC_symbol,False
TRAV2,A0A0B4J234,1,HGNC_symbol,False
TRAV20,A0A0B4J274,1,HGNC_symbol,False
TRAV21,A0A0B4J279,1,HGNC_symbol,False
TRAV22,A0A0B4J277,1,HGNC_symbol,False
TRAV23DV6,A0A075B6W5,1,HGNC_symbol,True
TRAV24,A0A0B4J272,1,HGNC_symbol,False
TRAV25,A0A0B4J276,1,HGNC_symbol,False
TRAV26-1,A0A087WT03,1,HGNC_symbol,False
TRAV26-2,A0A0B4J265,1,HGNC_symbol,True
TRAV27,A0A087WT01,1,HGNC_symbol,True
TRAV29DV5,P04437,1,HGNC_symbol,False
TRAV3,A0A0B4J244,1,HGNC_symbol,True
TRAV36DV7,A0A075B6V5,1,HGNC_symbol,False
TRAV38-1,A0A0B4J264,1,HGNC_symbol,True
TRAV38-2DV8,A0JD32,1,HGNC_symbol,True
TRAV4,A0A0B4J268,1,HGNC_symbol,True
TRAV41,A0A0B4J266,1,HGNC_symbol,False
TRAV5,A0A0B4J249,1,HGNC_symbol,False
TRAV6,A0A075B6T7,1,HGNC_symbol,True
TRAV8-1,A0A0A6YYK1,1,HGNC_symbol,False
TRAV8-2,A0A0B4J237,1,HGNC_symbol,True
TRAV8-3,A0A0A6YYJ7,1,HGNC_symbol,False
TRAV8-4,P01737,1,HGNC_symbol,True
TRAV8-5,,0,unmapped,False
TRAV8-6,A0A0B4J262,1,HGNC_symbol,False
TRAV9-2,A0A087WT02,1,HGNC_symbol,True
TRBC2,A0A5B9,1,HGNC_symbol,True
TRBJ2-1,A0A0A0MTA7,1,HGNC_symbol,True
TRBJ2-2,A0A0A0MT94,1,HGNC_symbol,True
TRBJ2-2P,A0A0A0MTA2,1,HGNC_symbol,True
TRBJ2-3,A0A0B4J200,1,HGNC_symbol,True
TRBJ2-6,A0A0A0MT70,1,HGNC_symbol,True
TRBJ2-7,A0A0A0MT78,1,HGNC_symbol,False
TRBV11-2,A0A584,1,HGNC_symbol,False
TRBV19,A0A075B6N1,1,HGNC_symbol,False
TRBV2,A0A1B0GX68,1,HGNC_symbol,False
TRBV20-1,A0A075B6N2,1,HGNC_symbol,False
TRBV23-1,A0A0A0MS06,1,HGNC_symbol,False
TRBV24-1,A0A075B6N3,1,HGNC_symbol,False
TRBV25-1,A0A075B6N4,1,HGNC_symbol,True
TRBV26OR9-2,,0,unmapped,False
TRBV27,A0A0K0K1C4,1,HGNC_symbol,True
TRBV28,A0A5B6,1,HGNC_symbol,False
TRBV29-1,A0A5B7,1,HGNC_symbol,True
TRBV3-1,A0A576,1,HGNC_symbol,False
TRBV30,A0A0K0K1B3,1,HGNC_symbol,True
TRBV4-1,A0A577,1,HGNC_symbol,False
TRBV4-2,A0A539,1,HGNC_symbol,True
TRBV5-1,A0A578,1,HGNC_symbol,True
TRBV5-4,A0A0C4DH59,1,HGNC_symbol,False
TRBV5-5,A0A597,1,HGNC_symbol,True
TRBV5-6,A0A599,1,HGNC_symbol,True
TRBV6-1,A0A0K0K1D8,1,HGNC_symbol,False
TRBV6-5,A0A0K0K1A5,1,HGNC_symbol,False
TRBV6-6,A0A0A6YYG2,1,HGNC_symbol,False
TRBV7-3,A0A075B6L6,1,HGNC_symbol,False
TRBV7-4,A0A1B0GX95,1,HGNC_symbol,False
TRBV7-5,,0,unmapped,False
TRBV7-6,A0A1B0GX31,1,HGNC_symbol,True
TRBV7-8,A0A1B0GX51,1,HGNC_symbol,False
TRBV8-2,,0,unmapped,False
TRBV9,A0A0B4J1U6,1,HGNC_symbol,True
TRBVB,,0,unmapped,False
TRDC,B7Z8K6,1,HGNC_symbol,False
TRDJ1,A0A075B706,1,HGNC_symbol,True
TRDMT1,O14717,1,HGNC_symbol,False
TRDN,Q13061,1,HGNC_symbol,False
TRDV1,A0A1B0GX56,1,HGNC_symbol,False
TRDV2,A0JD36,1,HGNC_symbol,False
TREH,O43280,1,HGNC_symbol,True
TREM1,Q9NP99,1,HGNC_symbol,True
TREM2,Q9NZC2,1,HGNC_symbol,False
TREML1,Q86YW5,1,HGNC_symbol,False
TREML2,Q5T2D2,1,HGNC_symbol,False
TREML3P,,0,unmapped,False
TREML4,Q6UXN2,1,HGNC_symbol,False
TRERF1,Q96PN7,1,HGNC_symbol,False
TREX1,Q9NSU2,1,HGNC_symbol,True
TREX2,Q9BQ50,1,HGNC_symbol,False
TRGC1,P0CF51,1,HGNC_symbol,False
TRGC2,P03986,1,HGNC_symbol,False
TRGJ1,A0A075B6S0,1,HGNC_symbol,False
TRGJ2,A0A5H1ZRR4,1,HGNC_symbol,True
TRGJP,A0A0C4DH63,1,HGNC_symbol,False
TRGJP1,A0A0A0MT97,1,HGNC_symbol,True
TRGJP2,A0A0A0MT84,1,HGNC_symbol,False
TRGV10,A0A0A0MS01,1,HGNC_symbol,True
TRGV2,A0A075B6R0,1,HGNC_symbol,False
TRGV3,P03979,1,HGNC_symbol,True
TRGV4,A0A0C4DH28,1,HGNC_symbol,False
TRGV5,A0A0B4J1U4,1,HGNC_symbol,True
TRGV5P,,0,unmapped,False
TRGV6,,0,unmapped,False
TRGV7,,0,unmapped,False
TRGV8,A0A0C4DH27,1,HGNC_symbol,False
TRGV9,Q99603,1,HGNC_symbol,False
TRGVA,,0,unmapped,False
TRH,P20396,1,HGNC_symbol,False
TRHDE,Q9UKU6,1,HGNC_symbol,False
TRHDE-AS1,,0,unmapped,False
TRHR,P34981,1,HGNC_symbol,False
TRIAP1,O43715,1,HGNC_symbol,False
TRIB1,Q96RU8,1,HGNC_symbol,False
TRIB2,Q92519,1,HGNC_symbol,False
TRIB3,Q96RU7,1,HGNC_symbol,False
TRIL,Q7L0X0,1,HGNC_symbol,True
TRIM10,Q9UDY6,1,HGNC_symbol,True
TRIM11,Q96F44,1,HGNC_symbol,False
TRIM13,O60858,1,HGNC_symbol,False
TRIM14,Q14142,1,HGNC_symbol,False
TRIM15,Q9C019,1,HGNC_symbol,True
TRIM16,O95361,1,HGNC_symbol,True
TRIM16L,Q309B1,1,HGNC_symbol,True
TRIM17,Q9Y577,1,HGNC_symbol,False
TRIM2,Q9C040,1,HGNC_symbol,True
TRIM21,P19474,1,HGNC_symbol,False
TRIM22,Q8IYM9,1,HGNC_symbol,False
TRIM23,P36406,1,HGNC_symbol,False
TRIM24,O15164,1,HGNC_symbol,False
TRIM25,Q14258,1,HGNC_symbol,False
TRIM26,Q12899,1,HGNC_symbol,True
TRIM27,P14373,1,HGNC_symbol,False
TRIM28,Q13263,1,HGNC_symbol,False
TRIM29,Q14134,1,HGNC_symbol,False
TRIM3,O75382,1,HGNC_symbol,False
TRIM31,Q9BZY9,1,HGNC_symbol,False
TRIM32,Q13049,1,HGNC_symbol,False
TRIM33,Q9UPN9,1,HGNC_symbol,False
TRIM34,Q9BYJ4,1,HGNC_symbol,False
TRIM35,Q9UPQ4,1,HGNC_symbol,True
TRIM36,Q9NQ86,1,HGNC_symbol,False
TRIM37,O94972,1,HGNC_symbol,False
TRIM38,O00635,1,HGNC_symbol,False
TRIM39,Q9HCM9,1,HGNC_symbol,True
TRIM4,Q9C037,1,HGNC_symbol,False
TRIM40,Q6P9F5,1,HGNC_symbol,True
TRIM41,Q8WV44,1,HGNC_symbol,False
TRIM42,Q8IWZ5,1,HGNC_symbol,False
TRIM43,Q96BQ3,1,HGNC_symbol,False
TRIM43B,A6NCK2,1,HGNC_symbol,False
TRIM44,Q96DX7,1,HGNC_symbol,False
TRIM45,Q9H8W5,1,HGNC_symbol,False
TRIM46,Q7Z4K8,1,HGNC_symbol,False
TRIM47,Q96LD4,1,HGNC_symbol,False
TRIM48,Q8IWZ4,1,HGNC_symbol,True
TRIM49,P0CI25,1,HGNC_symbol,False
TRIM49B,A6NDI0,1,HGNC_symbol,True
TRIM49C,P0CI26,1,HGNC_symbol,True
TRIM49D1,C9J1S8,1,HGNC_symbol,False
TRIM49D2,399939,5,STRING_alias,False
TRIM5,Q9C035,1,HGNC_symbol,True
TRIM50,Q86XT4,1,HGNC_symbol,False
TRIM51,Q9BSJ1,1,HGNC_symbol,False
TRIM51G,A0A3B3IT33,1,HGNC_symbol,True
TRIM52,Q96A61,1,HGNC_symbol,False
TRIM52-AS1,,0,unmapped,False
TRIM54,Q9BYV2,1,HGNC_symbol,False
TRIM55,Q9BYV6,1,HGNC_symbol,True
TRIM56,Q9BRZ2,1,HGNC_symbol,True
TRIM58,Q8NG06,1,HGNC_symbol,False
TRIM59,Q8IWR1,1,HGNC_symbol,False
TRIM6,Q9C030,1,HGNC_symbol,False
TRIM60,Q495X7,1,HGNC_symbol,False
TRIM60P18,,0,unmapped,False
TRIM61,Q5EBN2,1,HGNC_symbol,True
TRIM62,Q9BVG3,1,HGNC_symbol,False
TRIM63,Q969Q1,1,HGNC_symbol,True
TRIM64,A6NGJ6,1,HGNC_symbol,True
TRIM64B,A6NI03,1,HGNC_symbol,False
TRIM64C,A6NLI5,1,HGNC_symbol,True
TRIM65,Q6PJ69,1,HGNC_symbol,False
TRIM66,O15016,1,HGNC_symbol,False
TRIM67,Q6ZTA4,1,HGNC_symbol,False
TRIM68,Q6AZZ1,1,HGNC_symbol,False
TRIM69,Q86WT6,1,HGNC_symbol,False
TRIM7,Q9C029,1,HGNC_symbol,False
TRIM71,Q2Q1W2,1,HGNC_symbol,False
TRIM72,Q6ZMU5,1,HGNC_symbol,False
TRIM73,Q86UV7,1,HGNC_symbol,True
TRIM74,Q86UV6,1,HGNC_symbol,True
TRIM75,A6NK02,1,HGNC_symbol,True
TRIM77,I1YAP6,1,HGNC_symbol,False
TRIM8,Q9BZR9,1,HGNC_symbol,True
TRIM9,Q9C026,1,HGNC_symbol,False
TRIML1,Q8N9V2,1,HGNC_symbol,True
TRIML2,Q8N7C3,1,HGNC_symbol,False
TRIO,O75962,1,HGNC_symbol,False
TRIOBP,Q9H2D6,1,HGNC_symbol,False
TRIP10,Q15642,1,HGNC_symbol,False
TRIP11,Q15643,1,HGNC_symbol,False
TRIP12,Q14669,1,HGNC_symbol,False
TRIP13,Q15645,1,HGNC_symbol,True
TRIP4,Q15650,1,HGNC_symbol,True
TRIP6,Q15654,1,HGNC_symbol,True
TRIQK,Q629K1,1,HGNC_symbol,False
TRIR,Q9BQ61,1,HGNC_symbol,True
TRIT1,Q9H3H1,1,HGNC_symbol,False
TRMO,Q9BU70,1,HGNC_symbol,False
TRMT1,Q9NXH9,1,HGNC_symbol,False
TRMT10A,Q8TBZ6,1,HGNC_symbol,False
TRMT10B,Q6PF06,1,HGNC_symbol,False
TRMT10C,Q7L0Y3,1,HGNC_symbol,True
TRMT11,Q7Z4G4,1,HGNC_symbol,True
TRMT112,Q9UI30,1,HGNC_symbol,False
TRMT12,2.5.1.114,5,STRING_alias,False
TRMT13,Q9NUP7,1,HGNC_symbol,True
TRMT1L,Q7Z2T5,1,HGNC_symbol,True
TRMT2A,Q8IZ69,1,HGNC_symbol,False
TRMT2B,Q96GJ1,1,HGNC_symbol,False
TRMT44,Q8IYL2,1,HGNC_symbol,True
TRMT5,Q32P41,1,HGNC_symbol,True
TRMT6,Q9UJA5,1,HGNC_symbol,False
TRMT61A,Q96FX7,1,HGNC_symbol,True
TRMT61B,Q9BVS5,1,HGNC_symbol,False
TRMT9B,Q9P272,1,HGNC_symbol,False
TRMU,O75648,1,HGNC_symbol,True
TRNAU1AP,Q9NX07,1,HGNC_symbol,True
TRNP1,Q6NT89,1,HGNC_symbol,False
TRNT1,Q96Q11,1,HGNC_symbol,True
TRO,Q12816,1,HGNC_symbol,False
TROAP,Q12815,1,HGNC_symbol,False
TROVE2,60 kDa Ro protein,5,STRING_alias,False
TRPA1,O75762,1,HGNC_symbol,False
TRPC1,P48995,1,HGNC_symbol,False
TRPC2,,0,unmapped,False
TRPC3,Q13507,1,HGNC_symbol,False
TRPC4,Q9UBN4,1,HGNC_symbol,True
TRPC4AP,Q8TEL6,1,HGNC_symbol,False
TRPC5,Q9UL62,1,HGNC_symbol,True
TRPC5OS,A6NMA1,1,HGNC_symbol,False
TRPC6,Q9Y210,1,HGNC_symbol,True
TRPC7,Q9HCX4,1,HGNC_symbol,False
TRPM1,Q7Z4N2,1,HGNC_symbol,False
TRPM2,O94759,1,HGNC_symbol,False
TRPM3,Q9HCF6,1,HGNC_symbol,False
TRPM4,Q8TD43,1,HGNC_symbol,False
TRPM5,Q9NZQ8,1,HGNC_symbol,False
TRPM6,Q9BX84,1,HGNC_symbol,False
TRPM7,Q96QT4,1,HGNC_symbol,False
TRPM8,Q7Z2W7,1,HGNC_symbol,False
TRPS1,Q9UHF7,1,HGNC_symbol,False
TRPT1,Q86TN4,1,HGNC_symbol,False
TRPV1,Q8NER1,1,HGNC_symbol,False
TRPV2,Q9Y5S1,1,HGNC_symbol,False
TRPV3,Q8NET8,1,HGNC_symbol,False
TRPV4,Q9HBA0,1,HGNC_symbol,False
TRPV5,Q9NQA5,1,HGNC_symbol,True
TRPV6,Q9H1D0,1,HGNC_symbol,False
TRRAP,Q9Y4A5,1,HGNC_symbol,False
TRUB1,Q8WWH5,1,HGNC_symbol,True
TRUB2,O95900,1,HGNC_symbol,True
TSACC,Q96A04,1,HGNC_symbol,True
TSBP1,Q5SRN2,1,HGNC_symbol,True
TSC1,Q92574,1,HGNC_symbol,False
TSC2,P49815,1,HGNC_symbol,False
TSC22D1,Q15714,1,HGNC_symbol,False
TSC22D2,O75157,1,HGNC_symbol,False
TSC22D3,Q99576,1,HGNC_symbol,False
TSC22D4,Q9Y3Q8,1,HGNC_symbol,False
TSEN15,Q8WW01,1,HGNC_symbol,True
TSEN15P1,,0,unmapped,False
TSEN2,Q8NCE0,1,HGNC_symbol,False
TSEN34,Q9BSV6,1,HGNC_symbol,False
TSEN54,Q7Z6J9,1,HGNC_symbol,False
TSFM,P43897,1,HGNC_symbol,False
TSG101,Q99816,1,HGNC_symbol,True
TSGA10,Q9BZW7,1,HGNC_symbol,False
TSGA10IP,Q3SY00,1,HGNC_symbol,False
TSGA13,Q96PP4,1,HGNC_symbol,False
TSHB,P01222,1,HGNC_symbol,False
TSHR,P16473,1,HGNC_symbol,True
TSHZ1,Q6ZSZ6,1,HGNC_symbol,False
TSHZ2,Q9NRE2,1,HGNC_symbol,False
TSHZ3,Q63HK5,1,HGNC_symbol,False
TSIX,,0,unmapped,False
TSKS,Q9UJT2,1,HGNC_symbol,False
TSKU,Q8WUA8,1,HGNC_symbol,False
TSLP,Q969D9,1,HGNC_symbol,False
TSN,Q15631,1,HGNC_symbol,True
TSNARE1,Q96NA8,1,HGNC_symbol,True
TSNAX,Q99598,1,HGNC_symbol,False
TSNAXIP1,Q2TAA8,1,HGNC_symbol,False
TSPAN1,O60635,1,HGNC_symbol,True
TSPAN10,Q9H1Z9,1,HGNC_symbol,False
TSPAN11,A1L157,1,HGNC_symbol,True
TSPAN12,O95859,1,HGNC_symbol,False
TSPAN13,O95857,1,HGNC_symbol,False
TSPAN14,Q8NG11,1,HGNC_symbol,False
TSPAN15,O95858,1,HGNC_symbol,False
TSPAN16,Q9UKR8,1,HGNC_symbol,True
TSPAN17,Q96FV3,1,HGNC_symbol,True
TSPAN18,Q96SJ8,1,HGNC_symbol,True
TSPAN19,P0C672,1,HGNC_symbol,True
TSPAN2,O60636,1,HGNC_symbol,False
TSPAN3,O60637,1,HGNC_symbol,False
TSPAN31,Q12999,1,HGNC_symbol,False
TSPAN32,Q96QS1,1,HGNC_symbol,True
TSPAN33,Q86UF1,1,HGNC_symbol,True
TSPAN4,O14817,1,HGNC_symbol,True
TSPAN5,P62079,1,HGNC_symbol,True
TSPAN6,O43657,1,HGNC_symbol,False
TSPAN7,P41732,1,HGNC_symbol,False
TSPAN8,P19075,1,HGNC_symbol,True
TSPAN9,O75954,1,HGNC_symbol,False
TSPEAR,Q8WU66,1,HGNC_symbol,True
TSPEAR-AS1,,0,unmapped,False
TSPO,P30536,1,HGNC_symbol,False
TSPO2,Q5TGU0,1,HGNC_symbol,False
TSPOAP1,O95153,1,HGNC_symbol,False
TSPY1,Q01534,1,HGNC_symbol,True
TSPY10,P0CW01,1,HGNC_symbol,False
TSPY2,A6NKD2,1,HGNC_symbol,False
TSPY26P,Q9H489,1,HGNC_symbol,True
TSPY3,P0CV98,1,HGNC_symbol,False
TSPY4,P0CV99,1,HGNC_symbol,True
TSPY8,P0CW00,1,HGNC_symbol,False
TSPY9,A0A494C1R9,1,HGNC_symbol,False
TSPYL1,Q9H0U9,1,HGNC_symbol,False
TSPYL2,Q9H2G4,1,HGNC_symbol,False
TSPYL4,Q9UJ04,1,HGNC_symbol,False
TSPYL5,Q86VY4,1,HGNC_symbol,True
TSPYL6,Q8N831,1,HGNC_symbol,False
TSR1,Q2NL82,1,HGNC_symbol,False
TSR2,Q969E8,1,HGNC_symbol,False
TSR3,Q9UJK0,1,HGNC_symbol,False
TSSC1,7260,5,STRING_alias,False
TSSC2,,0,unmapped,False
TSSC4,Q9Y5U2,1,HGNC_symbol,False
TSSK1B,Q9BXA7,1,HGNC_symbol,False
TSSK2,Q96PF2,1,HGNC_symbol,True
TSSK3,Q96PN8,1,HGNC_symbol,False
TSSK4,Q6SA08,1,HGNC_symbol,False
TSSK6,Q9BXA6,1,HGNC_symbol,False
TST,Q16762,1,HGNC_symbol,False
TSTA3,1.1.1.271,5,STRING_alias,False
TSTD1,Q8NFU3,1,HGNC_symbol,False
TSTD2,Q5T7W7,1,HGNC_symbol,True
TSTD3,H0UI37,1,HGNC_symbol,False
TTBK1,Q5TCY1,1,HGNC_symbol,False
TTBK2,Q6IQ55,1,HGNC_symbol,False
TTC1,Q99614,1,HGNC_symbol,False
TTC12,Q9H892,1,HGNC_symbol,False
TTC13,Q8NBP0,1,HGNC_symbol,True
TTC14,Q96N46,1,HGNC_symbol,False
TTC16,Q8NEE8,1,HGNC_symbol,False
TTC17,Q96AE7,1,HGNC_symbol,False
TTC18,118491,5,STRING_alias,False
TTC19,Q6DKK2,1,HGNC_symbol,True
TTC21A,Q8NDW8,1,HGNC_symbol,False
TTC21B,Q7Z4L5,1,HGNC_symbol,False
TTC22,Q5TAA0,1,HGNC_symbol,True
TTC23,Q5W5X9,1,HGNC_symbol,False
TTC23L,Q6PF05,1,HGNC_symbol,False
TTC24,A2A3L6,1,HGNC_symbol,True
TTC25,83538,5,STRING_alias,False
TTC26,79989,5,STRING_alias,False
TTC27,Q6P3X3,1,HGNC_symbol,False
TTC28,Q96AY4,1,HGNC_symbol,False
TTC28-AS1,,0,unmapped,False
TTC29,Q8NA56,1,HGNC_symbol,False
TTC3,P53804,1,HGNC_symbol,False
TTC30A,92104,5,STRING_alias,False
TTC30B,150737,5,STRING_alias,False
TTC31,Q49AM3,1,HGNC_symbol,True
TTC32,Q5I0X7,1,HGNC_symbol,True
TTC33,Q6PID6,1,HGNC_symbol,True
TTC34,A8MYJ7,1,HGNC_symbol,False
TTC36,A6NLP5,1,HGNC_symbol,False
TTC37,9652,5,STRING_alias,False
TTC38,Q5R3I4,1,HGNC_symbol,False
TTC39A,Q5SRH9,1,HGNC_symbol,True
TTC39B,Q5VTQ0,1,HGNC_symbol,False
TTC39C,Q8N584,1,HGNC_symbol,False
TTC3P1,,0,unmapped,False
TTC4,O95801,1,HGNC_symbol,True
TTC40,54777,5,STRING_alias,False
TTC4P1,,0,unmapped,False
TTC5,Q8N0Z6,1,HGNC_symbol,False
TTC6,Q86TZ1,1,HGNC_symbol,True
TTC7A,Q9ULT0,1,HGNC_symbol,False
TTC7B,Q86TV6,1,HGNC_symbol,False
TTC8,Q8TAM2,1,HGNC_symbol,True
TTC9,Q92623,1,HGNC_symbol,False
TTC9B,Q8N6N2,1,HGNC_symbol,False
TTC9C,Q8N5M4,1,HGNC_symbol,True
TTF1,Q15361,1,HGNC_symbol,True
TTF2,Q9UNY4,1,HGNC_symbol,False
TTI1,O43156,1,HGNC_symbol,False
TTI2,Q6NXR4,1,HGNC_symbol,False
TTK,P33981,1,HGNC_symbol,False
TTL,Q8NG68,1,HGNC_symbol,False
TTLL1,O95922,1,HGNC_symbol,False
TTLL10,Q6ZVT0,1,HGNC_symbol,False
TTLL10-AS1,,0,unmapped,False
TTLL11,Q8NHH1,1,HGNC_symbol,False
TTLL12,Q14166,1,HGNC_symbol,True
TTLL13,A6NNM8,1,HGNC_symbol,False
TTLL2,Q9BWV7,1,HGNC_symbol,False
TTLL3,Q9Y4R7,1,HGNC_symbol,False
TTLL4,Q14679,1,HGNC_symbol,False
TTLL5,Q6EMB2,1,HGNC_symbol,False
TTLL6,Q8N841,1,HGNC_symbol,False
TTLL7,Q6ZT98,1,HGNC_symbol,True
TTLL7-IT1,,0,unmapped,False
TTLL8,A6PVC2,1,HGNC_symbol,False
TTLL9,Q3SXZ7,1,HGNC_symbol,False
TTN,Q8WZ42,1,HGNC_symbol,False
TTN-AS1,,0,unmapped,False
TTPA,P49638,1,HGNC_symbol,True
TTPAL,Q9BTX7,1,HGNC_symbol,True
TTR,P02766,1,HGNC_symbol,True
TTTY10,Q9BZA0,1,HGNC_symbol,True
TTTY14,,0,unmapped,False
TTTY15,,0,unmapped,False
TTYH1,Q9H313,1,HGNC_symbol,True
TTYH2,Q9BSA4,1,HGNC_symbol,False
TTYH3,Q9C0H2,1,HGNC_symbol,True
TUB,P50607,1,HGNC_symbol,True
TUBA1A,Q71U36,1,HGNC_symbol,False
TUBA1B,P68363,1,HGNC_symbol,False
TUBA1C,Q9BQE3,1,HGNC_symbol,False
TUBA3C,P0DPH7,1,HGNC_symbol,True
TUBA3D,P0DPH8,1,HGNC_symbol,False
TUBA3E,Q6PEY2,1,HGNC_symbol,True
TUBA3FP,A0A994J5G1,1,HGNC_symbol,True
TUBA4A,P68366,1,HGNC_symbol,True
TUBA4B,Q9H853,1,HGNC_symbol,False
TUBA8,Q9NY65,1,HGNC_symbol,True
TUBAL3,A6NHL2,1,HGNC_symbol,False
TUBB,P07437,1,HGNC_symbol,True
TUBB1,Q9H4B7,1,HGNC_symbol,False
TUBB2A,Q13885,1,HGNC_symbol,False
TUBB2B,Q9BVA1,1,HGNC_symbol,False
TUBB3,Q13509,1,HGNC_symbol,False
TUBB4A,P04350,1,HGNC_symbol,False
TUBB4B,P68371,1,HGNC_symbol,False
TUBB6,Q9BUF5,1,HGNC_symbol,False
TUBB8,Q3ZCM7,1,HGNC_symbol,True
TUBB8B,A6NNZ2,1,HGNC_symbol,False
TUBB8P7,,0,unmapped,False
TUBBP1,,0,unmapped,False
TUBBP2,,0,unmapped,False
TUBBP5,,0,unmapped,False
TUBD1,Q9UJT1,1,HGNC_symbol,False
TUBE1,Q9UJT0,1,HGNC_symbol,False
TUBG1,P23258,1,HGNC_symbol,True
TUBG2,Q9NRH3,1,HGNC_symbol,False
TUBGCP2,Q9BSJ2,1,HGNC_symbol,False
TUBGCP3,Q96CW5,1,HGNC_symbol,True
TUBGCP4,Q9UGJ1,1,HGNC_symbol,False
TUBGCP5,Q96RT8,1,HGNC_symbol,False
TUBGCP6,Q96RT7,1,HGNC_symbol,False
TUFM,P49411,1,HGNC_symbol,False
TUFMP1,,0,unmapped,False
TUFT1,Q9NNX1,1,HGNC_symbol,True
TUG1,A0A6I8PU40,1,HGNC_symbol,False
TULP1,O00294,1,HGNC_symbol,True
TULP2,O00295,1,HGNC_symbol,True
TULP3,O75386,1,HGNC_symbol,True
TULP4,Q9NRJ4,1,HGNC_symbol,False
TUNAR,A0A1B0GTB2,1,HGNC_symbol,True
TUSC1,Q2TAM9,1,HGNC_symbol,True
TUSC2,O75896,1,HGNC_symbol,False
TUSC3,Q13454,1,HGNC_symbol,True
TUT1,Q9H6E5,1,HGNC_symbol,True
TUT4,Q5TAX3,1,HGNC_symbol,False
TUT7,Q5VYS8,1,HGNC_symbol,False
TVP23A,A6NH52,1,HGNC_symbol,False
TVP23B,Q9NYZ1,1,HGNC_symbol,False
TVP23C,Q96ET8,1,HGNC_symbol,True
TVP23CP1,,0,unmapped,False
TVP23CP2,,0,unmapped,False
TWF1,Q12792,1,HGNC_symbol,True
TWF1P1,,0,unmapped,False
TWF2,Q6IBS0,1,HGNC_symbol,False
TWIST1,Q15672,1,HGNC_symbol,False
TWIST2,Q8WVJ9,1,HGNC_symbol,True
TWISTNB,221830,5,STRING_alias,False
TWNK,Q96RR1,1,HGNC_symbol,True
TWSG1,Q9GZX9,1,HGNC_symbol,False
TXK,P42681,1,HGNC_symbol,True
TXLNA,P40222,1,HGNC_symbol,True
TXLNB,Q8N3L3,1,HGNC_symbol,True
TXLNG,Q9NUQ3,1,HGNC_symbol,False
TXLNG2P,,0,unmapped,False
TXN,P10599,1,HGNC_symbol,True
TXN2,Q99757,1,HGNC_symbol,False
TXNDC11,Q6PKC3,1,HGNC_symbol,False
TXNDC12,O95881,1,HGNC_symbol,True
TXNDC15,Q96J42,1,HGNC_symbol,False
TXNDC16,Q9P2K2,1,HGNC_symbol,False
TXNDC17,Q9BRA2,1,HGNC_symbol,True
TXNDC2,Q86VQ3,1,HGNC_symbol,False
TXNDC5,Q8NBS9,1,HGNC_symbol,False
TXNDC8,Q6A555,1,HGNC_symbol,False
TXNDC9,O14530,1,HGNC_symbol,False
TXNIP,Q9H3M7,1,HGNC_symbol,False
TXNL1,O43396,1,HGNC_symbol,False
TXNL4A,P83876,1,HGNC_symbol,False
TXNL4B,Q9NX01,1,HGNC_symbol,False
TXNP4,,0,unmapped,False
TXNP5,,0,unmapped,False
TXNP6,,0,unmapped,False
TXNRD1,Q16881,1,HGNC_symbol,False
TXNRD2,Q9NNW7,1,HGNC_symbol,True
TXNRD3,Q86VQ6,1,HGNC_symbol,False
TYK2,P29597,1,HGNC_symbol,False
TYMP,P19971,1,HGNC_symbol,True
TYMS,P04818,1,HGNC_symbol,False
TYR,P14679,1,HGNC_symbol,False
TYRO3,Q06418,1,HGNC_symbol,False
TYRO3P,,0,unmapped,False
TYROBP,O43914,1,HGNC_symbol,True
TYRP1,P17643,1,HGNC_symbol,False
TYSND1,Q2T9J0,1,HGNC_symbol,True
TYW1,Q9NV66,1,HGNC_symbol,False
TYW1B,Q6NUM6,1,HGNC_symbol,True
TYW3,Q6IPR3,1,HGNC_symbol,True
TYW5,A2RUC4,1,HGNC_symbol,False
U2AF1,Q01081,1,HGNC_symbol,True
U2AF1L4,Q8WU68,1,HGNC_symbol,True
U2AF2,P26368,1,HGNC_symbol,True
U2SURP,O15042,1,HGNC_symbol,False
U40455.1,,0,unmapped,False
U47924.30,,0,unmapped,False
U47924.31,,0,unmapped,False
U52111.14,,0,unmapped,False
U62631.5,,0,unmapped,False
U73166.2,,0,unmapped,False
U73169.1,,0,unmapped,False
U82695.10,,0,unmapped,False
U91328.19,,0,unmapped,False
U91328.2,,0,unmapped,False
U91328.20,,0,unmapped,False
UACA,Q9BZF9,1,HGNC_symbol,False
UAP1,Q16222,1,HGNC_symbol,False
UAP1L1,Q3KQV9,1,HGNC_symbol,False
UBA1,P22314,1,HGNC_symbol,False
UBA2,Q9UBT2,1,HGNC_symbol,True
UBA3,Q8TBC4,1,HGNC_symbol,True
UBA5,Q9GZZ9,1,HGNC_symbol,False
UBA52,P62987,1,HGNC_symbol,False
UBA52P3,,0,unmapped,False
UBA52P5,,0,unmapped,False
UBA52P6,,0,unmapped,False
UBA6,A0AVT1,1,HGNC_symbol,False
UBA6-AS1,,0,unmapped,False
UBA7,P41226,1,HGNC_symbol,False
UBAC1,Q9BSL1,1,HGNC_symbol,False
UBAC2,Q8NBM4,1,HGNC_symbol,False
UBAC2-AS1,,0,unmapped,False
UBALD1,Q8TB05,1,HGNC_symbol,True
UBALD2,Q8IYN6,1,HGNC_symbol,True
UBAP1,Q9NZ09,1,HGNC_symbol,False
UBAP1L,F5GYI3,1,HGNC_symbol,False
UBAP2,Q5T6F2,1,HGNC_symbol,False
UBAP2L,Q14157,1,HGNC_symbol,False
UBASH3A,P57075,1,HGNC_symbol,False
UBASH3B,Q8TF42,1,HGNC_symbol,False
UBB,P0CG47,1,HGNC_symbol,True
UBBP1,,0,unmapped,False
UBBP4,,0,unmapped,False
UBC,P0CG48,1,HGNC_symbol,False
UBD,O15205,1,HGNC_symbol,True
UBE2A,P49459,1,HGNC_symbol,True
UBE2B,P63146,1,HGNC_symbol,True
UBE2C,O00762,1,HGNC_symbol,True
UBE2CP2,,0,unmapped,False
UBE2D1,P51668,1,HGNC_symbol,False
UBE2D2,P62837,1,HGNC_symbol,True
UBE2D3,P61077,1,HGNC_symbol,False
UBE2D3P1,,0,unmapped,False
UBE2D3P2,,0,unmapped,False
UBE2D4,Q9Y2X8,1,HGNC_symbol,False
UBE2E1,P51965,1,HGNC_symbol,False
UBE2E2,Q96LR5,1,HGNC_symbol,True
UBE2E3,Q969T4,1,HGNC_symbol,True
UBE2F,Q969M7,1,HGNC_symbol,True
UBE2FP1,,0,unmapped,False
UBE2G1,P62253,1,HGNC_symbol,False
UBE2G2,P60604,1,HGNC_symbol,True
UBE2H,P62256,1,HGNC_symbol,True
UBE2HP1,,0,unmapped,False
UBE2I,P63279,1,HGNC_symbol,False
UBE2J1,Q9Y385,1,HGNC_symbol,False
UBE2J2,Q8N2K1,1,HGNC_symbol,True
UBE2K,P61086,1,HGNC_symbol,False
UBE2L2,,0,unmapped,False
UBE2L3,P68036,1,HGNC_symbol,True
UBE2L4,,0,unmapped,False
UBE2L5,A0A1B0GUS4,1,HGNC_symbol,True
UBE2L5P,,0,unmapped,False
UBE2L6,O14933,1,HGNC_symbol,True
UBE2M,P61081,1,HGNC_symbol,True
UBE2MP1,,0,unmapped,False
UBE2N,P61088,1,HGNC_symbol,False
UBE2NL,Q5JXB2,1,HGNC_symbol,True
UBE2O,Q9C0C9,1,HGNC_symbol,False
UBE2Q1,Q7Z7E8,1,HGNC_symbol,False
UBE2Q1-AS1,,0,unmapped,False
UBE2Q2,Q8WVN8,1,HGNC_symbol,True
UBE2Q2P1,,0,unmapped,False
UBE2Q2P2,,0,unmapped,False
UBE2Q2P3,,0,unmapped,False
UBE2Q2P6,,0,unmapped,False
UBE2QL1,A1L167,1,HGNC_symbol,True
UBE2R2,Q712K3,1,HGNC_symbol,False
UBE2S,Q16763,1,HGNC_symbol,True
UBE2SP1,,0,unmapped,False
UBE2SP2,,0,unmapped,False
UBE2T,Q9NPD8,1,HGNC_symbol,True
UBE2U,Q5VVX9,1,HGNC_symbol,True
UBE2V1,Q13404,1,HGNC_symbol,False
UBE2V1P1,,0,unmapped,False
UBE2V1P2,,0,unmapped,False
UBE2V2,Q15819,1,HGNC_symbol,False
UBE2W,Q96B02,1,HGNC_symbol,False
UBE2Z,Q9H832,1,HGNC_symbol,False
UBE3A,Q05086,1,HGNC_symbol,False
UBE3AP2,,0,unmapped,False
UBE3B,Q7Z3V4,1,HGNC_symbol,False
UBE3C,Q15386,1,HGNC_symbol,False
UBE3D,Q7Z6J8,1,HGNC_symbol,True
UBE4A,Q14139,1,HGNC_symbol,False
UBE4B,O95155,1,HGNC_symbol,False
UBFD1,O14562,1,HGNC_symbol,True
UBIAD1,Q9Y5Z9,1,HGNC_symbol,True
UBL3,O95164,1,HGNC_symbol,False
UBL4A,P11441,1,HGNC_symbol,False
UBL4B,Q8N7F7,1,HGNC_symbol,False
UBL5,Q9BZL1,1,HGNC_symbol,False
UBL5P2,,0,unmapped,False
UBL7,Q96S82,1,HGNC_symbol,False
UBL7-AS1,,0,unmapped,False
UBLCP1,Q8WVY7,1,HGNC_symbol,False
UBN1,Q9NPG3,1,HGNC_symbol,False
UBN2,Q6ZU65,1,HGNC_symbol,False
UBOX5,O94941,1,HGNC_symbol,True
UBP1,Q9NZI7,1,HGNC_symbol,False
UBQLN1,Q9UMX0,1,HGNC_symbol,False
UBQLN2,Q9UHD9,1,HGNC_symbol,False
UBQLN3,Q9H347,1,HGNC_symbol,False
UBQLN4,Q9NRR5,1,HGNC_symbol,True
UBQLN4P1,,0,unmapped,False
UBQLNL,Q8IYU4,1,HGNC_symbol,False
UBR1,Q8IWV7,1,HGNC_symbol,False
UBR2,Q8IWV8,1,HGNC_symbol,False
UBR3,Q6ZT12,1,HGNC_symbol,False
UBR4,Q5T4S7,1,HGNC_symbol,False
UBR5,O95071,1,HGNC_symbol,False
UBR7,Q8N806,1,HGNC_symbol,True
UBTD1,Q9HAC8,1,HGNC_symbol,False
UBTD2,Q8WUN7,1,HGNC_symbol,True
UBTF,P17480,1,HGNC_symbol,False
UBTFL1,P0CB47,1,HGNC_symbol,True
UBXN1,Q04323,1,HGNC_symbol,False
UBXN10,Q96LJ8,1,HGNC_symbol,False
UBXN11,Q5T124,1,HGNC_symbol,False
UBXN2A,P68543,1,HGNC_symbol,True
UBXN2B,Q14CS0,1,HGNC_symbol,False
UBXN4,Q92575,1,HGNC_symbol,True
UBXN6,Q9BZV1,1,HGNC_symbol,False
UBXN7,O94888,1,HGNC_symbol,True
UBXN7-AS1,,0,unmapped,False
UBXN8,O00124,1,HGNC_symbol,True
UCA1,,0,unmapped,False
UCHL1,P09936,1,HGNC_symbol,True
UCHL3,P15374,1,HGNC_symbol,False
UCHL5,Q9Y5K5,1,HGNC_symbol,True
UCK1,Q9HA47,1,HGNC_symbol,False
UCK2,Q9BZX2,1,HGNC_symbol,False
UCKL1,Q9NWZ5,1,HGNC_symbol,False
UCMA,Q8WVF2,1,HGNC_symbol,False
UCN,P55089,1,HGNC_symbol,True
UCN2,Q96RP3,1,HGNC_symbol,False
UCN3,Q969E3,1,HGNC_symbol,True
UCP1,P25874,1,HGNC_symbol,False
UCP2,P55851,1,HGNC_symbol,True
UCP3,P55916,1,HGNC_symbol,True
UEVLD,Q8IX04,1,HGNC_symbol,True
UFC1,Q9Y3C8,1,HGNC_symbol,False
UFD1,Q92890,1,HGNC_symbol,True
UFD1L,2YUJ,5,STRING_alias,False
UFL1,O94874,1,HGNC_symbol,False
UFM1,P61960,1,HGNC_symbol,True
UFSP1,Q6NVU6,1,HGNC_symbol,False
UFSP2,Q9NUQ7,1,HGNC_symbol,False
UGCG,Q16739,1,HGNC_symbol,False
UGDH,O60701,1,HGNC_symbol,True
UGDH-AS1,,0,unmapped,False
UGGT1,Q9NYU2,1,HGNC_symbol,False
UGGT2,Q9NYU1,1,HGNC_symbol,False
UGP2,Q16851,1,HGNC_symbol,False
UGT2A1,P0DTE4,1,HGNC_symbol,False
UGT2A3,Q6UWM9,1,HGNC_symbol,True
UGT2B10,P36537,1,HGNC_symbol,False
UGT2B11,O75310,1,HGNC_symbol,True
UGT2B15,P54855,1,HGNC_symbol,False
UGT2B17,O75795,1,HGNC_symbol,True
UGT2B28,Q9BY64,1,HGNC_symbol,True
UGT2B4,P06133,1,HGNC_symbol,True
UGT2B7,P16662,1,HGNC_symbol,False
UGT3A1,Q6NUS8,1,HGNC_symbol,False
UGT3A2,Q3SY77,1,HGNC_symbol,False
UGT8,Q16880,1,HGNC_symbol,False
UHMK1,Q8TAS1,1,HGNC_symbol,True
UHRF1,Q96T88,1,HGNC_symbol,True
UHRF1BP1,54887,5,STRING_alias,False
UHRF1BP1L,23074,5,STRING_alias,False
UHRF2,Q96PU4,1,HGNC_symbol,False
UIMC1,Q96RL1,1,HGNC_symbol,False
ULBP1,Q9BZM6,1,HGNC_symbol,False
ULBP2,Q9BZM5,1,HGNC_symbol,False
ULBP3,Q9BZM4,1,HGNC_symbol,True
ULK1,O75385,1,HGNC_symbol,False
ULK2,Q8IYT8,1,HGNC_symbol,False
ULK3,Q6PHR2,1,HGNC_symbol,True
ULK4,Q96C45,1,HGNC_symbol,False
ULK4P1,,0,unmapped,False
ULK4P2,,0,unmapped,False
ULK4P3,,0,unmapped,False
UMAD1,C9J7I0,1,HGNC_symbol,False
UMOD,P07911,1,HGNC_symbol,False
UMODL1,Q5DID0,1,HGNC_symbol,False
UMPS,P11172,1,HGNC_symbol,False
UNC119,Q13432,1,HGNC_symbol,True
UNC119B,A6NIH7,1,HGNC_symbol,True
UNC13A,Q9UPW8,1,HGNC_symbol,False
UNC13B,O14795,1,HGNC_symbol,False
UNC13C,Q8NB66,1,HGNC_symbol,False
UNC13D,Q70J99,1,HGNC_symbol,False
UNC45A,Q9H3U1,1,HGNC_symbol,True
UNC45B,Q8IWX7,1,HGNC_symbol,False
UNC50,Q53HI1,1,HGNC_symbol,False
UNC5A,Q6ZN44,1,HGNC_symbol,True
UNC5B,Q8IZJ1,1,HGNC_symbol,True
UNC5C,O95185,1,HGNC_symbol,False
UNC5CL,Q8IV45,1,HGNC_symbol,True
UNC5D,Q6UXZ4,1,HGNC_symbol,False
UNC79,Q9P2D8,1,HGNC_symbol,False
UNC80,Q8N2C7,1,HGNC_symbol,False
UNC93A,Q86WB7,1,HGNC_symbol,False
UNC93B1,Q9H1C4,1,HGNC_symbol,False
UNC93B2,,0,unmapped,False
UNC93B5,,0,unmapped,False
UNC93B7,,0,unmapped,False
UNCX,A6NJT0,1,HGNC_symbol,False
UNG,P13051,1,HGNC_symbol,False
UNGP3,,0,unmapped,False
UNK,Q9C0B0,1,HGNC_symbol,False
UNKL,Q9H9P5,1,HGNC_symbol,True
UPB1,Q9UBR1,1,HGNC_symbol,True
UPF1,Q92900,1,HGNC_symbol,False
UPF2,Q9HAU5,1,HGNC_symbol,False
UPF3A,Q9H1J1,1,HGNC_symbol,False
UPF3AP1,,0,unmapped,False
UPF3AP2,,0,unmapped,False
UPF3AP3,,0,unmapped,False
UPF3B,Q9BZI7,1,HGNC_symbol,True
UPK1A,O00322,1,HGNC_symbol,True
UPK1B,O75841,1,HGNC_symbol,True
UPK2,O00526,1,HGNC_symbol,False
UPK3A,O75631,1,HGNC_symbol,True
UPK3B,Q9BT76,1,HGNC_symbol,False
UPK3BL1,B0FP48,1,HGNC_symbol,True
UPK3BL2,E5RIL1,1,HGNC_symbol,False
UPP1,Q16831,1,HGNC_symbol,True
UPP2,O95045,1,HGNC_symbol,False
UPRT,Q96BW1,1,HGNC_symbol,False
UQCC1,Q9NVA1,1,HGNC_symbol,False
UQCC2,Q9BRT2,1,HGNC_symbol,True
UQCC3,Q6UW78,1,HGNC_symbol,True
UQCC4,Q4G0I0,1,HGNC_symbol,False
UQCC5,Q8WVI0,1,HGNC_symbol,False
UQCC6,Q69YU5,1,HGNC_symbol,True
UQCR10,Q9UDW1,1,HGNC_symbol,False
UQCR11,O14957,1,HGNC_symbol,True
UQCRB,P14927,1,HGNC_symbol,False
UQCRBP1,,0,unmapped,False
UQCRC1,P31930,1,HGNC_symbol,False
UQCRC2,P22695,1,HGNC_symbol,False
UQCRFS1,P47985,1,HGNC_symbol,False
UQCRFS1P1,P0C7P4,1,HGNC_symbol,True
UQCRH,P07919,1,HGNC_symbol,True
UQCRHL,A0A096LP55,1,HGNC_symbol,True
UQCRQ,O14949,1,HGNC_symbol,True
URAD,A6NGE7,1,HGNC_symbol,True
URB1,O60287,1,HGNC_symbol,False
URB2,Q14146,1,HGNC_symbol,False
URGCP,Q8TCY9,1,HGNC_symbol,True
URI1,O94763,1,HGNC_symbol,True
URM1,Q9BTM9,1,HGNC_symbol,True
UROC1,Q96N76,1,HGNC_symbol,False
UROD,P06132,1,HGNC_symbol,False
UROS,P10746,1,HGNC_symbol,False
USB1,Q9BQ65,1,HGNC_symbol,False
USE1,Q9NZ43,1,HGNC_symbol,True
USF1,P22415,1,HGNC_symbol,False
USF2,Q15853,1,HGNC_symbol,False
USF3,Q68DE3,1,HGNC_symbol,False
USH1C,Q9Y6N9,1,HGNC_symbol,False
USH1G,Q495M9,1,HGNC_symbol,True
USH2A,O75445,1,HGNC_symbol,False
USHBP1,Q8N6Y0,1,HGNC_symbol,False
USMG5,84833,5,STRING_alias,False
USMG5P1,,0,unmapped,False
USO1,O60763,1,HGNC_symbol,False
USP1,O94782,1,HGNC_symbol,True
USP10,Q14694,1,HGNC_symbol,False
USP11,P51784,1,HGNC_symbol,True
USP12,O75317,1,HGNC_symbol,True
USP12PX,,0,unmapped,False
USP12PY,,0,unmapped,False
USP13,Q92995,1,HGNC_symbol,True
USP14,P54578,1,HGNC_symbol,True
USP15,Q9Y4E8,1,HGNC_symbol,True
USP16,Q9Y5T5,1,HGNC_symbol,False
USP17L1,Q7RTZ2,1,HGNC_symbol,False
USP17L10,C9JJH3,1,HGNC_symbol,True
USP17L11,C9JVI0,1,HGNC_symbol,True
USP17L12,C9JPN9,1,HGNC_symbol,False
USP17L13,C9JLJ4,1,HGNC_symbol,False
USP17L15,C9J2P7,1,HGNC_symbol,True
USP17L17,D6RBQ6,1,HGNC_symbol,True
USP17L18,D6R9N7,1,HGNC_symbol,False
USP17L19,D6RCP7,1,HGNC_symbol,True
USP17L2,Q6R6M4,1,HGNC_symbol,True
USP17L20,D6RJB6,1,HGNC_symbol,True
USP17L21,D6R901,1,HGNC_symbol,True
USP17L22,D6RA61,1,HGNC_symbol,False
USP17L23,D6RBM5,1,HGNC_symbol,False
USP17L24,Q0WX57,1,HGNC_symbol,True
USP17L25,3.4.19.12,5,STRING_alias,False
USP17L26,3.4.19.12,5,STRING_alias,False
USP17L27,3.4.19.12,5,STRING_alias,False
USP17L28,3.4.19.12,5,STRING_alias,False
USP17L29,3.4.19.12,5,STRING_alias,False
USP17L3,A6NCW0,1,HGNC_symbol,False
USP17L30,3.4.19.12,5,STRING_alias,False
USP17L4,A6NCW7,1,HGNC_symbol,True
USP17L5,A8MUK1,1,HGNC_symbol,True
USP17L7,P0C7H9,1,HGNC_symbol,True
USP17L8,P0C7I0,1,HGNC_symbol,True
USP18,Q9UMW8,1,HGNC_symbol,True
USP19,O94966,1,HGNC_symbol,False
USP2,O75604,1,HGNC_symbol,False
USP2-AS1,,0,unmapped,False
USP20,Q9Y2K6,1,HGNC_symbol,False
USP21,Q9UK80,1,HGNC_symbol,False
USP22,Q9UPT9,1,HGNC_symbol,False
USP24,Q9UPU5,1,HGNC_symbol,False
USP25,Q9UHP3,1,HGNC_symbol,False
USP26,Q9BXU7,1,HGNC_symbol,False
USP27X,A6NNY8,1,HGNC_symbol,False
USP27X-AS1,,0,unmapped,False
USP28,Q96RU2,1,HGNC_symbol,False
USP29,Q9HBJ7,1,HGNC_symbol,True
USP3,Q9Y6I4,1,HGNC_symbol,True
USP3-AS1,,0,unmapped,False
USP30,Q70CQ3,1,HGNC_symbol,False
USP30-AS1,,0,unmapped,False
USP31,Q70CQ4,1,HGNC_symbol,False
USP32,Q8NFA0,1,HGNC_symbol,False
USP32P1,,0,unmapped,False
USP32P2,,0,unmapped,False
USP32P3,,0,unmapped,False
USP33,Q8TEY7,1,HGNC_symbol,False
USP34,Q70CQ2,1,HGNC_symbol,False
USP35,Q9P2H5,1,HGNC_symbol,False
USP36,Q9P275,1,HGNC_symbol,False
USP37,Q86T82,1,HGNC_symbol,False
USP38,Q8NB14,1,HGNC_symbol,False
USP39,Q53GS9,1,HGNC_symbol,False
USP4,Q13107,1,HGNC_symbol,False
USP40,Q9NVE5,1,HGNC_symbol,False
USP41,3.4.19.12,5,STRING_alias,False
USP42,Q9H9J4,1,HGNC_symbol,False
USP43,Q70EL4,1,HGNC_symbol,False
USP44,Q9H0E7,1,HGNC_symbol,True
USP45,Q70EL2,1,HGNC_symbol,True
USP46,P62068,1,HGNC_symbol,True
USP46-AS1,,0,unmapped,False
USP47,Q96K76,1,HGNC_symbol,False
USP48,Q86UV5,1,HGNC_symbol,False
USP49,Q70CQ1,1,HGNC_symbol,False
USP5,P45974,1,HGNC_symbol,False
USP50,Q70EL3,1,HGNC_symbol,True
USP51,Q70EK9,1,HGNC_symbol,False
USP53,Q70EK8,1,HGNC_symbol,False
USP54,Q70EL1,1,HGNC_symbol,False
USP6,P35125,1,HGNC_symbol,False
USP6NL,Q92738,1,HGNC_symbol,False
USP7,Q93009,1,HGNC_symbol,False
USP8,P40818,1,HGNC_symbol,False
USP8P1,,0,unmapped,False
USP9X,Q93008,1,HGNC_symbol,False
USP9Y,O00507,1,HGNC_symbol,False
USPL1,Q5W0Q7,1,HGNC_symbol,False
UST,Q9Y2C2,1,HGNC_symbol,True
UTF1,Q5T230,1,HGNC_symbol,False
UTP11,Q9Y3A2,1,HGNC_symbol,True
UTP11L,51118,5,STRING_alias,False
UTP14A,Q9BVJ6,1,HGNC_symbol,True
UTP14C,Q5TAP6,1,HGNC_symbol,False
UTP15,Q8TED0,1,HGNC_symbol,False
UTP18,Q9Y5J1,1,HGNC_symbol,False
UTP20,O75691,1,HGNC_symbol,False
UTP23,Q9BRU9,1,HGNC_symbol,True
UTP25,Q68CQ4,1,HGNC_symbol,True
UTP3,Q9NQZ2,1,HGNC_symbol,False
UTP4,Q969X6,1,HGNC_symbol,False
UTP6,Q9NYH9,1,HGNC_symbol,False
UTRN,P46939,1,HGNC_symbol,False
UTS2,O95399,1,HGNC_symbol,False
UTS2B,Q765I0,1,HGNC_symbol,True
UTS2R,Q9UKP6,1,HGNC_symbol,True
UTY,O14607,1,HGNC_symbol,False
UVRAG,Q9P2Y5,1,HGNC_symbol,True
UVSSA,Q2YD98,1,HGNC_symbol,True
UXS1,Q8NBZ7,1,HGNC_symbol,False
UXT,Q9UBK9,1,HGNC_symbol,False
UXT-AS1,,0,unmapped,False
VAC14,Q08AM6,1,HGNC_symbol,True
VAMP1,P23763,1,HGNC_symbol,True
VAMP2,P63027,1,HGNC_symbol,False
VAMP3,Q15836,1,HGNC_symbol,True
VAMP4,O75379,1,HGNC_symbol,False
VAMP5,O95183,1,HGNC_symbol,False
VAMP7,P51809,1,HGNC_symbol,True
VAMP8,Q9BV40,1,HGNC_symbol,True
VANGL1,Q8TAA9,1,HGNC_symbol,True
VANGL2,Q9ULK5,1,HGNC_symbol,False
VAPA,Q9P0L0,1,HGNC_symbol,True
VAPB,O95292,1,HGNC_symbol,False
VARS,6.1.1.9,5,STRING_alias,False
VARS1,P26640,1,HGNC_symbol,False
VARS2,Q5ST30,1,HGNC_symbol,False
VASH1,Q7L8A9,1,HGNC_symbol,True
VASH2,Q86V25,1,HGNC_symbol,False
VASN,Q6EMK4,1,HGNC_symbol,False
VASP,P50552,1,HGNC_symbol,False
VAT1,Q99536,1,HGNC_symbol,False
VAT1L,Q9HCJ6,1,HGNC_symbol,True
VAV1,P15498,1,HGNC_symbol,False
VAV2,P52735,1,HGNC_symbol,False
VAV3,Q9UKW4,1,HGNC_symbol,False
VAV3-AS1,,0,unmapped,False
VAX1,Q5SQQ9,1,HGNC_symbol,False
VAX2,Q9UIW0,1,HGNC_symbol,False
VBP1,P61758,1,HGNC_symbol,False
VCAM1,P19320,1,HGNC_symbol,True
VCAN,P13611,1,HGNC_symbol,False
VCF1,Q969W3,1,HGNC_symbol,False
VCF2,Q5XKR9,1,HGNC_symbol,False
VCL,P18206,1,HGNC_symbol,False
VCP,P55072,1,HGNC_symbol,True
VCPIP1,Q96JH7,1,HGNC_symbol,False
VCPKMT,Q9H867,1,HGNC_symbol,True
VCX,Q9H320,1,HGNC_symbol,False
VCX2,Q9H322,1,HGNC_symbol,False
VCX3A,Q9NNX9,1,HGNC_symbol,False
VCX3B,Q9H321,1,HGNC_symbol,False
VCY,O14598,1,HGNC_symbol,False
VCY1B,353513,5,STRING_alias,False
VDAC1,P21796,1,HGNC_symbol,False
VDAC1P1,,0,unmapped,False
VDAC1P2,,0,unmapped,False
VDAC1P3,,0,unmapped,False
VDAC1P6,,0,unmapped,False
VDAC1P8,,0,unmapped,False
VDAC2,P45880,1,HGNC_symbol,True
VDAC3,Q9Y277,1,HGNC_symbol,False
VDAC3P1,,0,unmapped,False
VDR,P11473,1,HGNC_symbol,False
VEGFA,P15692,1,HGNC_symbol,False
VEGFB,P49765,1,HGNC_symbol,True
VEGFC,P49767,1,HGNC_symbol,False
VEGFD,O43915,1,HGNC_symbol,True
VENTX,O95231,1,HGNC_symbol,False
VEPH1,Q14D04,1,HGNC_symbol,False
VEZF1,Q14119,1,HGNC_symbol,False
VEZF1P1,,0,unmapped,False
VEZT,Q9HBM0,1,HGNC_symbol,False
VGF,O15240,1,HGNC_symbol,True
VGLL1,Q99990,1,HGNC_symbol,True
VGLL2,Q8N8G2,1,HGNC_symbol,False
VGLL3,A8MV65,1,HGNC_symbol,True
VGLL4,Q14135,1,HGNC_symbol,False
VHL,P40337,1,HGNC_symbol,False
VHLL,Q6RSH7,1,HGNC_symbol,False
VIL1,P09327,1,HGNC_symbol,True
VILL,O15195,1,HGNC_symbol,False
VIM,P08670,1,HGNC_symbol,False
VIM-AS1,,0,unmapped,False
VIMP,2Q2F,5,STRING_alias,False
VIP,P01282,1,HGNC_symbol,False
VIPAS39,Q9H9C1,1,HGNC_symbol,True
VIPR1,P32241,1,HGNC_symbol,False
VIPR2,P41587,1,HGNC_symbol,True
VIRMA,Q69YN4,1,HGNC_symbol,False
VIT,Q6UXI7,1,HGNC_symbol,False
VKORC1,Q9BQB6,1,HGNC_symbol,True
VKORC1L1,Q8N0U8,1,HGNC_symbol,True
VLDLR,P98155,1,HGNC_symbol,False
VMA12,Q8N511,1,HGNC_symbol,True
VMA21,Q3ZAQ7,1,HGNC_symbol,False
VMA22,Q96NT0,1,HGNC_symbol,False
VMAC,Q2NL98,1,HGNC_symbol,False
VMO1,Q7Z5L0,1,HGNC_symbol,True
VMP1,Q96GC9,1,HGNC_symbol,True
VN1R1,Q9GZP7,1,HGNC_symbol,False
VN1R108P,,0,unmapped,False
VN1R2,Q8NFZ6,1,HGNC_symbol,False
VN1R4,Q7Z5H5,1,HGNC_symbol,False
VN1R42P,,0,unmapped,False
VN1R5,Q7Z5H4,1,HGNC_symbol,True
VN1R81P,,0,unmapped,False
VN1R82P,,0,unmapped,False
VN1R83P,,0,unmapped,False
VN1R84P,,0,unmapped,False
VNN1,O95497,1,HGNC_symbol,True
VNN2,O95498,1,HGNC_symbol,False
VNN3,3.5.1.92,5,STRING_alias,False
VOPP1,Q96AW1,1,HGNC_symbol,False
VPRBP,2.7.11.1,5,STRING_alias,False
VPREB1,P12018,1,HGNC_symbol,True
VPREB3,Q9UKI3,1,HGNC_symbol,True
VPS11,Q9H270,1,HGNC_symbol,True
VPS13A,Q96RL7,1,HGNC_symbol,False
VPS13B,Q7Z7G8,1,HGNC_symbol,False
VPS13C,Q709C8,1,HGNC_symbol,False
VPS13D,Q5THJ4,1,HGNC_symbol,False
VPS16,Q9H269,1,HGNC_symbol,False
VPS18,Q9P253,1,HGNC_symbol,False
VPS25,Q9BRG1,1,HGNC_symbol,True
VPS26A,O75436,1,HGNC_symbol,False
VPS26AP1,,0,unmapped,False
VPS26B,Q4G0F5,1,HGNC_symbol,True
VPS26C,O14972,1,HGNC_symbol,False
VPS28,Q9UK41,1,HGNC_symbol,False
VPS29,Q9UBQ0,1,HGNC_symbol,True
VPS33A,Q96AX1,1,HGNC_symbol,False
VPS33B,Q9H267,1,HGNC_symbol,False
VPS35,Q96QK1,1,HGNC_symbol,False
VPS35L,Q7Z3J2,1,HGNC_symbol,False
VPS36,Q86VN1,1,HGNC_symbol,True
VPS37A,Q8NEZ2,1,HGNC_symbol,True
VPS37B,Q9H9H4,1,HGNC_symbol,False
VPS37C,A5D8V6,1,HGNC_symbol,False
VPS37D,Q86XT2,1,HGNC_symbol,False
VPS39,Q96JC1,1,HGNC_symbol,False
VPS41,P49754,1,HGNC_symbol,False
VPS45,Q9NRW7,1,HGNC_symbol,False
VPS4A,Q9UN37,1,HGNC_symbol,False
VPS4B,O75351,1,HGNC_symbol,False
VPS50,Q96JG6,1,HGNC_symbol,False
VPS51,Q9UID3,1,HGNC_symbol,True
VPS52,Q8N1B4,1,HGNC_symbol,True
VPS53,Q5VIR6,1,HGNC_symbol,False
VPS54,Q9P1Q0,1,HGNC_symbol,False
VPS72,Q15906,1,HGNC_symbol,False
VPS8,Q8N3P4,1,HGNC_symbol,False
VPS9D1,Q9Y2B5,1,HGNC_symbol,False
VPS9D1-AS1,,0,unmapped,False
VRK1,Q99986,1,HGNC_symbol,True
VRK2,Q86Y07,1,HGNC_symbol,False
VRK3,Q8IV63,1,HGNC_symbol,True
VRTN,Q9H8Y1,1,HGNC_symbol,False
VSIG1,Q86XK7,1,HGNC_symbol,False
VSIG10,Q8N0Z9,1,HGNC_symbol,False
VSIG10L,Q86VR7,1,HGNC_symbol,False
VSIG10L2,P0DP72,1,HGNC_symbol,False
VSIG2,Q96IQ7,1,HGNC_symbol,True
VSIG4,Q9Y279,1,HGNC_symbol,True
VSIG8,P0DPA2,1,HGNC_symbol,True
VSIR,Q9H7M9,1,HGNC_symbol,False
VSNL1,P62760,1,HGNC_symbol,True
VSTM1,Q6UX27,1,HGNC_symbol,False
VSTM2A,Q8TAG5,1,HGNC_symbol,True
VSTM2B,A6NLU5,1,HGNC_symbol,False
VSTM2L,Q96N03,1,HGNC_symbol,True
VSTM4,Q8IW00,1,HGNC_symbol,True
VSTM5,A8MXK1,1,HGNC_symbol,False
VSX1,Q9NZR4,1,HGNC_symbol,False
VSX2,P58304,1,HGNC_symbol,False
VTA1,Q9NP79,1,HGNC_symbol,False
VTCN1,Q7Z7D3,1,HGNC_symbol,False
VTI1A,Q96AJ9,1,HGNC_symbol,True
VTI1B,Q9UEU0,1,HGNC_symbol,False
VTI1BP1,,0,unmapped,False
VTI1BP2,,0,unmapped,False
VTN,P04004,1,HGNC_symbol,False
VWA1,Q6PCB0,1,HGNC_symbol,False
VWA2,Q5GFL6,1,HGNC_symbol,False
VWA3A,A6NCI4,1,HGNC_symbol,False
VWA3B,Q502W6,1,HGNC_symbol,False
VWA5A,O00534,1,HGNC_symbol,False
VWA5B1,Q5TIE3,1,HGNC_symbol,False
VWA5B2,Q8N398,1,HGNC_symbol,False
VWA7,Q9Y334,1,HGNC_symbol,False
VWA8,A3KMH1,1,HGNC_symbol,False
VWA9,81556,5,STRING_alias,False
VWC2,Q2TAL6,1,HGNC_symbol,False
VWC2L,B2RUY7,1,HGNC_symbol,False
VWCE,Q96DN2,1,HGNC_symbol,False
VWDE,Q8N2E2,1,HGNC_symbol,False
VWF,P04275,1,HGNC_symbol,False
VXN,Q8TAG6,1,HGNC_symbol,True
WAC,Q9BTA9,1,HGNC_symbol,True
WAC-AS1,,0,unmapped,False
WAPAL,23063,5,STRING_alias,False
WAPL,Q7Z5K2,1,HGNC_symbol,False
WARS,1O5T,5,STRING_alias,False
WARS1,P23381,1,HGNC_symbol,True
WARS2,Q9UGM6,1,HGNC_symbol,True
WAS,P42768,1,HGNC_symbol,False
WASF1,Q92558,1,HGNC_symbol,False
WASF2,Q9Y6W5,1,HGNC_symbol,True
WASF3,Q9UPY6,1,HGNC_symbol,True
WASF4P,,0,unmapped,False
WASH2P,Q6VEQ5,1,HGNC_symbol,True
WASH3P,C4AMC7,1,HGNC_symbol,True
WASH4P,A8MWX3,1,HGNC_symbol,False
WASH5P,,0,unmapped,False
WASH6P,Q9NQA3,1,HGNC_symbol,False
WASH7P,,0,unmapped,False
WASHC1,A8K0Z3,1,HGNC_symbol,False
WASHC2A,Q641Q2,1,HGNC_symbol,False
WASHC2C,Q9Y4E1,1,HGNC_symbol,False
WASHC3,Q9Y3C0,1,HGNC_symbol,False
WASHC4,Q2M389,1,HGNC_symbol,False
WASHC5,Q12768,1,HGNC_symbol,False
WASIR1,,0,unmapped,False
WASIR2,,0,unmapped,False
WASL,O00401,1,HGNC_symbol,False
WBP1,Q96G27,1,HGNC_symbol,False
WBP11,Q9Y2W2,1,HGNC_symbol,False
WBP11P1,,0,unmapped,False
WBP1L,Q9NX94,1,HGNC_symbol,False
WBP1LP2,,0,unmapped,False
WBP2,Q969T9,1,HGNC_symbol,True
WBP2NL,Q6ICG8,1,HGNC_symbol,False
WBP4,O75554,1,HGNC_symbol,False
WBP5,51186,5,STRING_alias,False
WBSCR16,5XGS,5,STRING_alias,False
WBSCR22,114049,5,STRING_alias,False
WBSCR27,155368,5,STRING_alias,False
WDCP,Q9H6R7,1,HGNC_symbol,False
WDFY1,Q8IWB7,1,HGNC_symbol,False
WDFY2,Q96P53,1,HGNC_symbol,True
WDFY3,Q8IZQ1,1,HGNC_symbol,False
WDFY3-AS2,,0,unmapped,False
WDFY4,Q6ZS81,1,HGNC_symbol,False
WDHD1,O75717,1,HGNC_symbol,False
WDPCP,O95876,1,HGNC_symbol,False
WDR1,O75083,1,HGNC_symbol,True
WDR11,Q9BZH6,1,HGNC_symbol,False
WDR11-AS1,,0,unmapped,False
WDR12,Q9GZL7,1,HGNC_symbol,False
WDR13,Q9H1Z4,1,HGNC_symbol,False
WDR17,Q8IZU2,1,HGNC_symbol,False
WDR18,Q9BV38,1,HGNC_symbol,False
WDR19,Q8NEZ3,1,HGNC_symbol,False
WDR20,Q8TBZ3,1,HGNC_symbol,False
WDR24,Q96S15,1,HGNC_symbol,False
WDR25,Q64LD2,1,HGNC_symbol,False
WDR26,Q9H7D7,1,HGNC_symbol,False
WDR27,A2RRH5,1,HGNC_symbol,False
WDR3,Q9UNX4,1,HGNC_symbol,True
WDR31,Q8NA23,1,HGNC_symbol,True
WDR33,Q9C0J8,1,HGNC_symbol,False
WDR34,6RLB,5,STRING_alias,False
WDR35,Q9P2L0,1,HGNC_symbol,False
WDR36,Q8NI36,1,HGNC_symbol,False
WDR37,Q9Y2I8,1,HGNC_symbol,False
WDR38,Q5JTN6,1,HGNC_symbol,True
WDR4,P57081,1,HGNC_symbol,False
WDR41,Q9HAD4,1,HGNC_symbol,False
WDR43,Q15061,1,HGNC_symbol,False
WDR44,Q5JSH3,1,HGNC_symbol,True
WDR45,Q9Y484,1,HGNC_symbol,False
WDR45B,Q5MNZ6,1,HGNC_symbol,True
WDR46,O15213,1,HGNC_symbol,False
WDR47,O94967,1,HGNC_symbol,True
WDR48,Q8TAF3,1,HGNC_symbol,False
WDR49,A0A3B3IS43,5,STRING_alias,False
WDR5,P61964,1,HGNC_symbol,True
WDR52,55779,5,STRING_alias,False
WDR53,Q7Z5U6,1,HGNC_symbol,False
WDR54,Q9H977,1,HGNC_symbol,False
WDR55,Q9H6Y2,1,HGNC_symbol,False
WDR59,Q6PJI9,1,HGNC_symbol,True
WDR5B,Q86VZ2,1,HGNC_symbol,True
WDR6,Q9NNW5,1,HGNC_symbol,False
WDR60,55112,5,STRING_alias,False
WDR61,3OW8,5,STRING_alias,False
WDR62,O43379,1,HGNC_symbol,False
WDR63,126820,5,STRING_alias,False
WDR64,B1ANS9,1,HGNC_symbol,False
WDR65,149465,5,STRING_alias,False
WDR66,144406,5,STRING_alias,False
WDR7,Q9Y4E6,1,HGNC_symbol,False
WDR70,Q9NW82,1,HGNC_symbol,True
WDR72,Q3MJ13,1,HGNC_symbol,False
WDR73,Q6P4I2,1,HGNC_symbol,False
WDR74,Q6RFH5,1,HGNC_symbol,False
WDR75,Q8IWA0,1,HGNC_symbol,False
WDR76,Q9H967,1,HGNC_symbol,False
WDR77,Q9BQA1,1,HGNC_symbol,False
WDR78,79819,5,STRING_alias,False
WDR81,Q562E7,1,HGNC_symbol,False
WDR82,Q6UXN9,1,HGNC_symbol,False
WDR82P1,,0,unmapped,False
WDR83,Q9BRX9,1,HGNC_symbol,False
WDR83OS,Q9Y284,1,HGNC_symbol,True
WDR86,Q86TI4,1,HGNC_symbol,False
WDR86-AS1,,0,unmapped,False
WDR87,Q6ZQQ6,1,HGNC_symbol,False
WDR88,Q6ZMY6,1,HGNC_symbol,True
WDR89,Q96FK6,1,HGNC_symbol,False
WDR90,Q96KV7,1,HGNC_symbol,False
WDR91,A4D1P6,1,HGNC_symbol,True
WDR92,116143,5,STRING_alias,False
WDR93,Q6P2C0,1,HGNC_symbol,False
WDR96,80217,5,STRING_alias,False
WDR97,A6NE52,1,HGNC_symbol,False
WDSUB1,Q8N9V3,1,HGNC_symbol,True
WDTC1,Q8N5D0,1,HGNC_symbol,False
WDYHV1,3.5.1.122,5,STRING_alias,False
WEE1,P30291,1,HGNC_symbol,False
WEE2,P0C1S8,1,HGNC_symbol,True
WEE2-AS1,,0,unmapped,False
WFDC1,Q9HC57,1,HGNC_symbol,False
WFDC10A,Q9H1F0,1,HGNC_symbol,True
WFDC10B,Q8IUB3,1,HGNC_symbol,True
WFDC11,Q8NEX6,1,HGNC_symbol,True
WFDC12,Q8WWY7,1,HGNC_symbol,False
WFDC13,Q8IUB5,1,HGNC_symbol,False
WFDC2,Q14508,1,HGNC_symbol,False
WFDC3,Q8IUB2,1,HGNC_symbol,True
WFDC5,Q8TCV5,1,HGNC_symbol,True
WFDC6,140870,5,STRING_alias,False
WFDC8,Q8IUA0,1,HGNC_symbol,False
WFDC9,Q8NEX5,1,HGNC_symbol,False
WFIKKN1,Q96NZ8,1,HGNC_symbol,False
WFIKKN2,Q8TEU8,1,HGNC_symbol,False
WFS1,O76024,1,HGNC_symbol,True
WHAMM,Q8TF30,1,HGNC_symbol,False
WHAMMP2,,0,unmapped,False
WHAMMP3,Q1A5X7,1,HGNC_symbol,True
WHR1,P49842,1,HGNC_symbol,True
WHRN,Q9P202,1,HGNC_symbol,True
WHSC1,2.1.1.356,5,STRING_alias,False
WHSC1L1,2.1.1.-,5,STRING_alias,False
WI2-1896O14.1,,0,unmapped,False
WI2-3658N16.1,,0,unmapped,False
WI2-89031B12.1,,0,unmapped,False
WI2-89927D4.1,,0,unmapped,False
WIBG,84305,5,STRING_alias,False
WIF1,Q9Y5W5,1,HGNC_symbol,False
WIPF1,O43516,1,HGNC_symbol,True
WIPF2,Q8TF74,1,HGNC_symbol,False
WIPF3,A6NGB9,1,HGNC_symbol,True
WIPI1,Q5MNZ9,1,HGNC_symbol,False
WIPI2,Q9Y4P8,1,HGNC_symbol,False
WIZ,O95785,1,HGNC_symbol,False
WLS,Q5T9L3,1,HGNC_symbol,True
WNK1,Q9H4A3,1,HGNC_symbol,False
WNK2,Q9Y3S1,1,HGNC_symbol,False
WNK3,Q9BYP7,1,HGNC_symbol,False
WNK4,Q96J92,1,HGNC_symbol,False
WNT1,P04628,1,HGNC_symbol,True
WNT10A,Q9GZT5,1,HGNC_symbol,True
WNT10B,O00744,1,HGNC_symbol,True
WNT11,O96014,1,HGNC_symbol,False
WNT16,Q9UBV4,1,HGNC_symbol,False
WNT2,P09544,1,HGNC_symbol,True
WNT2B,Q93097,1,HGNC_symbol,True
WNT3,P56703,1,HGNC_symbol,True
WNT3A,P56704,1,HGNC_symbol,False
WNT4,P56705,1,HGNC_symbol,True
WNT5A,P41221,1,HGNC_symbol,False
WNT5B,Q9H1J7,1,HGNC_symbol,False
WNT6,Q9Y6F9,1,HGNC_symbol,False
WNT7A,O00755,1,HGNC_symbol,True
WNT7B,P56706,1,HGNC_symbol,True
WNT8A,Q9H1J5,1,HGNC_symbol,True
WNT8B,Q93098,1,HGNC_symbol,False
WNT9A,O14904,1,HGNC_symbol,False
WNT9B,O14905,1,HGNC_symbol,True
WRAP53,Q9BUR4,1,HGNC_symbol,False
WRAP73,Q9P2S5,1,HGNC_symbol,False
WRB,7485,5,STRING_alias,False
WRN,Q14191,1,HGNC_symbol,False
WRNIP1,Q96S55,1,HGNC_symbol,True
WSB1,Q9Y6I7,1,HGNC_symbol,False
WSB2,Q9NYS7,1,HGNC_symbol,True
WSCD1,Q658N2,1,HGNC_symbol,False
WSCD2,Q2TBF2,1,HGNC_symbol,False
WT1,P19544,1,HGNC_symbol,True
WT1-AS,Q06250,1,HGNC_symbol,False
WTAP,Q15007,1,HGNC_symbol,True
WTIP,A6NIX2,1,HGNC_symbol,False
WWC1,Q8IX03,1,HGNC_symbol,False
WWC2,Q6AWC2,1,HGNC_symbol,False
WWC3,Q9ULE0,1,HGNC_symbol,False
WWOX,Q9NZC7,1,HGNC_symbol,False
WWP1,Q9H0M0,1,HGNC_symbol,False
WWP1P1,,0,unmapped,False
WWP2,O00308,1,HGNC_symbol,False
WWTR1,Q9GZV5,1,HGNC_symbol,True
XAB2,Q9HCS7,1,HGNC_symbol,True
XAF1,Q6GPH4,1,HGNC_symbol,True
XAGE1A,Q9HD64,1,HGNC_symbol,False
XAGE1B,653067,5,STRING_alias,False
XAGE2,Q96GT9,1,HGNC_symbol,False
XAGE3,Q8WTP9,1,HGNC_symbol,False
XAGE5,Q8WWM1,1,HGNC_symbol,False
XBP1,P17861,1,HGNC_symbol,False
XBP1P1,,0,unmapped,False
XCL1,P47992,1,HGNC_symbol,False
XCL2,Q9UBD3,1,HGNC_symbol,False
XCR1,P46094,1,HGNC_symbol,False
XDH,P47989,1,HGNC_symbol,False
XG,P55808,1,HGNC_symbol,False
XIAP,P98170,1,HGNC_symbol,True
XIRP1,Q702N8,1,HGNC_symbol,False
XIRP2,A4UGR9,1,HGNC_symbol,False
XIST,,0,unmapped,False
XK,P51811,1,HGNC_symbol,True
XKR3,Q5GH77,1,HGNC_symbol,True
XKR4,Q5GH76,1,HGNC_symbol,True
XKR5,Q6UX68,1,HGNC_symbol,False
XKR6,Q5GH73,1,HGNC_symbol,False
XKR7,Q5GH72,1,HGNC_symbol,False
XKR8,Q9H6D3,1,HGNC_symbol,False
XKR9,Q5GH70,1,HGNC_symbol,True
XKRX,Q6PP77,1,HGNC_symbol,True
XNDC1N,Q6ZNB5,1,HGNC_symbol,False
XPA,P23025,1,HGNC_symbol,False
XPC,Q01831,1,HGNC_symbol,True
XPNPEP1,Q9NQW7,1,HGNC_symbol,False
XPNPEP2,O43895,1,HGNC_symbol,False
XPNPEP3,Q9NQH7,1,HGNC_symbol,False
XPO1,O14980,1,HGNC_symbol,False
XPO4,Q9C0E2,1,HGNC_symbol,False
XPO5,Q9HAV4,1,HGNC_symbol,False
XPO6,Q96QU8,1,HGNC_symbol,False
XPO7,Q9UIA9,1,HGNC_symbol,False
XPOT,O43592,1,HGNC_symbol,False
XPOTP1,,0,unmapped,False
XPR1,Q9UBH6,1,HGNC_symbol,False
XRCC1,P18887,1,HGNC_symbol,False
XRCC2,O43543,1,HGNC_symbol,False
XRCC3,O43542,1,HGNC_symbol,False
XRCC4,Q13426,1,HGNC_symbol,True
XRCC5,P13010,1,HGNC_symbol,True
XRCC6,P12956,1,HGNC_symbol,False
XRCC6BP1,3.4.24.-,5,STRING_alias,False
XRCC6P1,,0,unmapped,False
XRCC6P2,,0,unmapped,False
XRCC6P4,,0,unmapped,False
XRCC6P5,,0,unmapped,False
XRN1,Q8IZH2,1,HGNC_symbol,False
XRN2,Q9H0D6,1,HGNC_symbol,True
XRRA1,Q6P2D8,1,HGNC_symbol,True
XX-C283C717.1,,0,unmapped,False
XX-FW83128A1.2,,0,unmapped,False
XXYLT1,Q8NBI6,1,HGNC_symbol,False
XXYLT1-AS2,,0,unmapped,False
XXbac-B135H6.15,,0,unmapped,False
XXbac-B135H6.18,,0,unmapped,False
XXbac-B33L19.4,,0,unmapped,False
XXbac-B444P24.10,,0,unmapped,False
XXbac-B444P24.13,,0,unmapped,False
XXbac-B444P24.14,,0,unmapped,False
XXbac-B444P24.8,,0,unmapped,False
XXbac-B476C20.9,,0,unmapped,False
XXbac-B562F10.11,,0,unmapped,False
XXbac-BPG157A10.21,,0,unmapped,False
XXbac-BPG181B23.6,,0,unmapped,False
XXbac-BPG181B23.7,,0,unmapped,False
XXbac-BPG181M17.6,,0,unmapped,False
XXbac-BPG248L24.12,,0,unmapped,False
XXbac-BPG249D20.9,,0,unmapped,False
XXbac-BPG252P9.10,,0,unmapped,False
XXbac-BPG252P9.9,,0,unmapped,False
XXbac-BPG299F13.17,,0,unmapped,False
XXbac-BPGBPG55C20.1,,0,unmapped,False
XXbac-BPGBPG55C20.2,,0,unmapped,False
XXcos-LUCA11.4,,0,unmapped,False
XXyac-YM21GA2.7,,0,unmapped,False
XXyac-YRM2039.2,,0,unmapped,False
XXyac-YX65C7_A.2,,0,unmapped,False
XYLB,O75191,1,HGNC_symbol,False
XYLT1,Q86Y38,1,HGNC_symbol,False
XYLT2,Q9H1B5,1,HGNC_symbol,True
YAE1,Q9NRH1,1,HGNC_symbol,False
YAE1D1,57002,5,STRING_alias,False
YAF2,Q8IY57,1,HGNC_symbol,False
YAP1,P46937,1,HGNC_symbol,False
YAP1P1,,0,unmapped,False
YARS,1N3L,5,STRING_alias,False
YARS1,P54577,1,HGNC_symbol,False
YARS2,Q9Y2Z4,1,HGNC_symbol,True
YBEY,P58557,1,HGNC_symbol,True
YBX1,P67809,1,HGNC_symbol,True
YBX1P1,,0,unmapped,False
YBX1P10,,0,unmapped,False
YBX1P2,,0,unmapped,False
YBX1P6,,0,unmapped,False
YBX2,Q9Y2T7,1,HGNC_symbol,False
YBX3,P16989,1,HGNC_symbol,True
YBX3P1,,0,unmapped,False
YDJC,A8MPS7,1,HGNC_symbol,True
YEATS2,Q9ULM3,1,HGNC_symbol,False
YEATS2-AS1,,0,unmapped,False
YEATS4,O95619,1,HGNC_symbol,False
YES1,P07947,1,HGNC_symbol,False
YIF1A,O95070,1,HGNC_symbol,False
YIF1B,Q5BJH7,1,HGNC_symbol,True
YIPF1,Q9Y548,1,HGNC_symbol,False
YIPF2,Q9BWQ6,1,HGNC_symbol,False
YIPF3,Q9GZM5,1,HGNC_symbol,True
YIPF4,Q9BSR8,1,HGNC_symbol,True
YIPF5,Q969M3,1,HGNC_symbol,False
YIPF6,Q96EC8,1,HGNC_symbol,True
YIPF7,Q8N8F6,1,HGNC_symbol,True
YJEFN3,A6XGL0,1,HGNC_symbol,True
YJU2,Q9BW85,1,HGNC_symbol,False
YJU2B,P13994,1,HGNC_symbol,True
YKT6,O15498,1,HGNC_symbol,True
YLPM1,P49750,1,HGNC_symbol,False
YME1L1,Q96TA2,1,HGNC_symbol,True
YOD1,Q5VVQ6,1,HGNC_symbol,False
YPEL1,O60688,1,HGNC_symbol,True
YPEL2,Q96QA6,1,HGNC_symbol,True
YPEL3,P61236,1,HGNC_symbol,False
YPEL4,Q96NS1,1,HGNC_symbol,True
YPEL5,P62699,1,HGNC_symbol,False
YRDC,Q86U90,1,HGNC_symbol,False
YTHDC1,Q96MU7,1,HGNC_symbol,True
YTHDC2,Q9H6S0,1,HGNC_symbol,False
YTHDF1,Q9BYJ9,1,HGNC_symbol,True
YTHDF2,Q9Y5A9,1,HGNC_symbol,False
YTHDF3,Q7Z739,1,HGNC_symbol,True
YTHDF3-AS1,,0,unmapped,False
YWHAB,P31946,1,HGNC_symbol,False
YWHAE,P62258,1,HGNC_symbol,False
YWHAEP1,,0,unmapped,False
YWHAEP5,,0,unmapped,False
YWHAG,P61981,1,HGNC_symbol,False
YWHAH,Q04917,1,HGNC_symbol,False
YWHAQ,P27348,1,HGNC_symbol,False
YWHAQP6,,0,unmapped,False
YWHAZ,P63104,1,HGNC_symbol,True
YWHAZP2,,0,unmapped,False
YWHAZP3,,0,unmapped,False
YWHAZP4,,0,unmapped,False
YWHAZP5,,0,unmapped,False
YWHAZP6,,0,unmapped,False
YY1,P25490,1,HGNC_symbol,True
YY1AP1,Q9H869,1,HGNC_symbol,False
YY2,O15391,1,HGNC_symbol,True
Z69666.2,,0,unmapped,False
Z69720.2,,0,unmapped,False
Z83844.1,,0,unmapped,False
Z83851.3,,0,unmapped,False
Z83851.4,,0,unmapped,False
Z84812.4,,0,unmapped,False
Z85986.1,,0,unmapped,False
Z95704.1,,0,unmapped,False
Z95704.4,,0,unmapped,False
Z95704.5,,0,unmapped,False
Z97634.3,,0,unmapped,False
Z98881.1,,0,unmapped,False
ZACN,Q401N2,1,HGNC_symbol,False
ZADH2,1.3.1.48,5,STRING_alias,False
ZAN,Q9Y493,1,HGNC_symbol,False
ZAP70,P43403,1,HGNC_symbol,False
ZAR1,Q86SH2,1,HGNC_symbol,False
ZAR1L,A6NP61,1,HGNC_symbol,False
ZBBX,A8MT70,1,HGNC_symbol,True
ZBED1,O96006,1,HGNC_symbol,True
ZBED2,Q9BTP6,1,HGNC_symbol,False
ZBED3,Q96IU2,1,HGNC_symbol,False
ZBED3-AS1,,0,unmapped,False
ZBED4,O75132,1,HGNC_symbol,False
ZBED5,Q49AG3,1,HGNC_symbol,True
ZBED5-AS1,,0,unmapped,False
ZBED6,P86452,1,HGNC_symbol,False
ZBED6CL,113763,5,STRING_alias,False
ZBP1,Q9H171,1,HGNC_symbol,False
ZBTB1,Q9Y2K1,1,HGNC_symbol,True
ZBTB10,Q96DT7,1,HGNC_symbol,False
ZBTB11,O95625,1,HGNC_symbol,False
ZBTB11-AS1,,0,unmapped,False
ZBTB12,Q9Y330,1,HGNC_symbol,False
ZBTB14,O43829,1,HGNC_symbol,True
ZBTB16,Q05516,1,HGNC_symbol,False
ZBTB17,Q13105,1,HGNC_symbol,False
ZBTB18,Q99592,1,HGNC_symbol,False
ZBTB2,Q8N680,1,HGNC_symbol,True
ZBTB20,Q9HC78,1,HGNC_symbol,True
ZBTB20-AS1,,0,unmapped,False
ZBTB21,Q9ULJ3,1,HGNC_symbol,False
ZBTB22,O15209,1,HGNC_symbol,False
ZBTB24,O43167,1,HGNC_symbol,False
ZBTB25,P24278,1,HGNC_symbol,True
ZBTB26,Q9HCK0,1,HGNC_symbol,True
ZBTB3,Q9H5J0,1,HGNC_symbol,False
ZBTB32,Q9Y2Y4,1,HGNC_symbol,False
ZBTB33,Q86T24,1,HGNC_symbol,True
ZBTB34,Q8NCN2,1,HGNC_symbol,False
ZBTB37,Q5TC79,1,HGNC_symbol,True
ZBTB38,Q8NAP3,1,HGNC_symbol,False
ZBTB39,O15060,1,HGNC_symbol,True
ZBTB4,Q9P1Z0,1,HGNC_symbol,False
ZBTB40,Q9NUA8,1,HGNC_symbol,False
ZBTB40-IT1,,0,unmapped,False
ZBTB41,Q5SVQ8,1,HGNC_symbol,False
ZBTB42,B2RXF5,1,HGNC_symbol,False
ZBTB43,O43298,1,HGNC_symbol,False
ZBTB44,Q8NCP5,1,HGNC_symbol,True
ZBTB45,Q96K62,1,HGNC_symbol,False
ZBTB46,Q86UZ6,1,HGNC_symbol,True
ZBTB47,Q9UFB7,1,HGNC_symbol,False
ZBTB48,P10074,1,HGNC_symbol,True
ZBTB49,Q6ZSB9,1,HGNC_symbol,True
ZBTB5,O15062,1,HGNC_symbol,False
ZBTB6,Q15916,1,HGNC_symbol,False
ZBTB7A,O95365,1,HGNC_symbol,False
ZBTB7B,O15156,1,HGNC_symbol,True
ZBTB7C,A1YPR0,1,HGNC_symbol,True
ZBTB8A,Q96BR9,1,HGNC_symbol,False
ZBTB8B,Q8NAP8,1,HGNC_symbol,True
ZBTB8OS,Q8IWT0,1,HGNC_symbol,False
ZBTB8OSP2,,0,unmapped,False
ZBTB9,Q96C00,1,HGNC_symbol,True
ZC2HC1A,Q96GY0,1,HGNC_symbol,True
ZC2HC1B,Q5TFG8,1,HGNC_symbol,False
ZC2HC1C,Q53FD0,1,HGNC_symbol,False
ZC3H10,Q96K80,1,HGNC_symbol,True
ZC3H11A,O75152,1,HGNC_symbol,True
ZC3H11B,A0A1B0GTU1,1,HGNC_symbol,False
ZC3H11C,P0DQW0,1,HGNC_symbol,False
ZC3H12A,Q5D1E8,1,HGNC_symbol,False
ZC3H12B,Q5HYM0,1,HGNC_symbol,False
ZC3H12C,Q9C0D7,1,HGNC_symbol,False
ZC3H12D,A2A288,1,HGNC_symbol,False
ZC3H13,Q5T200,1,HGNC_symbol,False
ZC3H14,Q6PJT7,1,HGNC_symbol,False
ZC3H15,Q8WU90,1,HGNC_symbol,False
ZC3H18,Q86VM9,1,HGNC_symbol,False
ZC3H3,Q8IXZ2,1,HGNC_symbol,True
ZC3H4,Q9UPT8,1,HGNC_symbol,False
ZC3H6,P61129,1,HGNC_symbol,False
ZC3H7A,Q8IWR0,1,HGNC_symbol,False
ZC3H7B,Q9UGR2,1,HGNC_symbol,False
ZC3H8,Q8N5P1,1,HGNC_symbol,False
ZC3HAV1,Q7Z2W4,1,HGNC_symbol,False
ZC3HAV1L,Q96H79,1,HGNC_symbol,True
ZC3HC1,Q86WB0,1,HGNC_symbol,True
ZC4H2,Q9NQZ6,1,HGNC_symbol,True
ZCCHC10,Q8TBK6,1,HGNC_symbol,True
ZCCHC11,2.7.7.52,5,STRING_alias,False
ZCCHC12,Q6PEW1,1,HGNC_symbol,False
ZCCHC13,Q8WW36,1,HGNC_symbol,False
ZCCHC14,Q8WYQ9,1,HGNC_symbol,True
ZCCHC17,Q9NP64,1,HGNC_symbol,False
ZCCHC18,P0CG32,1,HGNC_symbol,True
ZCCHC2,Q9C0B9,1,HGNC_symbol,False
ZCCHC24,Q8N2G6,1,HGNC_symbol,False
ZCCHC3,Q9NUD5,1,HGNC_symbol,False
ZCCHC4,Q9H5U6,1,HGNC_symbol,False
ZCCHC5,203430,5,STRING_alias,False
ZCCHC6,2.7.7.52,5,STRING_alias,False
ZCCHC7,Q8N3Z6,1,HGNC_symbol,False
ZCCHC8,Q6NZY4,1,HGNC_symbol,False
ZCCHC9,Q8N567,1,HGNC_symbol,False
ZCRB1,Q8TBF4,1,HGNC_symbol,False
ZCWPW1,Q9H0M4,1,HGNC_symbol,False
ZCWPW2,Q504Y3,1,HGNC_symbol,True
ZDBF2,Q9HCK1,1,HGNC_symbol,False
ZDHHC1,Q8WTX9,1,HGNC_symbol,False
ZDHHC11,Q9H8X9,1,HGNC_symbol,False
ZDHHC11B,P0C7U3,1,HGNC_symbol,True
ZDHHC12,Q96GR4,1,HGNC_symbol,False
ZDHHC13,Q8IUH4,1,HGNC_symbol,False
ZDHHC14,Q8IZN3,1,HGNC_symbol,True
ZDHHC15,Q96MV8,1,HGNC_symbol,False
ZDHHC16,Q969W1,1,HGNC_symbol,True
ZDHHC17,Q8IUH5,1,HGNC_symbol,True
ZDHHC18,Q9NUE0,1,HGNC_symbol,False
ZDHHC19,Q8WVZ1,1,HGNC_symbol,False
ZDHHC2,Q9UIJ5,1,HGNC_symbol,True
ZDHHC20,Q5W0Z9,1,HGNC_symbol,False
ZDHHC20-IT1,,0,unmapped,False
ZDHHC20P4,,0,unmapped,False
ZDHHC21,Q8IVQ6,1,HGNC_symbol,False
ZDHHC22,Q8N966,1,HGNC_symbol,False
ZDHHC23,Q8IYP9,1,HGNC_symbol,False
ZDHHC24,Q6UX98,1,HGNC_symbol,False
ZDHHC3,Q9NYG2,1,HGNC_symbol,False
ZDHHC4,Q9NPG8,1,HGNC_symbol,True
ZDHHC5,Q9C0B5,1,HGNC_symbol,False
ZDHHC6,Q9H6R6,1,HGNC_symbol,False
ZDHHC7,Q9NXF8,1,HGNC_symbol,True
ZDHHC8,Q9ULC8,1,HGNC_symbol,True
ZDHHC8P1,,0,unmapped,False
ZDHHC9,Q9Y397,1,HGNC_symbol,False
ZEB1,P37275,1,HGNC_symbol,False
ZEB1-AS1,,0,unmapped,False
ZEB2,O60315,1,HGNC_symbol,False
ZEB2-AS1,,0,unmapped,False
ZEB2P1,,0,unmapped,False
ZER1,Q7Z7L7,1,HGNC_symbol,True
ZFAND1,Q8TCF1,1,HGNC_symbol,False
ZFAND2A,Q8N6M9,1,HGNC_symbol,False
ZFAND2B,Q8WV99,1,HGNC_symbol,True
ZFAND3,Q9H8U3,1,HGNC_symbol,True
ZFAND4,Q86XD8,1,HGNC_symbol,False
ZFAND5,O76080,1,HGNC_symbol,False
ZFAND6,Q6FIF0,1,HGNC_symbol,False
ZFAS1,,0,unmapped,False
ZFAT,Q9P243,1,HGNC_symbol,False
ZFC3H1,O60293,1,HGNC_symbol,False
ZFHX2,Q9C0A1,1,HGNC_symbol,False
ZFHX3,Q15911,1,HGNC_symbol,False
ZFHX4,Q86UP3,1,HGNC_symbol,False
ZFP1,Q6P2D0,1,HGNC_symbol,True
ZFP14,Q9HCL3,1,HGNC_symbol,True
ZFP2,Q6ZN57,1,HGNC_symbol,False
ZFP28,Q8NHY6,1,HGNC_symbol,True
ZFP3,Q96NJ6,1,HGNC_symbol,True
ZFP30,Q9Y2G7,1,HGNC_symbol,False
ZFP36,P26651,1,HGNC_symbol,False
ZFP36L1,Q07352,1,HGNC_symbol,False
ZFP36L2,P47974,1,HGNC_symbol,False
ZFP37,Q9Y6Q3,1,HGNC_symbol,False
ZFP41,Q8N8Y5,1,HGNC_symbol,True
ZFP42,Q96MM3,1,HGNC_symbol,False
ZFP57,Q9NU63,1,HGNC_symbol,False
ZFP62,Q8NB50,1,HGNC_symbol,True
ZFP64,Q9NTW7,1,HGNC_symbol,False
ZFP69,Q49AA0,1,HGNC_symbol,True
ZFP69B,Q9UJL9,1,HGNC_symbol,False
ZFP82,Q8N141,1,HGNC_symbol,False
ZFP90,Q8TF47,1,HGNC_symbol,True
ZFP91,Q96JP5,1,HGNC_symbol,True
ZFP92,A6NM28,1,HGNC_symbol,False
ZFPL1,O95159,1,HGNC_symbol,True
ZFPM1,Q8IX07,1,HGNC_symbol,False
ZFPM2,Q8WW38,1,HGNC_symbol,False
ZFR,Q96KR1,1,HGNC_symbol,False
ZFR2,Q9UPR6,1,HGNC_symbol,True
ZFTA,C9JLR9,1,HGNC_symbol,True
ZFTRAF1,P0DTL6,1,HGNC_symbol,False
ZFX,P17010,1,HGNC_symbol,False
ZFY,P08048,1,HGNC_symbol,True
ZFY-AS1,,0,unmapped,False
ZFYVE1,Q9HBF4,1,HGNC_symbol,False
ZFYVE16,Q7Z3T8,1,HGNC_symbol,False
ZFYVE19,Q96K21,1,HGNC_symbol,False
ZFYVE20,110 kDa protein,5,STRING_alias,False
ZFYVE21,Q9BQ24,1,HGNC_symbol,False
ZFYVE26,Q68DK2,1,HGNC_symbol,False
ZFYVE27,Q5T4F4,1,HGNC_symbol,False
ZFYVE28,Q9HCC9,1,HGNC_symbol,False
ZFYVE9,O95405,1,HGNC_symbol,False
ZG16,O60844,1,HGNC_symbol,False
ZG16B,Q96DA0,1,HGNC_symbol,False
ZGLP1,P0C6A0,1,HGNC_symbol,True
ZGPAT,Q8N5A5,1,HGNC_symbol,False
ZGRF1,Q86YA3,1,HGNC_symbol,False
ZHX1,Q9UKY1,1,HGNC_symbol,False
ZHX1-C8ORF76,,0,unmapped,False
ZHX2,Q9Y6X8,1,HGNC_symbol,False
ZHX3,Q9H4I2,1,HGNC_symbol,True
ZIC1,Q15915,1,HGNC_symbol,False
ZIC2,O95409,1,HGNC_symbol,False
ZIC3,O60481,1,HGNC_symbol,False
ZIC4,Q8N9L1,1,HGNC_symbol,False
ZIC5,Q96T25,1,HGNC_symbol,False
ZIK1,Q3SY52,1,HGNC_symbol,False
ZIM2,Q9NZV7,1,HGNC_symbol,True
ZIM3,Q96PE6,1,HGNC_symbol,False
ZKSCAN1,P17029,1,HGNC_symbol,True
ZKSCAN2,Q63HK3,1,HGNC_symbol,True
ZKSCAN3,Q9BRR0,1,HGNC_symbol,False
ZKSCAN4,Q969J2,1,HGNC_symbol,False
ZKSCAN5,Q9Y2L8,1,HGNC_symbol,False
ZKSCAN7,Q9P0L1,1,HGNC_symbol,False
ZKSCAN8,Q15776,1,HGNC_symbol,True
ZMAT1,Q5H9K5,1,HGNC_symbol,False
ZMAT2,Q96NC0,1,HGNC_symbol,False
ZMAT3,Q9HA38,1,HGNC_symbol,False
ZMAT4,Q9H898,1,HGNC_symbol,False
ZMAT5,Q9UDW3,1,HGNC_symbol,False
ZMIZ1,Q9ULJ6,1,HGNC_symbol,False
ZMIZ1-AS1,,0,unmapped,False
ZMIZ2,Q8NF64,1,HGNC_symbol,False
ZMPSTE24,O75844,1,HGNC_symbol,False
ZMYM1,Q5SVZ6,1,HGNC_symbol,False
ZMYM2,Q9UBW7,1,HGNC_symbol,False
ZMYM3,Q14202,1,HGNC_symbol,False
ZMYM4,Q5VZL5,1,HGNC_symbol,False
ZMYM5,Q9UJ78,1,HGNC_symbol,False
ZMYM6,O95789,1,HGNC_symbol,False
ZMYND10,O75800,1,HGNC_symbol,False
ZMYND11,Q15326,1,HGNC_symbol,False
ZMYND12,Q9H0C1,1,HGNC_symbol,False
ZMYND15,Q9H091,1,HGNC_symbol,False
ZMYND19,Q96E35,1,HGNC_symbol,False
ZMYND8,Q9ULU4,1,HGNC_symbol,False
ZNF10,P21506,1,HGNC_symbol,False
ZNF100,Q8IYN0,1,HGNC_symbol,False
ZNF101,Q8IZC7,1,HGNC_symbol,False
ZNF101P2,,0,unmapped,False
ZNF106,Q9H2Y7,1,HGNC_symbol,False
ZNF107,Q9UII5,1,HGNC_symbol,False
ZNF112,Q9UJU3,1,HGNC_symbol,True
ZNF114,Q8NC26,1,HGNC_symbol,False
ZNF117,Q03924,1,HGNC_symbol,False
ZNF12,P17014,1,HGNC_symbol,True
ZNF121,P58317,1,HGNC_symbol,False
ZNF124,Q15973,1,HGNC_symbol,False
ZNF131,P52739,1,HGNC_symbol,False
ZNF132,P52740,1,HGNC_symbol,True
ZNF133,P52736,1,HGNC_symbol,False
ZNF134,P52741,1,HGNC_symbol,False
ZNF135,P52742,1,HGNC_symbol,True
ZNF136,P52737,1,HGNC_symbol,True
ZNF137P,P52743,1,HGNC_symbol,False
ZNF138,P52744,1,HGNC_symbol,False
ZNF14,P17017,1,HGNC_symbol,False
ZNF140,P52738,1,HGNC_symbol,False
ZNF141,Q15928,1,HGNC_symbol,True
ZNF142,P52746,1,HGNC_symbol,False
ZNF143,P52747,1,HGNC_symbol,True
ZNF146,Q15072,1,HGNC_symbol,False
ZNF148,Q9UQR1,1,HGNC_symbol,False
ZNF154,Q13106,1,HGNC_symbol,True
ZNF155,Q12901,1,HGNC_symbol,True
ZNF157,P51786,1,HGNC_symbol,True
ZNF16,P17020,1,HGNC_symbol,False
ZNF160,Q9HCG1,1,HGNC_symbol,False
ZNF165,P49910,1,HGNC_symbol,False
ZNF169,Q14929,1,HGNC_symbol,False
ZNF17,P17021,1,HGNC_symbol,False
ZNF174,Q15697,1,HGNC_symbol,True
ZNF175,Q9Y473,1,HGNC_symbol,True
ZNF177,Q13360,1,HGNC_symbol,False
ZNF18,P17022,1,HGNC_symbol,False
ZNF180,Q9UJW8,1,HGNC_symbol,False
ZNF181,Q2M3W8,1,HGNC_symbol,False
ZNF182,P17025,1,HGNC_symbol,False
ZNF184,Q99676,1,HGNC_symbol,True
ZNF185,O15231,1,HGNC_symbol,False
ZNF189,O75820,1,HGNC_symbol,True
ZNF19,P17023,1,HGNC_symbol,True
ZNF192P1,,0,unmapped,False
ZNF195,O14628,1,HGNC_symbol,False
ZNF197,O14709,1,HGNC_symbol,False
ZNF2,Q9BSG1,1,HGNC_symbol,True
ZNF20,P17024,1,HGNC_symbol,False
ZNF200,P98182,1,HGNC_symbol,True
ZNF202,O95125,1,HGNC_symbol,False
ZNF204P,,0,unmapped,False
ZNF205,O95201,1,HGNC_symbol,False
ZNF205-AS1,,0,unmapped,False
ZNF207,O43670,1,HGNC_symbol,True
ZNF208,O43345,1,HGNC_symbol,False
ZNF211,Q13398,1,HGNC_symbol,True
ZNF212,Q9UDV6,1,HGNC_symbol,False
ZNF213,O14771,1,HGNC_symbol,False
ZNF214,Q9UL59,1,HGNC_symbol,True
ZNF215,Q9UL58,1,HGNC_symbol,True
ZNF217,O75362,1,HGNC_symbol,False
ZNF219,Q9P2Y4,1,HGNC_symbol,False
ZNF22,P17026,1,HGNC_symbol,False
ZNF221,Q9UK13,1,HGNC_symbol,True
ZNF222,Q9UK12,1,HGNC_symbol,False
ZNF223,Q9UK11,1,HGNC_symbol,True
ZNF224,Q9NZL3,1,HGNC_symbol,False
ZNF225,Q9UK10,1,HGNC_symbol,False
ZNF226,Q9NYT6,1,HGNC_symbol,True
ZNF227,Q86WZ6,1,HGNC_symbol,True
ZNF229,Q9UJW7,1,HGNC_symbol,False
ZNF23,P17027,1,HGNC_symbol,True
ZNF230,Q9UIE0,1,HGNC_symbol,True
ZNF232,Q9UNY5,1,HGNC_symbol,True
ZNF233,A6NK53,1,HGNC_symbol,True
ZNF234,Q14588,1,HGNC_symbol,False
ZNF235,Q14590,1,HGNC_symbol,False
ZNF236,Q9UL36,1,HGNC_symbol,False
ZNF239,Q16600,1,HGNC_symbol,False
ZNF24,P17028,1,HGNC_symbol,False
ZNF248,Q8NDW4,1,HGNC_symbol,True
ZNF25,P17030,1,HGNC_symbol,False
ZNF250,P15622,1,HGNC_symbol,False
ZNF251,Q9BRH9,1,HGNC_symbol,True
ZNF252P,,0,unmapped,False
ZNF252P-AS1,Q0IIN9,1,HGNC_symbol,True
ZNF253,O75346,1,HGNC_symbol,False
ZNF254,O75437,1,HGNC_symbol,False
ZNF256,Q9Y2P7,1,HGNC_symbol,False
ZNF257,Q9Y2Q1,1,HGNC_symbol,True
ZNF259,8882,5,STRING_alias,False
ZNF259P1,,0,unmapped,False
ZNF26,P17031,1,HGNC_symbol,True
ZNF260,Q3ZCT1,1,HGNC_symbol,False
ZNF263,O14978,1,HGNC_symbol,True
ZNF264,O43296,1,HGNC_symbol,True
ZNF266,Q14584,1,HGNC_symbol,True
ZNF267,Q14586,1,HGNC_symbol,False
ZNF268,Q14587,1,HGNC_symbol,False
ZNF271,,0,unmapped,False
ZNF273,Q14593,1,HGNC_symbol,False
ZNF274,Q96GC6,1,HGNC_symbol,False
ZNF275,Q9NSD4,1,HGNC_symbol,False
ZNF276,Q8N554,1,HGNC_symbol,True
ZNF277,Q9NRM2,1,HGNC_symbol,False
ZNF28,P17035,1,HGNC_symbol,False
ZNF280A,P59817,1,HGNC_symbol,False
ZNF280B,Q86YH2,1,HGNC_symbol,True
ZNF280C,Q8ND82,1,HGNC_symbol,False
ZNF280D,Q6N043,1,HGNC_symbol,False
ZNF281,Q9Y2X9,1,HGNC_symbol,False
ZNF282,Q9UDV7,1,HGNC_symbol,True
ZNF283,Q8N7M2,1,HGNC_symbol,False
ZNF284,Q2VY69,1,HGNC_symbol,False
ZNF285,Q96NJ3,1,HGNC_symbol,True
ZNF286A,Q9HBT8,1,HGNC_symbol,False
ZNF286B,P0CG31,1,HGNC_symbol,False
ZNF287,Q9HBT7,1,HGNC_symbol,False
ZNF292,O60281,1,HGNC_symbol,False
ZNF296,Q8WUU4,1,HGNC_symbol,True
ZNF3,P17036,1,HGNC_symbol,True
ZNF30,P17039,1,HGNC_symbol,True
ZNF300,Q96RE9,1,HGNC_symbol,True
ZNF302,Q9NR11,1,HGNC_symbol,False
ZNF304,Q9HCX3,1,HGNC_symbol,True
ZNF311,Q5JNZ3,1,HGNC_symbol,True
ZNF316,A6NFI3,1,HGNC_symbol,False
ZNF317,Q96PQ6,1,HGNC_symbol,False
ZNF318,Q5VUA4,1,HGNC_symbol,False
ZNF319,Q9P2F9,1,HGNC_symbol,True
ZNF32,P17041,1,HGNC_symbol,False
ZNF320,A2RRD8,1,HGNC_symbol,True
ZNF322,Q6U7Q0,1,HGNC_symbol,False
ZNF322P1,,0,unmapped,False
ZNF324,O75467,1,HGNC_symbol,False
ZNF324B,Q6AW86,1,HGNC_symbol,False
ZNF326,Q5BKZ1,1,HGNC_symbol,False
ZNF329,Q86UD4,1,HGNC_symbol,True
ZNF330,Q9Y3S2,1,HGNC_symbol,False
ZNF331,Q9NQX6,1,HGNC_symbol,False
ZNF333,Q96JL9,1,HGNC_symbol,False
ZNF334,Q9HCZ1,1,HGNC_symbol,False
ZNF335,Q9H4Z2,1,HGNC_symbol,False
ZNF337,Q9Y3M9,1,HGNC_symbol,False
ZNF337-AS1,,0,unmapped,False
ZNF33A,Q06730,1,HGNC_symbol,True
ZNF33B,Q06732,1,HGNC_symbol,True
ZNF34,Q8IZ26,1,HGNC_symbol,True
ZNF341,Q9BYN7,1,HGNC_symbol,True
ZNF343,Q6P1L6,1,HGNC_symbol,False
ZNF345,Q14585,1,HGNC_symbol,True
ZNF346,Q9UL40,1,HGNC_symbol,True
ZNF346-IT1,,0,unmapped,False
ZNF347,Q96SE7,1,HGNC_symbol,False
ZNF35,P13682,1,HGNC_symbol,True
ZNF350,Q9GZX5,1,HGNC_symbol,False
ZNF354A,O60765,1,HGNC_symbol,True
ZNF354B,Q96LW1,1,HGNC_symbol,True
ZNF354C,Q86Y25,1,HGNC_symbol,True
ZNF358,Q9NW07,1,HGNC_symbol,False
ZNF362,Q5T0B9,1,HGNC_symbol,True
ZNF365,Q70YC5,1,HGNC_symbol,True
ZNF366,Q8N895,1,HGNC_symbol,False
ZNF367,Q7RTV3,1,HGNC_symbol,True
ZNF37A,P17032,1,HGNC_symbol,True
ZNF37BP,,0,unmapped,False
ZNF382,Q96SR6,1,HGNC_symbol,False
ZNF383,Q8NA42,1,HGNC_symbol,True
ZNF384,Q8TF68,1,HGNC_symbol,False
ZNF385A,Q96PM9,1,HGNC_symbol,False
ZNF385B,Q569K4,1,HGNC_symbol,False
ZNF385C,Q66K41,1,HGNC_symbol,True
ZNF385D,Q9H6B1,1,HGNC_symbol,False
ZNF391,Q9UJN7,1,HGNC_symbol,False
ZNF394,Q53GI3,1,HGNC_symbol,False
ZNF395,Q9H8N7,1,HGNC_symbol,True
ZNF396,Q96N95,1,HGNC_symbol,False
ZNF397,Q8NF99,1,HGNC_symbol,False
ZNF398,Q8TD17,1,HGNC_symbol,True
ZNF404,Q494X3,1,HGNC_symbol,True
ZNF407,Q9C0G0,1,HGNC_symbol,False
ZNF408,Q9H9D4,1,HGNC_symbol,False
ZNF41,P51814,1,HGNC_symbol,False
ZNF410,Q86VK4,1,HGNC_symbol,True
ZNF414,Q96IQ9,1,HGNC_symbol,False
ZNF415,Q09FC8,1,HGNC_symbol,False
ZNF416,Q9BWM5,1,HGNC_symbol,True
ZNF417,Q8TAU3,1,HGNC_symbol,False
ZNF418,Q8TF45,1,HGNC_symbol,False
ZNF419,Q96HQ0,1,HGNC_symbol,True
ZNF420,Q8TAQ5,1,HGNC_symbol,False
ZNF423,Q2M1K9,1,HGNC_symbol,False
ZNF425,Q6IV72,1,HGNC_symbol,False
ZNF426,Q9BUY5,1,HGNC_symbol,False
ZNF428,Q96B54,1,HGNC_symbol,False
ZNF429,Q86V71,1,HGNC_symbol,True
ZNF43,P17038,1,HGNC_symbol,False
ZNF430,Q9H8G1,1,HGNC_symbol,False
ZNF431,Q8TF32,1,HGNC_symbol,False
ZNF432,O94892,1,HGNC_symbol,False
ZNF433,Q8N7K0,1,HGNC_symbol,False
ZNF436,Q9C0F3,1,HGNC_symbol,True
ZNF438,Q7Z4V0,1,HGNC_symbol,False
ZNF439,Q8NDP4,1,HGNC_symbol,True
ZNF44,P15621,1,HGNC_symbol,False
ZNF440,Q8IYI8,1,HGNC_symbol,False
ZNF441,Q8N8Z8,1,HGNC_symbol,True
ZNF442,Q9H7R0,1,HGNC_symbol,False
ZNF443,Q9Y2A4,1,HGNC_symbol,True
ZNF444,Q8N0Y2,1,HGNC_symbol,True
ZNF445,P59923,1,HGNC_symbol,False
ZNF446,Q9NWS9,1,HGNC_symbol,False
ZNF449,Q6P9G9,1,HGNC_symbol,False
ZNF45,Q02386,1,HGNC_symbol,False
ZNF451,Q9Y4E5,1,HGNC_symbol,False
ZNF454,Q8N9F8,1,HGNC_symbol,False
ZNF460,Q14592,1,HGNC_symbol,False
ZNF461,Q8TAF7,1,HGNC_symbol,False
ZNF462,Q96JM2,1,HGNC_symbol,False
ZNF467,Q7Z7K2,1,HGNC_symbol,True
ZNF468,Q5VIY5,1,HGNC_symbol,False
ZNF469,Q96JG9,1,HGNC_symbol,False
ZNF470,Q6ECI4,1,HGNC_symbol,False
ZNF471,Q9BX82,1,HGNC_symbol,False
ZNF473,Q8WTR7,1,HGNC_symbol,False
ZNF474,Q6S9Z5,1,HGNC_symbol,True
ZNF475,A0A1B0GTH9,1,HGNC_symbol,True
ZNF479,Q96JC4,1,HGNC_symbol,False
ZNF48,Q96MX3,1,HGNC_symbol,False
ZNF480,Q8WV37,1,HGNC_symbol,True
ZNF483,Q8TF39,1,HGNC_symbol,True
ZNF484,Q5JVG2,1,HGNC_symbol,True
ZNF485,Q8NCK3,1,HGNC_symbol,True
ZNF486,Q96H40,1,HGNC_symbol,True
ZNF487,B1APH4,1,HGNC_symbol,False
ZNF488,Q96MN9,1,HGNC_symbol,False
ZNF490,Q9ULM2,1,HGNC_symbol,False
ZNF491,Q8N8L2,1,HGNC_symbol,False
ZNF492,Q9P255,1,HGNC_symbol,False
ZNF493,Q6ZR52,1,HGNC_symbol,True
ZNF496,Q96IT1,1,HGNC_symbol,False
ZNF497,Q6ZNH5,1,HGNC_symbol,True
ZNF500,O60304,1,HGNC_symbol,False
ZNF501,Q96CX3,1,HGNC_symbol,False
ZNF502,Q8TBZ5,1,HGNC_symbol,False
ZNF503,Q96F45,1,HGNC_symbol,False
ZNF503-AS1,,0,unmapped,False
ZNF503-AS2,A6NEH8,1,HGNC_symbol,False
ZNF506,Q5JVG8,1,HGNC_symbol,False
ZNF507,Q8TCN5,1,HGNC_symbol,True
ZNF510,Q9Y2H8,1,HGNC_symbol,True
ZNF511,Q8NB15,1,HGNC_symbol,False
ZNF512,Q96ME7,1,HGNC_symbol,True
ZNF512B,Q96KM6,1,HGNC_symbol,False
ZNF513,Q8N8E2,1,HGNC_symbol,False
ZNF514,Q96K75,1,HGNC_symbol,False
ZNF516,Q92618,1,HGNC_symbol,False
ZNF517,Q6ZMY9,1,HGNC_symbol,True
ZNF518A,Q6AHZ1,1,HGNC_symbol,False
ZNF518B,Q9C0D4,1,HGNC_symbol,False
ZNF519,Q8TB69,1,HGNC_symbol,False
ZNF521,Q96K83,1,HGNC_symbol,False
ZNF524,Q96C55,1,HGNC_symbol,False
ZNF525,Q8N782,1,HGNC_symbol,False
ZNF526,Q8TF50,1,HGNC_symbol,True
ZNF527,Q8NB42,1,HGNC_symbol,True
ZNF528,Q3MIS6,1,HGNC_symbol,False
ZNF529,Q6P280,1,HGNC_symbol,False
ZNF530,Q6P9A1,1,HGNC_symbol,False
ZNF532,Q9HCE3,1,HGNC_symbol,False
ZNF534,Q76KX8,1,HGNC_symbol,False
ZNF536,O15090,1,HGNC_symbol,False
ZNF540,Q8NDQ6,1,HGNC_symbol,False
ZNF541,Q9H0D2,1,HGNC_symbol,False
ZNF542,,0,unmapped,False
ZNF543,Q08ER8,1,HGNC_symbol,False
ZNF544,Q6NX49,1,HGNC_symbol,False
ZNF546,Q86UE3,1,HGNC_symbol,False
ZNF547,Q8IVP9,1,HGNC_symbol,True
ZNF548,Q8NEK5,1,HGNC_symbol,False
ZNF549,Q6P9A3,1,HGNC_symbol,False
ZNF550,Q7Z398,1,HGNC_symbol,False
ZNF551,Q7Z340,1,HGNC_symbol,False
ZNF552,Q9H707,1,HGNC_symbol,False
ZNF554,Q86TJ5,1,HGNC_symbol,True
ZNF555,Q8NEP9,1,HGNC_symbol,True
ZNF556,Q9HAH1,1,HGNC_symbol,False
ZNF557,Q8N988,1,HGNC_symbol,True
ZNF558,Q96NG5,1,HGNC_symbol,False
ZNF559,Q9BR84,1,HGNC_symbol,False
ZNF560,Q96MR9,1,HGNC_symbol,True
ZNF561,Q8N587,1,HGNC_symbol,True
ZNF562,Q6V9R5,1,HGNC_symbol,False
ZNF563,Q8TA94,1,HGNC_symbol,False
ZNF564,Q8TBZ8,1,HGNC_symbol,False
ZNF565,Q8N9K5,1,HGNC_symbol,False
ZNF566,Q969W8,1,HGNC_symbol,False
ZNF567,Q8N184,1,HGNC_symbol,True
ZNF568,Q3ZCX4,1,HGNC_symbol,False
ZNF569,Q5MCW4,1,HGNC_symbol,False
ZNF57,Q68EA5,1,HGNC_symbol,False
ZNF570,Q96NI8,1,HGNC_symbol,False
ZNF571,Q7Z3V5,1,HGNC_symbol,True
ZNF571-AS1,,0,unmapped,False
ZNF572,Q7Z3I7,1,HGNC_symbol,True
ZNF573,Q86YE8,1,HGNC_symbol,False
ZNF574,Q6ZN55,1,HGNC_symbol,True
ZNF575,Q86XF7,1,HGNC_symbol,False
ZNF576,Q9H609,1,HGNC_symbol,True
ZNF577,Q9BSK1,1,HGNC_symbol,False
ZNF578,Q96N58,1,HGNC_symbol,False
ZNF579,Q8NAF0,1,HGNC_symbol,True
ZNF580,Q9UK33,1,HGNC_symbol,False
ZNF581,Q9P0T4,1,HGNC_symbol,False
ZNF582,Q96NG8,1,HGNC_symbol,False
ZNF582-AS1,,0,unmapped,False
ZNF583,Q96ND8,1,HGNC_symbol,False
ZNF584,Q8IVC4,1,HGNC_symbol,False
ZNF585A,Q6P3V2,1,HGNC_symbol,False
ZNF585B,Q52M93,1,HGNC_symbol,True
ZNF586,Q9NXT0,1,HGNC_symbol,True
ZNF587,Q96SQ5,1,HGNC_symbol,True
ZNF587B,E7ETH6,1,HGNC_symbol,False
ZNF589,Q86UQ0,1,HGNC_symbol,True
ZNF592,Q92610,1,HGNC_symbol,False
ZNF593,O00488,1,HGNC_symbol,False
ZNF593OS,A0A0U1RRA0,1,HGNC_symbol,False
ZNF594,Q96JF6,1,HGNC_symbol,True
ZNF595,Q8IYB9,1,HGNC_symbol,False
ZNF596,Q8TC21,1,HGNC_symbol,True
ZNF597,Q96LX8,1,HGNC_symbol,False
ZNF598,Q86UK7,1,HGNC_symbol,True
ZNF599,Q96NL3,1,HGNC_symbol,True
ZNF600,Q6ZNG1,1,HGNC_symbol,True
ZNF605,Q86T29,1,HGNC_symbol,True
ZNF606,Q8WXB4,1,HGNC_symbol,False
ZNF607,Q96SK3,1,HGNC_symbol,False
ZNF608,Q9ULD9,1,HGNC_symbol,False
ZNF609,O15014,1,HGNC_symbol,False
ZNF610,Q8N9Z0,1,HGNC_symbol,False
ZNF611,Q8N823,1,HGNC_symbol,True
ZNF613,Q6PF04,1,HGNC_symbol,False
ZNF614,Q8N883,1,HGNC_symbol,True
ZNF615,Q8N8J6,1,HGNC_symbol,False
ZNF616,Q08AN1,1,HGNC_symbol,False
ZNF618,Q5T7W0,1,HGNC_symbol,True
ZNF619,Q8N2I2,1,HGNC_symbol,False
ZNF620,Q6ZNG0,1,HGNC_symbol,False
ZNF621,Q6ZSS3,1,HGNC_symbol,False
ZNF622,Q969S3,1,HGNC_symbol,False
ZNF623,O75123,1,HGNC_symbol,False
ZNF624,Q9P2J8,1,HGNC_symbol,False
ZNF625,Q96I27,1,HGNC_symbol,True
ZNF626,Q68DY1,1,HGNC_symbol,True
ZNF627,Q7L945,1,HGNC_symbol,False
ZNF628,Q5EBL2,1,HGNC_symbol,False
ZNF629,Q9UEG4,1,HGNC_symbol,True
ZNF630,Q2M218,1,HGNC_symbol,False
ZNF638,Q14966,1,HGNC_symbol,False
ZNF639,Q9UID6,1,HGNC_symbol,True
ZNF641,Q96N77,1,HGNC_symbol,True
ZNF644,Q9H582,1,HGNC_symbol,False
ZNF646,O15015,1,HGNC_symbol,False
ZNF648,Q5T619,1,HGNC_symbol,False
ZNF649,Q9BS31,1,HGNC_symbol,False
ZNF652,Q9Y2D9,1,HGNC_symbol,False
ZNF653,Q96CK0,1,HGNC_symbol,False
ZNF654,Q8IZM8,1,HGNC_symbol,False
ZNF655,Q8N720,1,HGNC_symbol,False
ZNF658,Q5TYW1,1,HGNC_symbol,False
ZNF66,Q6ZN08,1,HGNC_symbol,True
ZNF660,Q6AZW8,1,HGNC_symbol,False
ZNF662,Q6ZS27,1,HGNC_symbol,True
ZNF663P,,0,unmapped,False
ZNF664,Q8N3J9,1,HGNC_symbol,True
ZNF665,Q9H7R5,1,HGNC_symbol,False
ZNF667,Q5HYK9,1,HGNC_symbol,False
ZNF667-AS1,,0,unmapped,False
ZNF668,Q96K58,1,HGNC_symbol,False
ZNF669,Q96BR6,1,HGNC_symbol,False
ZNF670,Q9BS34,1,HGNC_symbol,True
ZNF671,Q8TAW3,1,HGNC_symbol,False
ZNF672,Q499Z4,1,HGNC_symbol,False
ZNF674,Q2M3X9,1,HGNC_symbol,False
ZNF674-AS1,,0,unmapped,False
ZNF675,Q8TD23,1,HGNC_symbol,True
ZNF676,Q8N7Q3,1,HGNC_symbol,False
ZNF677,Q86XU0,1,HGNC_symbol,False
ZNF678,Q5SXM1,1,HGNC_symbol,False
ZNF679,Q8IYX0,1,HGNC_symbol,True
ZNF680,Q8NEM1,1,HGNC_symbol,False
ZNF681,Q96N22,1,HGNC_symbol,False
ZNF682,O95780,1,HGNC_symbol,True
ZNF683,Q8IZ20,1,HGNC_symbol,True
ZNF684,Q5T5D7,1,HGNC_symbol,False
ZNF687,Q8N1G0,1,HGNC_symbol,False
ZNF688,P0C7X2,1,HGNC_symbol,True
ZNF689,Q96CS4,1,HGNC_symbol,True
ZNF69,Q9UC07,1,HGNC_symbol,True
ZNF691,Q5VV52,1,HGNC_symbol,False
ZNF692,Q9BU19,1,HGNC_symbol,True
ZNF695,Q8IW36,1,HGNC_symbol,True
ZNF696,Q9H7X3,1,HGNC_symbol,False
ZNF697,Q5TEC3,1,HGNC_symbol,False
ZNF699,Q32M78,1,HGNC_symbol,False
ZNF7,P17097,1,HGNC_symbol,False
ZNF70,Q9UC06,1,HGNC_symbol,False
ZNF700,Q9H0M5,1,HGNC_symbol,False
ZNF701,Q9NV72,1,HGNC_symbol,True
ZNF702P,Q9H963,1,HGNC_symbol,False
ZNF703,Q9H7S9,1,HGNC_symbol,False
ZNF704,Q6ZNC4,1,HGNC_symbol,True
ZNF705A,Q6ZN79,1,HGNC_symbol,False
ZNF705B,P0CI00,1,HGNC_symbol,True
ZNF705D,P0CH99,1,HGNC_symbol,True
ZNF705E,100131539,5,STRING_alias,False
ZNF705G,A8MUZ8,1,HGNC_symbol,True
ZNF706,Q9Y5V0,1,HGNC_symbol,False
ZNF707,Q96C28,1,HGNC_symbol,False
ZNF708,P17019,1,HGNC_symbol,False
ZNF709,Q8N972,1,HGNC_symbol,True
ZNF71,Q9NQZ8,1,HGNC_symbol,False
ZNF710,Q8N1W2,1,HGNC_symbol,False
ZNF711,Q9Y462,1,HGNC_symbol,False
ZNF713,Q8N859,1,HGNC_symbol,False
ZNF714,Q96N38,1,HGNC_symbol,False
ZNF716,A6NP11,1,HGNC_symbol,True
ZNF717,Q9BY31,1,HGNC_symbol,False
ZNF718,Q3SXZ3,1,HGNC_symbol,True
ZNF720,124411,5,STRING_alias,False
ZNF721,Q8TF20,1,HGNC_symbol,False
ZNF722,A0A1W2PQL4,1,HGNC_symbol,False
ZNF723,P0DPD5,1,HGNC_symbol,False
ZNF724,A8MTY0,1,HGNC_symbol,True
ZNF724P,A8MTY0,5,STRING_alias,True
ZNF726,A6NNF4,1,HGNC_symbol,False
ZNF727,A8MUV8,1,HGNC_symbol,False
ZNF728,P0DKX0,1,HGNC_symbol,False
ZNF729,A6NN14,1,HGNC_symbol,False
ZNF730,Q6ZMV8,1,HGNC_symbol,True
ZNF732,B4DXR9,1,HGNC_symbol,False
ZNF735,P0CB33,1,HGNC_symbol,True
ZNF736,B4DX44,1,HGNC_symbol,False
ZNF737,O75373,1,HGNC_symbol,False
ZNF738,Q8NE65,1,HGNC_symbol,False
ZNF74,Q16587,1,HGNC_symbol,True
ZNF740,Q8NDX6,1,HGNC_symbol,True
ZNF746,Q6NUN9,1,HGNC_symbol,True
ZNF747,Q9BV97,1,HGNC_symbol,True
ZNF749,O43361,1,HGNC_symbol,False
ZNF750,Q32MQ0,1,HGNC_symbol,False
ZNF75A,Q96N20,1,HGNC_symbol,True
ZNF75D,P51815,1,HGNC_symbol,False
ZNF76,P36508,1,HGNC_symbol,True
ZNF761,Q86XN6,1,HGNC_symbol,False
ZNF763,Q0D2J5,1,HGNC_symbol,False
ZNF764,Q96H86,1,HGNC_symbol,True
ZNF765,Q7L2R6,1,HGNC_symbol,False
ZNF766,Q5HY98,1,HGNC_symbol,False
ZNF767,,0,unmapped,False
ZNF768,Q9H5H4,1,HGNC_symbol,False
ZNF77,Q15935,1,HGNC_symbol,True
ZNF770,Q6IQ21,1,HGNC_symbol,True
ZNF771,Q7L3S4,1,HGNC_symbol,False
ZNF772,Q68DY9,1,HGNC_symbol,False
ZNF773,Q6PK81,1,HGNC_symbol,True
ZNF774,Q6NX45,1,HGNC_symbol,False
ZNF775,Q96BV0,1,HGNC_symbol,False
ZNF776,Q68DI1,1,HGNC_symbol,True
ZNF777,Q9ULD5,1,HGNC_symbol,False
ZNF778,Q96MU6,1,HGNC_symbol,True
ZNF780A,O75290,1,HGNC_symbol,False
ZNF780B,Q9Y6R6,1,HGNC_symbol,False
ZNF781,Q8N8C0,1,HGNC_symbol,False
ZNF782,Q6ZMW2,1,HGNC_symbol,True
ZNF783,Q6ZMS7,1,HGNC_symbol,False
ZNF784,Q8NCA9,1,HGNC_symbol,False
ZNF785,A8K8V0,1,HGNC_symbol,False
ZNF786,Q8N393,1,HGNC_symbol,True
ZNF787,Q6DD87,1,HGNC_symbol,False
ZNF788,,0,unmapped,False
ZNF789,Q5FWF6,1,HGNC_symbol,True
ZNF79,Q15937,1,HGNC_symbol,False
ZNF790,Q6PG37,1,HGNC_symbol,False
ZNF791,Q3KP31,1,HGNC_symbol,False
ZNF792,Q3KQV3,1,HGNC_symbol,False
ZNF793,Q6ZN11,1,HGNC_symbol,True
ZNF799,Q96GE5,1,HGNC_symbol,False
ZNF8,P17098,1,HGNC_symbol,True
ZNF80,P51504,1,HGNC_symbol,True
ZNF800,Q2TB10,1,HGNC_symbol,False
ZNF804A,Q7Z570,1,HGNC_symbol,False
ZNF804B,A4D1E1,1,HGNC_symbol,False
ZNF805,Q5CZA5,1,HGNC_symbol,False
ZNF808,Q8N4W9,1,HGNC_symbol,True
ZNF81,P51508,1,HGNC_symbol,True
ZNF813,Q6ZN06,1,HGNC_symbol,False
ZNF814,B7Z6K7,1,HGNC_symbol,True
ZNF815P,A8K554,1,HGNC_symbol,False
ZNF816,Q0VGE8,1,HGNC_symbol,True
ZNF818P,Q6ZRF7,1,HGNC_symbol,False
ZNF821,O75541,1,HGNC_symbol,True
ZNF823,P16415,1,HGNC_symbol,True
ZNF826P,Q6ZT77,1,HGNC_symbol,True
ZNF827,Q17R98,1,HGNC_symbol,False
ZNF829,Q3KNS6,1,HGNC_symbol,False
ZNF83,P51522,1,HGNC_symbol,False
ZNF830,Q96NB3,1,HGNC_symbol,True
ZNF831,Q5JPB2,1,HGNC_symbol,False
ZNF833P,Q6ZTB9,1,HGNC_symbol,True
ZNF835,Q9Y2P0,1,HGNC_symbol,True
ZNF836,Q6ZNA1,1,HGNC_symbol,True
ZNF837,Q96EG3,1,HGNC_symbol,True
ZNF839,A8K0R7,1,HGNC_symbol,True
ZNF84,P51523,1,HGNC_symbol,True
ZNF841,Q6ZN19,1,HGNC_symbol,False
ZNF843,Q8N446,1,HGNC_symbol,True
ZNF844,Q08AG5,1,HGNC_symbol,False
ZNF845,Q96IR2,1,HGNC_symbol,True
ZNF846,Q147U1,1,HGNC_symbol,True
ZNF849P,,0,unmapped,False
ZNF85,Q03923,1,HGNC_symbol,True
ZNF850,A8MQ14,1,HGNC_symbol,False
ZNF852,Q6ZMS4,1,HGNC_symbol,False
ZNF853,P0CG23,1,HGNC_symbol,True
ZNF860,A6NHJ4,1,HGNC_symbol,False
ZNF862,O60290,1,HGNC_symbol,False
ZNF865,P0CJ78,1,HGNC_symbol,False
ZNF875,P10072,1,HGNC_symbol,False
ZNF876P,Q49A33,1,HGNC_symbol,False
ZNF878,C9JN71,1,HGNC_symbol,True
ZNF879,B4DU55,1,HGNC_symbol,False
ZNF880,Q6PDB4,1,HGNC_symbol,True
ZNF883,P0CG24,1,HGNC_symbol,False
ZNF888,P0CJ79,1,HGNC_symbol,False
ZNF890P,,0,unmapped,False
ZNF891,A8MT65,1,HGNC_symbol,False
ZNF892,A0A087WUV0,1,HGNC_symbol,False
ZNF90,Q03938,1,HGNC_symbol,False
ZNF91,Q05481,1,HGNC_symbol,False
ZNF92,Q03936,1,HGNC_symbol,False
ZNF93,P35789,1,HGNC_symbol,True
ZNF98,A6NK75,1,HGNC_symbol,False
ZNF99,A8MXY4,1,HGNC_symbol,False
ZNFX1,Q9P2E3,1,HGNC_symbol,False
ZNG1A,Q9BRT8,1,HGNC_symbol,False
ZNG1B,Q8IUF1,1,HGNC_symbol,True
ZNG1C,Q5JTY5,1,HGNC_symbol,False
ZNG1E,Q5RIA9,1,HGNC_symbol,True
ZNG1F,Q4V339,1,HGNC_symbol,True
ZNHIT1,O43257,1,HGNC_symbol,False
ZNHIT2,Q9UHR6,1,HGNC_symbol,True
ZNHIT3,Q15649,1,HGNC_symbol,False
ZNHIT6,Q9NWK9,1,HGNC_symbol,False
ZNRD1,30834,5,STRING_alias,False
ZNRD1-AS1,,0,unmapped,False
ZNRD2,O60232,1,HGNC_symbol,False
ZNRF1,Q8ND25,1,HGNC_symbol,True
ZNRF2,Q8NHG8,1,HGNC_symbol,True
ZNRF2P1,,0,unmapped,False
ZNRF2P2,,0,unmapped,False
ZNRF3,Q9ULT6,1,HGNC_symbol,True
ZNRF4,Q8WWF5,1,HGNC_symbol,True
ZP1,P60852,1,HGNC_symbol,False
ZP2,Q05996,1,HGNC_symbol,False
ZP3,P21754,1,HGNC_symbol,True
ZP4,Q12836,1,HGNC_symbol,True
ZPBP,Q9BS86,1,HGNC_symbol,False
ZPBP2,Q6X784,1,HGNC_symbol,True
ZPLD1,Q8TCW7,1,HGNC_symbol,False
ZPR1,O75312,1,HGNC_symbol,True
ZRANB1,Q9UGI0,1,HGNC_symbol,False
ZRANB2,O95218,1,HGNC_symbol,False
ZRANB2-AS2,,0,unmapped,False
ZRANB3,Q5FWF4,1,HGNC_symbol,False
ZRSR2,Q15696,1,HGNC_symbol,False
ZSCAN1,Q8NBB4,1,HGNC_symbol,True
ZSCAN10,Q96SZ4,1,HGNC_symbol,True
ZSCAN12,O43309,1,HGNC_symbol,True
ZSCAN12P1,,0,unmapped,False
ZSCAN16,Q9H4T2,1,HGNC_symbol,False
ZSCAN16-AS1,,0,unmapped,False
ZSCAN18,Q8TBC5,1,HGNC_symbol,True
ZSCAN2,Q7Z7L9,1,HGNC_symbol,True
ZSCAN20,P17040,1,HGNC_symbol,False
ZSCAN21,Q9Y5A6,1,HGNC_symbol,False
ZSCAN22,P10073,1,HGNC_symbol,True
ZSCAN23,Q3MJ62,1,HGNC_symbol,False
ZSCAN25,Q6NSZ9,1,HGNC_symbol,False
ZSCAN26,Q16670,1,HGNC_symbol,False
ZSCAN29,Q8IWY8,1,HGNC_symbol,True
ZSCAN30,Q86W11,1,HGNC_symbol,False
ZSCAN31,Q96LW9,1,HGNC_symbol,True
ZSCAN32,Q9NX65,1,HGNC_symbol,False
ZSCAN4,Q8NAM6,1,HGNC_symbol,True
ZSCAN5A,Q9BUG6,1,HGNC_symbol,True
ZSCAN5B,A6NJL1,1,HGNC_symbol,False
ZSCAN5C,A6NGD5,1,HGNC_symbol,True
ZSCAN9,O15535,1,HGNC_symbol,False
ZSWIM1,Q9BR11,1,HGNC_symbol,False
ZSWIM2,Q8NEG5,1,HGNC_symbol,True
ZSWIM3,Q96MP5,1,HGNC_symbol,False
ZSWIM4,Q9H7M6,1,HGNC_symbol,False
ZSWIM5,Q9P217,1,HGNC_symbol,False
ZSWIM6,Q9HCJ5,1,HGNC_symbol,False
ZSWIM7,Q19AV6,1,HGNC_symbol,True
ZSWIM8,A7E2V4,1,HGNC_symbol,False
ZSWIM8-AS1,,0,unmapped,False
ZSWIM9,Q86XI8,1,HGNC_symbol,False
ZUFSP,221302,5,STRING_alias,False
ZUP1,Q96AP4,1,HGNC_symbol,True
ZW10,O43264,1,HGNC_symbol,False
ZWILCH,Q9H900,1,HGNC_symbol,False
ZWINT,O95229,1,HGNC_symbol,False
ZXDA,P98168,1,HGNC_symbol,True
ZXDB,P98169,1,HGNC_symbol,False
ZXDC,Q2QGD7,1,HGNC_symbol,True
ZYG11A,Q6WRX3,1,HGNC_symbol,True
ZYG11B,Q9C0D3,1,HGNC_symbol,False
ZYX,Q15942,1,HGNC_symbol,True
ZZEF1,O43149,1,HGNC_symbol,False
ZZZ3,Q8IYH5,1,HGNC_symbol,False
hsa-mir-1199,,0,unmapped,False
hsa-mir-335,,0,unmapped,False
hsa-mir-4537,,0,unmapped,False
hsa-mir-4538,,0,unmapped,False
hsa-mir-4539,,0,unmapped,False
hsa-mir-6080,,0,unmapped,False
hsa-mir-6723,,0,unmapped,False
hsa-mir-7162,,0,unmapped,False
hsa-mir-8072,,0,unmapped,False
snoU2_19,,0,unmapped,False
