2026-04-11 00:09:53 | INFO    | resistancemap | Logging to logs/pipeline.log
2026-04-11 00:09:53 | WARNING | resistancemap | W&B init failed (continuing without): No API key configured. Use `wandb login` to log in.
2026-04-11 00:09:53 | INFO    | resistancemap | === Sequential stage: data_validate ===
2026-04-11 00:09:53 | INFO    | resistancemap | >>> STAGE START: data_validate
2026-04-11 00:16:43 | INFO    | resistancemap | Logging to logs/pipeline.log
2026-04-11 00:16:44 | WARNING | resistancemap | W&B init failed (continuing without): No API key configured. Use `wandb login` to log in.
2026-04-11 00:16:44 | INFO    | resistancemap | === Sequential stage: data_validate ===
2026-04-11 00:16:44 | INFO    | resistancemap | >>> STAGE START: data_validate
2026-04-11 00:16:44 | INFO    | resistancemap | <<< STAGE END: data_validate (0.0 min)
2026-04-11 00:16:44 | INFO    | resistancemap | === Sequential stage: data_prep ===
2026-04-11 00:16:45 | INFO    | resistancemap | >>> STAGE START: data_prep
2026-04-11 00:16:45 | INFO    | resistancemap.data.loaders | Loading CCLE proteomics from data/raw/ccle_proteomics.csv
2026-04-11 00:16:52 | INFO    | resistancemap.data.loaders | Loaded proteomics: 1393 cell lines, 19177 proteins
2026-04-11 00:16:52 | INFO    | resistancemap.data.loaders | After coverage filter (70%): 19177 proteins retained
2026-04-11 00:16:52 | INFO    | resistancemap.data.loaders | Loading CCLE epigenomics from data/raw/ccle_epigenomics
2026-04-11 00:19:01 | INFO    | resistancemap | Logging to logs/pipeline.log
2026-04-11 00:19:01 | WARNING | resistancemap | W&B init failed (continuing without): No API key configured. Use `wandb login` to log in.
2026-04-11 00:19:01 | INFO    | resistancemap | === Sequential stage: data_validate ===
2026-04-11 00:19:01 | INFO    | resistancemap | >>> STAGE START: data_validate
2026-04-11 00:19:01 | INFO    | resistancemap | <<< STAGE END: data_validate (0.0 min)
2026-04-11 00:19:01 | INFO    | resistancemap | === Sequential stage: data_prep ===
2026-04-11 00:19:02 | INFO    | resistancemap | >>> STAGE START: data_prep
2026-04-11 00:19:02 | INFO    | resistancemap.data.loaders | Loading CCLE proteomics from data/raw/ccle_proteomics.csv
2026-04-11 00:19:10 | INFO    | resistancemap.data.loaders | Loaded proteomics: 1393 cell lines, 19177 proteins
2026-04-11 00:19:10 | INFO    | resistancemap.data.loaders | After coverage filter (70%): 19177 proteins retained
2026-04-11 00:19:10 | INFO    | resistancemap.data.loaders | Loading CCLE epigenomics from data/raw/ccle_epigenomics
2026-04-11 00:19:10 | INFO    | resistancemap.data.loaders |   chromatin_profiling: 897 lines, 42 features
2026-04-11 00:19:10 | INFO    | resistancemap.data.loaders | Loading STRING PPI network from data/raw/string_ppi.txt
2026-04-11 00:19:48 | INFO    | resistancemap.data.loaders |   STRING scores on 0-1000 scale — normalizing to 0-1
2026-04-11 00:19:49 | INFO    | resistancemap.data.loaders | PPI edges after confidence filter (>=0.7): 473860
2026-04-11 00:19:49 | INFO    | resistancemap.data.loaders | Loading scRNA-seq from data/raw/gse124310.h5ad
2026-04-11 00:19:49 | INFO    | resistancemap.data.loaders | Loaded scRNA-seq: 27796 cells, 33694 genes
2026-04-11 00:19:49 | INFO    | resistancemap.data.loaders | Loaded scRNA-seq GSE124310: 27796 cells
2026-04-11 00:19:49 | WARNING | resistancemap.data.loaders | scRNA-seq GSE271107 not found at data/raw/gse271107.h5ad, skipping
2026-04-11 00:19:49 | WARNING | resistancemap.data.loaders | MMRF CoMMpass directory not found at data/raw/mmrf_commpass, skipping
2026-04-11 00:19:49 | INFO    | resistancemap.data.preprocessors | Harmonizing multi-omics data
2026-04-11 00:21:22 | INFO    | resistancemap | Logging to logs/pipeline.log
2026-04-11 00:21:22 | WARNING | resistancemap | W&B init failed (continuing without): No API key configured. Use `wandb login` to log in.
2026-04-11 00:21:22 | INFO    | resistancemap | === Sequential stage: data_validate ===
2026-04-11 00:21:22 | INFO    | resistancemap | >>> STAGE START: data_validate
2026-04-11 00:21:22 | INFO    | resistancemap | <<< STAGE END: data_validate (0.0 min)
2026-04-11 00:21:22 | INFO    | resistancemap | === Sequential stage: data_prep ===
2026-04-11 00:21:23 | INFO    | resistancemap | >>> STAGE START: data_prep
2026-04-11 00:21:23 | INFO    | resistancemap.data.loaders | Loading CCLE proteomics from data/raw/ccle_proteomics.csv
2026-04-11 00:21:31 | INFO    | resistancemap.data.loaders | Loaded proteomics: 1393 cell lines, 19177 proteins
2026-04-11 00:21:31 | INFO    | resistancemap.data.loaders | After coverage filter (70%): 19177 proteins retained
2026-04-11 00:21:31 | INFO    | resistancemap.data.loaders | Loading CCLE epigenomics from data/raw/ccle_epigenomics
2026-04-11 00:21:31 | INFO    | resistancemap.data.loaders |   chromatin_profiling: 897 lines, 42 features
2026-04-11 00:21:31 | INFO    | resistancemap.data.loaders | Loading STRING PPI network from data/raw/string_ppi.txt
2026-04-11 00:22:09 | INFO    | resistancemap.data.loaders |   STRING scores on 0-1000 scale — normalizing to 0-1
2026-04-11 00:22:09 | INFO    | resistancemap.data.loaders | PPI edges after confidence filter (>=0.7): 473860
2026-04-11 00:22:09 | INFO    | resistancemap.data.loaders | Loading scRNA-seq from data/raw/gse124310.h5ad
2026-04-11 00:22:09 | INFO    | resistancemap.data.loaders | Loaded scRNA-seq: 27796 cells, 33694 genes
2026-04-11 00:22:09 | INFO    | resistancemap.data.loaders | Loaded scRNA-seq GSE124310: 27796 cells
2026-04-11 00:22:09 | WARNING | resistancemap.data.loaders | scRNA-seq GSE271107 not found at data/raw/gse271107.h5ad, skipping
2026-04-11 00:22:09 | WARNING | resistancemap.data.loaders | MMRF CoMMpass directory not found at data/raw/mmrf_commpass, skipping
2026-04-11 00:22:09 | INFO    | resistancemap.data.preprocessors | Harmonizing multi-omics data
2026-04-11 00:22:09 | INFO    | resistancemap.data.preprocessors |   Additional scRNA-seq datasets: ['GSE124310']
2026-04-11 00:22:09 | INFO    | resistancemap.data.preprocessors | Cell lines in common across modalities: 886
2026-04-11 00:22:31 | INFO    | resistancemap.data.loaders | Loading drug sensitivity data
2026-04-11 00:22:32 | INFO    | resistancemap.data.loaders |   GDSC: 575197 records
2026-04-11 00:22:32 | INFO    | resistancemap.data.loaders |   GDSC: standardized columns
2026-04-11 00:22:32 | WARNING | resistancemap.data.loaders |   CTRPv2: not found at data/raw/ctrpv2_drug_sensitivity.csv, skipping
2026-04-11 00:22:32 | INFO    | resistancemap.data.loaders | Drug sensitivity matrix: 975 samples × 2 drugs
2026-04-11 00:22:32 | WARNING | resistancemap.data.preprocessors | CCLE sample metadata not found at data/raw/sample_info.csv. Using 'unknown'.
2026-04-11 00:22:32 | WARNING | resistancemap.data.preprocessors | Only 0 proteins in PPI match proteomics (out of 19177 proteins). Check protein naming conventions.
2026-04-11 00:22:32 | INFO    | resistancemap.data.preprocessors | PPI-proteomics overlap: 0 proteins
2026-04-11 00:22:32 | INFO    | resistancemap.data.preprocessors | MultiOmicsDataset: 886 samples, 19177 proteins, 42 epigenomic features, 473860 PPI edges
2026-04-11 00:22:32 | INFO    | resistancemap.data.preprocessors | Splits: train=622, val=132, test=132
2026-04-11 00:22:32 | INFO    | resistancemap | Checkpoint saved: checkpoints/data_ready.pt
2026-04-11 00:22:32 | INFO    | resistancemap | <<< STAGE END: data_prep (1.2 min)
2026-04-11 00:22:33 | INFO    | resistancemap | === Sequential stage: vae_pretrain ===
2026-04-11 00:22:33 | INFO    | resistancemap | >>> STAGE START: vae_pretrain
2026-04-11 00:22:33 | INFO    | resistancemap | Checkpoint loaded: checkpoints/data_ready.pt (saved 2026-04-11T05:22:32.455918+00:00)
2026-04-11 00:24:05 | INFO    | resistancemap | Logging to logs/pipeline.log
2026-04-11 00:24:05 | WARNING | resistancemap | W&B init failed (continuing without): No API key configured. Use `wandb login` to log in.
2026-04-11 00:24:05 | INFO    | resistancemap | === Sequential stage: data_validate ===
2026-04-11 00:24:05 | INFO    | resistancemap | >>> STAGE START: data_validate
2026-04-11 00:24:05 | INFO    | resistancemap | <<< STAGE END: data_validate (0.0 min)
2026-04-11 00:24:05 | INFO    | resistancemap | === Sequential stage: data_prep ===
2026-04-11 00:24:06 | INFO    | resistancemap | === Sequential stage: vae_pretrain ===
2026-04-11 00:24:06 | INFO    | resistancemap | >>> STAGE START: vae_pretrain
2026-04-11 00:24:06 | INFO    | resistancemap | Checkpoint loaded: checkpoints/data_ready.pt (saved 2026-04-11T05:22:32.455918+00:00)
2026-04-11 00:24:30 | INFO    | resistancemap.models.vae | [vae_pretrained] Epoch 1/200 — train_loss=2.0580 val_loss=58.8583 recon=2.0580 kl=0.6542 kl_weight=0.0000
2026-04-11 00:24:31 | INFO    | resistancemap | Checkpoint saved: checkpoints/vae_pretrained.pt
2026-04-11 00:24:32 | INFO    | resistancemap.models.vae | [vae_pretrained] Epoch 2/200 — train_loss=1.7581 val_loss=29.2571 recon=1.7196 kl=0.9630 kl_weight=0.0400
2026-04-11 00:24:33 | INFO    | resistancemap | Checkpoint saved: checkpoints/vae_pretrained.pt
2026-04-11 00:24:34 | INFO    | resistancemap.models.vae | [vae_pretrained] Epoch 3/200 — train_loss=1.7213 val_loss=12.5986 recon=1.4989 kl=2.7800 kl_weight=0.0800
2026-04-11 00:24:34 | INFO    | resistancemap | Checkpoint saved: checkpoints/vae_pretrained.pt
2026-04-11 00:24:35 | INFO    | resistancemap.models.vae | [vae_pretrained] Epoch 4/200 — train_loss=1.9024 val_loss=11.8165 recon=1.7338 kl=1.4051 kl_weight=0.1200
2026-04-11 00:24:36 | INFO    | resistancemap | Checkpoint saved: checkpoints/vae_pretrained.pt
2026-04-11 00:24:36 | INFO    | resistancemap.models.vae | [vae_pretrained] Epoch 5/200 — train_loss=1.7753 val_loss=5.7373 recon=1.6156 kl=0.9979 kl_weight=0.1600
2026-04-11 00:24:37 | INFO    | resistancemap | Checkpoint saved: checkpoints/vae_pretrained.pt
2026-04-11 00:24:37 | INFO    | resistancemap.models.vae | [vae_pretrained] Epoch 6/200 — train_loss=1.6816 val_loss=4.2413 recon=1.4948 kl=0.9343 kl_weight=0.2000
2026-04-11 00:24:38 | INFO    | resistancemap | Checkpoint saved: checkpoints/vae_pretrained.pt
2026-04-11 00:24:39 | INFO    | resistancemap.models.vae | [vae_pretrained] Epoch 7/200 — train_loss=3.0483 val_loss=3.7592 recon=1.3931 kl=6.8965 kl_weight=0.2400
2026-04-11 00:24:40 | INFO    | resistancemap | Checkpoint saved: checkpoints/vae_pretrained.pt
2026-04-11 00:24:40 | INFO    | resistancemap.models.vae | [vae_pretrained] Epoch 8/200 — train_loss=1.6619 val_loss=3.1300 recon=1.4547 kl=0.7401 kl_weight=0.2800
2026-04-11 00:24:41 | INFO    | resistancemap | Checkpoint saved: checkpoints/vae_pretrained.pt
2026-04-11 00:24:41 | INFO    | resistancemap.models.vae | [vae_pretrained] Epoch 9/200 — train_loss=1.5852 val_loss=2.7337 recon=1.3858 kl=0.6232 kl_weight=0.3200
2026-04-11 00:24:42 | INFO    | resistancemap | Checkpoint saved: checkpoints/vae_pretrained.pt
2026-04-11 00:24:43 | INFO    | resistancemap.models.vae | [vae_pretrained] Epoch 10/200 — train_loss=1.4702 val_loss=2.3318 recon=1.2623 kl=0.5775 kl_weight=0.3600
2026-04-11 00:24:43 | INFO    | resistancemap | Checkpoint saved: checkpoints/vae_pretrained.pt
2026-04-11 00:24:44 | INFO    | resistancemap.models.vae | [vae_pretrained] Epoch 11/200 — train_loss=1.4896 val_loss=2.0801 recon=1.2685 kl=0.5527 kl_weight=0.4000
2026-04-11 00:24:45 | INFO    | resistancemap | Checkpoint saved: checkpoints/vae_pretrained.pt
2026-04-11 00:24:45 | INFO    | resistancemap.models.vae | [vae_pretrained] Epoch 12/200 — train_loss=1.4277 val_loss=1.8553 recon=1.2130 kl=0.4879 kl_weight=0.4400
2026-04-11 00:24:46 | INFO    | resistancemap | Checkpoint saved: checkpoints/vae_pretrained.pt
2026-04-11 00:24:46 | INFO    | resistancemap.models.vae | [vae_pretrained] Epoch 13/200 — train_loss=1.3845 val_loss=1.7063 recon=1.1732 kl=0.4402 kl_weight=0.4800
2026-04-11 00:24:47 | INFO    | resistancemap | Checkpoint saved: checkpoints/vae_pretrained.pt
2026-04-11 00:24:48 | INFO    | resistancemap.models.vae | [vae_pretrained] Epoch 14/200 — train_loss=1.3271 val_loss=1.6165 recon=1.1104 kl=0.4168 kl_weight=0.5200
2026-04-11 00:24:49 | INFO    | resistancemap | Checkpoint saved: checkpoints/vae_pretrained.pt
2026-04-11 00:24:49 | INFO    | resistancemap.models.vae | [vae_pretrained] Epoch 15/200 — train_loss=1.3090 val_loss=1.5125 recon=1.0850 kl=0.4000 kl_weight=0.5600
2026-04-11 00:24:50 | INFO    | resistancemap | Checkpoint saved: checkpoints/vae_pretrained.pt
2026-04-11 00:24:50 | INFO    | resistancemap.models.vae | [vae_pretrained] Epoch 16/200 — train_loss=1.2722 val_loss=1.4462 recon=1.0378 kl=0.3906 kl_weight=0.6000
2026-04-11 00:24:51 | INFO    | resistancemap | Checkpoint saved: checkpoints/vae_pretrained.pt
2026-04-11 00:24:52 | INFO    | resistancemap.models.vae | [vae_pretrained] Epoch 17/200 — train_loss=1.2378 val_loss=1.3871 recon=0.9916 kl=0.3846 kl_weight=0.6400
2026-04-11 00:24:53 | INFO    | resistancemap | Checkpoint saved: checkpoints/vae_pretrained.pt
2026-04-11 00:24:53 | INFO    | resistancemap.models.vae | [vae_pretrained] Epoch 18/200 — train_loss=1.2234 val_loss=1.3502 recon=0.9596 kl=0.3880 kl_weight=0.6800
2026-04-11 00:24:54 | INFO    | resistancemap | Checkpoint saved: checkpoints/vae_pretrained.pt
2026-04-11 00:24:54 | INFO    | resistancemap.models.vae | [vae_pretrained] Epoch 19/200 — train_loss=1.2027 val_loss=1.3018 recon=0.9270 kl=0.3830 kl_weight=0.7200
2026-04-11 00:24:55 | INFO    | resistancemap | Checkpoint saved: checkpoints/vae_pretrained.pt
2026-04-11 00:24:56 | INFO    | resistancemap.models.vae | [vae_pretrained] Epoch 20/200 — train_loss=1.1655 val_loss=1.2608 recon=0.8826 kl=0.3722 kl_weight=0.7600
2026-04-11 00:24:56 | INFO    | resistancemap | Checkpoint saved: checkpoints/vae_pretrained.pt
2026-04-11 00:24:57 | INFO    | resistancemap.models.vae | [vae_pretrained] Epoch 21/200 — train_loss=1.1866 val_loss=1.2349 recon=0.9116 kl=0.3437 kl_weight=0.8000
2026-04-11 00:24:58 | INFO    | resistancemap | Checkpoint saved: checkpoints/vae_pretrained.pt
2026-04-11 00:24:58 | INFO    | resistancemap.models.vae | [vae_pretrained] Epoch 22/200 — train_loss=1.1323 val_loss=1.2318 recon=0.8616 kl=0.3223 kl_weight=0.8400
2026-04-11 00:24:59 | INFO    | resistancemap | Checkpoint saved: checkpoints/vae_pretrained.pt
2026-04-11 00:24:59 | INFO    | resistancemap.models.vae | [vae_pretrained] Epoch 23/200 — train_loss=1.1302 val_loss=1.2189 recon=0.8454 kl=0.3236 kl_weight=0.8800
2026-04-11 00:25:00 | INFO    | resistancemap | Checkpoint saved: checkpoints/vae_pretrained.pt
2026-04-11 00:25:01 | INFO    | resistancemap.models.vae | [vae_pretrained] Epoch 24/200 — train_loss=1.1154 val_loss=1.2200 recon=0.8322 kl=0.3079 kl_weight=0.9200
2026-04-11 00:25:01 | INFO    | resistancemap.models.vae | [vae_pretrained] Epoch 25/200 — train_loss=1.0865 val_loss=1.1970 recon=0.7902 kl=0.3087 kl_weight=0.9600
2026-04-11 00:25:02 | INFO    | resistancemap | Checkpoint saved: checkpoints/vae_pretrained.pt
2026-04-11 00:25:02 | INFO    | resistancemap.models.vae | [vae_pretrained] Epoch 26/200 — train_loss=1.0866 val_loss=1.1780 recon=0.7946 kl=0.2920 kl_weight=1.0000
2026-04-11 00:25:03 | INFO    | resistancemap | Checkpoint saved: checkpoints/vae_pretrained.pt
2026-04-11 00:25:04 | INFO    | resistancemap.models.vae | [vae_pretrained] Epoch 27/200 — train_loss=1.0541 val_loss=1.1596 recon=0.7750 kl=0.2791 kl_weight=1.0000
2026-04-11 00:25:05 | INFO    | resistancemap | Checkpoint saved: checkpoints/vae_pretrained.pt
2026-04-11 00:25:05 | INFO    | resistancemap.models.vae | [vae_pretrained] Epoch 28/200 — train_loss=1.0374 val_loss=1.1412 recon=0.7851 kl=0.2523 kl_weight=1.0000
2026-04-11 00:25:06 | INFO    | resistancemap | Checkpoint saved: checkpoints/vae_pretrained.pt
2026-04-11 00:25:06 | INFO    | resistancemap.models.vae | [vae_pretrained] Epoch 29/200 — train_loss=1.0487 val_loss=1.1297 recon=0.8045 kl=0.2442 kl_weight=1.0000
2026-04-11 00:25:07 | INFO    | resistancemap | Checkpoint saved: checkpoints/vae_pretrained.pt
2026-04-11 00:25:08 | INFO    | resistancemap.models.vae | [vae_pretrained] Epoch 30/200 — train_loss=1.0051 val_loss=1.1179 recon=0.7667 kl=0.2384 kl_weight=1.0000
2026-04-11 00:25:09 | INFO    | resistancemap | Checkpoint saved: checkpoints/vae_pretrained.pt
2026-04-11 00:25:09 | INFO    | resistancemap.models.vae | [vae_pretrained] Epoch 31/200 — train_loss=0.9678 val_loss=1.1041 recon=0.7428 kl=0.2250 kl_weight=1.0000
2026-04-11 00:25:10 | INFO    | resistancemap | Checkpoint saved: checkpoints/vae_pretrained.pt
2026-04-11 00:25:10 | INFO    | resistancemap.models.vae | [vae_pretrained] Epoch 32/200 — train_loss=0.9641 val_loss=1.0943 recon=0.7385 kl=0.2256 kl_weight=1.0000
2026-04-11 00:25:11 | INFO    | resistancemap | Checkpoint saved: checkpoints/vae_pretrained.pt
2026-04-11 00:25:12 | INFO    | resistancemap.models.vae | [vae_pretrained] Epoch 33/200 — train_loss=0.9672 val_loss=1.0794 recon=0.7446 kl=0.2226 kl_weight=1.0000
2026-04-11 00:25:13 | INFO    | resistancemap | Checkpoint saved: checkpoints/vae_pretrained.pt
2026-04-11 00:25:13 | INFO    | resistancemap.models.vae | [vae_pretrained] Epoch 34/200 — train_loss=0.9449 val_loss=1.0705 recon=0.7327 kl=0.2123 kl_weight=1.0000
2026-04-11 00:25:14 | INFO    | resistancemap | Checkpoint saved: checkpoints/vae_pretrained.pt
2026-04-11 00:25:14 | INFO    | resistancemap.models.vae | [vae_pretrained] Epoch 35/200 — train_loss=0.9268 val_loss=1.0724 recon=0.7206 kl=0.2061 kl_weight=1.0000
2026-04-11 00:25:15 | INFO    | resistancemap.models.vae | [vae_pretrained] Epoch 36/200 — train_loss=0.9230 val_loss=1.0726 recon=0.7183 kl=0.2047 kl_weight=1.0000
2026-04-11 00:25:15 | INFO    | resistancemap.models.vae | [vae_pretrained] Epoch 37/200 — train_loss=0.9173 val_loss=1.0695 recon=0.7151 kl=0.2022 kl_weight=1.0000
2026-04-11 00:25:16 | INFO    | resistancemap | Checkpoint saved: checkpoints/vae_pretrained.pt
2026-04-11 00:25:16 | INFO    | resistancemap.models.vae | [vae_pretrained] Epoch 38/200 — train_loss=0.9173 val_loss=1.0626 recon=0.7136 kl=0.2037 kl_weight=1.0000
2026-04-11 00:25:17 | INFO    | resistancemap | Checkpoint saved: checkpoints/vae_pretrained.pt
2026-04-11 00:25:18 | INFO    | resistancemap.models.vae | [vae_pretrained] Epoch 39/200 — train_loss=0.9061 val_loss=1.0663 recon=0.6925 kl=0.2136 kl_weight=1.0000
2026-04-11 00:25:18 | INFO    | resistancemap.models.vae | [vae_pretrained] Epoch 40/200 — train_loss=0.8870 val_loss=1.0671 recon=0.6844 kl=0.2026 kl_weight=1.0000
2026-04-11 00:25:19 | INFO    | resistancemap.models.vae | [vae_pretrained] Epoch 41/200 — train_loss=0.8890 val_loss=1.0607 recon=0.6831 kl=0.2059 kl_weight=1.0000
2026-04-11 00:25:20 | INFO    | resistancemap | Checkpoint saved: checkpoints/vae_pretrained.pt
2026-04-11 00:25:20 | INFO    | resistancemap.models.vae | [vae_pretrained] Epoch 42/200 — train_loss=0.8560 val_loss=1.0536 recon=0.6550 kl=0.2010 kl_weight=1.0000
2026-04-11 00:25:21 | INFO    | resistancemap | Checkpoint saved: checkpoints/vae_pretrained.pt
2026-04-11 00:25:21 | INFO    | resistancemap.models.vae | [vae_pretrained] Epoch 43/200 — train_loss=0.8717 val_loss=1.0439 recon=0.6760 kl=0.1958 kl_weight=1.0000
2026-04-11 00:25:22 | INFO    | resistancemap | Checkpoint saved: checkpoints/vae_pretrained.pt
2026-04-11 00:25:23 | INFO    | resistancemap.models.vae | [vae_pretrained] Epoch 44/200 — train_loss=0.8665 val_loss=1.0377 recon=0.6715 kl=0.1950 kl_weight=1.0000
2026-04-11 00:25:23 | INFO    | resistancemap | Checkpoint saved: checkpoints/vae_pretrained.pt
2026-04-11 00:25:24 | INFO    | resistancemap.models.vae | [vae_pretrained] Epoch 45/200 — train_loss=0.8604 val_loss=1.0337 recon=0.6731 kl=0.1873 kl_weight=1.0000
2026-04-11 00:25:25 | INFO    | resistancemap | Checkpoint saved: checkpoints/vae_pretrained.pt
2026-04-11 00:25:25 | INFO    | resistancemap.models.vae | [vae_pretrained] Epoch 46/200 — train_loss=0.8582 val_loss=1.0239 recon=0.6706 kl=0.1875 kl_weight=1.0000
2026-04-11 00:25:26 | INFO    | resistancemap | Checkpoint saved: checkpoints/vae_pretrained.pt
2026-04-11 00:25:26 | INFO    | resistancemap.models.vae | [vae_pretrained] Epoch 47/200 — train_loss=0.8521 val_loss=1.0137 recon=0.6645 kl=0.1875 kl_weight=1.0000
2026-04-11 00:25:27 | INFO    | resistancemap | Checkpoint saved: checkpoints/vae_pretrained.pt
2026-04-11 00:25:28 | INFO    | resistancemap.models.vae | [vae_pretrained] Epoch 48/200 — train_loss=0.8281 val_loss=1.0079 recon=0.6400 kl=0.1881 kl_weight=1.0000
2026-04-11 00:25:29 | INFO    | resistancemap | Checkpoint saved: checkpoints/vae_pretrained.pt
2026-04-11 00:25:29 | INFO    | resistancemap.models.vae | [vae_pretrained] Epoch 49/200 — train_loss=0.8424 val_loss=1.0059 recon=0.6557 kl=0.1867 kl_weight=1.0000
2026-04-11 00:25:30 | INFO    | resistancemap | Checkpoint saved: checkpoints/vae_pretrained.pt
2026-04-11 00:25:30 | INFO    | resistancemap.models.vae | [vae_pretrained] Epoch 50/200 — train_loss=0.8398 val_loss=1.0045 recon=0.6566 kl=0.1832 kl_weight=1.0000
2026-04-11 00:25:31 | INFO    | resistancemap | Checkpoint saved: checkpoints/vae_pretrained.pt
2026-04-11 00:25:32 | INFO    | resistancemap.models.vae | [vae_pretrained] Epoch 51/200 — train_loss=0.6388 val_loss=1.0115 recon=0.6388 kl=0.1844 kl_weight=0.0000
2026-04-11 00:25:32 | INFO    | resistancemap.models.vae | [vae_pretrained] Epoch 52/200 — train_loss=0.6538 val_loss=1.0269 recon=0.6462 kl=0.1883 kl_weight=0.0400
2026-04-11 00:25:33 | INFO    | resistancemap.models.vae | [vae_pretrained] Epoch 53/200 — train_loss=0.6162 val_loss=1.0449 recon=0.5993 kl=0.2109 kl_weight=0.0800
2026-04-11 00:25:33 | INFO    | resistancemap.models.vae | [vae_pretrained] Epoch 54/200 — train_loss=0.6298 val_loss=1.0584 recon=0.6006 kl=0.2437 kl_weight=0.1200
2026-04-11 00:25:33 | INFO    | resistancemap.models.vae | [vae_pretrained] Epoch 55/200 — train_loss=0.6260 val_loss=1.0681 recon=0.5825 kl=0.2719 kl_weight=0.1600
2026-04-11 00:25:34 | INFO    | resistancemap.models.vae | [vae_pretrained] Epoch 56/200 — train_loss=0.6263 val_loss=1.0803 recon=0.5615 kl=0.3239 kl_weight=0.2000
2026-04-11 00:25:34 | INFO    | resistancemap.models.vae | [vae_pretrained] Epoch 57/200 — train_loss=0.6324 val_loss=1.0880 recon=0.5488 kl=0.3483 kl_weight=0.2400
2026-04-11 00:25:35 | INFO    | resistancemap.models.vae | [vae_pretrained] Epoch 58/200 — train_loss=0.6453 val_loss=1.0882 recon=0.5322 kl=0.4042 kl_weight=0.2800
2026-04-11 00:25:35 | INFO    | resistancemap.models.vae | [vae_pretrained] Epoch 59/200 — train_loss=0.6577 val_loss=1.0909 recon=0.5197 kl=0.4314 kl_weight=0.3200
2026-04-11 00:25:35 | INFO    | resistancemap.models.vae | [vae_pretrained] Epoch 60/200 — train_loss=0.6797 val_loss=1.0959 recon=0.5133 kl=0.4623 kl_weight=0.3600
2026-04-11 00:25:36 | INFO    | resistancemap.models.vae | [vae_pretrained] Epoch 61/200 — train_loss=0.6806 val_loss=1.1044 recon=0.4985 kl=0.4553 kl_weight=0.4000
2026-04-11 00:25:36 | INFO    | resistancemap.models.vae | [vae_pretrained] Epoch 62/200 — train_loss=0.7073 val_loss=1.1091 recon=0.5035 kl=0.4631 kl_weight=0.4400
2026-04-11 00:25:36 | INFO    | resistancemap.models.vae | [vae_pretrained] Epoch 63/200 — train_loss=0.7176 val_loss=1.1107 recon=0.4998 kl=0.4539 kl_weight=0.4800
2026-04-11 00:25:37 | INFO    | resistancemap.models.vae | [vae_pretrained] Epoch 64/200 — train_loss=0.7252 val_loss=1.1063 recon=0.5080 kl=0.4178 kl_weight=0.5200
2026-04-11 00:25:37 | INFO    | resistancemap.models.vae | [vae_pretrained] Epoch 65/200 — train_loss=0.7232 val_loss=1.0982 recon=0.4983 kl=0.4015 kl_weight=0.5600
2026-04-11 00:25:38 | INFO    | resistancemap.models.vae | [vae_pretrained] Epoch 66/200 — train_loss=0.7286 val_loss=1.0827 recon=0.5070 kl=0.3693 kl_weight=0.6000
2026-04-11 00:25:38 | INFO    | resistancemap.models.vae | [vae_pretrained] Epoch 67/200 — train_loss=0.7192 val_loss=1.0692 recon=0.5046 kl=0.3354 kl_weight=0.6400
2026-04-11 00:25:38 | INFO    | resistancemap.models.vae | [vae_pretrained] Epoch 68/200 — train_loss=0.7225 val_loss=1.0600 recon=0.5201 kl=0.2977 kl_weight=0.6800
2026-04-11 00:25:39 | INFO    | resistancemap.models.vae | [vae_pretrained] Epoch 69/200 — train_loss=0.7297 val_loss=1.0522 recon=0.5344 kl=0.2713 kl_weight=0.7200
2026-04-11 00:25:39 | INFO    | resistancemap.models.vae | [vae_pretrained] Epoch 70/200 — train_loss=0.7214 val_loss=1.0455 recon=0.5356 kl=0.2445 kl_weight=0.7600
2026-04-11 00:25:39 | INFO    | resistancemap.models.vae | Early stopping at epoch 70
2026-04-11 00:25:39 | INFO    | resistancemap | <<< STAGE END: vae_pretrain (1.6 min) | best_val_loss=1.0045 final_epoch=70 total_steps=70
2026-04-11 00:25:39 | INFO    | resistancemap | === Sequential stage: vae_finetune ===
2026-04-11 00:25:39 | INFO    | resistancemap | >>> STAGE START: vae_finetune
2026-04-11 00:25:40 | INFO    | resistancemap | Checkpoint loaded: checkpoints/data_ready.pt (saved 2026-04-11T05:22:32.455918+00:00)
2026-04-11 00:25:40 | INFO    | resistancemap | Checkpoint loaded: checkpoints/vae_pretrained.pt (saved 2026-04-11T05:25:30.916948+00:00)
2026-04-11 00:29:34 | INFO    | resistancemap | Logging to logs/pipeline.log
2026-04-11 00:29:34 | WARNING | resistancemap | W&B init failed (continuing without): No API key configured. Use `wandb login` to log in.
2026-04-11 00:29:34 | INFO    | resistancemap | === Sequential stage: data_validate ===
2026-04-11 00:29:34 | INFO    | resistancemap | >>> STAGE START: data_validate
2026-04-11 00:29:34 | INFO    | resistancemap | <<< STAGE END: data_validate (0.0 min)
2026-04-11 00:29:34 | INFO    | resistancemap | === Sequential stage: data_prep ===
2026-04-11 00:29:35 | INFO    | resistancemap | >>> STAGE START: data_prep
2026-04-11 00:29:35 | INFO    | resistancemap.data.loaders | Loading CCLE proteomics from data/raw/ccle_proteomics.csv
2026-04-11 00:29:42 | INFO    | resistancemap.data.loaders | Loaded proteomics: 1393 cell lines, 19177 proteins
2026-04-11 00:29:43 | INFO    | resistancemap.data.loaders | After coverage filter (70%): 19177 proteins retained
2026-04-11 00:29:43 | INFO    | resistancemap.data.loaders | Loading CCLE epigenomics from data/raw/ccle_epigenomics
2026-04-11 00:29:43 | INFO    | resistancemap.data.loaders |   chromatin_profiling: 897 lines, 42 features
2026-04-11 00:29:43 | INFO    | resistancemap.data.loaders | Loading STRING PPI network from data/raw/string_ppi.txt
2026-04-11 00:30:21 | INFO    | resistancemap.data.loaders |   STRING scores on 0-1000 scale — normalizing to 0-1
2026-04-11 00:30:21 | INFO    | resistancemap.data.loaders | PPI edges after confidence filter (>=0.7): 473860
2026-04-11 00:30:22 | INFO    | resistancemap.data.loaders | Loading scRNA-seq from data/raw/gse124310.h5ad
2026-04-11 00:30:22 | INFO    | resistancemap.data.loaders | Loaded scRNA-seq: 27796 cells, 33694 genes
2026-04-11 00:30:22 | INFO    | resistancemap.data.loaders | Loaded scRNA-seq GSE124310: 27796 cells
2026-04-11 00:30:22 | WARNING | resistancemap.data.loaders | scRNA-seq GSE271107 not found at data/raw/gse271107.h5ad, skipping
2026-04-11 00:30:22 | WARNING | resistancemap.data.loaders | MMRF CoMMpass directory not found at data/raw/mmrf_commpass, skipping
2026-04-11 00:30:22 | INFO    | resistancemap.data.preprocessors | Harmonizing multi-omics data
2026-04-11 00:30:22 | INFO    | resistancemap.data.preprocessors |   Additional scRNA-seq datasets: ['GSE124310']
2026-04-11 00:30:22 | INFO    | resistancemap.data.preprocessors | Cell lines in common across modalities: 886
2026-04-11 00:30:43 | INFO    | resistancemap.data.loaders | Loading drug sensitivity data
2026-04-11 00:30:44 | INFO    | resistancemap.data.loaders |   GDSC: 575197 records
2026-04-11 00:30:44 | INFO    | resistancemap.data.loaders |   GDSC: standardized columns
2026-04-11 00:30:44 | WARNING | resistancemap.data.loaders |   CTRPv2: not found at data/raw/ctrpv2_drug_sensitivity.csv, skipping
2026-04-11 00:30:44 | INFO    | resistancemap.data.loaders | Drug sensitivity matrix: 975 samples × 2 drugs
2026-04-11 00:30:44 | WARNING | resistancemap.data.preprocessors | CCLE sample metadata not found at data/raw/sample_info.csv. Using 'unknown'.
2026-04-11 00:30:44 | WARNING | resistancemap.data.preprocessors | Only 0 proteins in PPI match proteomics (out of 19177 proteins). Check protein naming conventions.
2026-04-11 00:30:44 | INFO    | resistancemap.data.preprocessors | PPI-proteomics overlap: 0 proteins
2026-04-11 00:30:44 | INFO    | resistancemap.data.preprocessors | MultiOmicsDataset: 886 samples, 19177 proteins, 42 epigenomic features, 473860 PPI edges
2026-04-11 00:30:44 | INFO    | resistancemap.data.preprocessors | Splits: train=622, val=132, test=132
2026-04-11 00:30:45 | INFO    | resistancemap | Checkpoint saved: checkpoints/data_ready.pt
2026-04-11 00:30:45 | INFO    | resistancemap | <<< STAGE END: data_prep (1.2 min)
2026-04-11 00:30:45 | INFO    | resistancemap | === Sequential stage: vae_pretrain ===
2026-04-11 00:30:45 | INFO    | resistancemap | >>> STAGE START: vae_pretrain
2026-04-11 00:30:45 | INFO    | resistancemap | Checkpoint loaded: checkpoints/data_ready.pt (saved 2026-04-11T05:30:44.791986+00:00)
2026-04-11 00:31:07 | INFO    | resistancemap.models.vae | [vae_pretrained] Epoch 1/200 — train_loss=1.9519 val_loss=34.7183 recon=1.9519 kl=0.6702 kl_weight=0.0000
2026-04-11 00:31:08 | INFO    | resistancemap | Checkpoint saved: checkpoints/vae_pretrained.pt
2026-04-11 00:31:09 | INFO    | resistancemap.models.vae | [vae_pretrained] Epoch 2/200 — train_loss=1.6960 val_loss=51.5459 recon=1.6556 kl=1.0102 kl_weight=0.0400
2026-04-11 00:31:10 | INFO    | resistancemap.models.vae | [vae_pretrained] Epoch 3/200 — train_loss=14248.6572 val_loss=13187.5781 recon=1.5706 kl=178088.5938 kl_weight=0.0800
2026-04-11 00:31:10 | INFO    | resistancemap.models.vae | [vae_pretrained] Epoch 4/200 — train_loss=1.9952 val_loss=283.1450 recon=1.8430 kl=1.2686 kl_weight=0.1200
2026-04-11 00:31:11 | INFO    | resistancemap.models.vae | [vae_pretrained] Epoch 5/200 — train_loss=1.7992 val_loss=7.5387 recon=1.6570 kl=0.8893 kl_weight=0.1600
2026-04-11 00:31:12 | INFO    | resistancemap | Checkpoint saved: checkpoints/vae_pretrained.pt
2026-04-11 00:31:12 | INFO    | resistancemap.models.vae | [vae_pretrained] Epoch 6/200 — train_loss=1.6305 val_loss=335.5867 recon=1.4646 kl=0.8295 kl_weight=0.2000
2026-04-11 00:31:12 | INFO    | resistancemap.models.vae | [vae_pretrained] Epoch 7/200 — train_loss=23.8995 val_loss=7.3120 recon=1.4741 kl=93.4395 kl_weight=0.2400
2026-04-11 00:31:13 | INFO    | resistancemap | Checkpoint saved: checkpoints/vae_pretrained.pt
2026-04-11 00:31:14 | INFO    | resistancemap.models.vae | [vae_pretrained] Epoch 8/200 — train_loss=1.6473 val_loss=3.1791 recon=1.4371 kl=0.7506 kl_weight=0.2800
2026-04-11 00:31:15 | INFO    | resistancemap | Checkpoint saved: checkpoints/vae_pretrained.pt
2026-04-11 00:31:15 | INFO    | resistancemap.models.vae | [vae_pretrained] Epoch 9/200 — train_loss=1.5684 val_loss=2.6434 recon=1.3571 kl=0.6604 kl_weight=0.3200
2026-04-11 00:31:16 | INFO    | resistancemap | Checkpoint saved: checkpoints/vae_pretrained.pt
2026-04-11 00:31:17 | INFO    | resistancemap.models.vae | [vae_pretrained] Epoch 10/200 — train_loss=1.5218 val_loss=2.2264 recon=1.3067 kl=0.5974 kl_weight=0.3600
2026-04-11 00:31:17 | INFO    | resistancemap | Checkpoint saved: checkpoints/vae_pretrained.pt
2026-04-11 00:31:18 | INFO    | resistancemap.models.vae | [vae_pretrained] Epoch 11/200 — train_loss=1.4705 val_loss=1.9171 recon=1.2618 kl=0.5218 kl_weight=0.4000
2026-04-11 00:31:19 | INFO    | resistancemap | Checkpoint saved: checkpoints/vae_pretrained.pt
2026-04-11 00:31:19 | INFO    | resistancemap.models.vae | [vae_pretrained] Epoch 12/200 — train_loss=1.4183 val_loss=1.7148 recon=1.2078 kl=0.4783 kl_weight=0.4400
2026-04-11 00:31:20 | INFO    | resistancemap | Checkpoint saved: checkpoints/vae_pretrained.pt
2026-04-11 00:31:21 | INFO    | resistancemap.models.vae | [vae_pretrained] Epoch 13/200 — train_loss=1.3435 val_loss=1.5888 recon=1.1409 kl=0.4222 kl_weight=0.4800
2026-04-11 00:31:22 | INFO    | resistancemap | Checkpoint saved: checkpoints/vae_pretrained.pt
2026-04-11 00:31:22 | INFO    | resistancemap.models.vae | [vae_pretrained] Epoch 14/200 — train_loss=1.2954 val_loss=1.5057 recon=1.0902 kl=0.3945 kl_weight=0.5200
2026-04-11 00:31:23 | INFO    | resistancemap | Checkpoint saved: checkpoints/vae_pretrained.pt
2026-04-11 00:31:23 | INFO    | resistancemap.models.vae | [vae_pretrained] Epoch 15/200 — train_loss=1.2956 val_loss=1.4368 recon=1.0787 kl=0.3874 kl_weight=0.5600
2026-04-11 00:31:24 | INFO    | resistancemap | Checkpoint saved: checkpoints/vae_pretrained.pt
2026-04-11 00:31:25 | INFO    | resistancemap.models.vae | [vae_pretrained] Epoch 16/200 — train_loss=1.2438 val_loss=1.3889 recon=1.0179 kl=0.3764 kl_weight=0.6000
2026-04-11 00:31:26 | INFO    | resistancemap | Checkpoint saved: checkpoints/vae_pretrained.pt
2026-04-11 00:31:26 | INFO    | resistancemap.models.vae | [vae_pretrained] Epoch 17/200 — train_loss=1.2259 val_loss=1.3626 recon=0.9893 kl=0.3696 kl_weight=0.6400
2026-04-11 00:31:27 | INFO    | resistancemap | Checkpoint saved: checkpoints/vae_pretrained.pt
2026-04-11 00:31:28 | INFO    | resistancemap.models.vae | [vae_pretrained] Epoch 18/200 — train_loss=1.1974 val_loss=1.3537 recon=0.9464 kl=0.3692 kl_weight=0.6800
2026-04-11 00:31:29 | INFO    | resistancemap | Checkpoint saved: checkpoints/vae_pretrained.pt
2026-04-11 00:31:29 | INFO    | resistancemap.models.vae | [vae_pretrained] Epoch 19/200 — train_loss=1.1570 val_loss=1.3508 recon=0.8876 kl=0.3741 kl_weight=0.7200
2026-04-11 00:31:30 | INFO    | resistancemap | Checkpoint saved: checkpoints/vae_pretrained.pt
2026-04-11 00:31:30 | INFO    | resistancemap.models.vae | [vae_pretrained] Epoch 20/200 — train_loss=1.1482 val_loss=1.3398 recon=0.8658 kl=0.3716 kl_weight=0.7600
2026-04-11 00:31:31 | INFO    | resistancemap | Checkpoint saved: checkpoints/vae_pretrained.pt
2026-04-11 00:31:32 | INFO    | resistancemap.models.vae | [vae_pretrained] Epoch 21/200 — train_loss=1.1786 val_loss=1.3431 recon=0.8460 kl=0.4158 kl_weight=0.8000
2026-04-11 00:31:32 | INFO    | resistancemap.models.vae | [vae_pretrained] Epoch 22/200 — train_loss=1.1533 val_loss=1.3136 recon=0.8571 kl=0.3526 kl_weight=0.8400
2026-04-11 00:31:33 | INFO    | resistancemap | Checkpoint saved: checkpoints/vae_pretrained.pt
2026-04-11 00:31:34 | INFO    | resistancemap.models.vae | [vae_pretrained] Epoch 23/200 — train_loss=1.1260 val_loss=1.2707 recon=0.8218 kl=0.3457 kl_weight=0.8800
2026-04-11 00:31:34 | INFO    | resistancemap | Checkpoint saved: checkpoints/vae_pretrained.pt
2026-04-11 00:31:35 | INFO    | resistancemap.models.vae | [vae_pretrained] Epoch 24/200 — train_loss=1.0936 val_loss=1.2459 recon=0.7885 kl=0.3316 kl_weight=0.9200
2026-04-11 00:31:36 | INFO    | resistancemap | Checkpoint saved: checkpoints/vae_pretrained.pt
2026-04-11 00:31:36 | INFO    | resistancemap.models.vae | [vae_pretrained] Epoch 25/200 — train_loss=1.0931 val_loss=1.2293 recon=0.7871 kl=0.3188 kl_weight=0.9600
2026-04-11 00:31:37 | INFO    | resistancemap | Checkpoint saved: checkpoints/vae_pretrained.pt
2026-04-11 00:31:38 | INFO    | resistancemap.models.vae | [vae_pretrained] Epoch 26/200 — train_loss=1.0722 val_loss=1.2192 recon=0.7706 kl=0.3016 kl_weight=1.0000
2026-04-11 00:31:39 | INFO    | resistancemap | Checkpoint saved: checkpoints/vae_pretrained.pt
2026-04-11 00:31:39 | INFO    | resistancemap.models.vae | [vae_pretrained] Epoch 27/200 — train_loss=1.0459 val_loss=1.2080 recon=0.7648 kl=0.2811 kl_weight=1.0000
2026-04-11 00:31:40 | INFO    | resistancemap | Checkpoint saved: checkpoints/vae_pretrained.pt
2026-04-11 00:31:40 | INFO    | resistancemap.models.vae | [vae_pretrained] Epoch 28/200 — train_loss=1.0194 val_loss=1.1969 recon=0.7488 kl=0.2707 kl_weight=1.0000
2026-04-11 00:31:41 | INFO    | resistancemap | Checkpoint saved: checkpoints/vae_pretrained.pt
2026-04-11 00:31:42 | INFO    | resistancemap.models.vae | [vae_pretrained] Epoch 29/200 — train_loss=0.9977 val_loss=1.1811 recon=0.7389 kl=0.2588 kl_weight=1.0000
2026-04-11 00:31:43 | INFO    | resistancemap | Checkpoint saved: checkpoints/vae_pretrained.pt
2026-04-11 00:31:43 | INFO    | resistancemap.models.vae | [vae_pretrained] Epoch 30/200 — train_loss=0.9854 val_loss=1.1644 recon=0.7307 kl=0.2546 kl_weight=1.0000
2026-04-11 00:31:44 | INFO    | resistancemap | Checkpoint saved: checkpoints/vae_pretrained.pt
2026-04-11 00:31:44 | INFO    | resistancemap.models.vae | [vae_pretrained] Epoch 31/200 — train_loss=0.9760 val_loss=1.1515 recon=0.7313 kl=0.2447 kl_weight=1.0000
2026-04-11 00:31:45 | INFO    | resistancemap | Checkpoint saved: checkpoints/vae_pretrained.pt
2026-04-11 00:31:46 | INFO    | resistancemap.models.vae | [vae_pretrained] Epoch 32/200 — train_loss=0.9594 val_loss=1.1438 recon=0.7221 kl=0.2373 kl_weight=1.0000
2026-04-11 00:31:47 | INFO    | resistancemap | Checkpoint saved: checkpoints/vae_pretrained.pt
2026-04-11 00:31:47 | INFO    | resistancemap.models.vae | [vae_pretrained] Epoch 33/200 — train_loss=0.9397 val_loss=1.1379 recon=0.7065 kl=0.2332 kl_weight=1.0000
2026-04-11 00:31:48 | INFO    | resistancemap | Checkpoint saved: checkpoints/vae_pretrained.pt
2026-04-11 00:31:49 | INFO    | resistancemap.models.vae | [vae_pretrained] Epoch 34/200 — train_loss=0.9264 val_loss=1.1366 recon=0.6996 kl=0.2268 kl_weight=1.0000
2026-04-11 00:31:49 | INFO    | resistancemap | Checkpoint saved: checkpoints/vae_pretrained.pt
2026-04-11 00:31:50 | INFO    | resistancemap.models.vae | [vae_pretrained] Epoch 35/200 — train_loss=0.9150 val_loss=1.1403 recon=0.6917 kl=0.2232 kl_weight=1.0000
2026-04-11 00:31:50 | INFO    | resistancemap.models.vae | [vae_pretrained] Epoch 36/200 — train_loss=0.9037 val_loss=1.1414 recon=0.6730 kl=0.2308 kl_weight=1.0000
2026-04-11 00:31:51 | INFO    | resistancemap.models.vae | [vae_pretrained] Epoch 37/200 — train_loss=0.8985 val_loss=1.1353 recon=0.6651 kl=0.2334 kl_weight=1.0000
2026-04-11 00:31:52 | INFO    | resistancemap | Checkpoint saved: checkpoints/vae_pretrained.pt
2026-04-11 00:31:52 | INFO    | resistancemap.models.vae | [vae_pretrained] Epoch 38/200 — train_loss=0.8798 val_loss=1.1250 recon=0.6523 kl=0.2275 kl_weight=1.0000
2026-04-11 00:31:53 | INFO    | resistancemap | Checkpoint saved: checkpoints/vae_pretrained.pt
2026-04-11 00:31:54 | INFO    | resistancemap.models.vae | [vae_pretrained] Epoch 39/200 — train_loss=0.8784 val_loss=1.1123 recon=0.6570 kl=0.2214 kl_weight=1.0000
2026-04-11 00:31:54 | INFO    | resistancemap | Checkpoint saved: checkpoints/vae_pretrained.pt
2026-04-11 00:31:55 | INFO    | resistancemap.models.vae | [vae_pretrained] Epoch 40/200 — train_loss=0.8709 val_loss=1.0997 recon=0.6576 kl=0.2134 kl_weight=1.0000
2026-04-11 00:31:56 | INFO    | resistancemap | Checkpoint saved: checkpoints/vae_pretrained.pt
2026-04-11 00:31:56 | INFO    | resistancemap.models.vae | [vae_pretrained] Epoch 41/200 — train_loss=0.8528 val_loss=1.0920 recon=0.6449 kl=0.2079 kl_weight=1.0000
2026-04-11 00:31:57 | INFO    | resistancemap | Checkpoint saved: checkpoints/vae_pretrained.pt
2026-04-11 00:31:58 | INFO    | resistancemap.models.vae | [vae_pretrained] Epoch 42/200 — train_loss=0.8489 val_loss=1.0918 recon=0.6463 kl=0.2026 kl_weight=1.0000
2026-04-11 00:31:59 | INFO    | resistancemap | Checkpoint saved: checkpoints/vae_pretrained.pt
2026-04-11 00:31:59 | INFO    | resistancemap.models.vae | [vae_pretrained] Epoch 43/200 — train_loss=0.8384 val_loss=1.0928 recon=0.6383 kl=0.2001 kl_weight=1.0000
2026-04-11 00:31:59 | INFO    | resistancemap.models.vae | [vae_pretrained] Epoch 44/200 — train_loss=0.8406 val_loss=1.0942 recon=0.6415 kl=0.1991 kl_weight=1.0000
2026-04-11 00:32:00 | INFO    | resistancemap.models.vae | [vae_pretrained] Epoch 45/200 — train_loss=0.8360 val_loss=1.0947 recon=0.6363 kl=0.1997 kl_weight=1.0000
2026-04-11 00:32:00 | INFO    | resistancemap.models.vae | [vae_pretrained] Epoch 46/200 — train_loss=0.8253 val_loss=1.0952 recon=0.6287 kl=0.1967 kl_weight=1.0000
2026-04-11 00:32:01 | INFO    | resistancemap.models.vae | [vae_pretrained] Epoch 47/200 — train_loss=0.8194 val_loss=1.0960 recon=0.6235 kl=0.1960 kl_weight=1.0000
2026-04-11 00:32:01 | INFO    | resistancemap.models.vae | [vae_pretrained] Epoch 48/200 — train_loss=0.8175 val_loss=1.0954 recon=0.6208 kl=0.1967 kl_weight=1.0000
2026-04-11 00:32:02 | INFO    | resistancemap.models.vae | [vae_pretrained] Epoch 49/200 — train_loss=0.8051 val_loss=1.0894 recon=0.6063 kl=0.1987 kl_weight=1.0000
2026-04-11 00:32:03 | INFO    | resistancemap | Checkpoint saved: checkpoints/vae_pretrained.pt
2026-04-11 00:32:03 | INFO    | resistancemap.models.vae | [vae_pretrained] Epoch 50/200 — train_loss=0.8026 val_loss=1.0809 recon=0.6064 kl=0.1962 kl_weight=1.0000
2026-04-11 00:32:04 | INFO    | resistancemap | Checkpoint saved: checkpoints/vae_pretrained.pt
2026-04-11 00:32:04 | INFO    | resistancemap.models.vae | [vae_pretrained] Epoch 51/200 — train_loss=0.6017 val_loss=1.0774 recon=0.6017 kl=0.1991 kl_weight=0.0000
2026-04-11 00:32:05 | INFO    | resistancemap | Checkpoint saved: checkpoints/vae_pretrained.pt
2026-04-11 00:32:06 | INFO    | resistancemap.models.vae | [vae_pretrained] Epoch 52/200 — train_loss=0.6022 val_loss=1.0800 recon=0.5940 kl=0.2057 kl_weight=0.0400
2026-04-11 00:32:06 | INFO    | resistancemap.models.vae | [vae_pretrained] Epoch 53/200 — train_loss=0.5903 val_loss=1.0895 recon=0.5719 kl=0.2299 kl_weight=0.0800
2026-04-11 00:32:07 | INFO    | resistancemap.models.vae | [vae_pretrained] Epoch 54/200 — train_loss=0.5797 val_loss=1.1061 recon=0.5486 kl=0.2596 kl_weight=0.1200
2026-04-11 00:32:07 | INFO    | resistancemap.models.vae | [vae_pretrained] Epoch 55/200 — train_loss=0.5829 val_loss=1.1233 recon=0.5360 kl=0.2936 kl_weight=0.1600
2026-04-11 00:32:08 | INFO    | resistancemap.models.vae | [vae_pretrained] Epoch 56/200 — train_loss=0.5761 val_loss=1.1358 recon=0.5090 kl=0.3356 kl_weight=0.2000
2026-04-11 00:32:08 | INFO    | resistancemap.models.vae | [vae_pretrained] Epoch 57/200 — train_loss=0.5885 val_loss=1.1416 recon=0.4969 kl=0.3817 kl_weight=0.2400
2026-04-11 00:32:09 | INFO    | resistancemap.models.vae | [vae_pretrained] Epoch 58/200 — train_loss=0.5999 val_loss=1.1434 recon=0.4806 kl=0.4259 kl_weight=0.2800
2026-04-11 00:32:09 | INFO    | resistancemap.models.vae | [vae_pretrained] Epoch 59/200 — train_loss=0.6194 val_loss=1.1450 recon=0.4724 kl=0.4594 kl_weight=0.3200
2026-04-11 00:32:09 | INFO    | resistancemap.models.vae | [vae_pretrained] Epoch 60/200 — train_loss=0.6361 val_loss=1.1474 recon=0.4617 kl=0.4845 kl_weight=0.3600
2026-04-11 00:32:10 | INFO    | resistancemap.models.vae | [vae_pretrained] Epoch 61/200 — train_loss=0.6578 val_loss=1.1509 recon=0.4627 kl=0.4878 kl_weight=0.4000
2026-04-11 00:32:10 | INFO    | resistancemap.models.vae | [vae_pretrained] Epoch 62/200 — train_loss=0.6692 val_loss=1.1542 recon=0.4565 kl=0.4835 kl_weight=0.4400
2026-04-11 00:32:11 | INFO    | resistancemap.models.vae | [vae_pretrained] Epoch 63/200 — train_loss=0.6721 val_loss=1.1577 recon=0.4502 kl=0.4624 kl_weight=0.4800
2026-04-11 00:32:11 | INFO    | resistancemap.models.vae | [vae_pretrained] Epoch 64/200 — train_loss=0.6850 val_loss=1.1585 recon=0.4562 kl=0.4399 kl_weight=0.5200
2026-04-11 00:32:12 | INFO    | resistancemap.models.vae | [vae_pretrained] Epoch 65/200 — train_loss=0.6887 val_loss=1.1556 recon=0.4634 kl=0.4024 kl_weight=0.5600
2026-04-11 00:32:12 | INFO    | resistancemap.models.vae | [vae_pretrained] Epoch 66/200 — train_loss=0.6807 val_loss=1.1496 recon=0.4603 kl=0.3672 kl_weight=0.6000
2026-04-11 00:32:13 | INFO    | resistancemap.models.vae | [vae_pretrained] Epoch 67/200 — train_loss=0.6789 val_loss=1.1390 recon=0.4665 kl=0.3319 kl_weight=0.6400
2026-04-11 00:32:13 | INFO    | resistancemap.models.vae | [vae_pretrained] Epoch 68/200 — train_loss=0.6888 val_loss=1.1258 recon=0.4830 kl=0.3026 kl_weight=0.6800
2026-04-11 00:32:13 | INFO    | resistancemap.models.vae | [vae_pretrained] Epoch 69/200 — train_loss=0.6916 val_loss=1.1149 recon=0.4954 kl=0.2724 kl_weight=0.7200
2026-04-11 00:32:14 | INFO    | resistancemap.models.vae | [vae_pretrained] Epoch 70/200 — train_loss=0.6999 val_loss=1.1050 recon=0.5094 kl=0.2507 kl_weight=0.7600
2026-04-11 00:32:14 | INFO    | resistancemap.models.vae | [vae_pretrained] Epoch 71/200 — train_loss=0.7072 val_loss=1.0962 recon=0.5220 kl=0.2314 kl_weight=0.8000
2026-04-11 00:32:14 | INFO    | resistancemap.models.vae | Early stopping at epoch 71
2026-04-11 00:32:14 | INFO    | resistancemap | <<< STAGE END: vae_pretrain (1.5 min) | best_val_loss=1.0774 final_epoch=71 total_steps=71
2026-04-11 00:32:14 | INFO    | resistancemap | === Sequential stage: vae_finetune ===
2026-04-11 00:32:14 | INFO    | resistancemap | >>> STAGE START: vae_finetune
2026-04-11 00:32:15 | INFO    | resistancemap | Checkpoint loaded: checkpoints/data_ready.pt (saved 2026-04-11T05:30:44.791986+00:00)
2026-04-11 00:32:15 | INFO    | resistancemap | Checkpoint loaded: checkpoints/vae_pretrained.pt (saved 2026-04-11T05:32:04.986368+00:00)
2026-04-11 00:33:40 | INFO    | resistancemap | Logging to logs/pipeline.log
2026-04-11 00:33:40 | WARNING | resistancemap | W&B init failed (continuing without): No API key configured. Use `wandb login` to log in.
2026-04-11 00:33:40 | INFO    | resistancemap | === Sequential stage: data_validate ===
2026-04-11 00:33:40 | INFO    | resistancemap | >>> STAGE START: data_validate
2026-04-11 00:33:40 | INFO    | resistancemap | <<< STAGE END: data_validate (0.0 min)
2026-04-11 00:33:40 | INFO    | resistancemap | === Sequential stage: data_prep ===
2026-04-11 00:33:41 | INFO    | resistancemap | >>> STAGE START: data_prep
2026-04-11 00:33:41 | INFO    | resistancemap.data.loaders | Loading CCLE proteomics from data/raw/ccle_proteomics.csv
2026-04-11 00:33:49 | INFO    | resistancemap.data.loaders | Loaded proteomics: 1393 cell lines, 19177 proteins
2026-04-11 00:33:49 | INFO    | resistancemap.data.loaders | After coverage filter (70%): 19177 proteins retained
2026-04-11 00:33:49 | INFO    | resistancemap.data.loaders | Loading CCLE epigenomics from data/raw/ccle_epigenomics
2026-04-11 00:33:49 | INFO    | resistancemap.data.loaders |   chromatin_profiling: 897 lines, 42 features
2026-04-11 00:33:49 | INFO    | resistancemap.data.loaders | Loading STRING PPI network from data/raw/string_ppi.txt
2026-04-11 00:34:28 | INFO    | resistancemap.data.loaders |   STRING scores on 0-1000 scale — normalizing to 0-1
2026-04-11 00:34:28 | INFO    | resistancemap.data.loaders | PPI edges after confidence filter (>=0.7): 473860
2026-04-11 00:34:28 | INFO    | resistancemap.data.loaders | Loading scRNA-seq from data/raw/gse124310.h5ad
2026-04-11 00:34:28 | INFO    | resistancemap.data.loaders | Loaded scRNA-seq: 27796 cells, 33694 genes
2026-04-11 00:34:28 | INFO    | resistancemap.data.loaders | Loaded scRNA-seq GSE124310: 27796 cells
2026-04-11 00:34:28 | WARNING | resistancemap.data.loaders | scRNA-seq GSE271107 not found at data/raw/gse271107.h5ad, skipping
2026-04-11 00:34:28 | WARNING | resistancemap.data.loaders | MMRF CoMMpass directory not found at data/raw/mmrf_commpass, skipping
2026-04-11 00:34:28 | INFO    | resistancemap.data.preprocessors | Harmonizing multi-omics data
2026-04-11 00:34:28 | INFO    | resistancemap.data.preprocessors |   Additional scRNA-seq datasets: ['GSE124310']
2026-04-11 00:34:28 | INFO    | resistancemap.data.preprocessors |   ID mapping: 0 CCLEName → ModelID entries
2026-04-11 00:34:28 | INFO    | resistancemap.data.preprocessors | Cell lines in common across modalities: 886
2026-04-11 00:34:50 | INFO    | resistancemap.data.loaders | Loading drug sensitivity data
2026-04-11 00:34:51 | INFO    | resistancemap.data.loaders |   GDSC: 575197 records
2026-04-11 00:34:51 | INFO    | resistancemap.data.loaders |   GDSC: standardized columns
2026-04-11 00:34:51 | WARNING | resistancemap.data.loaders |   CTRPv2: not found at data/raw/ctrpv2_drug_sensitivity.csv, skipping
2026-04-11 00:34:51 | INFO    | resistancemap.data.loaders | Drug sensitivity matrix: 975 samples × 2 drugs
2026-04-11 00:34:51 | INFO    | resistancemap.data.preprocessors |   Lineage labels: 886/886 matched
2026-04-11 00:34:51 | WARNING | resistancemap.data.preprocessors | Only 0 proteins in PPI match proteomics (out of 19177 proteins). Check protein naming conventions.
2026-04-11 00:34:51 | INFO    | resistancemap.data.preprocessors | PPI-proteomics overlap: 0 proteins
2026-04-11 00:34:51 | INFO    | resistancemap.data.preprocessors | MultiOmicsDataset: 886 samples, 19177 proteins, 42 epigenomic features, 473860 PPI edges
2026-04-11 00:34:51 | INFO    | resistancemap.data.preprocessors | Splits: train=622, val=132, test=132
2026-04-11 00:34:51 | INFO    | resistancemap | Checkpoint saved: checkpoints/data_ready.pt
2026-04-11 00:34:51 | INFO    | resistancemap | <<< STAGE END: data_prep (1.2 min)
2026-04-11 00:34:52 | INFO    | resistancemap | === Sequential stage: vae_pretrain ===
2026-04-11 00:34:52 | INFO    | resistancemap | >>> STAGE START: vae_pretrain
2026-04-11 00:34:52 | INFO    | resistancemap | Checkpoint loaded: checkpoints/data_ready.pt (saved 2026-04-11T05:34:51.404118+00:00)
2026-04-11 00:34:59 | INFO    | resistancemap.models.vae | [vae_pretrained] Epoch 1/200 — train_loss=2.0160 val_loss=128.6011 recon=2.0160 kl=0.7063 kl_weight=0.0000
2026-04-11 00:35:00 | INFO    | resistancemap | Checkpoint saved: checkpoints/vae_pretrained.pt
2026-04-11 00:35:01 | INFO    | resistancemap.models.vae | [vae_pretrained] Epoch 2/200 — train_loss=1.7391 val_loss=15773.7549 recon=1.6977 kl=1.0342 kl_weight=0.0400
2026-04-11 00:35:01 | INFO    | resistancemap.models.vae | [vae_pretrained] Epoch 3/200 — train_loss=50.9936 val_loss=289.3513 recon=1.7800 kl=615.1694 kl_weight=0.0800
2026-04-11 00:35:02 | INFO    | resistancemap.models.vae | [vae_pretrained] Epoch 4/200 — train_loss=2.2475 val_loss=42.3146 recon=2.0760 kl=1.4290 kl_weight=0.1200
2026-04-11 00:35:03 | INFO    | resistancemap | Checkpoint saved: checkpoints/vae_pretrained.pt
2026-04-11 00:35:03 | INFO    | resistancemap.models.vae | [vae_pretrained] Epoch 5/200 — train_loss=1.9380 val_loss=12.1975 recon=1.7878 kl=0.9386 kl_weight=0.1600
2026-04-11 00:35:04 | INFO    | resistancemap | Checkpoint saved: checkpoints/vae_pretrained.pt
2026-04-11 00:35:04 | INFO    | resistancemap.models.vae | [vae_pretrained] Epoch 6/200 — train_loss=1.7509 val_loss=9.4770 recon=1.5889 kl=0.8100 kl_weight=0.2000
2026-04-11 00:35:05 | INFO    | resistancemap | Checkpoint saved: checkpoints/vae_pretrained.pt
2026-04-11 00:35:06 | INFO    | resistancemap.models.vae | [vae_pretrained] Epoch 7/200 — train_loss=1.6096 val_loss=4.6034 recon=1.4223 kl=0.7803 kl_weight=0.2400
2026-04-11 00:35:07 | INFO    | resistancemap | Checkpoint saved: checkpoints/vae_pretrained.pt
2026-04-11 00:35:07 | INFO    | resistancemap.models.vae | [vae_pretrained] Epoch 8/200 — train_loss=1.5711 val_loss=2.9646 recon=1.3851 kl=0.6643 kl_weight=0.2800
2026-04-11 00:35:08 | INFO    | resistancemap | Checkpoint saved: checkpoints/vae_pretrained.pt
2026-04-11 00:35:09 | INFO    | resistancemap.models.vae | [vae_pretrained] Epoch 9/200 — train_loss=1.5217 val_loss=2.3131 recon=1.3326 kl=0.5909 kl_weight=0.3200
2026-04-11 00:35:09 | INFO    | resistancemap | Checkpoint saved: checkpoints/vae_pretrained.pt
2026-04-11 00:35:10 | INFO    | resistancemap.models.vae | [vae_pretrained] Epoch 10/200 — train_loss=1.5122 val_loss=2.0591 recon=1.2904 kl=0.6160 kl_weight=0.3600
2026-04-11 00:35:11 | INFO    | resistancemap | Checkpoint saved: checkpoints/vae_pretrained.pt
2026-04-11 00:35:11 | INFO    | resistancemap.models.vae | [vae_pretrained] Epoch 11/200 — train_loss=1.4812 val_loss=1.8654 recon=1.2855 kl=0.4894 kl_weight=0.4000
2026-04-11 00:35:12 | INFO    | resistancemap | Checkpoint saved: checkpoints/vae_pretrained.pt
2026-04-11 00:35:13 | INFO    | resistancemap.models.vae | [vae_pretrained] Epoch 12/200 — train_loss=1.4389 val_loss=1.7308 recon=1.2446 kl=0.4415 kl_weight=0.4400
2026-04-11 00:35:14 | INFO    | resistancemap | Checkpoint saved: checkpoints/vae_pretrained.pt
2026-04-11 00:35:14 | INFO    | resistancemap.models.vae | [vae_pretrained] Epoch 13/200 — train_loss=1.3450 val_loss=1.5949 recon=1.1500 kl=0.4063 kl_weight=0.4800
2026-04-11 00:35:15 | INFO    | resistancemap | Checkpoint saved: checkpoints/vae_pretrained.pt
2026-04-11 00:35:15 | INFO    | resistancemap.models.vae | [vae_pretrained] Epoch 14/200 — train_loss=1.3220 val_loss=1.4852 recon=1.1235 kl=0.3817 kl_weight=0.5200
2026-04-11 00:35:16 | INFO    | resistancemap | Checkpoint saved: checkpoints/vae_pretrained.pt
2026-04-11 00:35:17 | INFO    | resistancemap.models.vae | [vae_pretrained] Epoch 15/200 — train_loss=1.2703 val_loss=1.3982 recon=1.0660 kl=0.3649 kl_weight=0.5600
2026-04-11 00:35:18 | INFO    | resistancemap | Checkpoint saved: checkpoints/vae_pretrained.pt
2026-04-11 00:35:18 | INFO    | resistancemap.models.vae | [vae_pretrained] Epoch 16/200 — train_loss=1.2349 val_loss=1.3226 recon=1.0192 kl=0.3595 kl_weight=0.6000
2026-04-11 00:35:19 | INFO    | resistancemap | Checkpoint saved: checkpoints/vae_pretrained.pt
2026-04-11 00:35:19 | INFO    | resistancemap.models.vae | [vae_pretrained] Epoch 17/200 — train_loss=1.2028 val_loss=1.2698 recon=0.9740 kl=0.3575 kl_weight=0.6400
2026-04-11 00:35:20 | INFO    | resistancemap | Checkpoint saved: checkpoints/vae_pretrained.pt
2026-04-11 00:35:21 | INFO    | resistancemap.models.vae | [vae_pretrained] Epoch 18/200 — train_loss=1.1807 val_loss=1.2355 recon=0.9392 kl=0.3550 kl_weight=0.6800
2026-04-11 00:35:22 | INFO    | resistancemap | Checkpoint saved: checkpoints/vae_pretrained.pt
2026-04-11 00:35:22 | INFO    | resistancemap.models.vae | [vae_pretrained] Epoch 19/200 — train_loss=1.1508 val_loss=1.2216 recon=0.9020 kl=0.3455 kl_weight=0.7200
2026-04-11 00:35:23 | INFO    | resistancemap | Checkpoint saved: checkpoints/vae_pretrained.pt
2026-04-11 00:35:24 | INFO    | resistancemap.models.vae | [vae_pretrained] Epoch 20/200 — train_loss=1.1560 val_loss=1.2161 recon=0.8894 kl=0.3508 kl_weight=0.7600
2026-04-11 00:35:25 | INFO    | resistancemap | Checkpoint saved: checkpoints/vae_pretrained.pt
2026-04-11 00:35:25 | INFO    | resistancemap.models.vae | [vae_pretrained] Epoch 21/200 — train_loss=1.1317 val_loss=1.2102 recon=0.8481 kl=0.3544 kl_weight=0.8000
2026-04-11 00:35:26 | INFO    | resistancemap | Checkpoint saved: checkpoints/vae_pretrained.pt
2026-04-11 00:35:26 | INFO    | resistancemap.models.vae | [vae_pretrained] Epoch 22/200 — train_loss=1.1100 val_loss=1.1908 recon=0.8123 kl=0.3544 kl_weight=0.8400
2026-04-11 00:35:27 | INFO    | resistancemap | Checkpoint saved: checkpoints/vae_pretrained.pt
2026-04-11 00:35:28 | INFO    | resistancemap.models.vae | [vae_pretrained] Epoch 23/200 — train_loss=1.1000 val_loss=1.1716 recon=0.8014 kl=0.3393 kl_weight=0.8800
2026-04-11 00:35:29 | INFO    | resistancemap | Checkpoint saved: checkpoints/vae_pretrained.pt
2026-04-11 00:35:29 | INFO    | resistancemap.models.vae | [vae_pretrained] Epoch 24/200 — train_loss=1.0833 val_loss=1.1459 recon=0.7889 kl=0.3200 kl_weight=0.9200
2026-04-11 00:35:30 | INFO    | resistancemap | Checkpoint saved: checkpoints/vae_pretrained.pt
2026-04-11 00:35:30 | INFO    | resistancemap.models.vae | [vae_pretrained] Epoch 25/200 — train_loss=1.0654 val_loss=1.1311 recon=0.7766 kl=0.3008 kl_weight=0.9600
2026-04-11 00:35:31 | INFO    | resistancemap | Checkpoint saved: checkpoints/vae_pretrained.pt
2026-04-11 00:35:32 | INFO    | resistancemap.models.vae | [vae_pretrained] Epoch 26/200 — train_loss=1.0535 val_loss=1.1164 recon=0.7667 kl=0.2868 kl_weight=1.0000
2026-04-11 00:35:33 | INFO    | resistancemap | Checkpoint saved: checkpoints/vae_pretrained.pt
2026-04-11 00:35:33 | INFO    | resistancemap.models.vae | [vae_pretrained] Epoch 27/200 — train_loss=1.0195 val_loss=1.1104 recon=0.7418 kl=0.2776 kl_weight=1.0000
2026-04-11 00:35:34 | INFO    | resistancemap | Checkpoint saved: checkpoints/vae_pretrained.pt
2026-04-11 00:35:35 | INFO    | resistancemap.models.vae | [vae_pretrained] Epoch 28/200 — train_loss=1.0063 val_loss=1.1165 recon=0.7467 kl=0.2596 kl_weight=1.0000
2026-04-11 00:35:35 | INFO    | resistancemap.models.vae | [vae_pretrained] Epoch 29/200 — train_loss=0.9943 val_loss=1.1102 recon=0.7444 kl=0.2499 kl_weight=1.0000
2026-04-11 00:35:36 | INFO    | resistancemap | Checkpoint saved: checkpoints/vae_pretrained.pt
2026-04-11 00:35:36 | INFO    | resistancemap.models.vae | [vae_pretrained] Epoch 30/200 — train_loss=0.9762 val_loss=1.0936 recon=0.7410 kl=0.2352 kl_weight=1.0000
2026-04-11 00:35:37 | INFO    | resistancemap | Checkpoint saved: checkpoints/vae_pretrained.pt
2026-04-11 00:35:38 | INFO    | resistancemap.models.vae | [vae_pretrained] Epoch 31/200 — train_loss=0.9534 val_loss=1.0783 recon=0.7231 kl=0.2303 kl_weight=1.0000
2026-04-11 00:35:39 | INFO    | resistancemap | Checkpoint saved: checkpoints/vae_pretrained.pt
2026-04-11 00:35:39 | INFO    | resistancemap.models.vae | [vae_pretrained] Epoch 32/200 — train_loss=0.9502 val_loss=1.0631 recon=0.7262 kl=0.2240 kl_weight=1.0000
2026-04-11 00:35:40 | INFO    | resistancemap | Checkpoint saved: checkpoints/vae_pretrained.pt
2026-04-11 00:35:40 | INFO    | resistancemap.models.vae | [vae_pretrained] Epoch 33/200 — train_loss=0.9151 val_loss=1.0458 recon=0.6977 kl=0.2174 kl_weight=1.0000
2026-04-11 00:35:41 | INFO    | resistancemap | Checkpoint saved: checkpoints/vae_pretrained.pt
2026-04-11 00:35:42 | INFO    | resistancemap.models.vae | [vae_pretrained] Epoch 34/200 — train_loss=0.9089 val_loss=1.0330 recon=0.6997 kl=0.2092 kl_weight=1.0000
2026-04-11 00:35:43 | INFO    | resistancemap | Checkpoint saved: checkpoints/vae_pretrained.pt
2026-04-11 00:35:43 | INFO    | resistancemap.models.vae | [vae_pretrained] Epoch 35/200 — train_loss=0.8929 val_loss=1.0175 recon=0.6844 kl=0.2085 kl_weight=1.0000
2026-04-11 00:35:44 | INFO    | resistancemap | Checkpoint saved: checkpoints/vae_pretrained.pt
2026-04-11 00:35:45 | INFO    | resistancemap.models.vae | [vae_pretrained] Epoch 36/200 — train_loss=0.8901 val_loss=1.0086 recon=0.6843 kl=0.2058 kl_weight=1.0000
2026-04-11 00:35:46 | INFO    | resistancemap | Checkpoint saved: checkpoints/vae_pretrained.pt
2026-04-11 00:35:46 | INFO    | resistancemap.models.vae | [vae_pretrained] Epoch 37/200 — train_loss=0.8743 val_loss=1.0078 recon=0.6726 kl=0.2017 kl_weight=1.0000
2026-04-11 00:35:47 | INFO    | resistancemap | Checkpoint saved: checkpoints/vae_pretrained.pt
2026-04-11 00:35:47 | INFO    | resistancemap.models.vae | [vae_pretrained] Epoch 38/200 — train_loss=0.8601 val_loss=1.0060 recon=0.6586 kl=0.2014 kl_weight=1.0000
2026-04-11 00:35:48 | INFO    | resistancemap | Checkpoint saved: checkpoints/vae_pretrained.pt
2026-04-11 00:35:49 | INFO    | resistancemap.models.vae | [vae_pretrained] Epoch 39/200 — train_loss=0.8654 val_loss=1.0041 recon=0.6688 kl=0.1965 kl_weight=1.0000
2026-04-11 00:35:50 | INFO    | resistancemap | Checkpoint saved: checkpoints/vae_pretrained.pt
2026-04-11 00:35:50 | INFO    | resistancemap.models.vae | [vae_pretrained] Epoch 40/200 — train_loss=0.8503 val_loss=1.0059 recon=0.6533 kl=0.1969 kl_weight=1.0000
2026-04-11 00:35:51 | INFO    | resistancemap.models.vae | [vae_pretrained] Epoch 41/200 — train_loss=0.8477 val_loss=1.0064 recon=0.6522 kl=0.1955 kl_weight=1.0000
2026-04-11 00:35:51 | INFO    | resistancemap.models.vae | [vae_pretrained] Epoch 42/200 — train_loss=0.8456 val_loss=1.0018 recon=0.6551 kl=0.1905 kl_weight=1.0000
2026-04-11 00:35:52 | INFO    | resistancemap | Checkpoint saved: checkpoints/vae_pretrained.pt
2026-04-11 00:35:52 | INFO    | resistancemap.models.vae | [vae_pretrained] Epoch 43/200 — train_loss=0.8333 val_loss=0.9974 recon=0.6428 kl=0.1905 kl_weight=1.0000
2026-04-11 00:35:53 | INFO    | resistancemap | Checkpoint saved: checkpoints/vae_pretrained.pt
2026-04-11 00:35:54 | INFO    | resistancemap.models.vae | [vae_pretrained] Epoch 44/200 — train_loss=0.8456 val_loss=0.9992 recon=0.6600 kl=0.1856 kl_weight=1.0000
2026-04-11 00:35:54 | INFO    | resistancemap.models.vae | [vae_pretrained] Epoch 45/200 — train_loss=0.8248 val_loss=1.0016 recon=0.6349 kl=0.1899 kl_weight=1.0000
2026-04-11 00:35:55 | INFO    | resistancemap.models.vae | [vae_pretrained] Epoch 46/200 — train_loss=0.8222 val_loss=1.0033 recon=0.6320 kl=0.1902 kl_weight=1.0000
2026-04-11 00:35:55 | INFO    | resistancemap.models.vae | [vae_pretrained] Epoch 47/200 — train_loss=0.8110 val_loss=1.0033 recon=0.6260 kl=0.1850 kl_weight=1.0000
2026-04-11 00:35:55 | INFO    | resistancemap.models.vae | [vae_pretrained] Epoch 48/200 — train_loss=0.8119 val_loss=0.9994 recon=0.6278 kl=0.1841 kl_weight=1.0000
2026-04-11 00:35:56 | INFO    | resistancemap.models.vae | [vae_pretrained] Epoch 49/200 — train_loss=0.8152 val_loss=0.9909 recon=0.6363 kl=0.1789 kl_weight=1.0000
2026-04-11 00:35:57 | INFO    | resistancemap | Checkpoint saved: checkpoints/vae_pretrained.pt
2026-04-11 00:35:57 | INFO    | resistancemap.models.vae | [vae_pretrained] Epoch 50/200 — train_loss=0.8114 val_loss=0.9805 recon=0.6311 kl=0.1803 kl_weight=1.0000
2026-04-11 00:35:58 | INFO    | resistancemap | Checkpoint saved: checkpoints/vae_pretrained.pt
2026-04-11 00:35:59 | INFO    | resistancemap.models.vae | [vae_pretrained] Epoch 51/200 — train_loss=0.6065 val_loss=0.9784 recon=0.6065 kl=0.1831 kl_weight=0.0000
2026-04-11 00:36:00 | INFO    | resistancemap | Checkpoint saved: checkpoints/vae_pretrained.pt
2026-04-11 00:36:00 | INFO    | resistancemap.models.vae | [vae_pretrained] Epoch 52/200 — train_loss=0.6077 val_loss=0.9860 recon=0.6000 kl=0.1919 kl_weight=0.0400
2026-04-11 00:36:00 | INFO    | resistancemap.models.vae | [vae_pretrained] Epoch 53/200 — train_loss=0.6144 val_loss=1.0013 recon=0.5978 kl=0.2074 kl_weight=0.0800
2026-04-11 00:36:01 | INFO    | resistancemap.models.vae | [vae_pretrained] Epoch 54/200 — train_loss=0.6020 val_loss=1.0131 recon=0.5733 kl=0.2391 kl_weight=0.1200
2026-04-11 00:36:01 | INFO    | resistancemap.models.vae | [vae_pretrained] Epoch 55/200 — train_loss=0.5962 val_loss=1.0237 recon=0.5519 kl=0.2774 kl_weight=0.1600
2026-04-11 00:36:02 | INFO    | resistancemap.models.vae | [vae_pretrained] Epoch 56/200 — train_loss=0.5989 val_loss=1.0374 recon=0.5361 kl=0.3142 kl_weight=0.2000
2026-04-11 00:36:02 | INFO    | resistancemap.models.vae | [vae_pretrained] Epoch 57/200 — train_loss=0.6047 val_loss=1.0507 recon=0.5191 kl=0.3565 kl_weight=0.2400
2026-04-11 00:36:03 | INFO    | resistancemap.models.vae | [vae_pretrained] Epoch 58/200 — train_loss=0.6164 val_loss=1.0607 recon=0.5048 kl=0.3984 kl_weight=0.2800
2026-04-11 00:36:03 | INFO    | resistancemap.models.vae | [vae_pretrained] Epoch 59/200 — train_loss=0.6270 val_loss=1.0681 recon=0.4904 kl=0.4269 kl_weight=0.3200
2026-04-11 00:36:03 | INFO    | resistancemap.models.vae | [vae_pretrained] Epoch 60/200 — train_loss=0.6440 val_loss=1.0677 recon=0.4820 kl=0.4502 kl_weight=0.3600
2026-04-11 00:36:04 | INFO    | resistancemap.models.vae | [vae_pretrained] Epoch 61/200 — train_loss=0.6653 val_loss=1.0661 recon=0.4817 kl=0.4590 kl_weight=0.4000
2026-04-11 00:36:04 | INFO    | resistancemap.models.vae | [vae_pretrained] Epoch 62/200 — train_loss=0.6747 val_loss=1.0650 recon=0.4709 kl=0.4633 kl_weight=0.4400
2026-04-11 00:36:05 | INFO    | resistancemap.models.vae | [vae_pretrained] Epoch 63/200 — train_loss=0.6856 val_loss=1.0651 recon=0.4739 kl=0.4411 kl_weight=0.4800
2026-04-11 00:36:05 | INFO    | resistancemap.models.vae | [vae_pretrained] Epoch 64/200 — train_loss=0.6989 val_loss=1.0631 recon=0.4787 kl=0.4234 kl_weight=0.5200
2026-04-11 00:36:06 | INFO    | resistancemap.models.vae | [vae_pretrained] Epoch 65/200 — train_loss=0.6910 val_loss=1.0586 recon=0.4725 kl=0.3901 kl_weight=0.5600
2026-04-11 00:36:06 | INFO    | resistancemap.models.vae | [vae_pretrained] Epoch 66/200 — train_loss=0.6855 val_loss=1.0509 recon=0.4756 kl=0.3499 kl_weight=0.6000
2026-04-11 00:36:06 | INFO    | resistancemap.models.vae | [vae_pretrained] Epoch 67/200 — train_loss=0.6949 val_loss=1.0431 recon=0.4898 kl=0.3206 kl_weight=0.6400
2026-04-11 00:36:07 | INFO    | resistancemap.models.vae | [vae_pretrained] Epoch 68/200 — train_loss=0.6957 val_loss=1.0368 recon=0.4984 kl=0.2902 kl_weight=0.6800
2026-04-11 00:36:07 | INFO    | resistancemap.models.vae | [vae_pretrained] Epoch 69/200 — train_loss=0.7126 val_loss=1.0312 recon=0.5257 kl=0.2595 kl_weight=0.7200
2026-04-11 00:36:08 | INFO    | resistancemap.models.vae | [vae_pretrained] Epoch 70/200 — train_loss=0.7163 val_loss=1.0264 recon=0.5336 kl=0.2404 kl_weight=0.7600
2026-04-11 00:36:08 | INFO    | resistancemap.models.vae | [vae_pretrained] Epoch 71/200 — train_loss=0.7087 val_loss=1.0219 recon=0.5288 kl=0.2248 kl_weight=0.8000
2026-04-11 00:36:08 | INFO    | resistancemap.models.vae | Early stopping at epoch 71
2026-04-11 00:36:08 | INFO    | resistancemap | <<< STAGE END: vae_pretrain (1.3 min) | best_val_loss=0.9784 final_epoch=71 total_steps=71
2026-04-11 00:36:08 | INFO    | resistancemap | === Sequential stage: vae_finetune ===
2026-04-11 00:36:08 | INFO    | resistancemap | >>> STAGE START: vae_finetune
2026-04-11 00:36:08 | INFO    | resistancemap | Checkpoint loaded: checkpoints/data_ready.pt (saved 2026-04-11T05:34:51.404118+00:00)
2026-04-11 00:36:09 | INFO    | resistancemap | Checkpoint loaded: checkpoints/vae_pretrained.pt (saved 2026-04-11T05:35:59.080968+00:00)
2026-04-11 00:37:22 | INFO    | resistancemap | Logging to logs/pipeline.log
2026-04-11 00:37:23 | WARNING | resistancemap | W&B init failed (continuing without): No API key configured. Use `wandb login` to log in.
2026-04-11 00:37:23 | INFO    | resistancemap | === Sequential stage: data_validate ===
2026-04-11 00:37:23 | INFO    | resistancemap | >>> STAGE START: data_validate
2026-04-11 00:37:23 | INFO    | resistancemap | <<< STAGE END: data_validate (0.0 min)
2026-04-11 00:37:23 | INFO    | resistancemap | === Sequential stage: data_prep ===
2026-04-11 00:37:23 | INFO    | resistancemap | >>> STAGE START: data_prep
2026-04-11 00:37:23 | INFO    | resistancemap.data.loaders | Loading CCLE proteomics from data/raw/ccle_proteomics.csv
2026-04-11 00:37:31 | INFO    | resistancemap.data.loaders | Loaded proteomics: 1393 cell lines, 19177 proteins
2026-04-11 00:37:31 | INFO    | resistancemap.data.loaders | After coverage filter (70%): 19177 proteins retained
2026-04-11 00:37:31 | INFO    | resistancemap.data.loaders | Loading CCLE epigenomics from data/raw/ccle_epigenomics
2026-04-11 00:37:31 | INFO    | resistancemap.data.loaders |   chromatin_profiling: 897 lines, 42 features
2026-04-11 00:37:31 | INFO    | resistancemap.data.loaders | Loading STRING PPI network from data/raw/string_ppi.txt
2026-04-11 00:38:10 | INFO    | resistancemap.data.loaders |   STRING scores on 0-1000 scale — normalizing to 0-1
2026-04-11 00:38:10 | INFO    | resistancemap.data.loaders | PPI edges after confidence filter (>=0.7): 473860
2026-04-11 00:38:10 | INFO    | resistancemap.data.loaders | Loading scRNA-seq from data/raw/gse124310.h5ad
2026-04-11 00:38:10 | INFO    | resistancemap.data.loaders | Loaded scRNA-seq: 27796 cells, 33694 genes
2026-04-11 00:38:10 | INFO    | resistancemap.data.loaders | Loaded scRNA-seq GSE124310: 27796 cells
2026-04-11 00:38:10 | WARNING | resistancemap.data.loaders | scRNA-seq GSE271107 not found at data/raw/gse271107.h5ad, skipping
2026-04-11 00:38:10 | WARNING | resistancemap.data.loaders | MMRF CoMMpass directory not found at data/raw/mmrf_commpass, skipping
2026-04-11 00:38:10 | INFO    | resistancemap.data.preprocessors | Harmonizing multi-omics data
2026-04-11 00:38:10 | INFO    | resistancemap.data.preprocessors |   Additional scRNA-seq datasets: ['GSE124310']
2026-04-11 00:38:10 | INFO    | resistancemap.data.preprocessors |   ID mapping: 0 CCLEName → ModelID entries
2026-04-11 00:38:10 | INFO    | resistancemap.data.preprocessors | Cell lines in common across modalities: 886
2026-04-11 00:38:32 | INFO    | resistancemap.data.loaders | Loading drug sensitivity data
2026-04-11 00:38:33 | INFO    | resistancemap.data.loaders |   GDSC: 575197 records
2026-04-11 00:38:33 | INFO    | resistancemap.data.loaders |   GDSC: standardized columns
2026-04-11 00:38:33 | WARNING | resistancemap.data.loaders |   CTRPv2: not found at data/raw/ctrpv2_drug_sensitivity.csv, skipping
2026-04-11 00:38:33 | INFO    | resistancemap.data.loaders | Drug sensitivity matrix: 975 samples × 2 drugs
2026-04-11 00:38:33 | INFO    | resistancemap.data.preprocessors |   Lineage labels: 886/886 matched
2026-04-11 00:38:33 | WARNING | resistancemap.data.preprocessors | Only 0 proteins in PPI match proteomics (out of 19177 proteins). Check protein naming conventions.
2026-04-11 00:38:33 | INFO    | resistancemap.data.preprocessors | PPI-proteomics overlap: 0 proteins
2026-04-11 00:38:33 | INFO    | resistancemap.data.preprocessors | MultiOmicsDataset: 886 samples, 19177 proteins, 42 epigenomic features, 473860 PPI edges
2026-04-11 00:38:33 | INFO    | resistancemap.data.preprocessors | Splits: train=622, val=132, test=132
2026-04-11 00:38:33 | INFO    | resistancemap | Checkpoint saved: checkpoints/data_ready.pt
2026-04-11 00:38:33 | INFO    | resistancemap | <<< STAGE END: data_prep (1.2 min)
2026-04-11 00:38:34 | INFO    | resistancemap | === Sequential stage: vae_pretrain ===
2026-04-11 00:38:34 | INFO    | resistancemap | >>> STAGE START: vae_pretrain
2026-04-11 00:38:34 | INFO    | resistancemap | Checkpoint loaded: checkpoints/data_ready.pt (saved 2026-04-11T05:38:33.352382+00:00)
2026-04-11 00:38:36 | INFO    | resistancemap.models.vae | [vae_pretrained] Epoch 1/200 — train_loss=1.9163 val_loss=139.1026 recon=1.9163 kl=0.6859 kl_weight=0.0000
2026-04-11 00:38:37 | INFO    | resistancemap | Checkpoint saved: checkpoints/vae_pretrained.pt
2026-04-11 00:38:37 | INFO    | resistancemap.models.vae | [vae_pretrained] Epoch 2/200 — train_loss=1.7074 val_loss=2916.0283 recon=1.6683 kl=0.9772 kl_weight=0.0400
2026-04-11 00:38:38 | INFO    | resistancemap.models.vae | [vae_pretrained] Epoch 3/200 — train_loss=3.9749 val_loss=15976.2539 recon=1.6229 kl=29.3994 kl_weight=0.0800
2026-04-11 00:38:38 | INFO    | resistancemap.models.vae | [vae_pretrained] Epoch 4/200 — train_loss=2.0752 val_loss=157.7513 recon=1.9192 kl=1.3008 kl_weight=0.1200
2026-04-11 00:38:39 | INFO    | resistancemap.models.vae | [vae_pretrained] Epoch 5/200 — train_loss=1.8490 val_loss=16.6818 recon=1.7019 kl=0.9190 kl_weight=0.1600
2026-04-11 00:38:40 | INFO    | resistancemap | Checkpoint saved: checkpoints/vae_pretrained.pt
2026-04-11 00:38:40 | INFO    | resistancemap.models.vae | [vae_pretrained] Epoch 6/200 — train_loss=1.6694 val_loss=5.1743 recon=1.5130 kl=0.7824 kl_weight=0.2000
2026-04-11 00:38:41 | INFO    | resistancemap | Checkpoint saved: checkpoints/vae_pretrained.pt
2026-04-11 00:38:42 | INFO    | resistancemap.models.vae | [vae_pretrained] Epoch 7/200 — train_loss=1.5732 val_loss=3.6076 recon=1.4020 kl=0.7137 kl_weight=0.2400
2026-04-11 00:38:42 | INFO    | resistancemap | Checkpoint saved: checkpoints/vae_pretrained.pt
2026-04-11 00:38:43 | INFO    | resistancemap.models.vae | [vae_pretrained] Epoch 8/200 — train_loss=1.5013 val_loss=2.7434 recon=1.3207 kl=0.6450 kl_weight=0.2800
2026-04-11 00:38:44 | INFO    | resistancemap | Checkpoint saved: checkpoints/vae_pretrained.pt
2026-04-11 00:38:44 | INFO    | resistancemap.models.vae | [vae_pretrained] Epoch 9/200 — train_loss=1.4584 val_loss=2.2705 recon=1.2721 kl=0.5824 kl_weight=0.3200
2026-04-11 00:38:45 | INFO    | resistancemap | Checkpoint saved: checkpoints/vae_pretrained.pt
2026-04-11 00:38:46 | INFO    | resistancemap.models.vae | [vae_pretrained] Epoch 10/200 — train_loss=1.4286 val_loss=1.9501 recon=1.2358 kl=0.5356 kl_weight=0.3600
2026-04-11 00:38:46 | INFO    | resistancemap | Checkpoint saved: checkpoints/vae_pretrained.pt
2026-04-11 00:38:47 | INFO    | resistancemap.models.vae | [vae_pretrained] Epoch 11/200 — train_loss=1.3533 val_loss=1.7293 recon=1.1519 kl=0.5034 kl_weight=0.4000
2026-04-11 00:38:48 | INFO    | resistancemap | Checkpoint saved: checkpoints/vae_pretrained.pt
2026-04-11 00:38:48 | INFO    | resistancemap.models.vae | [vae_pretrained] Epoch 12/200 — train_loss=1.3066 val_loss=1.5821 recon=1.0968 kl=0.4768 kl_weight=0.4400
2026-04-11 00:38:49 | INFO    | resistancemap | Checkpoint saved: checkpoints/vae_pretrained.pt
2026-04-11 00:38:50 | INFO    | resistancemap.models.vae | [vae_pretrained] Epoch 13/200 — train_loss=1.2595 val_loss=1.5015 recon=1.0423 kl=0.4526 kl_weight=0.4800
2026-04-11 00:38:50 | INFO    | resistancemap | Checkpoint saved: checkpoints/vae_pretrained.pt
2026-04-11 00:38:51 | INFO    | resistancemap.models.vae | [vae_pretrained] Epoch 14/200 — train_loss=1.2222 val_loss=1.4449 recon=0.9960 kl=0.4350 kl_weight=0.5200
2026-04-11 00:38:52 | INFO    | resistancemap | Checkpoint saved: checkpoints/vae_pretrained.pt
2026-04-11 00:38:52 | INFO    | resistancemap.models.vae | [vae_pretrained] Epoch 15/200 — train_loss=1.2043 val_loss=1.3850 recon=0.9735 kl=0.4123 kl_weight=0.5600
2026-04-11 00:38:53 | INFO    | resistancemap | Checkpoint saved: checkpoints/vae_pretrained.pt
2026-04-11 00:38:54 | INFO    | resistancemap.models.vae | [vae_pretrained] Epoch 16/200 — train_loss=1.1792 val_loss=1.3351 recon=0.9414 kl=0.3964 kl_weight=0.6000
2026-04-11 00:38:55 | INFO    | resistancemap | Checkpoint saved: checkpoints/vae_pretrained.pt
2026-04-11 00:38:55 | INFO    | resistancemap.models.vae | [vae_pretrained] Epoch 17/200 — train_loss=1.1664 val_loss=1.2933 recon=0.9158 kl=0.3917 kl_weight=0.6400
2026-04-11 00:38:56 | INFO    | resistancemap | Checkpoint saved: checkpoints/vae_pretrained.pt
2026-04-11 00:38:56 | INFO    | resistancemap.models.vae | [vae_pretrained] Epoch 18/200 — train_loss=1.1266 val_loss=1.2718 recon=0.8685 kl=0.3795 kl_weight=0.6800
2026-04-11 00:38:57 | INFO    | resistancemap | Checkpoint saved: checkpoints/vae_pretrained.pt
2026-04-11 00:38:58 | INFO    | resistancemap.models.vae | [vae_pretrained] Epoch 19/200 — train_loss=1.1150 val_loss=1.2543 recon=0.8409 kl=0.3807 kl_weight=0.7200
2026-04-11 00:38:59 | INFO    | resistancemap | Checkpoint saved: checkpoints/vae_pretrained.pt
2026-04-11 00:38:59 | INFO    | resistancemap.models.vae | [vae_pretrained] Epoch 20/200 — train_loss=1.0894 val_loss=1.2578 recon=0.8049 kl=0.3743 kl_weight=0.7600
2026-04-11 00:38:59 | INFO    | resistancemap.models.vae | [vae_pretrained] Epoch 21/200 — train_loss=1.0833 val_loss=1.2541 recon=0.7910 kl=0.3654 kl_weight=0.8000
2026-04-11 00:39:00 | INFO    | resistancemap | Checkpoint saved: checkpoints/vae_pretrained.pt
2026-04-11 00:39:01 | INFO    | resistancemap.models.vae | [vae_pretrained] Epoch 22/200 — train_loss=1.0711 val_loss=1.2265 recon=0.7756 kl=0.3517 kl_weight=0.8400
2026-04-11 00:39:02 | INFO    | resistancemap | Checkpoint saved: checkpoints/vae_pretrained.pt
2026-04-11 00:39:02 | INFO    | resistancemap.models.vae | [vae_pretrained] Epoch 23/200 — train_loss=1.0538 val_loss=1.2103 recon=0.7547 kl=0.3399 kl_weight=0.8800
2026-04-11 00:39:03 | INFO    | resistancemap | Checkpoint saved: checkpoints/vae_pretrained.pt
2026-04-11 00:39:04 | INFO    | resistancemap.models.vae | [vae_pretrained] Epoch 24/200 — train_loss=1.0412 val_loss=1.1840 recon=0.7470 kl=0.3197 kl_weight=0.9200
2026-04-11 00:39:04 | INFO    | resistancemap | Checkpoint saved: checkpoints/vae_pretrained.pt
2026-04-11 00:39:05 | INFO    | resistancemap.models.vae | [vae_pretrained] Epoch 25/200 — train_loss=1.0326 val_loss=1.1657 recon=0.7415 kl=0.3032 kl_weight=0.9600
2026-04-11 00:39:06 | INFO    | resistancemap | Checkpoint saved: checkpoints/vae_pretrained.pt
2026-04-11 00:39:06 | INFO    | resistancemap.models.vae | [vae_pretrained] Epoch 26/200 — train_loss=1.0141 val_loss=1.1663 recon=0.7268 kl=0.2872 kl_weight=1.0000
2026-04-11 00:39:07 | INFO    | resistancemap.models.vae | [vae_pretrained] Epoch 27/200 — train_loss=0.9973 val_loss=1.1593 recon=0.7208 kl=0.2765 kl_weight=1.0000
2026-04-11 00:39:08 | INFO    | resistancemap | Checkpoint saved: checkpoints/vae_pretrained.pt
2026-04-11 00:39:08 | INFO    | resistancemap.models.vae | [vae_pretrained] Epoch 28/200 — train_loss=0.9800 val_loss=1.1325 recon=0.7147 kl=0.2653 kl_weight=1.0000
2026-04-11 00:39:09 | INFO    | resistancemap | Checkpoint saved: checkpoints/vae_pretrained.pt
2026-04-11 00:39:10 | INFO    | resistancemap.models.vae | [vae_pretrained] Epoch 29/200 — train_loss=0.9709 val_loss=1.1218 recon=0.7203 kl=0.2506 kl_weight=1.0000
2026-04-11 00:39:10 | INFO    | resistancemap | Checkpoint saved: checkpoints/vae_pretrained.pt
2026-04-11 00:39:11 | INFO    | resistancemap.models.vae | [vae_pretrained] Epoch 30/200 — train_loss=0.9460 val_loss=1.1118 recon=0.7036 kl=0.2424 kl_weight=1.0000
2026-04-11 00:39:12 | INFO    | resistancemap | Checkpoint saved: checkpoints/vae_pretrained.pt
2026-04-11 00:39:12 | INFO    | resistancemap.models.vae | [vae_pretrained] Epoch 31/200 — train_loss=0.9368 val_loss=1.1016 recon=0.7043 kl=0.2325 kl_weight=1.0000
2026-04-11 00:39:13 | INFO    | resistancemap | Checkpoint saved: checkpoints/vae_pretrained.pt
2026-04-11 00:39:14 | INFO    | resistancemap.models.vae | [vae_pretrained] Epoch 32/200 — train_loss=0.9251 val_loss=1.0956 recon=0.6965 kl=0.2286 kl_weight=1.0000
2026-04-11 00:39:15 | INFO    | resistancemap | Checkpoint saved: checkpoints/vae_pretrained.pt
2026-04-11 00:39:15 | INFO    | resistancemap.models.vae | [vae_pretrained] Epoch 33/200 — train_loss=0.9165 val_loss=1.0942 recon=0.6913 kl=0.2251 kl_weight=1.0000
2026-04-11 00:39:16 | INFO    | resistancemap | Checkpoint saved: checkpoints/vae_pretrained.pt
2026-04-11 00:39:16 | INFO    | resistancemap.models.vae | [vae_pretrained] Epoch 34/200 — train_loss=0.8979 val_loss=1.0780 recon=0.6777 kl=0.2201 kl_weight=1.0000
2026-04-11 00:39:17 | INFO    | resistancemap | Checkpoint saved: checkpoints/vae_pretrained.pt
2026-04-11 00:39:18 | INFO    | resistancemap.models.vae | [vae_pretrained] Epoch 35/200 — train_loss=0.8939 val_loss=1.0699 recon=0.6739 kl=0.2201 kl_weight=1.0000
2026-04-11 00:39:19 | INFO    | resistancemap | Checkpoint saved: checkpoints/vae_pretrained.pt
2026-04-11 00:39:19 | INFO    | resistancemap.models.vae | [vae_pretrained] Epoch 36/200 — train_loss=0.8722 val_loss=1.0665 recon=0.6526 kl=0.2196 kl_weight=1.0000
2026-04-11 00:39:20 | INFO    | resistancemap | Checkpoint saved: checkpoints/vae_pretrained.pt
2026-04-11 00:39:21 | INFO    | resistancemap.models.vae | [vae_pretrained] Epoch 37/200 — train_loss=0.8721 val_loss=1.0620 recon=0.6598 kl=0.2123 kl_weight=1.0000
2026-04-11 00:39:21 | INFO    | resistancemap | Checkpoint saved: checkpoints/vae_pretrained.pt
2026-04-11 00:39:22 | INFO    | resistancemap.models.vae | [vae_pretrained] Epoch 38/200 — train_loss=0.8642 val_loss=1.0523 recon=0.6523 kl=0.2118 kl_weight=1.0000
2026-04-11 00:39:23 | INFO    | resistancemap | Checkpoint saved: checkpoints/vae_pretrained.pt
2026-04-11 00:39:23 | INFO    | resistancemap.models.vae | [vae_pretrained] Epoch 39/200 — train_loss=0.8486 val_loss=1.0449 recon=0.6376 kl=0.2110 kl_weight=1.0000
2026-04-11 00:39:24 | INFO    | resistancemap | Checkpoint saved: checkpoints/vae_pretrained.pt
2026-04-11 00:39:25 | INFO    | resistancemap.models.vae | [vae_pretrained] Epoch 40/200 — train_loss=0.8444 val_loss=1.0457 recon=0.6390 kl=0.2054 kl_weight=1.0000
2026-04-11 00:39:25 | INFO    | resistancemap.models.vae | [vae_pretrained] Epoch 41/200 — train_loss=0.8400 val_loss=1.0343 recon=0.6392 kl=0.2008 kl_weight=1.0000
2026-04-11 00:39:26 | INFO    | resistancemap | Checkpoint saved: checkpoints/vae_pretrained.pt
2026-04-11 00:39:26 | INFO    | resistancemap.models.vae | [vae_pretrained] Epoch 42/200 — train_loss=0.8396 val_loss=1.0240 recon=0.6408 kl=0.1988 kl_weight=1.0000
2026-04-11 00:39:27 | INFO    | resistancemap | Checkpoint saved: checkpoints/vae_pretrained.pt
2026-04-11 00:39:28 | INFO    | resistancemap.models.vae | [vae_pretrained] Epoch 43/200 — train_loss=0.8208 val_loss=1.0154 recon=0.6226 kl=0.1982 kl_weight=1.0000
2026-04-11 00:39:29 | INFO    | resistancemap | Checkpoint saved: checkpoints/vae_pretrained.pt
2026-04-11 00:39:29 | INFO    | resistancemap.models.vae | [vae_pretrained] Epoch 44/200 — train_loss=0.8234 val_loss=1.0116 recon=0.6291 kl=0.1943 kl_weight=1.0000
2026-04-11 00:39:30 | INFO    | resistancemap | Checkpoint saved: checkpoints/vae_pretrained.pt
2026-04-11 00:39:31 | INFO    | resistancemap.models.vae | [vae_pretrained] Epoch 45/200 — train_loss=0.8133 val_loss=1.0087 recon=0.6172 kl=0.1961 kl_weight=1.0000
2026-04-11 00:39:31 | INFO    | resistancemap | Checkpoint saved: checkpoints/vae_pretrained.pt
2026-04-11 00:39:32 | INFO    | resistancemap.models.vae | [vae_pretrained] Epoch 46/200 — train_loss=0.8022 val_loss=1.0106 recon=0.6066 kl=0.1956 kl_weight=1.0000
2026-04-11 00:39:32 | INFO    | resistancemap.models.vae | [vae_pretrained] Epoch 47/200 — train_loss=0.8050 val_loss=1.0064 recon=0.6106 kl=0.1944 kl_weight=1.0000
2026-04-11 00:39:33 | INFO    | resistancemap | Checkpoint saved: checkpoints/vae_pretrained.pt
2026-04-11 00:39:34 | INFO    | resistancemap.models.vae | [vae_pretrained] Epoch 48/200 — train_loss=0.8008 val_loss=1.0038 recon=0.6076 kl=0.1932 kl_weight=1.0000
2026-04-11 00:39:35 | INFO    | resistancemap | Checkpoint saved: checkpoints/vae_pretrained.pt
2026-04-11 00:39:35 | INFO    | resistancemap.models.vae | [vae_pretrained] Epoch 49/200 — train_loss=0.7971 val_loss=1.0068 recon=0.6055 kl=0.1916 kl_weight=1.0000
2026-04-11 00:39:36 | INFO    | resistancemap.models.vae | [vae_pretrained] Epoch 50/200 — train_loss=0.7924 val_loss=1.0092 recon=0.5990 kl=0.1934 kl_weight=1.0000
2026-04-11 00:39:36 | INFO    | resistancemap.models.vae | [vae_pretrained] Epoch 51/200 — train_loss=0.6093 val_loss=1.0168 recon=0.6093 kl=0.1931 kl_weight=0.0000
2026-04-11 00:39:36 | INFO    | resistancemap.models.vae | [vae_pretrained] Epoch 52/200 — train_loss=0.5983 val_loss=1.0192 recon=0.5901 kl=0.2042 kl_weight=0.0400
2026-04-11 00:39:37 | INFO    | resistancemap.models.vae | [vae_pretrained] Epoch 53/200 — train_loss=0.5763 val_loss=1.0203 recon=0.5579 kl=0.2292 kl_weight=0.0800
2026-04-11 00:39:37 | INFO    | resistancemap.models.vae | [vae_pretrained] Epoch 54/200 — train_loss=0.5659 val_loss=1.0314 recon=0.5347 kl=0.2603 kl_weight=0.1200
2026-04-11 00:39:38 | INFO    | resistancemap.models.vae | [vae_pretrained] Epoch 55/200 — train_loss=0.5682 val_loss=1.0442 recon=0.5210 kl=0.2953 kl_weight=0.1600
2026-04-11 00:39:38 | INFO    | resistancemap.models.vae | [vae_pretrained] Epoch 56/200 — train_loss=0.5676 val_loss=1.0566 recon=0.4994 kl=0.3411 kl_weight=0.2000
2026-04-11 00:39:39 | INFO    | resistancemap.models.vae | [vae_pretrained] Epoch 57/200 — train_loss=0.5808 val_loss=1.0707 recon=0.4864 kl=0.3934 kl_weight=0.2400
2026-04-11 00:39:39 | INFO    | resistancemap.models.vae | [vae_pretrained] Epoch 58/200 — train_loss=0.5942 val_loss=1.0845 recon=0.4717 kl=0.4374 kl_weight=0.2800
2026-04-11 00:39:40 | INFO    | resistancemap.models.vae | [vae_pretrained] Epoch 59/200 — train_loss=0.6090 val_loss=1.0911 recon=0.4593 kl=0.4677 kl_weight=0.3200
2026-04-11 00:39:40 | INFO    | resistancemap.models.vae | [vae_pretrained] Epoch 60/200 — train_loss=0.6295 val_loss=1.0933 recon=0.4542 kl=0.4868 kl_weight=0.3600
2026-04-11 00:39:40 | INFO    | resistancemap.models.vae | [vae_pretrained] Epoch 61/200 — train_loss=0.6509 val_loss=1.0928 recon=0.4525 kl=0.4960 kl_weight=0.4000
2026-04-11 00:39:41 | INFO    | resistancemap.models.vae | [vae_pretrained] Epoch 62/200 — train_loss=0.6570 val_loss=1.0931 recon=0.4433 kl=0.4856 kl_weight=0.4400
2026-04-11 00:39:41 | INFO    | resistancemap.models.vae | [vae_pretrained] Epoch 63/200 — train_loss=0.6684 val_loss=1.0934 recon=0.4466 kl=0.4620 kl_weight=0.4800
2026-04-11 00:39:42 | INFO    | resistancemap.models.vae | [vae_pretrained] Epoch 64/200 — train_loss=0.6705 val_loss=1.0898 recon=0.4461 kl=0.4315 kl_weight=0.5200
2026-04-11 00:39:42 | INFO    | resistancemap.models.vae | [vae_pretrained] Epoch 65/200 — train_loss=0.6829 val_loss=1.0827 recon=0.4618 kl=0.3947 kl_weight=0.5600
2026-04-11 00:39:43 | INFO    | resistancemap.models.vae | [vae_pretrained] Epoch 66/200 — train_loss=0.6819 val_loss=1.0716 recon=0.4645 kl=0.3624 kl_weight=0.6000
2026-04-11 00:39:43 | INFO    | resistancemap.models.vae | [vae_pretrained] Epoch 67/200 — train_loss=0.6775 val_loss=1.0604 recon=0.4683 kl=0.3268 kl_weight=0.6400
2026-04-11 00:39:44 | INFO    | resistancemap.models.vae | [vae_pretrained] Epoch 68/200 — train_loss=0.6857 val_loss=1.0518 recon=0.4832 kl=0.2978 kl_weight=0.6800
2026-04-11 00:39:44 | INFO    | resistancemap.models.vae | Early stopping at epoch 68
2026-04-11 00:39:44 | INFO    | resistancemap | <<< STAGE END: vae_pretrain (1.2 min) | best_val_loss=1.0038 final_epoch=68 total_steps=68
2026-04-11 00:39:44 | INFO    | resistancemap | === Sequential stage: vae_finetune ===
2026-04-11 00:39:44 | INFO    | resistancemap | >>> STAGE START: vae_finetune
2026-04-11 00:39:44 | INFO    | resistancemap | Checkpoint loaded: checkpoints/data_ready.pt (saved 2026-04-11T05:38:33.352382+00:00)
2026-04-11 00:39:44 | INFO    | resistancemap | Checkpoint loaded: checkpoints/vae_pretrained.pt (saved 2026-04-11T05:39:34.229496+00:00)
2026-04-11 00:39:45 | INFO    | resistancemap.models.vae | [vae_finetuned] Epoch 1/100 — train_loss=0.8401 val_loss=1.1776 recon=0.8401 kl=0.3354 kl_weight=0.0000
2026-04-11 00:39:46 | INFO    | resistancemap | Checkpoint saved: checkpoints/vae_finetuned.pt
2026-04-11 00:39:46 | INFO    | resistancemap.models.vae | [vae_finetuned] Epoch 2/100 — train_loss=0.7819 val_loss=1.1992 recon=0.7537 kl=0.3380 kl_weight=0.0833
2026-04-11 00:39:47 | INFO    | resistancemap.models.vae | [vae_finetuned] Epoch 3/100 — train_loss=0.7243 val_loss=1.2121 recon=0.6667 kl=0.3460 kl_weight=0.1667
2026-04-11 00:39:47 | INFO    | resistancemap.models.vae | [vae_finetuned] Epoch 4/100 — train_loss=0.6920 val_loss=1.2216 recon=0.6012 kl=0.3631 kl_weight=0.2500
2026-04-11 00:39:47 | INFO    | resistancemap.models.vae | [vae_finetuned] Epoch 5/100 — train_loss=0.7105 val_loss=1.2368 recon=0.5854 kl=0.3751 kl_weight=0.3333
2026-04-11 00:39:48 | INFO    | resistancemap.models.vae | [vae_finetuned] Epoch 6/100 — train_loss=0.7276 val_loss=1.2518 recon=0.5657 kl=0.3885 kl_weight=0.4167
2026-04-11 00:39:48 | INFO    | resistancemap.models.vae | [vae_finetuned] Epoch 7/100 — train_loss=0.7477 val_loss=1.2655 recon=0.5463 kl=0.4028 kl_weight=0.5000
2026-04-11 00:39:49 | INFO    | resistancemap.models.vae | [vae_finetuned] Epoch 8/100 — train_loss=0.7528 val_loss=1.2713 recon=0.5162 kl=0.4057 kl_weight=0.5833
2026-04-11 00:39:49 | INFO    | resistancemap.models.vae | [vae_finetuned] Epoch 9/100 — train_loss=0.7914 val_loss=1.2759 recon=0.5255 kl=0.3988 kl_weight=0.6667
2026-04-11 00:39:50 | INFO    | resistancemap.models.vae | [vae_finetuned] Epoch 10/100 — train_loss=0.8005 val_loss=1.2764 recon=0.5029 kl=0.3969 kl_weight=0.7500
2026-04-11 00:39:50 | INFO    | resistancemap.models.vae | [vae_finetuned] Epoch 11/100 — train_loss=0.8276 val_loss=1.2813 recon=0.5043 kl=0.3880 kl_weight=0.8333
2026-04-11 00:39:51 | INFO    | resistancemap.models.vae | [vae_finetuned] Epoch 12/100 — train_loss=0.8372 val_loss=1.2815 recon=0.4894 kl=0.3795 kl_weight=0.9167
2026-04-11 00:39:51 | INFO    | resistancemap.models.vae | [vae_finetuned] Epoch 13/100 — train_loss=0.8667 val_loss=1.2775 recon=0.4986 kl=0.3680 kl_weight=1.0000
2026-04-11 00:39:51 | INFO    | resistancemap.models.vae | [vae_finetuned] Epoch 14/100 — train_loss=0.8249 val_loss=1.2736 recon=0.4829 kl=0.3420 kl_weight=1.0000
2026-04-11 00:39:52 | INFO    | resistancemap.models.vae | [vae_finetuned] Epoch 15/100 — train_loss=0.8273 val_loss=1.2737 recon=0.4934 kl=0.3339 kl_weight=1.0000
2026-04-11 00:39:52 | INFO    | resistancemap.models.vae | [vae_finetuned] Epoch 16/100 — train_loss=0.8111 val_loss=1.2711 recon=0.4944 kl=0.3167 kl_weight=1.0000
2026-04-11 00:39:53 | INFO    | resistancemap.models.vae | [vae_finetuned] Epoch 17/100 — train_loss=0.8075 val_loss=1.2706 recon=0.5052 kl=0.3024 kl_weight=1.0000
2026-04-11 00:39:53 | INFO    | resistancemap.models.vae | [vae_finetuned] Epoch 18/100 — train_loss=0.8116 val_loss=1.2706 recon=0.5288 kl=0.2828 kl_weight=1.0000
2026-04-11 00:39:54 | INFO    | resistancemap.models.vae | [vae_finetuned] Epoch 19/100 — train_loss=0.8023 val_loss=1.2671 recon=0.5329 kl=0.2693 kl_weight=1.0000
2026-04-11 00:39:54 | INFO    | resistancemap.models.vae | [vae_finetuned] Epoch 20/100 — train_loss=0.7845 val_loss=1.2617 recon=0.5279 kl=0.2565 kl_weight=1.0000
2026-04-11 00:39:54 | INFO    | resistancemap.models.vae | [vae_finetuned] Epoch 21/100 — train_loss=0.8125 val_loss=1.2573 recon=0.5630 kl=0.2494 kl_weight=1.0000
2026-04-11 00:39:54 | INFO    | resistancemap.models.vae | Early stopping at epoch 21
2026-04-11 00:39:54 | INFO    | resistancemap | <<< STAGE END: vae_finetune (0.2 min) | best_val_loss=1.1776 final_epoch=21 total_steps=21
2026-04-11 00:39:54 | INFO    | resistancemap | === Sequential stage: trajectory_calibrate ===
2026-04-11 00:42:36 | INFO    | resistancemap | Logging to logs/pipeline.log
2026-04-11 00:42:36 | WARNING | resistancemap | W&B init failed (continuing without): No API key configured. Use `wandb login` to log in.
2026-04-11 00:42:36 | INFO    | resistancemap | === Sequential stage: data_validate ===
2026-04-11 00:42:36 | INFO    | resistancemap | >>> STAGE START: data_validate
2026-04-11 00:42:36 | INFO    | resistancemap | <<< STAGE END: data_validate (0.0 min)
2026-04-11 00:42:36 | INFO    | resistancemap | === Sequential stage: data_prep ===
2026-04-11 00:42:37 | INFO    | resistancemap | === Sequential stage: vae_pretrain ===
2026-04-11 00:42:37 | INFO    | resistancemap | === Sequential stage: vae_finetune ===
2026-04-11 00:42:37 | INFO    | resistancemap | === Sequential stage: trajectory_calibrate ===
2026-04-11 00:42:37 | INFO    | resistancemap | >>> STAGE START: trajectory_calibrate
2026-04-11 00:42:37 | INFO    | resistancemap | Checkpoint loaded: checkpoints/data_ready.pt (saved 2026-04-11T05:38:33.352382+00:00)
2026-04-11 00:42:38 | INFO    | resistancemap | Checkpoint loaded: checkpoints/vae_finetuned.pt (saved 2026-04-11T05:39:45.553797+00:00)
2026-04-11 00:42:39 | WARNING | resistancemap.models.trajectory | No valid drug sensitivity data for calibration; using uniform targets
2026-04-11 00:42:54 | INFO    | resistancemap | Logging to logs/pipeline.log
2026-04-11 00:42:54 | WARNING | resistancemap | W&B init failed (continuing without): No API key configured. Use `wandb login` to log in.
2026-04-11 00:42:54 | INFO    | resistancemap | === Sequential stage: data_validate ===
2026-04-11 00:42:54 | INFO    | resistancemap | >>> STAGE START: data_validate
2026-04-11 00:42:54 | INFO    | resistancemap | <<< STAGE END: data_validate (0.0 min)
2026-04-11 00:42:54 | INFO    | resistancemap | === Sequential stage: data_prep ===
2026-04-11 00:42:55 | INFO    | resistancemap | === Sequential stage: vae_pretrain ===
2026-04-11 00:42:55 | INFO    | resistancemap | === Sequential stage: vae_finetune ===
2026-04-11 00:42:55 | INFO    | resistancemap | === Sequential stage: trajectory_calibrate ===
2026-04-11 00:42:55 | INFO    | resistancemap | >>> STAGE START: trajectory_calibrate
2026-04-11 00:42:55 | INFO    | resistancemap | Checkpoint loaded: checkpoints/data_ready.pt (saved 2026-04-11T05:38:33.352382+00:00)
2026-04-11 00:42:55 | INFO    | resistancemap | Checkpoint loaded: checkpoints/vae_finetuned.pt (saved 2026-04-11T05:39:45.553797+00:00)
2026-04-11 00:42:57 | WARNING | resistancemap.models.trajectory | No valid drug sensitivity data for calibration; using uniform targets
2026-04-11 00:42:58 | INFO    | resistancemap | Checkpoint saved: checkpoints/stability_calibrated.pt
2026-04-11 00:42:59 | INFO    | resistancemap | Checkpoint saved: checkpoints/stability_calibrated.pt
2026-04-11 00:43:00 | INFO    | resistancemap | Checkpoint saved: checkpoints/stability_calibrated.pt
2026-04-11 00:43:00 | INFO    | resistancemap | Checkpoint saved: checkpoints/stability_calibrated.pt
2026-04-11 00:43:01 | INFO    | resistancemap | Checkpoint saved: checkpoints/stability_calibrated.pt
2026-04-11 00:43:02 | INFO    | resistancemap | Checkpoint saved: checkpoints/stability_calibrated.pt
2026-04-11 00:43:02 | INFO    | resistancemap | Checkpoint saved: checkpoints/stability_calibrated.pt
2026-04-11 00:43:03 | INFO    | resistancemap | Checkpoint saved: checkpoints/stability_calibrated.pt
2026-04-11 00:43:04 | INFO    | resistancemap | Checkpoint saved: checkpoints/stability_calibrated.pt
2026-04-11 00:43:05 | INFO    | resistancemap | Checkpoint saved: checkpoints/stability_calibrated.pt
2026-04-11 00:43:06 | INFO    | resistancemap | Checkpoint saved: checkpoints/stability_calibrated.pt
2026-04-11 00:43:06 | INFO    | resistancemap | Checkpoint saved: checkpoints/stability_calibrated.pt
2026-04-11 00:43:07 | INFO    | resistancemap | Checkpoint saved: checkpoints/stability_calibrated.pt
2026-04-11 00:43:08 | INFO    | resistancemap | Checkpoint saved: checkpoints/stability_calibrated.pt
2026-04-11 00:43:08 | INFO    | resistancemap | Checkpoint saved: checkpoints/stability_calibrated.pt
2026-04-11 00:43:09 | INFO    | resistancemap | Checkpoint saved: checkpoints/stability_calibrated.pt
2026-04-11 00:43:10 | INFO    | resistancemap | Checkpoint saved: checkpoints/stability_calibrated.pt
2026-04-11 00:43:11 | INFO    | resistancemap | Checkpoint saved: checkpoints/stability_calibrated.pt
2026-04-11 00:43:11 | INFO    | resistancemap | Checkpoint saved: checkpoints/stability_calibrated.pt
2026-04-11 00:43:12 | INFO    | resistancemap | Checkpoint saved: checkpoints/stability_calibrated.pt
2026-04-11 00:43:13 | INFO    | resistancemap | Checkpoint saved: checkpoints/stability_calibrated.pt
2026-04-11 00:43:14 | INFO    | resistancemap | Checkpoint saved: checkpoints/stability_calibrated.pt
2026-04-11 00:43:15 | INFO    | resistancemap | Checkpoint saved: checkpoints/stability_calibrated.pt
2026-04-11 00:43:15 | INFO    | resistancemap | Checkpoint saved: checkpoints/stability_calibrated.pt
2026-04-11 00:43:16 | INFO    | resistancemap | Checkpoint saved: checkpoints/stability_calibrated.pt
2026-04-11 00:43:17 | INFO    | resistancemap | Checkpoint saved: checkpoints/stability_calibrated.pt
2026-04-11 00:43:18 | INFO    | resistancemap | Checkpoint saved: checkpoints/stability_calibrated.pt
2026-04-11 00:43:18 | INFO    | resistancemap | Checkpoint saved: checkpoints/stability_calibrated.pt
2026-04-11 00:43:19 | INFO    | resistancemap | Checkpoint saved: checkpoints/stability_calibrated.pt
2026-04-11 00:43:20 | INFO    | resistancemap | Checkpoint saved: checkpoints/stability_calibrated.pt
2026-04-11 00:43:21 | INFO    | resistancemap | Checkpoint saved: checkpoints/stability_calibrated.pt
2026-04-11 00:43:22 | INFO    | resistancemap | Checkpoint saved: checkpoints/stability_calibrated.pt
2026-04-11 00:43:22 | INFO    | resistancemap | Checkpoint saved: checkpoints/stability_calibrated.pt
2026-04-11 00:43:23 | INFO    | resistancemap | Checkpoint saved: checkpoints/stability_calibrated.pt
2026-04-11 00:43:24 | INFO    | resistancemap | Checkpoint saved: checkpoints/stability_calibrated.pt
2026-04-11 00:43:24 | INFO    | resistancemap | Checkpoint saved: checkpoints/stability_calibrated.pt
2026-04-11 00:43:25 | INFO    | resistancemap | Checkpoint saved: checkpoints/stability_calibrated.pt
2026-04-11 00:43:26 | INFO    | resistancemap | Checkpoint saved: checkpoints/stability_calibrated.pt
2026-04-11 00:43:27 | INFO    | resistancemap | Checkpoint saved: checkpoints/stability_calibrated.pt
2026-04-11 00:43:27 | INFO    | resistancemap | Checkpoint saved: checkpoints/stability_calibrated.pt
2026-04-11 00:43:28 | INFO    | resistancemap | Checkpoint saved: checkpoints/stability_calibrated.pt
2026-04-11 00:43:29 | INFO    | resistancemap | Checkpoint saved: checkpoints/stability_calibrated.pt
2026-04-11 00:43:29 | INFO    | resistancemap | Checkpoint saved: checkpoints/stability_calibrated.pt
2026-04-11 00:43:30 | INFO    | resistancemap | Checkpoint saved: checkpoints/stability_calibrated.pt
2026-04-11 00:43:31 | INFO    | resistancemap | Checkpoint saved: checkpoints/stability_calibrated.pt
2026-04-11 00:43:31 | INFO    | resistancemap | Checkpoint saved: checkpoints/stability_calibrated.pt
2026-04-11 00:43:32 | INFO    | resistancemap | Checkpoint saved: checkpoints/stability_calibrated.pt
2026-04-11 00:43:32 | INFO    | resistancemap | Checkpoint saved: checkpoints/stability_calibrated.pt
2026-04-11 00:43:33 | INFO    | resistancemap | Checkpoint saved: checkpoints/stability_calibrated.pt
2026-04-11 00:43:34 | INFO    | resistancemap.models.trajectory | [stability_calibrate] Epoch 50/500 loss=0.0762 basin_center=1.4790 basin_scale=1.5106
2026-04-11 00:43:34 | INFO    | resistancemap | Checkpoint saved: checkpoints/stability_calibrated.pt
2026-04-11 00:43:34 | INFO    | resistancemap | Checkpoint saved: checkpoints/stability_calibrated.pt
2026-04-11 00:43:35 | INFO    | resistancemap | Checkpoint saved: checkpoints/stability_calibrated.pt
2026-04-11 00:43:35 | INFO    | resistancemap | Checkpoint saved: checkpoints/stability_calibrated.pt
2026-04-11 00:43:36 | INFO    | resistancemap | Checkpoint saved: checkpoints/stability_calibrated.pt
2026-04-11 00:43:36 | INFO    | resistancemap | Checkpoint saved: checkpoints/stability_calibrated.pt
2026-04-11 00:43:37 | INFO    | resistancemap | Checkpoint saved: checkpoints/stability_calibrated.pt
2026-04-11 00:43:38 | INFO    | resistancemap | Checkpoint saved: checkpoints/stability_calibrated.pt
2026-04-11 00:43:38 | INFO    | resistancemap | Checkpoint saved: checkpoints/stability_calibrated.pt
2026-04-11 00:43:39 | INFO    | resistancemap | Checkpoint saved: checkpoints/stability_calibrated.pt
2026-04-11 00:43:39 | INFO    | resistancemap | Checkpoint saved: checkpoints/stability_calibrated.pt
2026-04-11 00:43:40 | INFO    | resistancemap | Checkpoint saved: checkpoints/stability_calibrated.pt
2026-04-11 00:43:41 | INFO    | resistancemap | Checkpoint saved: checkpoints/stability_calibrated.pt
2026-04-11 00:43:41 | INFO    | resistancemap | Checkpoint saved: checkpoints/stability_calibrated.pt
2026-04-11 00:43:42 | INFO    | resistancemap | Checkpoint saved: checkpoints/stability_calibrated.pt
2026-04-11 00:43:43 | INFO    | resistancemap | Checkpoint saved: checkpoints/stability_calibrated.pt
2026-04-11 00:43:44 | INFO    | resistancemap | Checkpoint saved: checkpoints/stability_calibrated.pt
2026-04-11 00:43:44 | INFO    | resistancemap | Checkpoint saved: checkpoints/stability_calibrated.pt
2026-04-11 00:43:45 | INFO    | resistancemap | Checkpoint saved: checkpoints/stability_calibrated.pt
2026-04-11 00:43:46 | INFO    | resistancemap | Checkpoint saved: checkpoints/stability_calibrated.pt
2026-04-11 00:43:47 | INFO    | resistancemap | Checkpoint saved: checkpoints/stability_calibrated.pt
2026-04-11 00:43:47 | INFO    | resistancemap | Checkpoint saved: checkpoints/stability_calibrated.pt
2026-04-11 00:43:48 | INFO    | resistancemap | Checkpoint saved: checkpoints/stability_calibrated.pt
2026-04-11 00:44:04 | INFO    | resistancemap | Checkpoint saved: checkpoints/stability_calibrated.pt
2026-04-11 00:44:09 | INFO    | resistancemap.models.trajectory | [stability_calibrate] Epoch 100/500 loss=0.0003 basin_center=1.4581 basin_scale=1.4932
2026-04-11 00:44:20 | INFO    | resistancemap | Checkpoint saved: checkpoints/stability_calibrated.pt
2026-04-11 00:44:46 | INFO    | resistancemap.models.trajectory | [stability_calibrate] Epoch 150/500 loss=0.0000 basin_center=1.4574 basin_scale=1.4928
2026-04-11 00:44:50 | INFO    | resistancemap | Checkpoint saved: checkpoints/stability_calibrated.pt
2026-04-11 00:45:17 | INFO    | resistancemap | Checkpoint saved: checkpoints/stability_calibrated.pt
2026-04-11 00:45:23 | INFO    | resistancemap.models.trajectory | [stability_calibrate] Epoch 200/500 loss=0.0000 basin_center=1.4573 basin_scale=1.4928
2026-04-11 00:45:28 | INFO    | resistancemap | Checkpoint saved: checkpoints/stability_calibrated.pt
2026-04-11 00:45:48 | INFO    | resistancemap | Checkpoint saved: checkpoints/stability_calibrated.pt
2026-04-11 00:45:59 | INFO    | resistancemap.models.trajectory | [stability_calibrate] Epoch 250/500 loss=0.0000 basin_center=1.4573 basin_scale=1.4928
2026-04-11 00:46:11 | INFO    | resistancemap | Checkpoint saved: checkpoints/stability_calibrated.pt
2026-04-11 00:46:36 | INFO    | resistancemap.models.trajectory | [stability_calibrate] Epoch 300/500 loss=0.0000 basin_center=1.4573 basin_scale=1.4928
2026-04-11 00:47:12 | INFO    | resistancemap.models.trajectory | [stability_calibrate] Epoch 350/500 loss=0.0000 basin_center=1.4573 basin_scale=1.4928
2026-04-11 00:47:48 | INFO    | resistancemap.models.trajectory | [stability_calibrate] Epoch 400/500 loss=0.0000 basin_center=1.4573 basin_scale=1.4928
2026-04-11 00:48:23 | INFO    | resistancemap | Checkpoint saved: checkpoints/stability_calibrated.pt
2026-04-11 00:48:25 | INFO    | resistancemap.models.trajectory | [stability_calibrate] Epoch 450/500 loss=0.0000 basin_center=1.4573 basin_scale=1.4928
2026-04-11 00:49:00 | INFO    | resistancemap.models.trajectory | [stability_calibrate] Epoch 500/500 loss=0.0000 basin_center=1.4573 basin_scale=1.4928
2026-04-11 00:49:00 | INFO    | resistancemap | <<< STAGE END: trajectory_calibrate (6.1 min) | best_calibration_loss=0.0000 n_valid_samples=886
2026-04-11 00:49:01 | INFO    | resistancemap | === Sequential stage: protein_net_train ===
2026-04-11 01:05:27 | INFO    | resistancemap | Logging to logs/pipeline.log
2026-04-11 01:05:27 | WARNING | resistancemap | W&B init failed (continuing without): No API key configured. Use `wandb login` to log in.
2026-04-11 01:05:27 | INFO    | resistancemap | === Sequential stage: data_validate ===
2026-04-11 01:05:27 | INFO    | resistancemap | >>> STAGE START: data_validate
2026-04-11 01:05:27 | INFO    | resistancemap | <<< STAGE END: data_validate (0.0 min)
2026-04-11 01:05:27 | INFO    | resistancemap | === Sequential stage: data_prep ===
2026-04-11 01:05:28 | INFO    | resistancemap | === Sequential stage: vae_pretrain ===
2026-04-11 01:05:28 | INFO    | resistancemap | === Sequential stage: vae_finetune ===
2026-04-11 01:05:28 | INFO    | resistancemap | === Sequential stage: trajectory_calibrate ===
2026-04-11 01:05:28 | INFO    | resistancemap | === Sequential stage: protein_net_train ===
2026-04-11 01:05:30 | INFO    | resistancemap | >>> STAGE START: protein_net_train
2026-04-11 01:05:30 | INFO    | resistancemap | Checkpoint loaded: checkpoints/data_ready.pt (saved 2026-04-11T05:38:33.352382+00:00)
2026-04-11 01:05:31 | INFO    | resistancemap | Checkpoint loaded: checkpoints/vae_finetuned.pt (saved 2026-04-11T05:39:45.553797+00:00)
2026-04-11 01:05:31 | INFO    | resistancemap | Checkpoint loaded: checkpoints/stability_calibrated.pt (saved 2026-04-11T05:48:23.468979+00:00)
2026-04-11 01:06:21 | INFO    | resistancemap | Logging to logs/pipeline.log
2026-04-11 01:06:21 | WARNING | resistancemap | W&B init failed (continuing without): No API key configured. Use `wandb login` to log in.
2026-04-11 01:06:21 | INFO    | resistancemap | === Sequential stage: data_validate ===
2026-04-11 01:06:21 | INFO    | resistancemap | >>> STAGE START: data_validate
2026-04-11 01:06:21 | INFO    | resistancemap | <<< STAGE END: data_validate (0.0 min)
2026-04-11 01:06:21 | INFO    | resistancemap | === Sequential stage: data_prep ===
2026-04-11 01:06:22 | INFO    | resistancemap | === Sequential stage: vae_pretrain ===
2026-04-11 01:06:22 | INFO    | resistancemap | === Sequential stage: vae_finetune ===
2026-04-11 01:06:22 | INFO    | resistancemap | === Sequential stage: trajectory_calibrate ===
2026-04-11 01:06:22 | INFO    | resistancemap | === Sequential stage: protein_net_train ===
2026-04-11 01:06:24 | INFO    | resistancemap | >>> STAGE START: protein_net_train
2026-04-11 01:06:25 | INFO    | resistancemap | Checkpoint loaded: checkpoints/data_ready.pt (saved 2026-04-11T05:38:33.352382+00:00)
2026-04-11 01:06:25 | INFO    | resistancemap | Checkpoint loaded: checkpoints/vae_finetuned.pt (saved 2026-04-11T05:39:45.553797+00:00)
2026-04-11 01:06:25 | INFO    | resistancemap | Checkpoint loaded: checkpoints/stability_calibrated.pt (saved 2026-04-11T05:48:23.468979+00:00)
2026-04-11 01:13:58 | INFO    | resistancemap | Checkpoint saved: checkpoints/protein_net_trained.pt
2026-04-11 01:15:13 | INFO    | resistancemap | <<< STAGE END: protein_net_train (8.8 min) | protein_net_val_loss=0.0000
2026-04-11 01:15:13 | INFO    | resistancemap | === Sequential stage: fusion_train ===
2026-04-11 01:15:13 | INFO    | resistancemap | >>> STAGE START: fusion_train
2026-04-11 01:15:13 | INFO    | resistancemap | Checkpoint loaded: checkpoints/data_ready.pt (saved 2026-04-11T05:38:33.352382+00:00)
2026-04-11 01:15:13 | INFO    | resistancemap | Checkpoint loaded: checkpoints/vae_finetuned.pt (saved 2026-04-11T05:39:45.553797+00:00)
2026-04-11 01:15:13 | INFO    | resistancemap | Checkpoint loaded: checkpoints/stability_calibrated.pt (saved 2026-04-11T05:48:23.468979+00:00)
2026-04-11 01:15:13 | INFO    | resistancemap | Checkpoint loaded: checkpoints/protein_net_trained.pt (saved 2026-04-11T06:13:58.636988+00:00)
2026-04-11 01:22:48 | INFO    | resistancemap | Checkpoint saved: checkpoints/fusion_trained.pt
2026-04-11 01:22:48 | INFO    | resistancemap | <<< STAGE END: fusion_train (7.6 min) | fusion_val_loss=0.0000
2026-04-11 01:22:48 | INFO    | resistancemap | === Sequential stage: landscape_train ===
2026-04-11 01:22:48 | INFO    | resistancemap | >>> STAGE START: landscape_train
2026-04-11 01:22:48 | INFO    | resistancemap | Checkpoint loaded: checkpoints/data_ready.pt (saved 2026-04-11T05:38:33.352382+00:00)
2026-04-11 01:22:48 | INFO    | resistancemap | Checkpoint loaded: checkpoints/fusion_trained.pt (saved 2026-04-11T06:22:48.012284+00:00)
2026-04-11 01:22:48 | INFO    | resistancemap | Checkpoint saved: checkpoints/landscape_trained.pt
2026-04-11 01:22:48 | INFO    | resistancemap | <<< STAGE END: landscape_train (0.0 min) | landscape_val_loss=0.0000
2026-04-11 01:22:48 | INFO    | resistancemap | === Sequential stage: validate ===
2026-04-11 01:22:48 | INFO    | resistancemap | >>> STAGE START: validate
2026-04-11 01:24:45 | INFO    | resistancemap | Logging to logs/pipeline.log
2026-04-11 01:24:45 | WARNING | resistancemap | W&B init failed (continuing without): No API key configured. Use `wandb login` to log in.
2026-04-11 01:24:45 | INFO    | resistancemap | === Sequential stage: data_validate ===
2026-04-11 01:24:45 | INFO    | resistancemap | >>> STAGE START: data_validate
2026-04-11 01:24:45 | INFO    | resistancemap | <<< STAGE END: data_validate (0.0 min)
2026-04-11 01:24:45 | INFO    | resistancemap | === Sequential stage: data_prep ===
2026-04-11 01:24:46 | INFO    | resistancemap | === Sequential stage: vae_pretrain ===
2026-04-11 01:24:46 | INFO    | resistancemap | === Sequential stage: vae_finetune ===
2026-04-11 01:24:46 | INFO    | resistancemap | === Sequential stage: trajectory_calibrate ===
2026-04-11 01:24:46 | INFO    | resistancemap | === Sequential stage: protein_net_train ===
2026-04-11 01:24:48 | INFO    | resistancemap | === Sequential stage: fusion_train ===
2026-04-11 01:24:48 | INFO    | resistancemap | === Sequential stage: landscape_train ===
2026-04-11 01:24:48 | INFO    | resistancemap | === Sequential stage: validate ===
2026-04-11 01:24:48 | INFO    | resistancemap | >>> STAGE START: validate
2026-04-11 01:24:48 | INFO    | resistancemap | Checkpoint loaded: checkpoints/data_ready.pt (saved 2026-04-11T05:38:33.352382+00:00)
2026-04-11 01:24:48 | INFO    | resistancemap | Checkpoint loaded: checkpoints/landscape_trained.pt (saved 2026-04-11T06:22:48.704399+00:00)
2026-04-11 01:24:49 | INFO    | resistancemap.inference.pipeline | Pipeline loaded from configuration (L5 landscape model ready)
2026-04-11 01:24:49 | INFO    | resistancemap.inference.pipeline | ResistanceMapPipeline initialized: 6 drugs, 100 proteins, 3 resistance states
2026-04-11 01:25:39 | INFO    | resistancemap | Logging to logs/pipeline.log
2026-04-11 01:25:39 | WARNING | resistancemap | W&B init failed (continuing without): No API key configured. Use `wandb login` to log in.
2026-04-11 01:25:39 | INFO    | resistancemap | === Sequential stage: data_validate ===
2026-04-11 01:25:39 | INFO    | resistancemap | >>> STAGE START: data_validate
2026-04-11 01:25:39 | INFO    | resistancemap | <<< STAGE END: data_validate (0.0 min)
2026-04-11 01:25:39 | INFO    | resistancemap | === Sequential stage: data_prep ===
2026-04-11 01:25:40 | INFO    | resistancemap | === Sequential stage: vae_pretrain ===
2026-04-11 01:25:40 | INFO    | resistancemap | === Sequential stage: vae_finetune ===
2026-04-11 01:25:40 | INFO    | resistancemap | === Sequential stage: trajectory_calibrate ===
2026-04-11 01:25:40 | INFO    | resistancemap | === Sequential stage: protein_net_train ===
2026-04-11 01:25:42 | INFO    | resistancemap | === Sequential stage: fusion_train ===
2026-04-11 01:25:42 | INFO    | resistancemap | === Sequential stage: landscape_train ===
2026-04-11 01:25:42 | INFO    | resistancemap | === Sequential stage: validate ===
2026-04-11 01:25:42 | INFO    | resistancemap | >>> STAGE START: validate
2026-04-11 01:25:42 | INFO    | resistancemap | Checkpoint loaded: checkpoints/data_ready.pt (saved 2026-04-11T05:38:33.352382+00:00)
2026-04-11 01:25:42 | INFO    | resistancemap | Checkpoint loaded: checkpoints/fusion_trained.pt (saved 2026-04-11T06:22:48.012284+00:00)
2026-04-11 01:25:42 | INFO    | resistancemap | Checkpoint loaded: checkpoints/landscape_trained.pt (saved 2026-04-11T06:22:48.704399+00:00)
2026-04-11 01:25:43 | INFO    | resistancemap | Checkpoint saved: checkpoints/pipeline_validated.pt
2026-04-11 01:25:43 | INFO    | resistancemap | <<< STAGE END: validate (0.0 min) | test_mse=nan n_test_samples=132 n_drugs=2 split=test
2026-04-11 01:25:43 | INFO    | resistancemap | === Sequential stage: serve ===
2026-04-11 01:25:43 | INFO    | resistancemap | >>> STAGE START: serve
2026-04-11 01:26:52 | INFO    | resistancemap | Logging to logs/pipeline.log
2026-04-11 01:26:52 | WARNING | resistancemap | W&B init failed (continuing without): No API key configured. Use `wandb login` to log in.
2026-04-11 01:26:52 | INFO    | resistancemap | === Sequential stage: data_validate ===
2026-04-11 01:26:52 | INFO    | resistancemap | >>> STAGE START: data_validate
2026-04-11 01:26:52 | INFO    | resistancemap | <<< STAGE END: data_validate (0.0 min)
2026-04-11 01:26:52 | INFO    | resistancemap | === Sequential stage: data_prep ===
2026-04-11 01:26:53 | INFO    | resistancemap | >>> STAGE START: data_prep
2026-04-11 01:26:53 | INFO    | resistancemap.data.loaders | Loading CCLE proteomics from data/raw/ccle_proteomics.csv
2026-04-11 01:27:00 | INFO    | resistancemap.data.loaders | Loaded proteomics: 1393 cell lines, 19177 proteins
2026-04-11 01:27:00 | INFO    | resistancemap.data.loaders | After coverage filter (70%): 19177 proteins retained
2026-04-11 01:27:00 | INFO    | resistancemap.data.loaders | Loading CCLE epigenomics from data/raw/ccle_epigenomics
2026-04-11 01:27:00 | INFO    | resistancemap.data.loaders |   chromatin_profiling: 897 lines, 42 features
2026-04-11 01:27:00 | INFO    | resistancemap.data.loaders | Loading STRING PPI network from data/raw/string_ppi.txt
2026-04-11 01:27:39 | INFO    | resistancemap.data.loaders |   STRING scores on 0-1000 scale — normalizing to 0-1
2026-04-11 01:27:39 | INFO    | resistancemap.data.loaders | PPI edges after confidence filter (>=0.7): 473860
2026-04-11 01:27:39 | INFO    | resistancemap.data.loaders | Loading scRNA-seq from data/raw/gse124310.h5ad
2026-04-11 01:27:39 | INFO    | resistancemap.data.loaders | Loaded scRNA-seq: 27796 cells, 33694 genes
2026-04-11 01:27:39 | INFO    | resistancemap.data.loaders | Loaded scRNA-seq GSE124310: 27796 cells
2026-04-11 01:27:39 | WARNING | resistancemap.data.loaders | scRNA-seq GSE271107 not found at data/raw/gse271107.h5ad, skipping
2026-04-11 01:27:39 | WARNING | resistancemap.data.loaders | MMRF CoMMpass directory not found at data/raw/mmrf_commpass, skipping
2026-04-11 01:27:39 | INFO    | resistancemap.data.preprocessors | Harmonizing multi-omics data
2026-04-11 01:27:39 | INFO    | resistancemap.data.preprocessors |   Additional scRNA-seq datasets: ['GSE124310']
2026-04-11 01:27:39 | INFO    | resistancemap.data.preprocessors |   ID mapping: 0 CCLEName → ModelID entries
2026-04-11 01:27:39 | INFO    | resistancemap.data.preprocessors | Cell lines in common across modalities: 886
2026-04-11 01:28:00 | INFO    | resistancemap.data.loaders | Loading drug sensitivity data
2026-04-11 01:28:01 | INFO    | resistancemap.data.loaders |   GDSC: 575197 records
2026-04-11 01:28:01 | INFO    | resistancemap.data.loaders |   GDSC: standardized columns
2026-04-11 01:28:01 | WARNING | resistancemap.data.loaders |   CTRPv2: not found at data/raw/ctrpv2_drug_sensitivity.csv, skipping
2026-04-11 01:28:01 | INFO    | resistancemap.data.loaders | Drug sensitivity matrix: 975 samples × 2 drugs
2026-04-11 01:28:01 | INFO    | resistancemap.data.preprocessors |   Drug sensitivity ID mapping via cell_line_name: 496 matches
2026-04-11 01:28:02 | INFO    | resistancemap.data.preprocessors |   Lineage labels: 886/886 matched
2026-04-11 01:28:02 | WARNING | resistancemap.data.preprocessors | Only 0 proteins in PPI match proteomics (out of 19177 proteins). Check protein naming conventions.
2026-04-11 01:28:02 | INFO    | resistancemap.data.preprocessors | PPI-proteomics overlap: 0 proteins
2026-04-11 01:28:02 | INFO    | resistancemap.data.preprocessors | MultiOmicsDataset: 886 samples, 19177 proteins, 42 epigenomic features, 473860 PPI edges
2026-04-11 01:28:02 | INFO    | resistancemap.data.preprocessors | Splits: train=622, val=132, test=132
2026-04-11 01:28:02 | INFO    | resistancemap | Checkpoint saved: checkpoints/data_ready.pt
2026-04-11 01:28:02 | INFO    | resistancemap | <<< STAGE END: data_prep (1.2 min)
2026-04-11 01:28:02 | INFO    | resistancemap | === Sequential stage: vae_pretrain ===
2026-04-11 01:28:02 | INFO    | resistancemap | >>> STAGE START: vae_pretrain
2026-04-11 01:28:02 | INFO    | resistancemap | Checkpoint loaded: checkpoints/data_ready.pt (saved 2026-04-11T06:28:02.017626+00:00)
2026-04-11 01:28:05 | INFO    | resistancemap.models.vae | [vae_pretrained] Epoch 1/200 — train_loss=2.0347 val_loss=47.9508 recon=2.0347 kl=0.6752 kl_weight=0.0000
2026-04-11 01:28:06 | INFO    | resistancemap | Checkpoint saved: checkpoints/vae_pretrained.pt
2026-04-11 01:28:06 | INFO    | resistancemap.models.vae | [vae_pretrained] Epoch 2/200 — train_loss=1.7054 val_loss=2369.6497 recon=1.6664 kl=0.9746 kl_weight=0.0400
2026-04-11 01:28:07 | INFO    | resistancemap.models.vae | [vae_pretrained] Epoch 3/200 — train_loss=1.6704 val_loss=23.2935 recon=1.5723 kl=1.2252 kl_weight=0.0800
2026-04-11 01:28:07 | INFO    | resistancemap | Checkpoint saved: checkpoints/vae_pretrained.pt
2026-04-11 01:28:08 | INFO    | resistancemap.models.vae | [vae_pretrained] Epoch 4/200 — train_loss=1.5801 val_loss=13.2373 recon=1.4584 kl=1.0145 kl_weight=0.1200
2026-04-11 01:28:09 | INFO    | resistancemap | Checkpoint saved: checkpoints/vae_pretrained.pt
2026-04-11 01:28:09 | INFO    | resistancemap.models.vae | [vae_pretrained] Epoch 5/200 — train_loss=1.5422 val_loss=8.7954 recon=1.3812 kl=1.0061 kl_weight=0.1600
2026-04-11 01:28:10 | INFO    | resistancemap | Checkpoint saved: checkpoints/vae_pretrained.pt
2026-04-11 01:28:11 | INFO    | resistancemap.models.vae | [vae_pretrained] Epoch 6/200 — train_loss=1.4505 val_loss=3.6051 recon=1.2779 kl=0.8627 kl_weight=0.2000
2026-04-11 01:28:12 | INFO    | resistancemap | Checkpoint saved: checkpoints/vae_pretrained.pt
2026-04-11 01:28:12 | INFO    | resistancemap.models.vae | [vae_pretrained] Epoch 7/200 — train_loss=2.3872 val_loss=3.3288 recon=1.2241 kl=4.8461 kl_weight=0.2400
2026-04-11 01:28:13 | INFO    | resistancemap | Checkpoint saved: checkpoints/vae_pretrained.pt
2026-04-11 01:28:13 | INFO    | resistancemap.models.vae | [vae_pretrained] Epoch 8/200 — train_loss=1.4824 val_loss=2.9517 recon=1.2704 kl=0.7572 kl_weight=0.2800
2026-04-11 01:28:14 | INFO    | resistancemap | Checkpoint saved: checkpoints/vae_pretrained.pt
2026-04-11 01:28:15 | INFO    | resistancemap.models.vae | [vae_pretrained] Epoch 9/200 — train_loss=1.4218 val_loss=2.5965 recon=1.2165 kl=0.6416 kl_weight=0.3200
2026-04-11 01:28:16 | INFO    | resistancemap | Checkpoint saved: checkpoints/vae_pretrained.pt
2026-04-11 01:28:16 | INFO    | resistancemap.models.vae | [vae_pretrained] Epoch 10/200 — train_loss=1.4938 val_loss=2.3625 recon=1.0950 kl=1.1080 kl_weight=0.3600
2026-04-11 01:28:17 | INFO    | resistancemap | Checkpoint saved: checkpoints/vae_pretrained.pt
2026-04-11 01:28:18 | INFO    | resistancemap.models.vae | [vae_pretrained] Epoch 11/200 — train_loss=1.3902 val_loss=2.0231 recon=1.1700 kl=0.5505 kl_weight=0.4000
2026-04-11 01:28:19 | INFO    | resistancemap | Checkpoint saved: checkpoints/vae_pretrained.pt
2026-04-11 01:28:19 | INFO    | resistancemap.models.vae | [vae_pretrained] Epoch 12/200 — train_loss=1.3023 val_loss=1.7909 recon=1.0760 kl=0.5143 kl_weight=0.4400
2026-04-11 01:28:20 | INFO    | resistancemap | Checkpoint saved: checkpoints/vae_pretrained.pt
2026-04-11 01:28:20 | INFO    | resistancemap.models.vae | [vae_pretrained] Epoch 13/200 — train_loss=1.2561 val_loss=1.6273 recon=1.0218 kl=0.4882 kl_weight=0.4800
2026-04-11 01:28:21 | INFO    | resistancemap | Checkpoint saved: checkpoints/vae_pretrained.pt
2026-04-11 01:28:22 | INFO    | resistancemap.models.vae | [vae_pretrained] Epoch 14/200 — train_loss=1.2267 val_loss=1.5137 recon=0.9835 kl=0.4677 kl_weight=0.5200
2026-04-11 01:28:23 | INFO    | resistancemap | Checkpoint saved: checkpoints/vae_pretrained.pt
2026-04-11 01:28:23 | INFO    | resistancemap.models.vae | [vae_pretrained] Epoch 15/200 — train_loss=1.1789 val_loss=1.3952 recon=0.9262 kl=0.4512 kl_weight=0.5600
2026-04-11 01:28:24 | INFO    | resistancemap | Checkpoint saved: checkpoints/vae_pretrained.pt
2026-04-11 01:28:24 | INFO    | resistancemap.models.vae | [vae_pretrained] Epoch 16/200 — train_loss=1.1550 val_loss=1.3077 recon=0.8922 kl=0.4382 kl_weight=0.6000
2026-04-11 01:28:25 | INFO    | resistancemap | Checkpoint saved: checkpoints/vae_pretrained.pt
2026-04-11 01:28:26 | INFO    | resistancemap.models.vae | [vae_pretrained] Epoch 17/200 — train_loss=1.1261 val_loss=1.2567 recon=0.8563 kl=0.4216 kl_weight=0.6400
2026-04-11 01:28:27 | INFO    | resistancemap | Checkpoint saved: checkpoints/vae_pretrained.pt
2026-04-11 01:28:27 | INFO    | resistancemap.models.vae | [vae_pretrained] Epoch 18/200 — train_loss=1.0954 val_loss=1.2387 recon=0.8278 kl=0.3936 kl_weight=0.6800
2026-04-11 01:28:28 | INFO    | resistancemap | Checkpoint saved: checkpoints/vae_pretrained.pt
2026-04-11 01:28:29 | INFO    | resistancemap.models.vae | [vae_pretrained] Epoch 19/200 — train_loss=1.0884 val_loss=1.2303 recon=0.8114 kl=0.3846 kl_weight=0.7200
2026-04-11 01:28:30 | INFO    | resistancemap | Checkpoint saved: checkpoints/vae_pretrained.pt
2026-04-11 01:28:30 | INFO    | resistancemap.models.vae | [vae_pretrained] Epoch 20/200 — train_loss=1.0781 val_loss=1.2143 recon=0.7921 kl=0.3763 kl_weight=0.7600
2026-04-11 01:28:31 | INFO    | resistancemap | Checkpoint saved: checkpoints/vae_pretrained.pt
2026-04-11 01:28:31 | INFO    | resistancemap.models.vae | [vae_pretrained] Epoch 21/200 — train_loss=1.0368 val_loss=1.1890 recon=0.7445 kl=0.3654 kl_weight=0.8000
2026-04-11 01:28:32 | INFO    | resistancemap | Checkpoint saved: checkpoints/vae_pretrained.pt
2026-04-11 01:28:33 | INFO    | resistancemap.models.vae | [vae_pretrained] Epoch 22/200 — train_loss=1.0337 val_loss=1.1699 recon=0.7354 kl=0.3551 kl_weight=0.8400
2026-04-11 01:28:34 | INFO    | resistancemap | Checkpoint saved: checkpoints/vae_pretrained.pt
2026-04-11 01:28:34 | INFO    | resistancemap.models.vae | [vae_pretrained] Epoch 23/200 — train_loss=1.0254 val_loss=1.1513 recon=0.7322 kl=0.3332 kl_weight=0.8800
2026-04-11 01:28:35 | INFO    | resistancemap | Checkpoint saved: checkpoints/vae_pretrained.pt
2026-04-11 01:28:36 | INFO    | resistancemap.models.vae | [vae_pretrained] Epoch 24/200 — train_loss=1.0092 val_loss=1.1324 recon=0.7168 kl=0.3178 kl_weight=0.9200
2026-04-11 01:28:36 | INFO    | resistancemap | Checkpoint saved: checkpoints/vae_pretrained.pt
2026-04-11 01:28:37 | INFO    | resistancemap.models.vae | [vae_pretrained] Epoch 25/200 — train_loss=1.0058 val_loss=1.1314 recon=0.7205 kl=0.2971 kl_weight=0.9600
2026-04-11 01:28:38 | INFO    | resistancemap | Checkpoint saved: checkpoints/vae_pretrained.pt
2026-04-11 01:28:38 | INFO    | resistancemap.models.vae | [vae_pretrained] Epoch 26/200 — train_loss=1.0005 val_loss=1.1145 recon=0.7177 kl=0.2829 kl_weight=1.0000
2026-04-11 01:28:39 | INFO    | resistancemap | Checkpoint saved: checkpoints/vae_pretrained.pt
2026-04-11 01:28:40 | INFO    | resistancemap.models.vae | [vae_pretrained] Epoch 27/200 — train_loss=0.9846 val_loss=1.0993 recon=0.7072 kl=0.2773 kl_weight=1.0000
2026-04-11 01:28:41 | INFO    | resistancemap | Checkpoint saved: checkpoints/vae_pretrained.pt
2026-04-11 01:28:41 | INFO    | resistancemap.models.vae | [vae_pretrained] Epoch 28/200 — train_loss=0.9506 val_loss=1.0941 recon=0.6889 kl=0.2617 kl_weight=1.0000
2026-04-11 01:28:42 | INFO    | resistancemap | Checkpoint saved: checkpoints/vae_pretrained.pt
2026-04-11 01:28:42 | INFO    | resistancemap.models.vae | [vae_pretrained] Epoch 29/200 — train_loss=0.9434 val_loss=1.0815 recon=0.6943 kl=0.2492 kl_weight=1.0000
2026-04-11 01:28:43 | INFO    | resistancemap | Checkpoint saved: checkpoints/vae_pretrained.pt
2026-04-11 01:28:44 | INFO    | resistancemap.models.vae | [vae_pretrained] Epoch 30/200 — train_loss=0.9319 val_loss=1.0706 recon=0.6945 kl=0.2374 kl_weight=1.0000
2026-04-11 01:28:45 | INFO    | resistancemap | Checkpoint saved: checkpoints/vae_pretrained.pt
2026-04-11 01:28:45 | INFO    | resistancemap.models.vae | [vae_pretrained] Epoch 31/200 — train_loss=0.9193 val_loss=1.0696 recon=0.6874 kl=0.2319 kl_weight=1.0000
2026-04-11 01:28:46 | INFO    | resistancemap | Checkpoint saved: checkpoints/vae_pretrained.pt
2026-04-11 01:28:47 | INFO    | resistancemap.models.vae | [vae_pretrained] Epoch 32/200 — train_loss=0.9057 val_loss=1.0703 recon=0.6788 kl=0.2269 kl_weight=1.0000
2026-04-11 01:28:47 | INFO    | resistancemap.models.vae | [vae_pretrained] Epoch 33/200 — train_loss=0.8918 val_loss=1.0568 recon=0.6662 kl=0.2256 kl_weight=1.0000
2026-04-11 01:28:48 | INFO    | resistancemap | Checkpoint saved: checkpoints/vae_pretrained.pt
2026-04-11 01:28:48 | INFO    | resistancemap.models.vae | [vae_pretrained] Epoch 34/200 — train_loss=0.8817 val_loss=1.0406 recon=0.6592 kl=0.2225 kl_weight=1.0000
2026-04-11 01:28:49 | INFO    | resistancemap | Checkpoint saved: checkpoints/vae_pretrained.pt
2026-04-11 01:28:50 | INFO    | resistancemap.models.vae | [vae_pretrained] Epoch 35/200 — train_loss=0.8732 val_loss=1.0242 recon=0.6583 kl=0.2149 kl_weight=1.0000
2026-04-11 01:28:51 | INFO    | resistancemap | Checkpoint saved: checkpoints/vae_pretrained.pt
2026-04-11 01:28:51 | INFO    | resistancemap.models.vae | [vae_pretrained] Epoch 36/200 — train_loss=0.8684 val_loss=1.0126 recon=0.6608 kl=0.2076 kl_weight=1.0000
2026-04-11 01:28:52 | INFO    | resistancemap | Checkpoint saved: checkpoints/vae_pretrained.pt
2026-04-11 01:28:52 | INFO    | resistancemap.models.vae | [vae_pretrained] Epoch 37/200 — train_loss=0.8592 val_loss=1.0008 recon=0.6588 kl=0.2004 kl_weight=1.0000
2026-04-11 01:28:53 | INFO    | resistancemap | Checkpoint saved: checkpoints/vae_pretrained.pt
2026-04-11 01:28:54 | INFO    | resistancemap.models.vae | [vae_pretrained] Epoch 38/200 — train_loss=0.8537 val_loss=0.9944 recon=0.6478 kl=0.2058 kl_weight=1.0000
2026-04-11 01:28:55 | INFO    | resistancemap | Checkpoint saved: checkpoints/vae_pretrained.pt
2026-04-11 01:28:55 | INFO    | resistancemap.models.vae | [vae_pretrained] Epoch 39/200 — train_loss=0.8404 val_loss=0.9901 recon=0.6356 kl=0.2048 kl_weight=1.0000
2026-04-11 01:28:56 | INFO    | resistancemap | Checkpoint saved: checkpoints/vae_pretrained.pt
2026-04-11 01:28:57 | INFO    | resistancemap.models.vae | [vae_pretrained] Epoch 40/200 — train_loss=0.8525 val_loss=0.9908 recon=0.6448 kl=0.2076 kl_weight=1.0000
2026-04-11 01:28:57 | INFO    | resistancemap.models.vae | [vae_pretrained] Epoch 41/200 — train_loss=0.8468 val_loss=0.9884 recon=0.6465 kl=0.2003 kl_weight=1.0000
2026-04-11 01:28:58 | INFO    | resistancemap | Checkpoint saved: checkpoints/vae_pretrained.pt
2026-04-11 01:28:58 | INFO    | resistancemap.models.vae | [vae_pretrained] Epoch 42/200 — train_loss=0.8142 val_loss=0.9858 recon=0.6141 kl=0.2001 kl_weight=1.0000
2026-04-11 01:28:59 | INFO    | resistancemap | Checkpoint saved: checkpoints/vae_pretrained.pt
2026-04-11 01:29:00 | INFO    | resistancemap.models.vae | [vae_pretrained] Epoch 43/200 — train_loss=0.8158 val_loss=0.9847 recon=0.6182 kl=0.1976 kl_weight=1.0000
2026-04-11 01:29:01 | INFO    | resistancemap | Checkpoint saved: checkpoints/vae_pretrained.pt
2026-04-11 01:29:01 | INFO    | resistancemap.models.vae | [vae_pretrained] Epoch 44/200 — train_loss=0.8149 val_loss=0.9851 recon=0.6164 kl=0.1984 kl_weight=1.0000
2026-04-11 01:29:01 | INFO    | resistancemap.models.vae | [vae_pretrained] Epoch 45/200 — train_loss=0.8158 val_loss=0.9832 recon=0.6182 kl=0.1976 kl_weight=1.0000
2026-04-11 01:29:02 | INFO    | resistancemap | Checkpoint saved: checkpoints/vae_pretrained.pt
2026-04-11 01:29:03 | INFO    | resistancemap.models.vae | [vae_pretrained] Epoch 46/200 — train_loss=0.8046 val_loss=0.9810 recon=0.6066 kl=0.1979 kl_weight=1.0000
2026-04-11 01:29:04 | INFO    | resistancemap | Checkpoint saved: checkpoints/vae_pretrained.pt
2026-04-11 01:29:04 | INFO    | resistancemap.models.vae | [vae_pretrained] Epoch 47/200 — train_loss=0.7898 val_loss=0.9837 recon=0.5968 kl=0.1930 kl_weight=1.0000
2026-04-11 01:29:05 | INFO    | resistancemap.models.vae | [vae_pretrained] Epoch 48/200 — train_loss=0.7976 val_loss=0.9826 recon=0.6093 kl=0.1883 kl_weight=1.0000
2026-04-11 01:29:05 | INFO    | resistancemap.models.vae | [vae_pretrained] Epoch 49/200 — train_loss=0.8009 val_loss=0.9787 recon=0.6117 kl=0.1891 kl_weight=1.0000
2026-04-11 01:29:06 | INFO    | resistancemap | Checkpoint saved: checkpoints/vae_pretrained.pt
2026-04-11 01:29:06 | INFO    | resistancemap.models.vae | [vae_pretrained] Epoch 50/200 — train_loss=0.7962 val_loss=0.9753 recon=0.6081 kl=0.1881 kl_weight=1.0000
2026-04-11 01:29:07 | INFO    | resistancemap | Checkpoint saved: checkpoints/vae_pretrained.pt
2026-04-11 01:29:08 | INFO    | resistancemap.models.vae | [vae_pretrained] Epoch 51/200 — train_loss=0.5832 val_loss=0.9806 recon=0.5832 kl=0.1901 kl_weight=0.0000
2026-04-11 01:29:08 | INFO    | resistancemap.models.vae | [vae_pretrained] Epoch 52/200 — train_loss=0.5779 val_loss=0.9876 recon=0.5698 kl=0.2032 kl_weight=0.0400
2026-04-11 01:29:09 | INFO    | resistancemap.models.vae | [vae_pretrained] Epoch 53/200 — train_loss=0.5805 val_loss=0.9971 recon=0.5626 kl=0.2248 kl_weight=0.0800
2026-04-11 01:29:09 | INFO    | resistancemap.models.vae | [vae_pretrained] Epoch 54/200 — train_loss=0.5623 val_loss=1.0078 recon=0.5317 kl=0.2555 kl_weight=0.1200
2026-04-11 01:29:10 | INFO    | resistancemap.models.vae | [vae_pretrained] Epoch 55/200 — train_loss=0.5615 val_loss=1.0219 recon=0.5141 kl=0.2963 kl_weight=0.1600
2026-04-11 01:29:10 | INFO    | resistancemap.models.vae | [vae_pretrained] Epoch 56/200 — train_loss=0.5737 val_loss=1.0356 recon=0.5052 kl=0.3429 kl_weight=0.2000
2026-04-11 01:29:10 | INFO    | resistancemap.models.vae | [vae_pretrained] Epoch 57/200 — train_loss=0.5833 val_loss=1.0478 recon=0.4911 kl=0.3839 kl_weight=0.2400
2026-04-11 01:29:11 | INFO    | resistancemap.models.vae | [vae_pretrained] Epoch 58/200 — train_loss=0.5889 val_loss=1.0602 recon=0.4694 kl=0.4269 kl_weight=0.2800
2026-04-11 01:29:11 | INFO    | resistancemap.models.vae | [vae_pretrained] Epoch 59/200 — train_loss=0.6035 val_loss=1.0728 recon=0.4552 kl=0.4633 kl_weight=0.3200
2026-04-11 01:29:12 | INFO    | resistancemap.models.vae | [vae_pretrained] Epoch 60/200 — train_loss=0.6303 val_loss=1.0829 recon=0.4546 kl=0.4881 kl_weight=0.3600
2026-04-11 01:29:12 | INFO    | resistancemap.models.vae | [vae_pretrained] Epoch 61/200 — train_loss=0.6422 val_loss=1.0893 recon=0.4449 kl=0.4932 kl_weight=0.4000
2026-04-11 01:29:13 | INFO    | resistancemap.models.vae | [vae_pretrained] Epoch 62/200 — train_loss=0.6589 val_loss=1.0894 recon=0.4462 kl=0.4834 kl_weight=0.4400
2026-04-11 01:29:13 | INFO    | resistancemap.models.vae | [vae_pretrained] Epoch 63/200 — train_loss=0.6591 val_loss=1.0843 recon=0.4352 kl=0.4665 kl_weight=0.4800
2026-04-11 01:29:13 | INFO    | resistancemap.models.vae | [vae_pretrained] Epoch 64/200 — train_loss=0.6663 val_loss=1.0782 recon=0.4388 kl=0.4376 kl_weight=0.5200
2026-04-11 01:29:14 | INFO    | resistancemap.models.vae | [vae_pretrained] Epoch 65/200 — train_loss=0.6714 val_loss=1.0744 recon=0.4487 kl=0.3977 kl_weight=0.5600
2026-04-11 01:29:14 | INFO    | resistancemap.models.vae | [vae_pretrained] Epoch 66/200 — train_loss=0.6759 val_loss=1.0695 recon=0.4581 kl=0.3630 kl_weight=0.6000
2026-04-11 01:29:15 | INFO    | resistancemap.models.vae | [vae_pretrained] Epoch 67/200 — train_loss=0.6738 val_loss=1.0633 recon=0.4635 kl=0.3287 kl_weight=0.6400
2026-04-11 01:29:15 | INFO    | resistancemap.models.vae | [vae_pretrained] Epoch 68/200 — train_loss=0.6852 val_loss=1.0548 recon=0.4851 kl=0.2943 kl_weight=0.6800
2026-04-11 01:29:16 | INFO    | resistancemap.models.vae | [vae_pretrained] Epoch 69/200 — train_loss=0.6863 val_loss=1.0441 recon=0.4933 kl=0.2680 kl_weight=0.7200
2026-04-11 01:29:16 | INFO    | resistancemap.models.vae | [vae_pretrained] Epoch 70/200 — train_loss=0.6923 val_loss=1.0330 recon=0.5065 kl=0.2445 kl_weight=0.7600
2026-04-11 01:29:16 | INFO    | resistancemap.models.vae | Early stopping at epoch 70
2026-04-11 01:29:16 | INFO    | resistancemap | <<< STAGE END: vae_pretrain (1.2 min) | best_val_loss=0.9753 final_epoch=70 total_steps=70
2026-04-11 01:29:16 | INFO    | resistancemap | === Sequential stage: vae_finetune ===
2026-04-11 01:29:16 | INFO    | resistancemap | >>> STAGE START: vae_finetune
2026-04-11 01:29:16 | INFO    | resistancemap | Checkpoint loaded: checkpoints/data_ready.pt (saved 2026-04-11T06:28:02.017626+00:00)
2026-04-11 01:29:17 | INFO    | resistancemap | Checkpoint loaded: checkpoints/vae_pretrained.pt (saved 2026-04-11T06:29:06.959795+00:00)
2026-04-11 01:29:18 | INFO    | resistancemap.models.vae | [vae_finetuned] Epoch 1/100 — train_loss=0.7709 val_loss=1.1619 recon=0.7709 kl=0.3114 kl_weight=0.0000
2026-04-11 01:29:19 | INFO    | resistancemap | Checkpoint saved: checkpoints/vae_finetuned.pt
2026-04-11 01:29:19 | INFO    | resistancemap.models.vae | [vae_finetuned] Epoch 2/100 — train_loss=0.7174 val_loss=1.1517 recon=0.6896 kl=0.3337 kl_weight=0.0833
2026-04-11 01:29:20 | INFO    | resistancemap | Checkpoint saved: checkpoints/vae_finetuned.pt
2026-04-11 01:29:20 | INFO    | resistancemap.models.vae | [vae_finetuned] Epoch 3/100 — train_loss=0.7021 val_loss=1.1503 recon=0.6440 kl=0.3487 kl_weight=0.1667
2026-04-11 01:29:21 | INFO    | resistancemap | Checkpoint saved: checkpoints/vae_finetuned.pt
2026-04-11 01:29:22 | INFO    | resistancemap.models.vae | [vae_finetuned] Epoch 4/100 — train_loss=0.6735 val_loss=1.1581 recon=0.5818 kl=0.3670 kl_weight=0.2500
2026-04-11 01:29:22 | INFO    | resistancemap.models.vae | [vae_finetuned] Epoch 5/100 — train_loss=0.6963 val_loss=1.1681 recon=0.5662 kl=0.3905 kl_weight=0.3333
2026-04-11 01:29:23 | INFO    | resistancemap.models.vae | [vae_finetuned] Epoch 6/100 — train_loss=0.7259 val_loss=1.1814 recon=0.5590 kl=0.4005 kl_weight=0.4167
2026-04-11 01:29:23 | INFO    | resistancemap.models.vae | [vae_finetuned] Epoch 7/100 — train_loss=0.7227 val_loss=1.1945 recon=0.5190 kl=0.4074 kl_weight=0.5000
2026-04-11 01:29:23 | INFO    | resistancemap.models.vae | [vae_finetuned] Epoch 8/100 — train_loss=0.7627 val_loss=1.2052 recon=0.5227 kl=0.4116 kl_weight=0.5833
2026-04-11 01:29:24 | INFO    | resistancemap.models.vae | [vae_finetuned] Epoch 9/100 — train_loss=0.7601 val_loss=1.2118 recon=0.4890 kl=0.4066 kl_weight=0.6667
2026-04-11 01:29:24 | INFO    | resistancemap.models.vae | [vae_finetuned] Epoch 10/100 — train_loss=0.7938 val_loss=1.2189 recon=0.4953 kl=0.3980 kl_weight=0.7500
2026-04-11 01:29:25 | INFO    | resistancemap.models.vae | [vae_finetuned] Epoch 11/100 — train_loss=0.8148 val_loss=1.2224 recon=0.4895 kl=0.3904 kl_weight=0.8333
2026-04-11 01:29:25 | INFO    | resistancemap.models.vae | [vae_finetuned] Epoch 12/100 — train_loss=0.8309 val_loss=1.2242 recon=0.4814 kl=0.3813 kl_weight=0.9167
2026-04-11 01:29:26 | INFO    | resistancemap.models.vae | [vae_finetuned] Epoch 13/100 — train_loss=0.8684 val_loss=1.2214 recon=0.5059 kl=0.3625 kl_weight=1.0000
2026-04-11 01:29:26 | INFO    | resistancemap.models.vae | [vae_finetuned] Epoch 14/100 — train_loss=0.8245 val_loss=1.2193 recon=0.4772 kl=0.3473 kl_weight=1.0000
2026-04-11 01:29:27 | INFO    | resistancemap.models.vae | [vae_finetuned] Epoch 15/100 — train_loss=0.8176 val_loss=1.2151 recon=0.4839 kl=0.3337 kl_weight=1.0000
2026-04-11 01:29:27 | INFO    | resistancemap.models.vae | [vae_finetuned] Epoch 16/100 — train_loss=0.8040 val_loss=1.2099 recon=0.4927 kl=0.3113 kl_weight=1.0000
2026-04-11 01:29:27 | INFO    | resistancemap.models.vae | [vae_finetuned] Epoch 17/100 — train_loss=0.8030 val_loss=1.2077 recon=0.5138 kl=0.2892 kl_weight=1.0000
2026-04-11 01:29:28 | INFO    | resistancemap.models.vae | [vae_finetuned] Epoch 18/100 — train_loss=0.7959 val_loss=1.2039 recon=0.5159 kl=0.2800 kl_weight=1.0000
2026-04-11 01:29:28 | INFO    | resistancemap.models.vae | [vae_finetuned] Epoch 19/100 — train_loss=0.7758 val_loss=1.1993 recon=0.5099 kl=0.2659 kl_weight=1.0000
2026-04-11 01:29:29 | INFO    | resistancemap.models.vae | [vae_finetuned] Epoch 20/100 — train_loss=0.7834 val_loss=1.1971 recon=0.5303 kl=0.2531 kl_weight=1.0000
2026-04-11 01:29:29 | INFO    | resistancemap.models.vae | [vae_finetuned] Epoch 21/100 — train_loss=0.7548 val_loss=1.1931 recon=0.5090 kl=0.2458 kl_weight=1.0000
2026-04-11 01:29:30 | INFO    | resistancemap.models.vae | [vae_finetuned] Epoch 22/100 — train_loss=0.7707 val_loss=1.1900 recon=0.5350 kl=0.2357 kl_weight=1.0000
2026-04-11 01:29:30 | INFO    | resistancemap.models.vae | [vae_finetuned] Epoch 23/100 — train_loss=0.7604 val_loss=1.1868 recon=0.5306 kl=0.2298 kl_weight=1.0000
2026-04-11 01:29:30 | INFO    | resistancemap.models.vae | Early stopping at epoch 23
2026-04-11 01:29:30 | INFO    | resistancemap | <<< STAGE END: vae_finetune (0.2 min) | best_val_loss=1.1503 final_epoch=23 total_steps=23
2026-04-11 01:29:30 | INFO    | resistancemap | === Sequential stage: trajectory_calibrate ===
2026-04-11 01:29:30 | INFO    | resistancemap | >>> STAGE START: trajectory_calibrate
2026-04-11 01:29:30 | INFO    | resistancemap | Checkpoint loaded: checkpoints/data_ready.pt (saved 2026-04-11T06:28:02.017626+00:00)
2026-04-11 01:29:31 | INFO    | resistancemap | Checkpoint loaded: checkpoints/vae_finetuned.pt (saved 2026-04-11T06:29:20.871570+00:00)
2026-04-11 01:29:31 | INFO    | resistancemap | Checkpoint saved: checkpoints/stability_calibrated.pt
2026-04-11 01:29:32 | INFO    | resistancemap | Checkpoint saved: checkpoints/stability_calibrated.pt
2026-04-11 01:29:37 | INFO    | resistancemap | Checkpoint saved: checkpoints/stability_calibrated.pt
2026-04-11 01:29:42 | INFO    | resistancemap | Checkpoint saved: checkpoints/stability_calibrated.pt
2026-04-11 01:29:44 | INFO    | resistancemap | Checkpoint saved: checkpoints/stability_calibrated.pt
2026-04-11 01:29:46 | INFO    | resistancemap | Checkpoint saved: checkpoints/stability_calibrated.pt
2026-04-11 01:29:47 | INFO    | resistancemap | Checkpoint saved: checkpoints/stability_calibrated.pt
2026-04-11 01:29:49 | INFO    | resistancemap | Checkpoint saved: checkpoints/stability_calibrated.pt
2026-04-11 01:29:54 | INFO    | resistancemap | Checkpoint saved: checkpoints/stability_calibrated.pt
2026-04-11 01:29:55 | INFO    | resistancemap | Checkpoint saved: checkpoints/stability_calibrated.pt
2026-04-11 01:29:56 | INFO    | resistancemap | Checkpoint saved: checkpoints/stability_calibrated.pt
2026-04-11 01:29:58 | INFO    | resistancemap | Checkpoint saved: checkpoints/stability_calibrated.pt
2026-04-11 01:29:59 | INFO    | resistancemap | Checkpoint saved: checkpoints/stability_calibrated.pt
2026-04-11 01:30:00 | INFO    | resistancemap | Checkpoint saved: checkpoints/stability_calibrated.pt
2026-04-11 01:30:01 | INFO    | resistancemap | Checkpoint saved: checkpoints/stability_calibrated.pt
2026-04-11 01:30:02 | INFO    | resistancemap | Checkpoint saved: checkpoints/stability_calibrated.pt
2026-04-11 01:30:03 | INFO    | resistancemap | Checkpoint saved: checkpoints/stability_calibrated.pt
2026-04-11 01:30:04 | INFO    | resistancemap | Checkpoint saved: checkpoints/stability_calibrated.pt
2026-04-11 01:30:04 | INFO    | resistancemap | Checkpoint saved: checkpoints/stability_calibrated.pt
2026-04-11 01:30:06 | INFO    | resistancemap | Checkpoint saved: checkpoints/stability_calibrated.pt
2026-04-11 01:30:07 | INFO    | resistancemap.models.trajectory | [stability_calibrate] Epoch 50/500 loss=0.6065 basin_center=1.4789 basin_scale=1.5099
2026-04-11 01:30:07 | INFO    | resistancemap | Checkpoint saved: checkpoints/stability_calibrated.pt
2026-04-11 01:30:08 | INFO    | resistancemap | Checkpoint saved: checkpoints/stability_calibrated.pt
2026-04-11 01:30:09 | INFO    | resistancemap | Checkpoint saved: checkpoints/stability_calibrated.pt
2026-04-11 01:30:10 | INFO    | resistancemap | Checkpoint saved: checkpoints/stability_calibrated.pt
2026-04-11 01:30:10 | INFO    | resistancemap | Checkpoint saved: checkpoints/stability_calibrated.pt
2026-04-11 01:30:11 | INFO    | resistancemap | Checkpoint saved: checkpoints/stability_calibrated.pt
2026-04-11 01:30:12 | INFO    | resistancemap | Checkpoint saved: checkpoints/stability_calibrated.pt
2026-04-11 01:30:13 | INFO    | resistancemap | Checkpoint saved: checkpoints/stability_calibrated.pt
2026-04-11 01:30:13 | INFO    | resistancemap | Checkpoint saved: checkpoints/stability_calibrated.pt
2026-04-11 01:30:14 | INFO    | resistancemap | Checkpoint saved: checkpoints/stability_calibrated.pt
2026-04-11 01:30:15 | INFO    | resistancemap | Checkpoint saved: checkpoints/stability_calibrated.pt
2026-04-11 01:30:16 | INFO    | resistancemap | Checkpoint saved: checkpoints/stability_calibrated.pt
2026-04-11 01:30:16 | INFO    | resistancemap | Checkpoint saved: checkpoints/stability_calibrated.pt
2026-04-11 01:30:17 | INFO    | resistancemap | Checkpoint saved: checkpoints/stability_calibrated.pt
2026-04-11 01:30:18 | INFO    | resistancemap | Checkpoint saved: checkpoints/stability_calibrated.pt
2026-04-11 01:30:19 | INFO    | resistancemap | Checkpoint saved: checkpoints/stability_calibrated.pt
2026-04-11 01:30:19 | INFO    | resistancemap | Checkpoint saved: checkpoints/stability_calibrated.pt
2026-04-11 01:30:20 | INFO    | resistancemap | Checkpoint saved: checkpoints/stability_calibrated.pt
2026-04-11 01:30:21 | INFO    | resistancemap | Checkpoint saved: checkpoints/stability_calibrated.pt
2026-04-11 01:30:21 | INFO    | resistancemap | Checkpoint saved: checkpoints/stability_calibrated.pt
2026-04-11 01:30:22 | INFO    | resistancemap | Checkpoint saved: checkpoints/stability_calibrated.pt
2026-04-11 01:30:23 | INFO    | resistancemap | Checkpoint saved: checkpoints/stability_calibrated.pt
2026-04-11 01:30:23 | INFO    | resistancemap | Checkpoint saved: checkpoints/stability_calibrated.pt
2026-04-11 01:30:24 | INFO    | resistancemap | Checkpoint saved: checkpoints/stability_calibrated.pt
2026-04-11 01:30:25 | INFO    | resistancemap | Checkpoint saved: checkpoints/stability_calibrated.pt
2026-04-11 01:30:25 | INFO    | resistancemap | Checkpoint saved: checkpoints/stability_calibrated.pt
2026-04-11 01:30:26 | INFO    | resistancemap | Checkpoint saved: checkpoints/stability_calibrated.pt
2026-04-11 01:30:26 | INFO    | resistancemap | Checkpoint saved: checkpoints/stability_calibrated.pt
2026-04-11 01:30:27 | INFO    | resistancemap | Checkpoint saved: checkpoints/stability_calibrated.pt
2026-04-11 01:30:27 | INFO    | resistancemap | Checkpoint saved: checkpoints/stability_calibrated.pt
2026-04-11 01:30:28 | INFO    | resistancemap | Checkpoint saved: checkpoints/stability_calibrated.pt
2026-04-11 01:30:29 | INFO    | resistancemap | Checkpoint saved: checkpoints/stability_calibrated.pt
2026-04-11 01:30:29 | INFO    | resistancemap | Checkpoint saved: checkpoints/stability_calibrated.pt
2026-04-11 01:30:30 | INFO    | resistancemap | Checkpoint saved: checkpoints/stability_calibrated.pt
2026-04-11 01:30:30 | INFO    | resistancemap | Checkpoint saved: checkpoints/stability_calibrated.pt
2026-04-11 01:30:31 | INFO    | resistancemap | Checkpoint saved: checkpoints/stability_calibrated.pt
2026-04-11 01:30:32 | INFO    | resistancemap | Checkpoint saved: checkpoints/stability_calibrated.pt
2026-04-11 01:30:32 | INFO    | resistancemap | Checkpoint saved: checkpoints/stability_calibrated.pt
2026-04-11 01:30:33 | INFO    | resistancemap | Checkpoint saved: checkpoints/stability_calibrated.pt
2026-04-11 01:30:33 | INFO    | resistancemap | Checkpoint saved: checkpoints/stability_calibrated.pt
2026-04-11 01:30:34 | INFO    | resistancemap | Checkpoint saved: checkpoints/stability_calibrated.pt
2026-04-11 01:30:35 | INFO    | resistancemap | Checkpoint saved: checkpoints/stability_calibrated.pt
2026-04-11 01:30:37 | INFO    | resistancemap | Checkpoint saved: checkpoints/stability_calibrated.pt
2026-04-11 01:30:38 | INFO    | resistancemap | Checkpoint saved: checkpoints/stability_calibrated.pt
2026-04-11 01:30:39 | INFO    | resistancemap | Checkpoint saved: checkpoints/stability_calibrated.pt
2026-04-11 01:30:41 | INFO    | resistancemap | Checkpoint saved: checkpoints/stability_calibrated.pt
2026-04-11 01:30:41 | INFO    | resistancemap.models.trajectory | [stability_calibrate] Epoch 100/500 loss=0.0109 basin_center=1.4360 basin_scale=1.4923
2026-04-11 01:30:43 | INFO    | resistancemap | Checkpoint saved: checkpoints/stability_calibrated.pt
2026-04-11 01:30:44 | INFO    | resistancemap | Checkpoint saved: checkpoints/stability_calibrated.pt
2026-04-11 01:30:45 | INFO    | resistancemap | Checkpoint saved: checkpoints/stability_calibrated.pt
2026-04-11 01:30:46 | INFO    | resistancemap | Checkpoint saved: checkpoints/stability_calibrated.pt
2026-04-11 01:30:50 | INFO    | resistancemap | Checkpoint saved: checkpoints/stability_calibrated.pt
2026-04-11 01:30:51 | INFO    | resistancemap | Checkpoint saved: checkpoints/stability_calibrated.pt
2026-04-11 01:30:52 | INFO    | resistancemap | Checkpoint saved: checkpoints/stability_calibrated.pt
2026-04-11 01:30:56 | INFO    | resistancemap | Checkpoint saved: checkpoints/stability_calibrated.pt
2026-04-11 01:30:57 | INFO    | resistancemap | Checkpoint saved: checkpoints/stability_calibrated.pt
2026-04-11 01:30:59 | INFO    | resistancemap | Checkpoint saved: checkpoints/stability_calibrated.pt
2026-04-11 01:31:00 | INFO    | resistancemap | Checkpoint saved: checkpoints/stability_calibrated.pt
2026-04-11 01:31:06 | INFO    | resistancemap | Checkpoint saved: checkpoints/stability_calibrated.pt
2026-04-11 01:31:11 | INFO    | resistancemap | Checkpoint saved: checkpoints/stability_calibrated.pt
2026-04-11 01:31:12 | INFO    | resistancemap | Checkpoint saved: checkpoints/stability_calibrated.pt
2026-04-11 01:31:19 | INFO    | resistancemap.models.trajectory | [stability_calibrate] Epoch 150/500 loss=0.0019 basin_center=1.4329 basin_scale=1.4956
2026-04-11 01:31:22 | INFO    | resistancemap | Checkpoint saved: checkpoints/stability_calibrated.pt
2026-04-11 01:31:40 | INFO    | resistancemap | Checkpoint saved: checkpoints/stability_calibrated.pt
2026-04-11 01:31:55 | INFO    | resistancemap.models.trajectory | [stability_calibrate] Epoch 200/500 loss=0.0063 basin_center=1.4323 basin_scale=1.4970
2026-04-11 01:31:59 | INFO    | resistancemap | Checkpoint saved: checkpoints/stability_calibrated.pt
2026-04-11 01:32:20 | INFO    | resistancemap | Checkpoint saved: checkpoints/stability_calibrated.pt
2026-04-11 01:32:23 | INFO    | resistancemap | Checkpoint saved: checkpoints/stability_calibrated.pt
2026-04-11 01:32:28 | INFO    | resistancemap | Checkpoint saved: checkpoints/stability_calibrated.pt
2026-04-11 01:32:30 | INFO    | resistancemap.models.trajectory | [stability_calibrate] Epoch 250/500 loss=0.0064 basin_center=1.4320 basin_scale=1.4980
2026-04-11 01:32:36 | INFO    | resistancemap | Checkpoint saved: checkpoints/stability_calibrated.pt
2026-04-11 01:32:45 | INFO    | resistancemap | Checkpoint saved: checkpoints/stability_calibrated.pt
2026-04-11 01:32:57 | INFO    | resistancemap | Checkpoint saved: checkpoints/stability_calibrated.pt
2026-04-11 01:32:58 | INFO    | resistancemap | Checkpoint saved: checkpoints/stability_calibrated.pt
2026-04-11 01:33:07 | INFO    | resistancemap.models.trajectory | [stability_calibrate] Epoch 300/500 loss=0.0097 basin_center=1.4317 basin_scale=1.4987
2026-04-11 01:33:17 | INFO    | resistancemap | Checkpoint saved: checkpoints/stability_calibrated.pt
2026-04-11 01:33:25 | INFO    | resistancemap | Checkpoint saved: checkpoints/stability_calibrated.pt
2026-04-11 01:33:37 | INFO    | resistancemap | Checkpoint saved: checkpoints/stability_calibrated.pt
2026-04-11 01:33:44 | INFO    | resistancemap.models.trajectory | [stability_calibrate] Epoch 350/500 loss=0.0079 basin_center=1.4314 basin_scale=1.4994
2026-04-11 01:34:17 | INFO    | resistancemap | Checkpoint saved: checkpoints/stability_calibrated.pt
2026-04-11 01:34:18 | INFO    | resistancemap.models.trajectory | [stability_calibrate] Epoch 400/500 loss=0.0133 basin_center=1.4313 basin_scale=1.4998
2026-04-11 01:34:46 | INFO    | resistancemap | Checkpoint saved: checkpoints/stability_calibrated.pt
2026-04-11 01:34:55 | INFO    | resistancemap.models.trajectory | [stability_calibrate] Epoch 450/500 loss=0.0014 basin_center=1.4312 basin_scale=1.5002
2026-04-11 01:35:32 | INFO    | resistancemap.models.trajectory | [stability_calibrate] Epoch 500/500 loss=0.0067 basin_center=1.4310 basin_scale=1.5005
2026-04-11 01:35:32 | INFO    | resistancemap | <<< STAGE END: trajectory_calibrate (6.0 min) | best_calibration_loss=0.0003 n_valid_samples=493
2026-04-11 01:35:32 | INFO    | resistancemap | === Sequential stage: protein_net_train ===
2026-04-11 01:35:33 | INFO    | resistancemap | >>> STAGE START: protein_net_train
2026-04-11 01:35:33 | INFO    | resistancemap | Checkpoint loaded: checkpoints/data_ready.pt (saved 2026-04-11T06:28:02.017626+00:00)
2026-04-11 01:35:33 | INFO    | resistancemap | Checkpoint loaded: checkpoints/vae_finetuned.pt (saved 2026-04-11T06:29:20.871570+00:00)
2026-04-11 01:35:33 | INFO    | resistancemap | Checkpoint loaded: checkpoints/stability_calibrated.pt (saved 2026-04-11T06:34:46.429366+00:00)
2026-04-11 01:45:47 | INFO    | resistancemap | Logging to logs/pipeline.log
2026-04-11 01:45:47 | WARNING | resistancemap | W&B init failed (continuing without): No API key configured. Use `wandb login` to log in.
2026-04-11 01:45:47 | INFO    | resistancemap | === Sequential stage: data_validate ===
2026-04-11 01:45:47 | INFO    | resistancemap | >>> STAGE START: data_validate
2026-04-11 01:45:47 | INFO    | resistancemap | <<< STAGE END: data_validate (0.0 min)
2026-04-11 01:45:47 | INFO    | resistancemap | === Sequential stage: data_prep ===
2026-04-11 01:45:48 | INFO    | resistancemap | === Sequential stage: vae_pretrain ===
2026-04-11 01:45:48 | INFO    | resistancemap | === Sequential stage: vae_finetune ===
2026-04-11 01:45:48 | INFO    | resistancemap | === Sequential stage: trajectory_calibrate ===
2026-04-11 01:45:48 | INFO    | resistancemap | === Sequential stage: protein_net_train ===
2026-04-11 01:45:50 | INFO    | resistancemap | >>> STAGE START: protein_net_train
2026-04-11 01:45:50 | INFO    | resistancemap | Checkpoint loaded: checkpoints/data_ready.pt (saved 2026-04-11T06:28:02.017626+00:00)
2026-04-11 01:45:51 | INFO    | resistancemap | Checkpoint loaded: checkpoints/vae_finetuned.pt (saved 2026-04-11T06:29:20.871570+00:00)
2026-04-11 01:45:51 | INFO    | resistancemap | Checkpoint loaded: checkpoints/stability_calibrated.pt (saved 2026-04-11T06:34:46.429366+00:00)
2026-04-11 01:51:29 | INFO    | resistancemap | Checkpoint saved: checkpoints/protein_net_trained.pt
2026-04-11 01:51:35 | INFO    | resistancemap | Checkpoint saved: checkpoints/protein_net_trained.pt
2026-04-11 01:51:41 | INFO    | resistancemap | Checkpoint saved: checkpoints/protein_net_trained.pt
2026-04-11 01:51:46 | INFO    | resistancemap | Checkpoint saved: checkpoints/protein_net_trained.pt
2026-04-11 01:51:52 | INFO    | resistancemap | Checkpoint saved: checkpoints/protein_net_trained.pt
2026-04-11 01:51:58 | INFO    | resistancemap | Checkpoint saved: checkpoints/protein_net_trained.pt
2026-04-11 01:52:04 | INFO    | resistancemap | Checkpoint saved: checkpoints/protein_net_trained.pt
2026-04-11 01:52:10 | INFO    | resistancemap | Checkpoint saved: checkpoints/protein_net_trained.pt
2026-04-11 01:52:16 | INFO    | resistancemap | Checkpoint saved: checkpoints/protein_net_trained.pt
2026-04-11 01:52:22 | INFO    | resistancemap | Checkpoint saved: checkpoints/protein_net_trained.pt
2026-04-11 01:52:34 | INFO    | resistancemap | Checkpoint saved: checkpoints/protein_net_trained.pt
2026-04-11 01:52:46 | INFO    | resistancemap | Checkpoint saved: checkpoints/protein_net_trained.pt
2026-04-11 01:53:27 | INFO    | resistancemap | Checkpoint saved: checkpoints/protein_net_trained.pt
2026-04-11 01:54:55 | INFO    | resistancemap | <<< STAGE END: protein_net_train (9.1 min) | protein_net_val_loss=14416.8170
2026-04-11 01:54:55 | INFO    | resistancemap | === Sequential stage: fusion_train ===
2026-04-11 01:54:55 | INFO    | resistancemap | >>> STAGE START: fusion_train
2026-04-11 01:54:55 | INFO    | resistancemap | Checkpoint loaded: checkpoints/data_ready.pt (saved 2026-04-11T06:28:02.017626+00:00)
2026-04-11 01:54:55 | INFO    | resistancemap | Checkpoint loaded: checkpoints/vae_finetuned.pt (saved 2026-04-11T06:29:20.871570+00:00)
2026-04-11 01:54:55 | INFO    | resistancemap | Checkpoint loaded: checkpoints/stability_calibrated.pt (saved 2026-04-11T06:34:46.429366+00:00)
2026-04-11 01:54:55 | INFO    | resistancemap | Checkpoint loaded: checkpoints/protein_net_trained.pt (saved 2026-04-11T06:53:27.308624+00:00)
2026-04-11 02:00:36 | INFO    | resistancemap | Checkpoint saved: checkpoints/fusion_trained.pt
2026-04-11 02:00:36 | INFO    | resistancemap | Checkpoint saved: checkpoints/fusion_trained.pt
2026-04-11 02:00:36 | INFO    | resistancemap | Checkpoint saved: checkpoints/fusion_trained.pt
2026-04-11 02:00:36 | INFO    | resistancemap | Checkpoint saved: checkpoints/fusion_trained.pt
2026-04-11 02:00:36 | INFO    | resistancemap | Checkpoint saved: checkpoints/fusion_trained.pt
2026-04-11 02:00:36 | INFO    | resistancemap | <<< STAGE END: fusion_train (5.7 min) | fusion_val_loss=9505.4821
2026-04-11 02:00:36 | INFO    | resistancemap | === Sequential stage: landscape_train ===
2026-04-11 02:00:36 | INFO    | resistancemap | >>> STAGE START: landscape_train
2026-04-11 02:00:37 | INFO    | resistancemap | Checkpoint loaded: checkpoints/data_ready.pt (saved 2026-04-11T06:28:02.017626+00:00)
2026-04-11 02:00:37 | INFO    | resistancemap | Checkpoint loaded: checkpoints/fusion_trained.pt (saved 2026-04-11T07:00:36.553308+00:00)
2026-04-11 02:00:37 | INFO    | resistancemap | Checkpoint saved: checkpoints/landscape_trained.pt
2026-04-11 02:00:37 | INFO    | resistancemap | Checkpoint saved: checkpoints/landscape_trained.pt
2026-04-11 02:00:37 | INFO    | resistancemap | Checkpoint saved: checkpoints/landscape_trained.pt
2026-04-11 02:00:37 | INFO    | resistancemap | Checkpoint saved: checkpoints/landscape_trained.pt
2026-04-11 02:00:37 | INFO    | resistancemap | Checkpoint saved: checkpoints/landscape_trained.pt
2026-04-11 02:00:37 | INFO    | resistancemap | Checkpoint saved: checkpoints/landscape_trained.pt
2026-04-11 02:00:37 | INFO    | resistancemap | Checkpoint saved: checkpoints/landscape_trained.pt
2026-04-11 02:00:37 | INFO    | resistancemap | Checkpoint saved: checkpoints/landscape_trained.pt
2026-04-11 02:00:37 | INFO    | resistancemap | Checkpoint saved: checkpoints/landscape_trained.pt
2026-04-11 02:00:37 | INFO    | resistancemap | Checkpoint saved: checkpoints/landscape_trained.pt
2026-04-11 02:00:37 | INFO    | resistancemap | Checkpoint saved: checkpoints/landscape_trained.pt
2026-04-11 02:00:38 | INFO    | resistancemap | Checkpoint saved: checkpoints/landscape_trained.pt
2026-04-11 02:00:38 | INFO    | resistancemap | Checkpoint saved: checkpoints/landscape_trained.pt
2026-04-11 02:00:38 | INFO    | resistancemap | Checkpoint saved: checkpoints/landscape_trained.pt
2026-04-11 02:00:38 | INFO    | resistancemap | <<< STAGE END: landscape_train (0.0 min) | landscape_val_loss=30612.1315
2026-04-11 02:00:38 | INFO    | resistancemap | === Sequential stage: validate ===
2026-04-11 02:00:38 | INFO    | resistancemap | >>> STAGE START: validate
2026-04-11 02:00:38 | INFO    | resistancemap | Checkpoint loaded: checkpoints/data_ready.pt (saved 2026-04-11T06:28:02.017626+00:00)
2026-04-11 02:00:38 | INFO    | resistancemap | Checkpoint loaded: checkpoints/fusion_trained.pt (saved 2026-04-11T07:00:36.553308+00:00)
2026-04-11 02:00:38 | INFO    | resistancemap | Checkpoint loaded: checkpoints/landscape_trained.pt (saved 2026-04-11T07:00:38.166615+00:00)
2026-04-11 02:00:38 | INFO    | resistancemap | Checkpoint saved: checkpoints/pipeline_validated.pt
2026-04-11 02:00:38 | INFO    | resistancemap | <<< STAGE END: validate (0.0 min) | test_mse=35740.2461 n_test_samples=132 n_drugs=2 split=test
2026-04-11 02:00:38 | INFO    | resistancemap | === Sequential stage: serve ===
2026-04-11 02:00:39 | INFO    | resistancemap | >>> STAGE START: serve
2026-04-11 14:02:07 | INFO    | resistancemap | Logging to logs/pipeline.log
2026-04-11 14:02:07 | WARNING | resistancemap | W&B init failed (continuing without): No API key configured. Use `wandb login` to log in.
2026-04-11 14:02:07 | INFO    | resistancemap | === Sequential stage: data_validate ===
2026-04-11 14:02:07 | INFO    | resistancemap | >>> STAGE START: data_validate
2026-04-11 14:02:07 | INFO    | resistancemap | <<< STAGE END: data_validate (0.0 min)
2026-04-11 14:02:07 | INFO    | resistancemap | === Sequential stage: data_prep ===
2026-04-11 14:02:08 | INFO    | resistancemap | >>> STAGE START: data_prep
2026-04-11 14:02:08 | INFO    | resistancemap.data.loaders | Loading CCLE proteomics from data/raw/ccle_proteomics.csv
2026-04-11 14:02:16 | INFO    | resistancemap.data.loaders | Loaded proteomics: 1393 cell lines, 19177 proteins
2026-04-11 14:02:16 | INFO    | resistancemap.data.loaders | After coverage filter (70%): 19177 proteins retained
2026-04-11 14:02:16 | INFO    | resistancemap.data.loaders | Loading CCLE epigenomics from data/raw/ccle_epigenomics
2026-04-11 14:02:16 | INFO    | resistancemap.data.loaders |   chromatin_profiling: 897 lines, 42 features
2026-04-11 14:02:16 | INFO    | resistancemap.data.loaders | Loading STRING PPI network from data/raw/string_ppi.txt
2026-04-11 14:02:54 | INFO    | resistancemap.data.loaders |   STRING scores on 0-1000 scale — normalizing to 0-1
2026-04-11 14:02:54 | INFO    | resistancemap.data.loaders | PPI edges after confidence filter (>=0.7): 473860
2026-04-11 14:02:54 | INFO    | resistancemap.data.loaders | Loading scRNA-seq from data/raw/gse124310.h5ad
2026-04-11 14:02:54 | INFO    | resistancemap.data.loaders | Loaded scRNA-seq: 27796 cells, 33694 genes
2026-04-11 14:02:54 | INFO    | resistancemap.data.loaders | Loaded scRNA-seq GSE124310: 27796 cells
2026-04-11 14:02:54 | WARNING | resistancemap.data.loaders | scRNA-seq GSE271107 not found at data/raw/gse271107.h5ad, skipping
2026-04-11 14:02:54 | WARNING | resistancemap.data.loaders | MMRF CoMMpass directory not found at data/raw/mmrf_commpass, skipping
2026-04-11 14:02:54 | INFO    | resistancemap.data.preprocessors | Harmonizing multi-omics data
2026-04-11 14:02:54 | INFO    | resistancemap.data.preprocessors |   Additional scRNA-seq datasets: ['GSE124310']
2026-04-11 14:02:54 | INFO    | resistancemap.data.preprocessors |   ID mapping: 0 CCLEName → ModelID entries
2026-04-11 14:02:54 | INFO    | resistancemap.data.preprocessors | Cell lines in common across modalities: 886
2026-04-11 14:03:15 | INFO    | resistancemap.data.loaders | Loading drug sensitivity data
2026-04-11 14:03:16 | INFO    | resistancemap.data.loaders |   GDSC: 575197 records
2026-04-11 14:03:16 | INFO    | resistancemap.data.loaders |   GDSC: standardized columns
2026-04-11 14:03:16 | WARNING | resistancemap.data.loaders |   CTRPv2: not found at data/raw/ctrpv2_drug_sensitivity.csv, skipping
2026-04-11 14:03:16 | INFO    | resistancemap.data.loaders | Drug sensitivity matrix: 975 samples × 2 drugs
2026-04-11 14:03:16 | INFO    | resistancemap.data.preprocessors |   Drug sensitivity ID mapping via cell_line_name: 496 matches
2026-04-11 14:03:16 | INFO    | resistancemap.data.preprocessors |   Lineage labels: 886/886 matched
2026-04-11 14:03:16 | WARNING | resistancemap.data.preprocessors | Only 0 proteins in PPI match proteomics (out of 19177 proteins). Check protein naming conventions.
2026-04-11 14:03:16 | INFO    | resistancemap.data.preprocessors | PPI-proteomics overlap: 0 proteins
2026-04-11 14:03:16 | INFO    | resistancemap.data.preprocessors | MultiOmicsDataset: 886 samples, 19177 proteins, 42 epigenomic features, 473860 PPI edges
2026-04-11 14:03:16 | INFO    | resistancemap.data.preprocessors | Splits: train=622, val=132, test=132
2026-04-11 14:03:17 | INFO    | resistancemap | Checkpoint saved: checkpoints/data_ready.pt
2026-04-11 14:03:17 | INFO    | resistancemap | <<< STAGE END: data_prep (1.1 min)
2026-04-11 14:03:17 | INFO    | resistancemap | === Sequential stage: vae_pretrain ===
2026-04-11 14:03:17 | INFO    | resistancemap | >>> STAGE START: vae_pretrain
2026-04-11 14:03:17 | INFO    | resistancemap | Checkpoint loaded: checkpoints/data_ready.pt (saved 2026-04-11T19:03:16.542693+00:00)
2026-04-11 14:03:24 | INFO    | resistancemap.models.vae | [vae_pretrained] Epoch 1/200 — train_loss=2.0274 val_loss=5776.7881 recon=2.0274 kl=0.7249 kl_weight=0.0000
2026-04-11 14:03:24 | INFO    | resistancemap | Checkpoint saved: checkpoints/vae_pretrained.pt
2026-04-11 14:03:25 | INFO    | resistancemap.models.vae | [vae_pretrained] Epoch 2/200 — train_loss=2.0392 val_loss=30114030.0000 recon=1.9776 kl=1.5398 kl_weight=0.0400
2026-04-11 14:03:26 | INFO    | resistancemap.models.vae | [vae_pretrained] Epoch 3/200 — train_loss=1.9244 val_loss=1530183424.0000 recon=1.8416 kl=1.0345 kl_weight=0.0800
2026-04-11 14:03:26 | INFO    | resistancemap.models.vae | [vae_pretrained] Epoch 4/200 — train_loss=70573.2969 val_loss=92576168.0000 recon=1.6212 kl=588097.2500 kl_weight=0.1200
2026-04-11 14:03:26 | INFO    | resistancemap.models.vae | [vae_pretrained] Epoch 5/200 — train_loss=2.0002 val_loss=428.2353 recon=1.8276 kl=1.0783 kl_weight=0.1600
2026-04-11 14:03:27 | INFO    | resistancemap | Checkpoint saved: checkpoints/vae_pretrained.pt
2026-04-11 14:03:28 | INFO    | resistancemap.models.vae | [vae_pretrained] Epoch 6/200 — train_loss=2.2203 val_loss=27.3613 recon=1.6248 kl=2.9773 kl_weight=0.2000
2026-04-11 14:03:29 | INFO    | resistancemap | Checkpoint saved: checkpoints/vae_pretrained.pt
2026-04-11 14:03:29 | INFO    | resistancemap.models.vae | [vae_pretrained] Epoch 7/200 — train_loss=1.7793 val_loss=4.3219 recon=1.5910 kl=0.7845 kl_weight=0.2400
2026-04-11 14:03:30 | INFO    | resistancemap | Checkpoint saved: checkpoints/vae_pretrained.pt
2026-04-11 14:03:30 | INFO    | resistancemap.models.vae | [vae_pretrained] Epoch 8/200 — train_loss=1.6984 val_loss=2.9482 recon=1.5061 kl=0.6868 kl_weight=0.2800
2026-04-11 14:03:31 | INFO    | resistancemap | Checkpoint saved: checkpoints/vae_pretrained.pt
2026-04-11 14:03:32 | INFO    | resistancemap.models.vae | [vae_pretrained] Epoch 9/200 — train_loss=1.5655 val_loss=2.3439 recon=1.3692 kl=0.6132 kl_weight=0.3200
2026-04-11 14:03:33 | INFO    | resistancemap | Checkpoint saved: checkpoints/vae_pretrained.pt
2026-04-11 14:03:33 | INFO    | resistancemap.models.vae | [vae_pretrained] Epoch 10/200 — train_loss=1.6011 val_loss=2.0855 recon=1.3593 kl=0.6718 kl_weight=0.3600
2026-04-11 14:03:34 | INFO    | resistancemap | Checkpoint saved: checkpoints/vae_pretrained.pt
2026-04-11 14:03:34 | INFO    | resistancemap.models.vae | [vae_pretrained] Epoch 11/200 — train_loss=1.5722 val_loss=1.9103 recon=1.3730 kl=0.4979 kl_weight=0.4000
2026-04-11 14:03:35 | INFO    | resistancemap | Checkpoint saved: checkpoints/vae_pretrained.pt
2026-04-11 14:03:36 | INFO    | resistancemap.models.vae | [vae_pretrained] Epoch 12/200 — train_loss=1.5414 val_loss=1.7767 recon=1.3283 kl=0.4843 kl_weight=0.4400
2026-04-11 14:03:37 | INFO    | resistancemap | Checkpoint saved: checkpoints/vae_pretrained.pt
2026-04-11 14:03:37 | INFO    | resistancemap.models.vae | [vae_pretrained] Epoch 13/200 — train_loss=1.4844 val_loss=1.6562 recon=1.2805 kl=0.4248 kl_weight=0.4800
2026-04-11 14:03:38 | INFO    | resistancemap | Checkpoint saved: checkpoints/vae_pretrained.pt
2026-04-11 14:03:38 | INFO    | resistancemap.models.vae | [vae_pretrained] Epoch 14/200 — train_loss=1.4085 val_loss=1.5592 recon=1.1946 kl=0.4113 kl_weight=0.5200
2026-04-11 14:03:39 | INFO    | resistancemap | Checkpoint saved: checkpoints/vae_pretrained.pt
2026-04-11 14:03:40 | INFO    | resistancemap.models.vae | [vae_pretrained] Epoch 15/200 — train_loss=1.3822 val_loss=1.4908 recon=1.1707 kl=0.3776 kl_weight=0.5600
2026-04-11 14:03:41 | INFO    | resistancemap | Checkpoint saved: checkpoints/vae_pretrained.pt
2026-04-11 14:03:41 | INFO    | resistancemap.models.vae | [vae_pretrained] Epoch 16/200 — train_loss=1.3345 val_loss=1.4455 recon=1.0854 kl=0.4152 kl_weight=0.6000
2026-04-11 14:03:42 | INFO    | resistancemap | Checkpoint saved: checkpoints/vae_pretrained.pt
2026-04-11 14:03:42 | INFO    | resistancemap.models.vae | [vae_pretrained] Epoch 17/200 — train_loss=1.2905 val_loss=1.3967 recon=1.0682 kl=0.3474 kl_weight=0.6400
2026-04-11 14:03:43 | INFO    | resistancemap | Checkpoint saved: checkpoints/vae_pretrained.pt
2026-04-11 14:03:44 | INFO    | resistancemap.models.vae | [vae_pretrained] Epoch 18/200 — train_loss=1.2830 val_loss=1.3642 recon=1.0522 kl=0.3395 kl_weight=0.6800
2026-04-11 14:03:45 | INFO    | resistancemap | Checkpoint saved: checkpoints/vae_pretrained.pt
2026-04-11 14:03:45 | INFO    | resistancemap.models.vae | [vae_pretrained] Epoch 19/200 — train_loss=1.2524 val_loss=1.3460 recon=1.0163 kl=0.3280 kl_weight=0.7200
2026-04-11 14:03:46 | INFO    | resistancemap | Checkpoint saved: checkpoints/vae_pretrained.pt
2026-04-11 14:03:46 | INFO    | resistancemap.models.vae | [vae_pretrained] Epoch 20/200 — train_loss=1.2435 val_loss=1.3313 recon=0.9948 kl=0.3272 kl_weight=0.7600
2026-04-11 14:03:47 | INFO    | resistancemap | Checkpoint saved: checkpoints/vae_pretrained.pt
2026-04-11 14:03:48 | INFO    | resistancemap.models.vae | [vae_pretrained] Epoch 21/200 — train_loss=1.2176 val_loss=1.3070 recon=0.9690 kl=0.3107 kl_weight=0.8000
2026-04-11 14:03:49 | INFO    | resistancemap | Checkpoint saved: checkpoints/vae_pretrained.pt
2026-04-11 14:03:49 | INFO    | resistancemap.models.vae | [vae_pretrained] Epoch 22/200 — train_loss=1.1930 val_loss=1.2878 recon=0.9365 kl=0.3054 kl_weight=0.8400
2026-04-11 14:03:50 | INFO    | resistancemap | Checkpoint saved: checkpoints/vae_pretrained.pt
2026-04-11 14:03:50 | INFO    | resistancemap.models.vae | [vae_pretrained] Epoch 23/200 — train_loss=1.1757 val_loss=1.2894 recon=0.9161 kl=0.2950 kl_weight=0.8800
2026-04-11 14:03:51 | INFO    | resistancemap.models.vae | [vae_pretrained] Epoch 24/200 — train_loss=1.1684 val_loss=1.2961 recon=0.9097 kl=0.2812 kl_weight=0.9200
2026-04-11 14:03:51 | INFO    | resistancemap.models.vae | [vae_pretrained] Epoch 25/200 — train_loss=1.1188 val_loss=1.2991 recon=0.8573 kl=0.2724 kl_weight=0.9600
2026-04-11 14:03:52 | INFO    | resistancemap.models.vae | [vae_pretrained] Epoch 26/200 — train_loss=1.1311 val_loss=1.2905 recon=0.8630 kl=0.2681 kl_weight=1.0000
2026-04-11 14:03:52 | INFO    | resistancemap.models.vae | [vae_pretrained] Epoch 27/200 — train_loss=1.0996 val_loss=1.2686 recon=0.8456 kl=0.2541 kl_weight=1.0000
2026-04-11 14:03:53 | INFO    | resistancemap | Checkpoint saved: checkpoints/vae_pretrained.pt
2026-04-11 14:03:53 | INFO    | resistancemap.models.vae | [vae_pretrained] Epoch 28/200 — train_loss=1.0806 val_loss=1.2380 recon=0.8374 kl=0.2431 kl_weight=1.0000
2026-04-11 14:03:54 | INFO    | resistancemap | Checkpoint saved: checkpoints/vae_pretrained.pt
2026-04-11 14:03:55 | INFO    | resistancemap.models.vae | [vae_pretrained] Epoch 29/200 — train_loss=1.0631 val_loss=1.2135 recon=0.8229 kl=0.2403 kl_weight=1.0000
2026-04-11 14:03:56 | INFO    | resistancemap | Checkpoint saved: checkpoints/vae_pretrained.pt
2026-04-11 14:03:56 | INFO    | resistancemap.models.vae | [vae_pretrained] Epoch 30/200 — train_loss=1.0310 val_loss=1.1969 recon=0.7941 kl=0.2369 kl_weight=1.0000
2026-04-11 14:03:57 | INFO    | resistancemap | Checkpoint saved: checkpoints/vae_pretrained.pt
2026-04-11 14:03:57 | INFO    | resistancemap.models.vae | [vae_pretrained] Epoch 31/200 — train_loss=1.0322 val_loss=1.1865 recon=0.7979 kl=0.2343 kl_weight=1.0000
2026-04-11 14:03:58 | INFO    | resistancemap | Checkpoint saved: checkpoints/vae_pretrained.pt
2026-04-11 14:03:59 | INFO    | resistancemap.models.vae | [vae_pretrained] Epoch 32/200 — train_loss=1.0256 val_loss=1.1861 recon=0.7932 kl=0.2324 kl_weight=1.0000
2026-04-11 14:04:00 | INFO    | resistancemap | Checkpoint saved: checkpoints/vae_pretrained.pt
2026-04-11 14:04:00 | INFO    | resistancemap.models.vae | [vae_pretrained] Epoch 33/200 — train_loss=1.0206 val_loss=1.1949 recon=0.7896 kl=0.2310 kl_weight=1.0000
2026-04-11 14:04:00 | INFO    | resistancemap.models.vae | [vae_pretrained] Epoch 34/200 — train_loss=0.9752 val_loss=1.2092 recon=0.7495 kl=0.2256 kl_weight=1.0000
2026-04-11 14:04:01 | INFO    | resistancemap.models.vae | [vae_pretrained] Epoch 35/200 — train_loss=1.0118 val_loss=1.1959 recon=0.7820 kl=0.2298 kl_weight=1.0000
2026-04-11 14:04:01 | INFO    | resistancemap.models.vae | [vae_pretrained] Epoch 36/200 — train_loss=0.9776 val_loss=1.1681 recon=0.7560 kl=0.2215 kl_weight=1.0000
2026-04-11 14:04:02 | INFO    | resistancemap | Checkpoint saved: checkpoints/vae_pretrained.pt
2026-04-11 14:04:02 | INFO    | resistancemap.models.vae | [vae_pretrained] Epoch 37/200 — train_loss=0.9422 val_loss=1.1491 recon=0.7273 kl=0.2150 kl_weight=1.0000
2026-04-11 14:04:03 | INFO    | resistancemap | Checkpoint saved: checkpoints/vae_pretrained.pt
2026-04-11 14:04:04 | INFO    | resistancemap.models.vae | [vae_pretrained] Epoch 38/200 — train_loss=0.9462 val_loss=1.1393 recon=0.7330 kl=0.2132 kl_weight=1.0000
2026-04-11 14:04:05 | INFO    | resistancemap | Checkpoint saved: checkpoints/vae_pretrained.pt
2026-04-11 14:04:05 | INFO    | resistancemap.models.vae | [vae_pretrained] Epoch 39/200 — train_loss=0.9143 val_loss=1.1365 recon=0.7072 kl=0.2071 kl_weight=1.0000
2026-04-11 14:04:06 | INFO    | resistancemap | Checkpoint saved: checkpoints/vae_pretrained.pt
2026-04-11 14:04:06 | INFO    | resistancemap.models.vae | [vae_pretrained] Epoch 40/200 — train_loss=0.9315 val_loss=1.1291 recon=0.7231 kl=0.2084 kl_weight=1.0000
2026-04-11 14:04:07 | INFO    | resistancemap | Checkpoint saved: checkpoints/vae_pretrained.pt
2026-04-11 14:04:08 | INFO    | resistancemap.models.vae | [vae_pretrained] Epoch 41/200 — train_loss=0.9209 val_loss=1.1198 recon=0.7312 kl=0.1898 kl_weight=1.0000
2026-04-11 14:04:09 | INFO    | resistancemap | Checkpoint saved: checkpoints/vae_pretrained.pt
2026-04-11 14:04:09 | INFO    | resistancemap.models.vae | [vae_pretrained] Epoch 42/200 — train_loss=0.9072 val_loss=1.1246 recon=0.7196 kl=0.1876 kl_weight=1.0000
2026-04-11 14:04:10 | INFO    | resistancemap.models.vae | [vae_pretrained] Epoch 43/200 — train_loss=0.8836 val_loss=1.1363 recon=0.6998 kl=0.1839 kl_weight=1.0000
2026-04-11 14:04:10 | INFO    | resistancemap.models.vae | [vae_pretrained] Epoch 44/200 — train_loss=0.9015 val_loss=1.1381 recon=0.7044 kl=0.1972 kl_weight=1.0000
2026-04-11 14:04:10 | INFO    | resistancemap.models.vae | [vae_pretrained] Epoch 45/200 — train_loss=0.8742 val_loss=1.1310 recon=0.6934 kl=0.1808 kl_weight=1.0000
2026-04-11 14:04:11 | INFO    | resistancemap.models.vae | [vae_pretrained] Epoch 46/200 — train_loss=0.8719 val_loss=1.1194 recon=0.6883 kl=0.1836 kl_weight=1.0000
2026-04-11 14:04:12 | INFO    | resistancemap | Checkpoint saved: checkpoints/vae_pretrained.pt
2026-04-11 14:04:12 | INFO    | resistancemap.models.vae | [vae_pretrained] Epoch 47/200 — train_loss=0.8770 val_loss=1.1085 recon=0.6862 kl=0.1908 kl_weight=1.0000
2026-04-11 14:04:13 | INFO    | resistancemap | Checkpoint saved: checkpoints/vae_pretrained.pt
2026-04-11 14:04:13 | INFO    | resistancemap.models.vae | [vae_pretrained] Epoch 48/200 — train_loss=0.8667 val_loss=1.0983 recon=0.6831 kl=0.1836 kl_weight=1.0000
2026-04-11 14:04:14 | INFO    | resistancemap | Checkpoint saved: checkpoints/vae_pretrained.pt
2026-04-11 14:04:15 | INFO    | resistancemap.models.vae | [vae_pretrained] Epoch 49/200 — train_loss=0.8471 val_loss=1.0964 recon=0.6575 kl=0.1896 kl_weight=1.0000
2026-04-11 14:04:16 | INFO    | resistancemap | Checkpoint saved: checkpoints/vae_pretrained.pt
2026-04-11 14:04:16 | INFO    | resistancemap.models.vae | [vae_pretrained] Epoch 50/200 — train_loss=0.8498 val_loss=1.1016 recon=0.6658 kl=0.1840 kl_weight=1.0000
2026-04-11 14:04:16 | INFO    | resistancemap.models.vae | [vae_pretrained] Epoch 51/200 — train_loss=0.6757 val_loss=1.1090 recon=0.6757 kl=0.1763 kl_weight=0.0000
2026-04-11 14:04:17 | INFO    | resistancemap.models.vae | [vae_pretrained] Epoch 52/200 — train_loss=0.6664 val_loss=1.1128 recon=0.6592 kl=0.1800 kl_weight=0.0400
2026-04-11 14:04:17 | INFO    | resistancemap.models.vae | [vae_pretrained] Epoch 53/200 — train_loss=0.6534 val_loss=1.1137 recon=0.6373 kl=0.2011 kl_weight=0.0800
2026-04-11 14:04:18 | INFO    | resistancemap.models.vae | [vae_pretrained] Epoch 54/200 — train_loss=0.6515 val_loss=1.1177 recon=0.6219 kl=0.2462 kl_weight=0.1200
2026-04-11 14:04:18 | INFO    | resistancemap.models.vae | [vae_pretrained] Epoch 55/200 — train_loss=0.6397 val_loss=1.1328 recon=0.5947 kl=0.2810 kl_weight=0.1600
2026-04-11 14:04:18 | INFO    | resistancemap.models.vae | [vae_pretrained] Epoch 56/200 — train_loss=0.6441 val_loss=1.1534 recon=0.5816 kl=0.3124 kl_weight=0.2000
2026-04-11 14:04:19 | INFO    | resistancemap.models.vae | [vae_pretrained] Epoch 57/200 — train_loss=0.6332 val_loss=1.1701 recon=0.5519 kl=0.3389 kl_weight=0.2400
2026-04-11 14:04:19 | INFO    | resistancemap.models.vae | [vae_pretrained] Epoch 58/200 — train_loss=0.6585 val_loss=1.1789 recon=0.5516 kl=0.3820 kl_weight=0.2800
2026-04-11 14:04:20 | INFO    | resistancemap.models.vae | [vae_pretrained] Epoch 59/200 — train_loss=0.6621 val_loss=1.1781 recon=0.5300 kl=0.4128 kl_weight=0.3200
2026-04-11 14:04:20 | INFO    | resistancemap.models.vae | [vae_pretrained] Epoch 60/200 — train_loss=0.6913 val_loss=1.1717 recon=0.5371 kl=0.4282 kl_weight=0.3600
2026-04-11 14:04:20 | INFO    | resistancemap.models.vae | [vae_pretrained] Epoch 61/200 — train_loss=0.7087 val_loss=1.1707 recon=0.5183 kl=0.4759 kl_weight=0.4000
2026-04-11 14:04:21 | INFO    | resistancemap.models.vae | [vae_pretrained] Epoch 62/200 — train_loss=0.7127 val_loss=1.1738 recon=0.5173 kl=0.4440 kl_weight=0.4400
2026-04-11 14:04:21 | INFO    | resistancemap.models.vae | [vae_pretrained] Epoch 63/200 — train_loss=0.7272 val_loss=1.1799 recon=0.5217 kl=0.4281 kl_weight=0.4800
2026-04-11 14:04:22 | INFO    | resistancemap.models.vae | [vae_pretrained] Epoch 64/200 — train_loss=0.7316 val_loss=1.1831 recon=0.5231 kl=0.4011 kl_weight=0.5200
2026-04-11 14:04:22 | INFO    | resistancemap.models.vae | [vae_pretrained] Epoch 65/200 — train_loss=0.7250 val_loss=1.1751 recon=0.5127 kl=0.3792 kl_weight=0.5600
2026-04-11 14:04:22 | INFO    | resistancemap.models.vae | [vae_pretrained] Epoch 66/200 — train_loss=0.7323 val_loss=1.1609 recon=0.5280 kl=0.3405 kl_weight=0.6000
2026-04-11 14:04:23 | INFO    | resistancemap.models.vae | [vae_pretrained] Epoch 67/200 — train_loss=0.7189 val_loss=1.1493 recon=0.5145 kl=0.3194 kl_weight=0.6400
2026-04-11 14:04:23 | INFO    | resistancemap.models.vae | [vae_pretrained] Epoch 68/200 — train_loss=0.7423 val_loss=1.1431 recon=0.5466 kl=0.2878 kl_weight=0.6800
2026-04-11 14:04:24 | INFO    | resistancemap.models.vae | [vae_pretrained] Epoch 69/200 — train_loss=0.7572 val_loss=1.1429 recon=0.5515 kl=0.2856 kl_weight=0.7200
2026-04-11 14:04:24 | INFO    | resistancemap.models.vae | Early stopping at epoch 69
2026-04-11 14:04:24 | INFO    | resistancemap | <<< STAGE END: vae_pretrain (1.1 min) | best_val_loss=1.0964 final_epoch=69 total_steps=69
2026-04-11 14:04:24 | INFO    | resistancemap | === Sequential stage: vae_finetune ===
2026-04-11 14:04:24 | INFO    | resistancemap | >>> STAGE START: vae_finetune
2026-04-11 14:04:24 | INFO    | resistancemap | Checkpoint loaded: checkpoints/data_ready.pt (saved 2026-04-11T19:03:16.542693+00:00)
2026-04-11 14:04:24 | INFO    | resistancemap | Checkpoint loaded: checkpoints/vae_pretrained.pt (saved 2026-04-11T19:04:15.254614+00:00)
2026-04-11 14:06:01 | INFO    | resistancemap | Logging to logs/pipeline.log
2026-04-11 14:06:01 | WARNING | resistancemap | W&B init failed (continuing without): No API key configured. Use `wandb login` to log in.
2026-04-11 14:06:01 | INFO    | resistancemap | === Sequential stage: data_validate ===
2026-04-11 14:06:01 | INFO    | resistancemap | >>> STAGE START: data_validate
2026-04-11 14:06:01 | INFO    | resistancemap | <<< STAGE END: data_validate (0.0 min)
2026-04-11 14:06:01 | INFO    | resistancemap | === Sequential stage: data_prep ===
2026-04-11 14:06:02 | INFO    | resistancemap | === Sequential stage: vae_pretrain ===
2026-04-11 14:06:02 | INFO    | resistancemap | === Sequential stage: vae_finetune ===
2026-04-11 14:06:02 | INFO    | resistancemap | >>> STAGE START: vae_finetune
2026-04-11 14:06:02 | INFO    | resistancemap | Checkpoint loaded: checkpoints/data_ready.pt (saved 2026-04-11T19:03:16.542693+00:00)
2026-04-11 14:06:02 | INFO    | resistancemap | Checkpoint loaded: checkpoints/vae_pretrained.pt (saved 2026-04-11T19:04:15.254614+00:00)
2026-04-11 14:06:17 | INFO    | resistancemap.models.vae | [vae_finetuned] Epoch 1/100 — train_loss=0.8832 val_loss=1.3151 recon=0.8832 kl=0.2359 kl_weight=0.0000
2026-04-11 14:06:18 | INFO    | resistancemap | Checkpoint saved: checkpoints/vae_finetuned.pt
2026-04-11 14:06:19 | INFO    | resistancemap.models.vae | [vae_finetuned] Epoch 2/100 — train_loss=0.8455 val_loss=1.2754 recon=0.8246 kl=0.2501 kl_weight=0.0833
2026-04-11 14:06:20 | INFO    | resistancemap | Checkpoint saved: checkpoints/vae_finetuned.pt
2026-04-11 14:06:20 | INFO    | resistancemap.models.vae | [vae_finetuned] Epoch 3/100 — train_loss=0.7916 val_loss=1.2533 recon=0.7473 kl=0.2659 kl_weight=0.1667
2026-04-11 14:06:21 | INFO    | resistancemap | Checkpoint saved: checkpoints/vae_finetuned.pt
2026-04-11 14:06:22 | INFO    | resistancemap.models.vae | [vae_finetuned] Epoch 4/100 — train_loss=0.7648 val_loss=1.2435 recon=0.6964 kl=0.2736 kl_weight=0.2500
2026-04-11 14:06:22 | INFO    | resistancemap | Checkpoint saved: checkpoints/vae_finetuned.pt
2026-04-11 14:06:23 | INFO    | resistancemap.models.vae | [vae_finetuned] Epoch 5/100 — train_loss=0.7805 val_loss=1.2432 recon=0.6801 kl=0.3013 kl_weight=0.3333
2026-04-11 14:06:24 | INFO    | resistancemap | Checkpoint saved: checkpoints/vae_finetuned.pt
2026-04-11 14:06:24 | INFO    | resistancemap.models.vae | [vae_finetuned] Epoch 6/100 — train_loss=0.7755 val_loss=1.2489 recon=0.6441 kl=0.3153 kl_weight=0.4167
2026-04-11 14:06:25 | INFO    | resistancemap.models.vae | [vae_finetuned] Epoch 7/100 — train_loss=0.7737 val_loss=1.2585 recon=0.6114 kl=0.3246 kl_weight=0.5000
2026-04-11 14:06:25 | INFO    | resistancemap.models.vae | [vae_finetuned] Epoch 8/100 — train_loss=0.8006 val_loss=1.2706 recon=0.6059 kl=0.3338 kl_weight=0.5833
2026-04-11 14:06:25 | INFO    | resistancemap.models.vae | [vae_finetuned] Epoch 9/100 — train_loss=0.7986 val_loss=1.2819 recon=0.5750 kl=0.3354 kl_weight=0.6667
2026-04-11 14:06:26 | INFO    | resistancemap.models.vae | [vae_finetuned] Epoch 10/100 — train_loss=0.8560 val_loss=1.2934 recon=0.6047 kl=0.3351 kl_weight=0.7500
2026-04-11 14:06:26 | INFO    | resistancemap.models.vae | [vae_finetuned] Epoch 11/100 — train_loss=0.8645 val_loss=1.3012 recon=0.5795 kl=0.3420 kl_weight=0.8333
2026-04-11 14:06:26 | INFO    | resistancemap.models.vae | [vae_finetuned] Epoch 12/100 — train_loss=0.8724 val_loss=1.3111 recon=0.5667 kl=0.3336 kl_weight=0.9167
2026-04-11 14:06:27 | INFO    | resistancemap.models.vae | [vae_finetuned] Epoch 13/100 — train_loss=0.8909 val_loss=1.3177 recon=0.5660 kl=0.3249 kl_weight=1.0000
2026-04-11 14:06:27 | INFO    | resistancemap.models.vae | [vae_finetuned] Epoch 14/100 — train_loss=0.8724 val_loss=1.3229 recon=0.5655 kl=0.3070 kl_weight=1.0000
2026-04-11 14:06:28 | INFO    | resistancemap.models.vae | [vae_finetuned] Epoch 15/100 — train_loss=0.8545 val_loss=1.3219 recon=0.5462 kl=0.3082 kl_weight=1.0000
2026-04-11 14:06:28 | INFO    | resistancemap.models.vae | [vae_finetuned] Epoch 16/100 — train_loss=0.8378 val_loss=1.3193 recon=0.5417 kl=0.2961 kl_weight=1.0000
2026-04-11 14:06:28 | INFO    | resistancemap.models.vae | [vae_finetuned] Epoch 17/100 — train_loss=0.8283 val_loss=1.3131 recon=0.5529 kl=0.2753 kl_weight=1.0000
2026-04-11 14:06:29 | INFO    | resistancemap.models.vae | [vae_finetuned] Epoch 18/100 — train_loss=0.8205 val_loss=1.3052 recon=0.5460 kl=0.2745 kl_weight=1.0000
2026-04-11 14:06:29 | INFO    | resistancemap.models.vae | [vae_finetuned] Epoch 19/100 — train_loss=0.8215 val_loss=1.2978 recon=0.5672 kl=0.2543 kl_weight=1.0000
2026-04-11 14:06:30 | INFO    | resistancemap.models.vae | [vae_finetuned] Epoch 20/100 — train_loss=0.8139 val_loss=1.2891 recon=0.5775 kl=0.2364 kl_weight=1.0000
2026-04-11 14:06:30 | INFO    | resistancemap.models.vae | [vae_finetuned] Epoch 21/100 — train_loss=0.8127 val_loss=1.2838 recon=0.5825 kl=0.2302 kl_weight=1.0000
2026-04-11 14:06:30 | INFO    | resistancemap.models.vae | [vae_finetuned] Epoch 22/100 — train_loss=0.8201 val_loss=1.2745 recon=0.5913 kl=0.2288 kl_weight=1.0000
2026-04-11 14:06:31 | INFO    | resistancemap.models.vae | [vae_finetuned] Epoch 23/100 — train_loss=0.7854 val_loss=1.2704 recon=0.5646 kl=0.2207 kl_weight=1.0000
2026-04-11 14:06:31 | INFO    | resistancemap.models.vae | [vae_finetuned] Epoch 24/100 — train_loss=0.7946 val_loss=1.2652 recon=0.5837 kl=0.2108 kl_weight=1.0000
2026-04-11 14:06:31 | INFO    | resistancemap.models.vae | [vae_finetuned] Epoch 25/100 — train_loss=0.8046 val_loss=1.2644 recon=0.5971 kl=0.2075 kl_weight=1.0000
2026-04-11 14:06:31 | INFO    | resistancemap.models.vae | Early stopping at epoch 25
2026-04-11 14:06:31 | INFO    | resistancemap | <<< STAGE END: vae_finetune (0.5 min) | best_val_loss=1.2432 final_epoch=25 total_steps=25
2026-04-11 14:06:32 | INFO    | resistancemap | === Sequential stage: trajectory_calibrate ===
2026-04-11 14:06:32 | INFO    | resistancemap | >>> STAGE START: trajectory_calibrate
2026-04-11 14:06:32 | INFO    | resistancemap | Checkpoint loaded: checkpoints/data_ready.pt (saved 2026-04-11T19:03:16.542693+00:00)
2026-04-11 14:06:32 | INFO    | resistancemap | Checkpoint loaded: checkpoints/vae_finetuned.pt (saved 2026-04-11T19:06:23.367670+00:00)
2026-04-11 14:06:33 | INFO    | resistancemap | Checkpoint saved: checkpoints/stability_calibrated.pt
2026-04-11 14:06:33 | INFO    | resistancemap | Checkpoint saved: checkpoints/stability_calibrated.pt
2026-04-11 14:06:34 | INFO    | resistancemap | Checkpoint saved: checkpoints/stability_calibrated.pt
2026-04-11 14:06:37 | INFO    | resistancemap | Checkpoint saved: checkpoints/stability_calibrated.pt
2026-04-11 14:06:40 | INFO    | resistancemap | Checkpoint saved: checkpoints/stability_calibrated.pt
2026-04-11 14:06:45 | INFO    | resistancemap | Checkpoint saved: checkpoints/stability_calibrated.pt
2026-04-11 14:06:46 | INFO    | resistancemap | Checkpoint saved: checkpoints/stability_calibrated.pt
2026-04-11 14:06:49 | INFO    | resistancemap | Checkpoint saved: checkpoints/stability_calibrated.pt
2026-04-11 14:06:50 | INFO    | resistancemap | Checkpoint saved: checkpoints/stability_calibrated.pt
2026-04-11 14:06:51 | INFO    | resistancemap | Checkpoint saved: checkpoints/stability_calibrated.pt
2026-04-11 14:06:52 | INFO    | resistancemap | Checkpoint saved: checkpoints/stability_calibrated.pt
2026-04-11 14:06:53 | INFO    | resistancemap | Checkpoint saved: checkpoints/stability_calibrated.pt
2026-04-11 14:06:54 | INFO    | resistancemap | Checkpoint saved: checkpoints/stability_calibrated.pt
2026-04-11 14:06:56 | INFO    | resistancemap | Checkpoint saved: checkpoints/stability_calibrated.pt
2026-04-11 14:06:56 | INFO    | resistancemap | Checkpoint saved: checkpoints/stability_calibrated.pt
2026-04-11 14:06:57 | INFO    | resistancemap | Checkpoint saved: checkpoints/stability_calibrated.pt
2026-04-11 14:06:57 | INFO    | resistancemap | Checkpoint saved: checkpoints/stability_calibrated.pt
2026-04-11 14:06:58 | INFO    | resistancemap | Checkpoint saved: checkpoints/stability_calibrated.pt
2026-04-11 14:06:58 | INFO    | resistancemap | Checkpoint saved: checkpoints/stability_calibrated.pt
2026-04-11 14:06:59 | INFO    | resistancemap.models.trajectory | [stability_calibrate] Epoch 50/500 loss=0.5439 basin_center=1.4785 basin_scale=1.5102
2026-04-11 14:06:59 | INFO    | resistancemap | Checkpoint saved: checkpoints/stability_calibrated.pt
2026-04-11 14:06:59 | INFO    | resistancemap | Checkpoint saved: checkpoints/stability_calibrated.pt
2026-04-11 14:07:00 | INFO    | resistancemap | Checkpoint saved: checkpoints/stability_calibrated.pt
2026-04-11 14:07:01 | INFO    | resistancemap | Checkpoint saved: checkpoints/stability_calibrated.pt
2026-04-11 14:07:01 | INFO    | resistancemap | Checkpoint saved: checkpoints/stability_calibrated.pt
2026-04-11 14:07:02 | INFO    | resistancemap | Checkpoint saved: checkpoints/stability_calibrated.pt
2026-04-11 14:07:02 | INFO    | resistancemap | Checkpoint saved: checkpoints/stability_calibrated.pt
2026-04-11 14:07:03 | INFO    | resistancemap | Checkpoint saved: checkpoints/stability_calibrated.pt
2026-04-11 14:07:03 | INFO    | resistancemap | Checkpoint saved: checkpoints/stability_calibrated.pt
2026-04-11 14:07:04 | INFO    | resistancemap | Checkpoint saved: checkpoints/stability_calibrated.pt
2026-04-11 14:07:04 | INFO    | resistancemap | Checkpoint saved: checkpoints/stability_calibrated.pt
2026-04-11 14:07:05 | INFO    | resistancemap | Checkpoint saved: checkpoints/stability_calibrated.pt
2026-04-11 14:07:05 | INFO    | resistancemap | Checkpoint saved: checkpoints/stability_calibrated.pt
2026-04-11 14:07:06 | INFO    | resistancemap | Checkpoint saved: checkpoints/stability_calibrated.pt
2026-04-11 14:07:07 | INFO    | resistancemap | Checkpoint saved: checkpoints/stability_calibrated.pt
2026-04-11 14:07:07 | INFO    | resistancemap | Checkpoint saved: checkpoints/stability_calibrated.pt
2026-04-11 14:07:08 | INFO    | resistancemap | Checkpoint saved: checkpoints/stability_calibrated.pt
2026-04-11 14:07:08 | INFO    | resistancemap | Checkpoint saved: checkpoints/stability_calibrated.pt
2026-04-11 14:07:09 | INFO    | resistancemap | Checkpoint saved: checkpoints/stability_calibrated.pt
2026-04-11 14:07:09 | INFO    | resistancemap | Checkpoint saved: checkpoints/stability_calibrated.pt
2026-04-11 14:07:10 | INFO    | resistancemap | Checkpoint saved: checkpoints/stability_calibrated.pt
2026-04-11 14:07:10 | INFO    | resistancemap | Checkpoint saved: checkpoints/stability_calibrated.pt
2026-04-11 14:07:11 | INFO    | resistancemap | Checkpoint saved: checkpoints/stability_calibrated.pt
2026-04-11 14:07:11 | INFO    | resistancemap | Checkpoint saved: checkpoints/stability_calibrated.pt
2026-04-11 14:07:12 | INFO    | resistancemap | Checkpoint saved: checkpoints/stability_calibrated.pt
2026-04-11 14:07:12 | INFO    | resistancemap | Checkpoint saved: checkpoints/stability_calibrated.pt
2026-04-11 14:07:13 | INFO    | resistancemap | Checkpoint saved: checkpoints/stability_calibrated.pt
2026-04-11 14:07:13 | INFO    | resistancemap | Checkpoint saved: checkpoints/stability_calibrated.pt
2026-04-11 14:07:14 | INFO    | resistancemap | Checkpoint saved: checkpoints/stability_calibrated.pt
2026-04-11 14:07:14 | INFO    | resistancemap | Checkpoint saved: checkpoints/stability_calibrated.pt
2026-04-11 14:07:16 | INFO    | resistancemap | Checkpoint saved: checkpoints/stability_calibrated.pt
2026-04-11 14:07:16 | INFO    | resistancemap | Checkpoint saved: checkpoints/stability_calibrated.pt
2026-04-11 14:07:17 | INFO    | resistancemap | Checkpoint saved: checkpoints/stability_calibrated.pt
2026-04-11 14:07:18 | INFO    | resistancemap | Checkpoint saved: checkpoints/stability_calibrated.pt
2026-04-11 14:07:18 | INFO    | resistancemap | Checkpoint saved: checkpoints/stability_calibrated.pt
2026-04-11 14:07:19 | INFO    | resistancemap | Checkpoint saved: checkpoints/stability_calibrated.pt
2026-04-11 14:07:19 | INFO    | resistancemap | Checkpoint saved: checkpoints/stability_calibrated.pt
2026-04-11 14:07:20 | INFO    | resistancemap | Checkpoint saved: checkpoints/stability_calibrated.pt
2026-04-11 14:07:20 | INFO    | resistancemap | Checkpoint saved: checkpoints/stability_calibrated.pt
2026-04-11 14:07:21 | INFO    | resistancemap | Checkpoint saved: checkpoints/stability_calibrated.pt
2026-04-11 14:07:22 | INFO    | resistancemap | Checkpoint saved: checkpoints/stability_calibrated.pt
2026-04-11 14:07:23 | INFO    | resistancemap | Checkpoint saved: checkpoints/stability_calibrated.pt
2026-04-11 14:07:24 | INFO    | resistancemap | Checkpoint saved: checkpoints/stability_calibrated.pt
2026-04-11 14:07:25 | INFO    | resistancemap | Checkpoint saved: checkpoints/stability_calibrated.pt
2026-04-11 14:07:26 | INFO    | resistancemap.models.trajectory | [stability_calibrate] Epoch 100/500 loss=0.0068 basin_center=1.4386 basin_scale=1.4983
2026-04-11 14:07:26 | INFO    | resistancemap | Checkpoint saved: checkpoints/stability_calibrated.pt
2026-04-11 14:07:26 | INFO    | resistancemap | Checkpoint saved: checkpoints/stability_calibrated.pt
2026-04-11 14:07:27 | INFO    | resistancemap | Checkpoint saved: checkpoints/stability_calibrated.pt
2026-04-11 14:07:28 | INFO    | resistancemap | Checkpoint saved: checkpoints/stability_calibrated.pt
2026-04-11 14:07:29 | INFO    | resistancemap | Checkpoint saved: checkpoints/stability_calibrated.pt
2026-04-11 14:07:30 | INFO    | resistancemap | Checkpoint saved: checkpoints/stability_calibrated.pt
2026-04-11 14:07:32 | INFO    | resistancemap | Checkpoint saved: checkpoints/stability_calibrated.pt
2026-04-11 14:07:32 | INFO    | resistancemap | Checkpoint saved: checkpoints/stability_calibrated.pt
2026-04-11 14:07:33 | INFO    | resistancemap | Checkpoint saved: checkpoints/stability_calibrated.pt
2026-04-11 14:07:34 | INFO    | resistancemap | Checkpoint saved: checkpoints/stability_calibrated.pt
2026-04-11 14:07:35 | INFO    | resistancemap | Checkpoint saved: checkpoints/stability_calibrated.pt
2026-04-11 14:07:36 | INFO    | resistancemap | Checkpoint saved: checkpoints/stability_calibrated.pt
2026-04-11 14:07:38 | INFO    | resistancemap | Checkpoint saved: checkpoints/stability_calibrated.pt
2026-04-11 14:07:42 | INFO    | resistancemap | Checkpoint saved: checkpoints/stability_calibrated.pt
2026-04-11 14:07:49 | INFO    | resistancemap | Checkpoint saved: checkpoints/stability_calibrated.pt
2026-04-11 14:07:52 | INFO    | resistancemap.models.trajectory | [stability_calibrate] Epoch 150/500 loss=0.0116 basin_center=1.4357 basin_scale=1.5021
2026-04-11 14:07:53 | INFO    | resistancemap | Checkpoint saved: checkpoints/stability_calibrated.pt
2026-04-11 14:07:56 | INFO    | resistancemap | Checkpoint saved: checkpoints/stability_calibrated.pt
2026-04-11 14:07:58 | INFO    | resistancemap | Checkpoint saved: checkpoints/stability_calibrated.pt
2026-04-11 14:08:00 | INFO    | resistancemap | Checkpoint saved: checkpoints/stability_calibrated.pt
2026-04-11 14:08:03 | INFO    | resistancemap | Checkpoint saved: checkpoints/stability_calibrated.pt
2026-04-11 14:08:07 | INFO    | resistancemap | Checkpoint saved: checkpoints/stability_calibrated.pt
2026-04-11 14:08:17 | INFO    | resistancemap | Checkpoint saved: checkpoints/stability_calibrated.pt
2026-04-11 14:08:19 | INFO    | resistancemap.models.trajectory | [stability_calibrate] Epoch 200/500 loss=0.0022 basin_center=1.4350 basin_scale=1.5038
2026-04-11 14:08:21 | INFO    | resistancemap | Checkpoint saved: checkpoints/stability_calibrated.pt
2026-04-11 14:08:23 | INFO    | resistancemap | Checkpoint saved: checkpoints/stability_calibrated.pt
2026-04-11 14:08:31 | INFO    | resistancemap | Checkpoint saved: checkpoints/stability_calibrated.pt
2026-04-11 14:08:40 | INFO    | resistancemap | Checkpoint saved: checkpoints/stability_calibrated.pt
2026-04-11 14:08:46 | INFO    | resistancemap.models.trajectory | [stability_calibrate] Epoch 250/500 loss=0.0006 basin_center=1.4346 basin_scale=1.5049
2026-04-11 14:08:46 | INFO    | resistancemap | Checkpoint saved: checkpoints/stability_calibrated.pt
2026-04-11 14:08:50 | INFO    | resistancemap | Checkpoint saved: checkpoints/stability_calibrated.pt
2026-04-11 14:08:52 | INFO    | resistancemap | Checkpoint saved: checkpoints/stability_calibrated.pt
2026-04-11 14:08:57 | INFO    | resistancemap | Checkpoint saved: checkpoints/stability_calibrated.pt
2026-04-11 14:09:05 | INFO    | resistancemap | Checkpoint saved: checkpoints/stability_calibrated.pt
2026-04-11 14:09:12 | INFO    | resistancemap.models.trajectory | [stability_calibrate] Epoch 300/500 loss=0.0012 basin_center=1.4343 basin_scale=1.5059
2026-04-11 14:09:16 | INFO    | resistancemap | Checkpoint saved: checkpoints/stability_calibrated.pt
2026-04-11 14:09:24 | INFO    | resistancemap | Checkpoint saved: checkpoints/stability_calibrated.pt
2026-04-11 14:09:34 | INFO    | resistancemap | Checkpoint saved: checkpoints/stability_calibrated.pt
2026-04-11 14:09:38 | INFO    | resistancemap | Checkpoint saved: checkpoints/stability_calibrated.pt
2026-04-11 14:09:39 | INFO    | resistancemap.models.trajectory | [stability_calibrate] Epoch 350/500 loss=0.0018 basin_center=1.4340 basin_scale=1.5066
2026-04-11 14:09:54 | INFO    | resistancemap | Checkpoint saved: checkpoints/stability_calibrated.pt
2026-04-11 14:10:05 | INFO    | resistancemap.models.trajectory | [stability_calibrate] Epoch 400/500 loss=0.0008 basin_center=1.4338 basin_scale=1.5071
2026-04-11 14:10:12 | INFO    | resistancemap | Checkpoint saved: checkpoints/stability_calibrated.pt
2026-04-11 14:10:17 | INFO    | resistancemap | Checkpoint saved: checkpoints/stability_calibrated.pt
2026-04-11 14:10:32 | INFO    | resistancemap.models.trajectory | [stability_calibrate] Epoch 450/500 loss=0.0007 basin_center=1.4337 basin_scale=1.5076
2026-04-11 14:10:33 | INFO    | resistancemap | Checkpoint saved: checkpoints/stability_calibrated.pt
2026-04-11 14:10:50 | INFO    | resistancemap | Checkpoint saved: checkpoints/stability_calibrated.pt
2026-04-11 14:10:59 | INFO    | resistancemap.models.trajectory | [stability_calibrate] Epoch 500/500 loss=0.0156 basin_center=1.4336 basin_scale=1.5080
2026-04-11 14:10:59 | INFO    | resistancemap | <<< STAGE END: trajectory_calibrate (4.5 min) | best_calibration_loss=0.0003 n_valid_samples=493
2026-04-11 14:10:59 | INFO    | resistancemap | === Sequential stage: protein_net_train ===
2026-04-11 14:11:00 | INFO    | resistancemap | >>> STAGE START: protein_net_train
2026-04-11 14:11:00 | INFO    | resistancemap | Checkpoint loaded: checkpoints/data_ready.pt (saved 2026-04-11T19:03:16.542693+00:00)
2026-04-11 14:11:00 | INFO    | resistancemap | Checkpoint loaded: checkpoints/vae_finetuned.pt (saved 2026-04-11T19:06:23.367670+00:00)
2026-04-11 14:11:00 | INFO    | resistancemap | Checkpoint loaded: checkpoints/stability_calibrated.pt (saved 2026-04-11T19:10:50.183425+00:00)
2026-04-11 14:11:01 | INFO    | resistancemap.main | Pre-computing VAE latent states and stability scores...
2026-04-11 14:16:19 | INFO    | resistancemap.main | Pre-computed: latents torch.Size([886, 64]), stability torch.Size([886])
2026-04-11 14:16:19 | WARNING | resistancemap.main | No PPI edges match proteomics proteins; using k-NN self-loop graph
2026-04-11 14:16:19 | INFO    | resistancemap.main | PPI graph: 19177 nodes, 19177 edges
2026-04-11 14:16:24 | INFO    | resistancemap | Checkpoint saved: checkpoints/protein_net_trained.pt
2026-04-11 14:16:28 | INFO    | resistancemap | Checkpoint saved: checkpoints/protein_net_trained.pt
2026-04-11 14:16:32 | INFO    | resistancemap | Checkpoint saved: checkpoints/protein_net_trained.pt
2026-04-11 14:16:37 | INFO    | resistancemap | Checkpoint saved: checkpoints/protein_net_trained.pt
2026-04-11 14:16:41 | INFO    | resistancemap | Checkpoint saved: checkpoints/protein_net_trained.pt
2026-04-11 14:16:45 | INFO    | resistancemap | Checkpoint saved: checkpoints/protein_net_trained.pt
2026-04-11 14:16:50 | INFO    | resistancemap | Checkpoint saved: checkpoints/protein_net_trained.pt
2026-04-11 14:16:54 | INFO    | resistancemap | Checkpoint saved: checkpoints/protein_net_trained.pt
2026-04-11 14:16:58 | INFO    | resistancemap | Checkpoint saved: checkpoints/protein_net_trained.pt
2026-04-11 14:17:03 | INFO    | resistancemap | Checkpoint saved: checkpoints/protein_net_trained.pt
2026-04-11 14:17:03 | INFO    | resistancemap.main | [protein_net] Epoch 10/100 train=29973.3376 val=15808.7610
2026-04-11 14:17:07 | INFO    | resistancemap | Checkpoint saved: checkpoints/protein_net_trained.pt
2026-04-11 14:17:12 | INFO    | resistancemap | Checkpoint saved: checkpoints/protein_net_trained.pt
2026-04-11 14:17:20 | INFO    | resistancemap | Checkpoint saved: checkpoints/protein_net_trained.pt
2026-04-11 14:17:46 | INFO    | resistancemap.main | [protein_net] Epoch 20/100 train=25487.5933 val=16110.2217
2026-04-11 14:18:25 | INFO    | resistancemap.main | [protein_net] Early stopping at epoch 29
2026-04-11 14:18:25 | INFO    | resistancemap | <<< STAGE END: protein_net_train (7.4 min) | protein_net_val_loss=15084.0585
2026-04-11 14:18:25 | INFO    | resistancemap | === Sequential stage: fusion_train ===
2026-04-11 14:18:25 | INFO    | resistancemap | >>> STAGE START: fusion_train
2026-04-11 14:18:25 | INFO    | resistancemap | Checkpoint loaded: checkpoints/data_ready.pt (saved 2026-04-11T19:03:16.542693+00:00)
2026-04-11 14:18:26 | INFO    | resistancemap | Checkpoint loaded: checkpoints/vae_finetuned.pt (saved 2026-04-11T19:06:23.367670+00:00)
2026-04-11 14:18:26 | INFO    | resistancemap | Checkpoint loaded: checkpoints/stability_calibrated.pt (saved 2026-04-11T19:10:50.183425+00:00)
2026-04-11 14:18:26 | INFO    | resistancemap | Checkpoint loaded: checkpoints/protein_net_trained.pt (saved 2026-04-11T19:17:20.631238+00:00)
2026-04-11 14:18:26 | INFO    | resistancemap.main | Pre-computing modality embeddings for fusion training...
2026-04-11 14:23:53 | INFO    | resistancemap.main | Embeddings: epi=torch.Size([886, 64]), pnet=torch.Size([886, 256]), stab=torch.Size([886, 1])
2026-04-11 14:23:53 | INFO    | resistancemap | Checkpoint saved: checkpoints/fusion_trained.pt
2026-04-11 14:23:53 | INFO    | resistancemap | Checkpoint saved: checkpoints/fusion_trained.pt
2026-04-11 14:23:53 | INFO    | resistancemap | Checkpoint saved: checkpoints/fusion_trained.pt
2026-04-11 14:23:53 | INFO    | resistancemap | Checkpoint saved: checkpoints/fusion_trained.pt
2026-04-11 14:23:53 | INFO    | resistancemap | Checkpoint saved: checkpoints/fusion_trained.pt
2026-04-11 14:23:53 | INFO    | resistancemap | Checkpoint saved: checkpoints/fusion_trained.pt
2026-04-11 14:23:53 | INFO    | resistancemap | Checkpoint saved: checkpoints/fusion_trained.pt
2026-04-11 14:23:53 | INFO    | resistancemap.main | [fusion] Epoch 20/150 train=28564.6085 val=9748.2223
2026-04-11 14:23:53 | INFO    | resistancemap.main | [fusion] Early stopping at epoch 29
2026-04-11 14:23:53 | INFO    | resistancemap | <<< STAGE END: fusion_train (5.5 min) | fusion_val_loss=9729.7067
2026-04-11 14:23:53 | INFO    | resistancemap | === Sequential stage: landscape_train ===
2026-04-11 14:23:53 | INFO    | resistancemap | >>> STAGE START: landscape_train
2026-04-11 14:23:54 | INFO    | resistancemap | Checkpoint loaded: checkpoints/data_ready.pt (saved 2026-04-11T19:03:16.542693+00:00)
2026-04-11 14:23:54 | INFO    | resistancemap | Checkpoint loaded: checkpoints/fusion_trained.pt (saved 2026-04-11T19:23:53.393386+00:00)
2026-04-11 14:23:54 | INFO    | resistancemap.main | Computing fused representations for landscape training...
2026-04-11 14:23:54 | INFO    | resistancemap.main | Fused representations: torch.Size([886, 128])
2026-04-11 14:23:54 | INFO    | resistancemap | Checkpoint saved: checkpoints/landscape_trained.pt
2026-04-11 14:23:54 | INFO    | resistancemap | Checkpoint saved: checkpoints/landscape_trained.pt
2026-04-11 14:23:54 | INFO    | resistancemap | Checkpoint saved: checkpoints/landscape_trained.pt
2026-04-11 14:23:54 | INFO    | resistancemap | Checkpoint saved: checkpoints/landscape_trained.pt
2026-04-11 14:23:54 | INFO    | resistancemap | Checkpoint saved: checkpoints/landscape_trained.pt
2026-04-11 14:23:54 | INFO    | resistancemap | Checkpoint saved: checkpoints/landscape_trained.pt
2026-04-11 14:23:54 | INFO    | resistancemap | Checkpoint saved: checkpoints/landscape_trained.pt
2026-04-11 14:23:54 | INFO    | resistancemap | Checkpoint saved: checkpoints/landscape_trained.pt
2026-04-11 14:23:54 | INFO    | resistancemap | Checkpoint saved: checkpoints/landscape_trained.pt
2026-04-11 14:23:54 | INFO    | resistancemap | Checkpoint saved: checkpoints/landscape_trained.pt
2026-04-11 14:23:54 | INFO    | resistancemap | Checkpoint saved: checkpoints/landscape_trained.pt
2026-04-11 14:23:54 | INFO    | resistancemap | Checkpoint saved: checkpoints/landscape_trained.pt
2026-04-11 14:23:54 | INFO    | resistancemap | Checkpoint saved: checkpoints/landscape_trained.pt
2026-04-11 14:23:54 | INFO    | resistancemap.main | [landscape] Epoch 20/100 train=54534.4807 val=30612.1589
2026-04-11 14:23:55 | INFO    | resistancemap | Checkpoint saved: checkpoints/landscape_trained.pt
2026-04-11 14:23:55 | INFO    | resistancemap.main | [landscape] Epoch 40/100 train=52930.8480 val=30612.1517
2026-04-11 14:23:55 | INFO    | resistancemap.main | [landscape] Early stopping at epoch 47
2026-04-11 14:23:55 | INFO    | resistancemap | <<< STAGE END: landscape_train (0.0 min) | landscape_val_loss=30612.1315
2026-04-11 14:23:55 | INFO    | resistancemap | === Sequential stage: validate ===
2026-04-11 14:23:55 | INFO    | resistancemap | >>> STAGE START: validate
2026-04-11 14:23:55 | INFO    | resistancemap | Checkpoint loaded: checkpoints/data_ready.pt (saved 2026-04-11T19:03:16.542693+00:00)
2026-04-11 14:23:55 | INFO    | resistancemap | Checkpoint loaded: checkpoints/fusion_trained.pt (saved 2026-04-11T19:23:53.393386+00:00)
2026-04-11 14:23:55 | INFO    | resistancemap | Checkpoint loaded: checkpoints/landscape_trained.pt (saved 2026-04-11T19:23:55.033292+00:00)
2026-04-11 14:23:55 | INFO    | resistancemap.main | Validation: test_mse=35740.2461 on 132 samples
2026-04-11 14:23:55 | INFO    | resistancemap | Checkpoint saved: checkpoints/pipeline_validated.pt
2026-04-11 14:23:55 | INFO    | resistancemap | <<< STAGE END: validate (0.0 min) | test_mse=35740.2461 n_test_samples=132 n_drugs=2 split=test
2026-04-11 14:23:55 | INFO    | resistancemap | === Sequential stage: serve ===
2026-04-11 14:23:55 | INFO    | resistancemap | >>> STAGE START: serve
2026-04-11 14:37:20 | INFO    | resistancemap | Logging to logs/pipeline.log
2026-04-11 14:37:20 | WARNING | resistancemap | W&B init failed (continuing without): No API key configured. Use `wandb login` to log in.
2026-04-11 14:37:20 | INFO    | resistancemap | === Sequential stage: data_validate ===
2026-04-11 14:37:20 | INFO    | resistancemap | >>> STAGE START: data_validate
2026-04-11 14:37:20 | INFO    | resistancemap | <<< STAGE END: data_validate (0.0 min)
2026-04-11 14:37:20 | INFO    | resistancemap | === Sequential stage: data_prep ===
2026-04-11 14:37:21 | INFO    | resistancemap | >>> STAGE START: data_prep
2026-04-11 14:37:21 | INFO    | resistancemap.data.loaders | Loading CCLE proteomics from data/raw/ccle_proteomics.csv
2026-04-11 14:37:28 | INFO    | resistancemap.data.loaders | Loaded proteomics: 1393 cell lines, 19177 proteins
2026-04-11 14:37:28 | INFO    | resistancemap.data.loaders | After coverage filter (70%): 19177 proteins retained
2026-04-11 14:37:28 | INFO    | resistancemap.data.loaders | Stripped '(entrez_id)' decoration from 19177/19177 protein names
2026-04-11 14:37:28 | INFO    | resistancemap.data.loaders | Loading CCLE epigenomics from data/raw/ccle_epigenomics
2026-04-11 14:37:28 | INFO    | resistancemap.data.loaders |   chromatin_profiling: 897 lines, 42 features
2026-04-11 14:37:29 | INFO    | resistancemap.data.loaders | Loading STRING PPI network from data/raw/string_ppi.txt
2026-04-11 14:38:06 | INFO    | resistancemap.data.loaders |   STRING scores on 0-1000 scale — normalizing to 0-1
2026-04-11 14:38:06 | INFO    | resistancemap.data.loaders | PPI edges after confidence filter (>=0.7): 473860
2026-04-11 14:38:06 | INFO    | resistancemap.data.loaders |   Loaded STRING protein info from 9606.protein.info.v12.0.txt.gz: 19699 ENSP -> gene_symbol entries
2026-04-11 14:38:07 | INFO    | resistancemap.data.loaders | Translated STRING ENSP -> gene symbols: 473860/473860 edges retained after mapping
2026-04-11 14:38:07 | INFO    | resistancemap.data.loaders | Loading scRNA-seq from data/raw/gse124310.h5ad
2026-04-11 14:38:07 | INFO    | resistancemap.data.loaders | Loaded scRNA-seq: 27796 cells, 33694 genes
2026-04-11 14:38:07 | INFO    | resistancemap.data.loaders | Loaded scRNA-seq GSE124310: 27796 cells
2026-04-11 14:38:07 | WARNING | resistancemap.data.loaders | scRNA-seq GSE271107 not found at data/raw/gse271107.h5ad, skipping
2026-04-11 14:38:07 | WARNING | resistancemap.data.loaders | MMRF CoMMpass directory not found at data/raw/mmrf_commpass, skipping
2026-04-11 14:38:07 | INFO    | resistancemap.data.preprocessors | Harmonizing multi-omics data
2026-04-11 14:38:07 | INFO    | resistancemap.data.preprocessors |   Additional scRNA-seq datasets: ['GSE124310']
2026-04-11 14:38:07 | INFO    | resistancemap.data.preprocessors |   ID mapping: 0 CCLEName → ModelID entries
2026-04-11 14:38:07 | INFO    | resistancemap.data.preprocessors | Cell lines in common across modalities: 886
2026-04-11 14:38:28 | INFO    | resistancemap.data.loaders | Loading drug sensitivity data
2026-04-11 14:38:29 | INFO    | resistancemap.data.loaders |   GDSC: 575197 records
2026-04-11 14:38:29 | INFO    | resistancemap.data.loaders |   GDSC: standardized columns
2026-04-11 14:38:29 | WARNING | resistancemap.data.loaders |   CTRPv2: not found at data/raw/ctrpv2_drug_sensitivity.csv, skipping
2026-04-11 14:38:29 | INFO    | resistancemap.data.loaders | Drug sensitivity matrix: 977 samples × 11 drugs
2026-04-11 14:38:29 | INFO    | resistancemap.data.preprocessors |   Drug sensitivity ID mapping via cell_line_name: 498 matches
2026-04-11 14:38:29 | INFO    | resistancemap.data.preprocessors | Drug-sensitivity targets z-scored: 11/11 drugs with usable variance
2026-04-11 14:38:29 | INFO    | resistancemap.data.preprocessors |   Lineage labels: 886/886 matched
2026-04-11 14:38:29 | INFO    | resistancemap.data.preprocessors | PPI-proteomics overlap: 15904 proteins
2026-04-11 14:38:29 | INFO    | resistancemap.data.preprocessors | MultiOmicsDataset: 886 samples, 19177 proteins, 42 epigenomic features, 473860 PPI edges
2026-04-11 14:38:29 | INFO    | resistancemap.data.preprocessors | Splits: train=622, val=132, test=132
2026-04-11 14:38:29 | INFO    | resistancemap | Checkpoint saved: checkpoints/data_ready.pt
2026-04-11 14:38:29 | INFO    | resistancemap | <<< STAGE END: data_prep (1.1 min)
2026-04-11 14:38:29 | INFO    | resistancemap | === Sequential stage: vae_pretrain ===
2026-04-11 14:38:29 | INFO    | resistancemap | >>> STAGE START: vae_pretrain
2026-04-11 14:38:30 | INFO    | resistancemap | Checkpoint loaded: checkpoints/data_ready.pt (saved 2026-04-11T19:38:29.498481+00:00)
2026-04-11 14:38:37 | INFO    | resistancemap.models.vae | [vae_pretrained] Epoch 1/200 — train_loss=2.1061 val_loss=2476.2949 recon=2.1061 kl=0.6570 kl_weight=0.0000
2026-04-11 14:38:37 | INFO    | resistancemap | Checkpoint saved: checkpoints/vae_pretrained.pt
2026-04-11 14:38:38 | INFO    | resistancemap.models.vae | [vae_pretrained] Epoch 2/200 — train_loss=1.7679 val_loss=87391784.0000 recon=1.7299 kl=0.9501 kl_weight=0.0400
2026-04-11 14:38:39 | INFO    | resistancemap.models.vae | [vae_pretrained] Epoch 3/200 — train_loss=2.7535 val_loss=59881.4609 recon=1.6134 kl=14.2512 kl_weight=0.0800
2026-04-11 14:38:39 | INFO    | resistancemap.models.vae | [vae_pretrained] Epoch 4/200 — train_loss=2.0224 val_loss=48.1857 recon=1.8507 kl=1.4313 kl_weight=0.1200
2026-04-11 14:38:40 | INFO    | resistancemap | Checkpoint saved: checkpoints/vae_pretrained.pt
2026-04-11 14:38:40 | INFO    | resistancemap.models.vae | [vae_pretrained] Epoch 5/200 — train_loss=1.7670 val_loss=54.3559 recon=1.6132 kl=0.9611 kl_weight=0.1600
2026-04-11 14:38:41 | INFO    | resistancemap.models.vae | [vae_pretrained] Epoch 6/200 — train_loss=546.4765 val_loss=37.2203 recon=1.5788 kl=2724.4880 kl_weight=0.2000
2026-04-11 14:38:42 | INFO    | resistancemap | Checkpoint saved: checkpoints/vae_pretrained.pt
2026-04-11 14:38:42 | INFO    | resistancemap.models.vae | [vae_pretrained] Epoch 7/200 — train_loss=1.8529 val_loss=4.5902 recon=1.6522 kl=0.8365 kl_weight=0.2400
2026-04-11 14:38:43 | INFO    | resistancemap | Checkpoint saved: checkpoints/vae_pretrained.pt
2026-04-11 14:38:43 | INFO    | resistancemap.models.vae | [vae_pretrained] Epoch 8/200 — train_loss=1.7038 val_loss=3.2746 recon=1.4860 kl=0.7778 kl_weight=0.2800
2026-04-11 14:38:44 | INFO    | resistancemap | Checkpoint saved: checkpoints/vae_pretrained.pt
2026-04-11 14:38:45 | INFO    | resistancemap.models.vae | [vae_pretrained] Epoch 9/200 — train_loss=1.6191 val_loss=2.5303 recon=1.4178 kl=0.6289 kl_weight=0.3200
2026-04-11 14:38:46 | INFO    | resistancemap | Checkpoint saved: checkpoints/vae_pretrained.pt
2026-04-11 14:38:46 | INFO    | resistancemap.models.vae | [vae_pretrained] Epoch 10/200 — train_loss=1.5699 val_loss=2.1162 recon=1.3689 kl=0.5584 kl_weight=0.3600
2026-04-11 14:38:47 | INFO    | resistancemap | Checkpoint saved: checkpoints/vae_pretrained.pt
2026-04-11 14:38:47 | INFO    | resistancemap.models.vae | [vae_pretrained] Epoch 11/200 — train_loss=1.5031 val_loss=1.8173 recon=1.3017 kl=0.5035 kl_weight=0.4000
2026-04-11 14:38:48 | INFO    | resistancemap | Checkpoint saved: checkpoints/vae_pretrained.pt
2026-04-11 14:38:49 | INFO    | resistancemap.models.vae | [vae_pretrained] Epoch 12/200 — train_loss=1.4894 val_loss=1.6759 recon=1.2762 kl=0.4846 kl_weight=0.4400
2026-04-11 14:38:50 | INFO    | resistancemap | Checkpoint saved: checkpoints/vae_pretrained.pt
2026-04-11 14:38:50 | INFO    | resistancemap.models.vae | [vae_pretrained] Epoch 13/200 — train_loss=1.4661 val_loss=1.5985 recon=1.2658 kl=0.4172 kl_weight=0.4800
2026-04-11 14:38:51 | INFO    | resistancemap | Checkpoint saved: checkpoints/vae_pretrained.pt
2026-04-11 14:38:51 | INFO    | resistancemap.models.vae | [vae_pretrained] Epoch 14/200 — train_loss=1.3999 val_loss=1.5430 recon=1.1707 kl=0.4407 kl_weight=0.5200
2026-04-11 14:38:52 | INFO    | resistancemap | Checkpoint saved: checkpoints/vae_pretrained.pt
2026-04-11 14:38:53 | INFO    | resistancemap.models.vae | [vae_pretrained] Epoch 15/200 — train_loss=1.3479 val_loss=1.4982 recon=1.1293 kl=0.3902 kl_weight=0.5600
2026-04-11 14:38:54 | INFO    | resistancemap | Checkpoint saved: checkpoints/vae_pretrained.pt
2026-04-11 14:38:54 | INFO    | resistancemap.models.vae | [vae_pretrained] Epoch 16/200 — train_loss=1.3154 val_loss=1.4660 recon=1.0931 kl=0.3705 kl_weight=0.6000
2026-04-11 14:38:55 | INFO    | resistancemap | Checkpoint saved: checkpoints/vae_pretrained.pt
2026-04-11 14:38:55 | INFO    | resistancemap.models.vae | [vae_pretrained] Epoch 17/200 — train_loss=1.2712 val_loss=1.4556 recon=1.0403 kl=0.3608 kl_weight=0.6400
2026-04-11 14:38:56 | INFO    | resistancemap | Checkpoint saved: checkpoints/vae_pretrained.pt
2026-04-11 14:38:57 | INFO    | resistancemap.models.vae | [vae_pretrained] Epoch 18/200 — train_loss=1.2547 val_loss=1.4471 recon=1.0092 kl=0.3610 kl_weight=0.6800
2026-04-11 14:38:58 | INFO    | resistancemap | Checkpoint saved: checkpoints/vae_pretrained.pt
2026-04-11 14:38:58 | INFO    | resistancemap.models.vae | [vae_pretrained] Epoch 19/200 — train_loss=1.2273 val_loss=1.4268 recon=0.9742 kl=0.3515 kl_weight=0.7200
2026-04-11 14:38:59 | INFO    | resistancemap | Checkpoint saved: checkpoints/vae_pretrained.pt
2026-04-11 14:38:59 | INFO    | resistancemap.models.vae | [vae_pretrained] Epoch 20/200 — train_loss=1.1780 val_loss=1.3907 recon=0.9186 kl=0.3413 kl_weight=0.7600
2026-04-11 14:39:00 | INFO    | resistancemap | Checkpoint saved: checkpoints/vae_pretrained.pt
2026-04-11 14:39:01 | INFO    | resistancemap.models.vae | [vae_pretrained] Epoch 21/200 — train_loss=1.1991 val_loss=1.3446 recon=0.9313 kl=0.3348 kl_weight=0.8000
2026-04-11 14:39:02 | INFO    | resistancemap | Checkpoint saved: checkpoints/vae_pretrained.pt
2026-04-11 14:39:02 | INFO    | resistancemap.models.vae | [vae_pretrained] Epoch 22/200 — train_loss=1.1772 val_loss=1.2911 recon=0.9068 kl=0.3220 kl_weight=0.8400
2026-04-11 14:39:03 | INFO    | resistancemap | Checkpoint saved: checkpoints/vae_pretrained.pt
2026-04-11 14:39:03 | INFO    | resistancemap.models.vae | [vae_pretrained] Epoch 23/200 — train_loss=1.1203 val_loss=1.2513 recon=0.8560 kl=0.3004 kl_weight=0.8800
2026-04-11 14:39:04 | INFO    | resistancemap | Checkpoint saved: checkpoints/vae_pretrained.pt
2026-04-11 14:39:05 | INFO    | resistancemap.models.vae | [vae_pretrained] Epoch 24/200 — train_loss=1.1081 val_loss=1.2341 recon=0.8471 kl=0.2836 kl_weight=0.9200
2026-04-11 14:39:06 | INFO    | resistancemap | Checkpoint saved: checkpoints/vae_pretrained.pt
2026-04-11 14:39:06 | INFO    | resistancemap.models.vae | [vae_pretrained] Epoch 25/200 — train_loss=1.0996 val_loss=1.2184 recon=0.8355 kl=0.2751 kl_weight=0.9600
2026-04-11 14:39:07 | INFO    | resistancemap | Checkpoint saved: checkpoints/vae_pretrained.pt
2026-04-11 14:39:07 | INFO    | resistancemap.models.vae | [vae_pretrained] Epoch 26/200 — train_loss=1.0864 val_loss=1.2096 recon=0.8101 kl=0.2763 kl_weight=1.0000
2026-04-11 14:39:08 | INFO    | resistancemap | Checkpoint saved: checkpoints/vae_pretrained.pt
2026-04-11 14:39:09 | INFO    | resistancemap.models.vae | [vae_pretrained] Epoch 27/200 — train_loss=1.0647 val_loss=1.1993 recon=0.8006 kl=0.2641 kl_weight=1.0000
2026-04-11 14:39:09 | INFO    | resistancemap | Checkpoint saved: checkpoints/vae_pretrained.pt
2026-04-11 14:39:10 | INFO    | resistancemap.models.vae | [vae_pretrained] Epoch 28/200 — train_loss=1.0397 val_loss=1.1947 recon=0.7812 kl=0.2585 kl_weight=1.0000
2026-04-11 14:39:11 | INFO    | resistancemap | Checkpoint saved: checkpoints/vae_pretrained.pt
2026-04-11 14:39:11 | INFO    | resistancemap.models.vae | [vae_pretrained] Epoch 29/200 — train_loss=0.9983 val_loss=1.1888 recon=0.7484 kl=0.2498 kl_weight=1.0000
2026-04-11 14:39:12 | INFO    | resistancemap | Checkpoint saved: checkpoints/vae_pretrained.pt
2026-04-11 14:39:12 | INFO    | resistancemap.models.vae | [vae_pretrained] Epoch 30/200 — train_loss=0.9811 val_loss=1.1804 recon=0.7462 kl=0.2349 kl_weight=1.0000
2026-04-11 14:39:13 | INFO    | resistancemap | Checkpoint saved: checkpoints/vae_pretrained.pt
2026-04-11 14:39:14 | INFO    | resistancemap.models.vae | [vae_pretrained] Epoch 31/200 — train_loss=1.0068 val_loss=1.1716 recon=0.7759 kl=0.2310 kl_weight=1.0000
2026-04-11 14:39:15 | INFO    | resistancemap | Checkpoint saved: checkpoints/vae_pretrained.pt
2026-04-11 14:39:15 | INFO    | resistancemap.models.vae | [vae_pretrained] Epoch 32/200 — train_loss=0.9620 val_loss=1.1561 recon=0.7428 kl=0.2191 kl_weight=1.0000
2026-04-11 14:39:16 | INFO    | resistancemap | Checkpoint saved: checkpoints/vae_pretrained.pt
2026-04-11 14:39:16 | INFO    | resistancemap.models.vae | [vae_pretrained] Epoch 33/200 — train_loss=0.9418 val_loss=1.1377 recon=0.7235 kl=0.2183 kl_weight=1.0000
2026-04-11 14:39:17 | INFO    | resistancemap | Checkpoint saved: checkpoints/vae_pretrained.pt
2026-04-11 14:39:18 | INFO    | resistancemap.models.vae | [vae_pretrained] Epoch 34/200 — train_loss=0.9475 val_loss=1.1219 recon=0.7352 kl=0.2123 kl_weight=1.0000
2026-04-11 14:39:19 | INFO    | resistancemap | Checkpoint saved: checkpoints/vae_pretrained.pt
2026-04-11 14:39:19 | INFO    | resistancemap.models.vae | [vae_pretrained] Epoch 35/200 — train_loss=0.9221 val_loss=1.1090 recon=0.7073 kl=0.2148 kl_weight=1.0000
2026-04-11 14:39:20 | INFO    | resistancemap | Checkpoint saved: checkpoints/vae_pretrained.pt
2026-04-11 14:39:20 | INFO    | resistancemap.models.vae | [vae_pretrained] Epoch 36/200 — train_loss=0.9146 val_loss=1.1020 recon=0.7096 kl=0.2049 kl_weight=1.0000
2026-04-11 14:39:21 | INFO    | resistancemap | Checkpoint saved: checkpoints/vae_pretrained.pt
2026-04-11 14:39:22 | INFO    | resistancemap.models.vae | [vae_pretrained] Epoch 37/200 — train_loss=0.9068 val_loss=1.0876 recon=0.7073 kl=0.1995 kl_weight=1.0000
2026-04-11 14:39:23 | INFO    | resistancemap | Checkpoint saved: checkpoints/vae_pretrained.pt
2026-04-11 14:39:23 | INFO    | resistancemap.models.vae | [vae_pretrained] Epoch 38/200 — train_loss=0.9014 val_loss=1.0759 recon=0.7028 kl=0.1986 kl_weight=1.0000
2026-04-11 14:39:24 | INFO    | resistancemap | Checkpoint saved: checkpoints/vae_pretrained.pt
2026-04-11 14:39:24 | INFO    | resistancemap.models.vae | [vae_pretrained] Epoch 39/200 — train_loss=0.9017 val_loss=1.0696 recon=0.7027 kl=0.1990 kl_weight=1.0000
2026-04-11 14:39:25 | INFO    | resistancemap | Checkpoint saved: checkpoints/vae_pretrained.pt
2026-04-11 14:39:26 | INFO    | resistancemap.models.vae | [vae_pretrained] Epoch 40/200 — train_loss=0.8772 val_loss=1.0637 recon=0.6839 kl=0.1933 kl_weight=1.0000
2026-04-11 14:39:27 | INFO    | resistancemap | Checkpoint saved: checkpoints/vae_pretrained.pt
2026-04-11 14:39:27 | INFO    | resistancemap.models.vae | [vae_pretrained] Epoch 41/200 — train_loss=0.8835 val_loss=1.0630 recon=0.6933 kl=0.1902 kl_weight=1.0000
2026-04-11 14:39:28 | INFO    | resistancemap | Checkpoint saved: checkpoints/vae_pretrained.pt
2026-04-11 14:39:28 | INFO    | resistancemap.models.vae | [vae_pretrained] Epoch 42/200 — train_loss=0.8681 val_loss=1.0601 recon=0.6819 kl=0.1862 kl_weight=1.0000
2026-04-11 14:39:29 | INFO    | resistancemap | Checkpoint saved: checkpoints/vae_pretrained.pt
2026-04-11 14:39:30 | INFO    | resistancemap.models.vae | [vae_pretrained] Epoch 43/200 — train_loss=0.8659 val_loss=1.0552 recon=0.6767 kl=0.1892 kl_weight=1.0000
2026-04-11 14:39:31 | INFO    | resistancemap | Checkpoint saved: checkpoints/vae_pretrained.pt
2026-04-11 14:39:31 | INFO    | resistancemap.models.vae | [vae_pretrained] Epoch 44/200 — train_loss=0.8598 val_loss=1.0485 recon=0.6705 kl=0.1893 kl_weight=1.0000
2026-04-11 14:39:32 | INFO    | resistancemap | Checkpoint saved: checkpoints/vae_pretrained.pt
2026-04-11 14:39:32 | INFO    | resistancemap.models.vae | [vae_pretrained] Epoch 45/200 — train_loss=0.8469 val_loss=1.0446 recon=0.6655 kl=0.1814 kl_weight=1.0000
2026-04-11 14:39:33 | INFO    | resistancemap | Checkpoint saved: checkpoints/vae_pretrained.pt
2026-04-11 14:39:34 | INFO    | resistancemap.models.vae | [vae_pretrained] Epoch 46/200 — train_loss=0.8470 val_loss=1.0436 recon=0.6592 kl=0.1878 kl_weight=1.0000
2026-04-11 14:39:34 | INFO    | resistancemap | Checkpoint saved: checkpoints/vae_pretrained.pt
2026-04-11 14:39:35 | INFO    | resistancemap.models.vae | [vae_pretrained] Epoch 47/200 — train_loss=0.8412 val_loss=1.0349 recon=0.6516 kl=0.1897 kl_weight=1.0000
2026-04-11 14:39:36 | INFO    | resistancemap | Checkpoint saved: checkpoints/vae_pretrained.pt
2026-04-11 14:39:36 | INFO    | resistancemap.models.vae | [vae_pretrained] Epoch 48/200 — train_loss=0.8353 val_loss=1.0278 recon=0.6518 kl=0.1835 kl_weight=1.0000
2026-04-11 14:39:37 | INFO    | resistancemap | Checkpoint saved: checkpoints/vae_pretrained.pt
2026-04-11 14:39:37 | INFO    | resistancemap.models.vae | [vae_pretrained] Epoch 49/200 — train_loss=0.8184 val_loss=1.0257 recon=0.6394 kl=0.1791 kl_weight=1.0000
2026-04-11 14:39:38 | INFO    | resistancemap | Checkpoint saved: checkpoints/vae_pretrained.pt
2026-04-11 14:39:39 | INFO    | resistancemap.models.vae | [vae_pretrained] Epoch 50/200 — train_loss=0.8308 val_loss=1.0314 recon=0.6550 kl=0.1757 kl_weight=1.0000
2026-04-11 14:39:39 | INFO    | resistancemap.models.vae | [vae_pretrained] Epoch 51/200 — train_loss=0.6471 val_loss=1.0418 recon=0.6471 kl=0.1805 kl_weight=0.0000
2026-04-11 14:39:40 | INFO    | resistancemap.models.vae | [vae_pretrained] Epoch 52/200 — train_loss=0.6387 val_loss=1.0511 recon=0.6312 kl=0.1858 kl_weight=0.0400
2026-04-11 14:39:40 | INFO    | resistancemap.models.vae | [vae_pretrained] Epoch 53/200 — train_loss=0.6469 val_loss=1.0526 recon=0.6306 kl=0.2037 kl_weight=0.0800
2026-04-11 14:39:40 | INFO    | resistancemap.models.vae | [vae_pretrained] Epoch 54/200 — train_loss=0.6214 val_loss=1.0510 recon=0.5923 kl=0.2422 kl_weight=0.1200
2026-04-11 14:39:41 | INFO    | resistancemap.models.vae | [vae_pretrained] Epoch 55/200 — train_loss=0.6247 val_loss=1.0504 recon=0.5831 kl=0.2602 kl_weight=0.1600
2026-04-11 14:39:41 | INFO    | resistancemap.models.vae | [vae_pretrained] Epoch 56/200 — train_loss=0.6164 val_loss=1.0558 recon=0.5564 kl=0.3002 kl_weight=0.2000
2026-04-11 14:39:41 | INFO    | resistancemap.models.vae | [vae_pretrained] Epoch 57/200 — train_loss=0.6323 val_loss=1.0650 recon=0.5488 kl=0.3480 kl_weight=0.2400
2026-04-11 14:39:42 | INFO    | resistancemap.models.vae | [vae_pretrained] Epoch 58/200 — train_loss=0.6379 val_loss=1.0765 recon=0.5302 kl=0.3847 kl_weight=0.2800
2026-04-11 14:39:42 | INFO    | resistancemap.models.vae | [vae_pretrained] Epoch 59/200 — train_loss=0.6634 val_loss=1.0852 recon=0.5301 kl=0.4164 kl_weight=0.3200
2026-04-11 14:39:43 | INFO    | resistancemap.models.vae | [vae_pretrained] Epoch 60/200 — train_loss=0.6837 val_loss=1.0891 recon=0.5176 kl=0.4613 kl_weight=0.3600
2026-04-11 14:39:43 | INFO    | resistancemap.models.vae | [vae_pretrained] Epoch 61/200 — train_loss=0.6831 val_loss=1.0815 recon=0.5088 kl=0.4359 kl_weight=0.4000
2026-04-11 14:39:43 | INFO    | resistancemap.models.vae | [vae_pretrained] Epoch 62/200 — train_loss=0.6989 val_loss=1.0782 recon=0.5050 kl=0.4405 kl_weight=0.4400
2026-04-11 14:39:44 | INFO    | resistancemap.models.vae | [vae_pretrained] Epoch 63/200 — train_loss=0.7100 val_loss=1.0771 recon=0.5019 kl=0.4334 kl_weight=0.4800
2026-04-11 14:39:44 | INFO    | resistancemap.models.vae | [vae_pretrained] Epoch 64/200 — train_loss=0.7078 val_loss=1.0756 recon=0.4968 kl=0.4058 kl_weight=0.5200
2026-04-11 14:39:44 | INFO    | resistancemap.models.vae | [vae_pretrained] Epoch 65/200 — train_loss=0.7193 val_loss=1.0758 recon=0.5080 kl=0.3773 kl_weight=0.5600
2026-04-11 14:39:45 | INFO    | resistancemap.models.vae | [vae_pretrained] Epoch 66/200 — train_loss=0.7170 val_loss=1.0766 recon=0.4992 kl=0.3629 kl_weight=0.6000
2026-04-11 14:39:45 | INFO    | resistancemap.models.vae | [vae_pretrained] Epoch 67/200 — train_loss=0.7170 val_loss=1.0715 recon=0.5203 kl=0.3073 kl_weight=0.6400
2026-04-11 14:39:46 | INFO    | resistancemap.models.vae | [vae_pretrained] Epoch 68/200 — train_loss=0.7171 val_loss=1.0646 recon=0.5182 kl=0.2926 kl_weight=0.6800
2026-04-11 14:39:46 | INFO    | resistancemap.models.vae | [vae_pretrained] Epoch 69/200 — train_loss=0.7132 val_loss=1.0545 recon=0.5244 kl=0.2622 kl_weight=0.7200
2026-04-11 14:39:46 | INFO    | resistancemap.models.vae | Early stopping at epoch 69
2026-04-11 14:39:46 | INFO    | resistancemap | <<< STAGE END: vae_pretrain (1.3 min) | best_val_loss=1.0257 final_epoch=69 total_steps=69
2026-04-11 14:39:46 | INFO    | resistancemap | === Sequential stage: vae_finetune ===
2026-04-11 14:39:46 | INFO    | resistancemap | >>> STAGE START: vae_finetune
2026-04-11 14:39:46 | INFO    | resistancemap | Checkpoint loaded: checkpoints/data_ready.pt (saved 2026-04-11T19:38:29.498481+00:00)
2026-04-11 14:39:47 | INFO    | resistancemap | Checkpoint loaded: checkpoints/vae_pretrained.pt (saved 2026-04-11T19:39:37.999989+00:00)
2026-04-11 14:40:00 | INFO    | resistancemap.models.vae | [vae_finetuned] Epoch 1/100 — train_loss=0.8737 val_loss=1.1936 recon=0.8737 kl=0.2960 kl_weight=0.0000
2026-04-11 14:40:01 | INFO    | resistancemap | Checkpoint saved: checkpoints/vae_finetuned.pt
2026-04-11 14:40:03 | INFO    | resistancemap.models.vae | [vae_finetuned] Epoch 2/100 — train_loss=0.7594 val_loss=1.1845 recon=0.7339 kl=0.3069 kl_weight=0.0833
2026-04-11 14:40:04 | INFO    | resistancemap | Checkpoint saved: checkpoints/vae_finetuned.pt
2026-04-11 14:40:04 | INFO    | resistancemap.models.vae | [vae_finetuned] Epoch 3/100 — train_loss=0.7590 val_loss=1.1829 recon=0.7071 kl=0.3116 kl_weight=0.1667
2026-04-11 14:40:05 | INFO    | resistancemap | Checkpoint saved: checkpoints/vae_finetuned.pt
2026-04-11 14:40:05 | INFO    | resistancemap.models.vae | [vae_finetuned] Epoch 4/100 — train_loss=0.7280 val_loss=1.1881 recon=0.6482 kl=0.3191 kl_weight=0.2500
2026-04-11 14:40:06 | INFO    | resistancemap.models.vae | [vae_finetuned] Epoch 5/100 — train_loss=0.7354 val_loss=1.2005 recon=0.6224 kl=0.3391 kl_weight=0.3333
2026-04-11 14:40:06 | INFO    | resistancemap.models.vae | [vae_finetuned] Epoch 6/100 — train_loss=0.7599 val_loss=1.2149 recon=0.6157 kl=0.3460 kl_weight=0.4167
2026-04-11 14:40:07 | INFO    | resistancemap.models.vae | [vae_finetuned] Epoch 7/100 — train_loss=0.7722 val_loss=1.2307 recon=0.5923 kl=0.3598 kl_weight=0.5000
2026-04-11 14:40:07 | INFO    | resistancemap.models.vae | [vae_finetuned] Epoch 8/100 — train_loss=0.7985 val_loss=1.2474 recon=0.5905 kl=0.3566 kl_weight=0.5833
2026-04-11 14:40:07 | INFO    | resistancemap.models.vae | [vae_finetuned] Epoch 9/100 — train_loss=0.8184 val_loss=1.2640 recon=0.5731 kl=0.3679 kl_weight=0.6667
2026-04-11 14:40:08 | INFO    | resistancemap.models.vae | [vae_finetuned] Epoch 10/100 — train_loss=0.8245 val_loss=1.2795 recon=0.5590 kl=0.3540 kl_weight=0.7500
2026-04-11 14:40:08 | INFO    | resistancemap.models.vae | [vae_finetuned] Epoch 11/100 — train_loss=0.8483 val_loss=1.2900 recon=0.5580 kl=0.3483 kl_weight=0.8333
2026-04-11 14:40:09 | INFO    | resistancemap.models.vae | [vae_finetuned] Epoch 12/100 — train_loss=0.8564 val_loss=1.2999 recon=0.5422 kl=0.3427 kl_weight=0.9167
2026-04-11 14:40:09 | INFO    | resistancemap.models.vae | [vae_finetuned] Epoch 13/100 — train_loss=0.8838 val_loss=1.3017 recon=0.5467 kl=0.3371 kl_weight=1.0000
2026-04-11 14:40:09 | INFO    | resistancemap.models.vae | [vae_finetuned] Epoch 14/100 — train_loss=0.8713 val_loss=1.3050 recon=0.5456 kl=0.3256 kl_weight=1.0000
2026-04-11 14:40:10 | INFO    | resistancemap.models.vae | [vae_finetuned] Epoch 15/100 — train_loss=0.8362 val_loss=1.3038 recon=0.5254 kl=0.3109 kl_weight=1.0000
2026-04-11 14:40:10 | INFO    | resistancemap.models.vae | [vae_finetuned] Epoch 16/100 — train_loss=0.8573 val_loss=1.3008 recon=0.5631 kl=0.2942 kl_weight=1.0000
2026-04-11 14:40:11 | INFO    | resistancemap.models.vae | [vae_finetuned] Epoch 17/100 — train_loss=0.8359 val_loss=1.2971 recon=0.5498 kl=0.2862 kl_weight=1.0000
2026-04-11 14:40:11 | INFO    | resistancemap.models.vae | [vae_finetuned] Epoch 18/100 — train_loss=0.8275 val_loss=1.2893 recon=0.5499 kl=0.2776 kl_weight=1.0000
2026-04-11 14:40:11 | INFO    | resistancemap.models.vae | [vae_finetuned] Epoch 19/100 — train_loss=0.8147 val_loss=1.2813 recon=0.5553 kl=0.2594 kl_weight=1.0000
2026-04-11 14:40:12 | INFO    | resistancemap.models.vae | [vae_finetuned] Epoch 20/100 — train_loss=0.8169 val_loss=1.2768 recon=0.5696 kl=0.2474 kl_weight=1.0000
2026-04-11 14:40:12 | INFO    | resistancemap.models.vae | [vae_finetuned] Epoch 21/100 — train_loss=0.8034 val_loss=1.2700 recon=0.5604 kl=0.2431 kl_weight=1.0000
2026-04-11 14:40:13 | INFO    | resistancemap.models.vae | [vae_finetuned] Epoch 22/100 — train_loss=0.7790 val_loss=1.2606 recon=0.5438 kl=0.2352 kl_weight=1.0000
2026-04-11 14:40:13 | INFO    | resistancemap.models.vae | [vae_finetuned] Epoch 23/100 — train_loss=0.7858 val_loss=1.2514 recon=0.5635 kl=0.2223 kl_weight=1.0000
2026-04-11 14:40:13 | INFO    | resistancemap.models.vae | Early stopping at epoch 23
2026-04-11 14:40:13 | INFO    | resistancemap | <<< STAGE END: vae_finetune (0.4 min) | best_val_loss=1.1829 final_epoch=23 total_steps=23
2026-04-11 14:40:13 | INFO    | resistancemap | === Sequential stage: trajectory_calibrate ===
2026-04-11 14:40:13 | INFO    | resistancemap | >>> STAGE START: trajectory_calibrate
2026-04-11 14:40:13 | INFO    | resistancemap | Checkpoint loaded: checkpoints/data_ready.pt (saved 2026-04-11T19:38:29.498481+00:00)
2026-04-11 14:40:14 | INFO    | resistancemap | Checkpoint loaded: checkpoints/vae_finetuned.pt (saved 2026-04-11T19:40:04.472727+00:00)
2026-04-11 14:40:14 | INFO    | resistancemap | Checkpoint saved: checkpoints/stability_calibrated.pt
2026-04-11 14:40:15 | INFO    | resistancemap | Checkpoint saved: checkpoints/stability_calibrated.pt
2026-04-11 14:40:17 | INFO    | resistancemap | Checkpoint saved: checkpoints/stability_calibrated.pt
2026-04-11 14:40:18 | INFO    | resistancemap | Checkpoint saved: checkpoints/stability_calibrated.pt
2026-04-11 14:40:20 | INFO    | resistancemap | Checkpoint saved: checkpoints/stability_calibrated.pt
2026-04-11 14:40:21 | INFO    | resistancemap | Checkpoint saved: checkpoints/stability_calibrated.pt
2026-04-11 14:40:22 | INFO    | resistancemap | Checkpoint saved: checkpoints/stability_calibrated.pt
2026-04-11 14:40:23 | INFO    | resistancemap | Checkpoint saved: checkpoints/stability_calibrated.pt
2026-04-11 14:40:23 | INFO    | resistancemap | Checkpoint saved: checkpoints/stability_calibrated.pt
2026-04-11 14:40:24 | INFO    | resistancemap | Checkpoint saved: checkpoints/stability_calibrated.pt
2026-04-11 14:40:25 | INFO    | resistancemap | Checkpoint saved: checkpoints/stability_calibrated.pt
2026-04-11 14:40:26 | INFO    | resistancemap | Checkpoint saved: checkpoints/stability_calibrated.pt
2026-04-11 14:40:26 | INFO    | resistancemap | Checkpoint saved: checkpoints/stability_calibrated.pt
2026-04-11 14:40:27 | INFO    | resistancemap | Checkpoint saved: checkpoints/stability_calibrated.pt
2026-04-11 14:40:28 | INFO    | resistancemap | Checkpoint saved: checkpoints/stability_calibrated.pt
2026-04-11 14:40:28 | INFO    | resistancemap | Checkpoint saved: checkpoints/stability_calibrated.pt
2026-04-11 14:40:29 | INFO    | resistancemap | Checkpoint saved: checkpoints/stability_calibrated.pt
2026-04-11 14:40:29 | INFO    | resistancemap | Checkpoint saved: checkpoints/stability_calibrated.pt
2026-04-11 14:40:30 | INFO    | resistancemap | Checkpoint saved: checkpoints/stability_calibrated.pt
2026-04-11 14:40:30 | INFO    | resistancemap | Checkpoint saved: checkpoints/stability_calibrated.pt
2026-04-11 14:40:31 | INFO    | resistancemap | Checkpoint saved: checkpoints/stability_calibrated.pt
2026-04-11 14:40:31 | INFO    | resistancemap | Checkpoint saved: checkpoints/stability_calibrated.pt
2026-04-11 14:40:32 | INFO    | resistancemap | Checkpoint saved: checkpoints/stability_calibrated.pt
2026-04-11 14:40:32 | INFO    | resistancemap | Checkpoint saved: checkpoints/stability_calibrated.pt
2026-04-11 14:40:33 | INFO    | resistancemap | Checkpoint saved: checkpoints/stability_calibrated.pt
2026-04-11 14:40:33 | INFO    | resistancemap | Checkpoint saved: checkpoints/stability_calibrated.pt
2026-04-11 14:40:34 | INFO    | resistancemap | Checkpoint saved: checkpoints/stability_calibrated.pt
2026-04-11 14:40:35 | INFO    | resistancemap | Checkpoint saved: checkpoints/stability_calibrated.pt
2026-04-11 14:40:36 | INFO    | resistancemap | Checkpoint saved: checkpoints/stability_calibrated.pt
2026-04-11 14:40:37 | INFO    | resistancemap | Checkpoint saved: checkpoints/stability_calibrated.pt
2026-04-11 14:40:37 | INFO    | resistancemap | Checkpoint saved: checkpoints/stability_calibrated.pt
2026-04-11 14:40:38 | INFO    | resistancemap | Checkpoint saved: checkpoints/stability_calibrated.pt
2026-04-11 14:40:39 | INFO    | resistancemap | Checkpoint saved: checkpoints/stability_calibrated.pt
2026-04-11 14:40:39 | INFO    | resistancemap | Checkpoint saved: checkpoints/stability_calibrated.pt
2026-04-11 14:40:40 | INFO    | resistancemap | Checkpoint saved: checkpoints/stability_calibrated.pt
2026-04-11 14:40:40 | INFO    | resistancemap.models.trajectory | [stability_calibrate] Epoch 50/500 loss=0.2583 basin_center=1.4784 basin_scale=1.5138
2026-04-11 14:40:40 | INFO    | resistancemap | Checkpoint saved: checkpoints/stability_calibrated.pt
2026-04-11 14:40:42 | INFO    | resistancemap | Checkpoint saved: checkpoints/stability_calibrated.pt
2026-04-11 14:40:42 | INFO    | resistancemap | Checkpoint saved: checkpoints/stability_calibrated.pt
2026-04-11 14:40:43 | INFO    | resistancemap | Checkpoint saved: checkpoints/stability_calibrated.pt
2026-04-11 14:40:44 | INFO    | resistancemap | Checkpoint saved: checkpoints/stability_calibrated.pt
2026-04-11 14:40:45 | INFO    | resistancemap | Checkpoint saved: checkpoints/stability_calibrated.pt
2026-04-11 14:40:46 | INFO    | resistancemap | Checkpoint saved: checkpoints/stability_calibrated.pt
2026-04-11 14:40:47 | INFO    | resistancemap | Checkpoint saved: checkpoints/stability_calibrated.pt
2026-04-11 14:40:48 | INFO    | resistancemap | Checkpoint saved: checkpoints/stability_calibrated.pt
2026-04-11 14:40:49 | INFO    | resistancemap | Checkpoint saved: checkpoints/stability_calibrated.pt
2026-04-11 14:40:51 | INFO    | resistancemap | Checkpoint saved: checkpoints/stability_calibrated.pt
2026-04-11 14:40:52 | INFO    | resistancemap | Checkpoint saved: checkpoints/stability_calibrated.pt
2026-04-11 14:40:53 | INFO    | resistancemap | Checkpoint saved: checkpoints/stability_calibrated.pt
2026-04-11 14:40:55 | INFO    | resistancemap | Checkpoint saved: checkpoints/stability_calibrated.pt
2026-04-11 14:40:55 | INFO    | resistancemap | Checkpoint saved: checkpoints/stability_calibrated.pt
2026-04-11 14:40:56 | INFO    | resistancemap | Checkpoint saved: checkpoints/stability_calibrated.pt
2026-04-11 14:41:00 | INFO    | resistancemap | Checkpoint saved: checkpoints/stability_calibrated.pt
2026-04-11 14:41:00 | INFO    | resistancemap | Checkpoint saved: checkpoints/stability_calibrated.pt
2026-04-11 14:41:02 | INFO    | resistancemap | Checkpoint saved: checkpoints/stability_calibrated.pt
2026-04-11 14:41:03 | INFO    | resistancemap | Checkpoint saved: checkpoints/stability_calibrated.pt
2026-04-11 14:41:04 | INFO    | resistancemap | Checkpoint saved: checkpoints/stability_calibrated.pt
2026-04-11 14:41:05 | INFO    | resistancemap | Checkpoint saved: checkpoints/stability_calibrated.pt
2026-04-11 14:41:06 | INFO    | resistancemap | Checkpoint saved: checkpoints/stability_calibrated.pt
2026-04-11 14:41:06 | INFO    | resistancemap | Checkpoint saved: checkpoints/stability_calibrated.pt
2026-04-11 14:41:08 | INFO    | resistancemap.models.trajectory | [stability_calibrate] Epoch 100/500 loss=0.0111 basin_center=1.4528 basin_scale=1.5109
2026-04-11 14:41:10 | INFO    | resistancemap | Checkpoint saved: checkpoints/stability_calibrated.pt
2026-04-11 14:41:11 | INFO    | resistancemap | Checkpoint saved: checkpoints/stability_calibrated.pt
2026-04-11 14:41:13 | INFO    | resistancemap | Checkpoint saved: checkpoints/stability_calibrated.pt
2026-04-11 14:41:14 | INFO    | resistancemap | Checkpoint saved: checkpoints/stability_calibrated.pt
2026-04-11 14:41:14 | INFO    | resistancemap | Checkpoint saved: checkpoints/stability_calibrated.pt
2026-04-11 14:41:15 | INFO    | resistancemap | Checkpoint saved: checkpoints/stability_calibrated.pt
2026-04-11 14:41:16 | INFO    | resistancemap | Checkpoint saved: checkpoints/stability_calibrated.pt
2026-04-11 14:41:18 | INFO    | resistancemap | Checkpoint saved: checkpoints/stability_calibrated.pt
2026-04-11 14:41:20 | INFO    | resistancemap | Checkpoint saved: checkpoints/stability_calibrated.pt
2026-04-11 14:41:24 | INFO    | resistancemap | Checkpoint saved: checkpoints/stability_calibrated.pt
2026-04-11 14:41:31 | INFO    | resistancemap | Checkpoint saved: checkpoints/stability_calibrated.pt
2026-04-11 14:41:33 | INFO    | resistancemap | Checkpoint saved: checkpoints/stability_calibrated.pt
2026-04-11 14:41:35 | INFO    | resistancemap.models.trajectory | [stability_calibrate] Epoch 150/500 loss=0.0026 basin_center=1.4498 basin_scale=1.5143
2026-04-11 14:41:42 | INFO    | resistancemap | Checkpoint saved: checkpoints/stability_calibrated.pt
2026-04-11 14:42:01 | INFO    | resistancemap.models.trajectory | [stability_calibrate] Epoch 200/500 loss=0.0058 basin_center=1.4488 basin_scale=1.5160
2026-04-11 14:42:13 | INFO    | resistancemap | Checkpoint saved: checkpoints/stability_calibrated.pt
2026-04-11 14:42:28 | INFO    | resistancemap.models.trajectory | [stability_calibrate] Epoch 250/500 loss=0.0183 basin_center=1.4483 basin_scale=1.5171
2026-04-11 14:42:39 | INFO    | resistancemap | Checkpoint saved: checkpoints/stability_calibrated.pt
2026-04-11 14:42:55 | INFO    | resistancemap.models.trajectory | [stability_calibrate] Epoch 300/500 loss=0.0023 basin_center=1.4479 basin_scale=1.5178
2026-04-11 14:43:22 | INFO    | resistancemap.models.trajectory | [stability_calibrate] Epoch 350/500 loss=0.0035 basin_center=1.4476 basin_scale=1.5186
2026-04-11 14:43:48 | INFO    | resistancemap.models.trajectory | [stability_calibrate] Epoch 400/500 loss=0.0175 basin_center=1.4474 basin_scale=1.5190
2026-04-11 14:44:15 | INFO    | resistancemap.models.trajectory | [stability_calibrate] Epoch 450/500 loss=0.0013 basin_center=1.4472 basin_scale=1.5194
2026-04-11 14:44:42 | INFO    | resistancemap.models.trajectory | [stability_calibrate] Epoch 500/500 loss=0.0015 basin_center=1.4470 basin_scale=1.5198
2026-04-11 14:44:42 | INFO    | resistancemap | <<< STAGE END: trajectory_calibrate (4.5 min) | best_calibration_loss=0.0002 n_valid_samples=498
2026-04-11 14:44:42 | INFO    | resistancemap | === Sequential stage: protein_net_train ===
2026-04-11 14:44:43 | INFO    | resistancemap | >>> STAGE START: protein_net_train
2026-04-11 14:44:43 | INFO    | resistancemap | Checkpoint loaded: checkpoints/data_ready.pt (saved 2026-04-11T19:38:29.498481+00:00)
2026-04-11 14:44:43 | INFO    | resistancemap | Checkpoint loaded: checkpoints/vae_finetuned.pt (saved 2026-04-11T19:40:04.472727+00:00)
2026-04-11 14:44:43 | INFO    | resistancemap | Checkpoint loaded: checkpoints/stability_calibrated.pt (saved 2026-04-11T19:42:39.287212+00:00)
2026-04-11 14:44:44 | INFO    | resistancemap.main | Pre-computing VAE latent states and stability scores...
2026-04-11 14:50:07 | INFO    | resistancemap.main | Pre-computed: latents torch.Size([886, 64]), stability torch.Size([886])
2026-04-11 14:50:07 | INFO    | resistancemap.main | PPI graph: 19177 nodes, 929520 edges
2026-04-11 14:52:05 | INFO    | resistancemap | Logging to logs/pipeline.log
2026-04-11 14:52:05 | WARNING | resistancemap | W&B init failed (continuing without): No API key configured. Use `wandb login` to log in.
2026-04-11 14:52:05 | INFO    | resistancemap | === Sequential stage: data_validate ===
2026-04-11 14:52:05 | INFO    | resistancemap | >>> STAGE START: data_validate
2026-04-11 14:52:05 | INFO    | resistancemap | <<< STAGE END: data_validate (0.0 min)
2026-04-11 14:52:05 | INFO    | resistancemap | === Sequential stage: data_prep ===
2026-04-11 14:52:06 | INFO    | resistancemap | === Sequential stage: vae_pretrain ===
2026-04-11 14:52:06 | INFO    | resistancemap | === Sequential stage: vae_finetune ===
2026-04-11 14:52:06 | INFO    | resistancemap | === Sequential stage: trajectory_calibrate ===
2026-04-11 14:52:06 | INFO    | resistancemap | === Sequential stage: protein_net_train ===
2026-04-11 14:52:08 | INFO    | resistancemap | >>> STAGE START: protein_net_train
2026-04-11 14:52:08 | INFO    | resistancemap | Checkpoint loaded: checkpoints/data_ready.pt (saved 2026-04-11T19:38:29.498481+00:00)
2026-04-11 14:52:08 | INFO    | resistancemap | Checkpoint loaded: checkpoints/vae_finetuned.pt (saved 2026-04-11T19:40:04.472727+00:00)
2026-04-11 14:52:08 | INFO    | resistancemap | Checkpoint loaded: checkpoints/stability_calibrated.pt (saved 2026-04-11T19:42:39.287212+00:00)
2026-04-11 14:52:09 | INFO    | resistancemap.main | Pre-computing VAE latent states and stability scores...
2026-04-11 14:57:26 | INFO    | resistancemap.main | Pre-computed: latents torch.Size([886, 64]), stability torch.Size([886])
2026-04-11 14:57:26 | INFO    | resistancemap.main | PPI graph: 19177 nodes, 929520 edges
2026-04-11 14:57:35 | INFO    | resistancemap | Checkpoint saved: checkpoints/protein_net_trained.pt
2026-04-11 14:57:44 | INFO    | resistancemap | Checkpoint saved: checkpoints/protein_net_trained.pt
2026-04-11 14:58:27 | INFO    | resistancemap | Checkpoint saved: checkpoints/protein_net_trained.pt
2026-04-11 14:58:53 | INFO    | resistancemap.main | [protein_net] Epoch 10/100 train=0.8313 val=0.7846
2026-04-11 15:00:20 | INFO    | resistancemap.main | [protein_net] Epoch 20/100 train=0.6448 val=0.7924
2026-04-11 15:00:38 | INFO    | resistancemap.main | [protein_net] Early stopping at epoch 22
2026-04-11 15:00:38 | INFO    | resistancemap | <<< STAGE END: protein_net_train (8.5 min) | protein_net_val_loss=0.7713
2026-04-11 15:00:38 | INFO    | resistancemap | === Sequential stage: fusion_train ===
2026-04-11 15:00:38 | INFO    | resistancemap | >>> STAGE START: fusion_train
2026-04-11 15:00:38 | INFO    | resistancemap | Checkpoint loaded: checkpoints/data_ready.pt (saved 2026-04-11T19:38:29.498481+00:00)
2026-04-11 15:00:38 | INFO    | resistancemap | Checkpoint loaded: checkpoints/vae_finetuned.pt (saved 2026-04-11T19:40:04.472727+00:00)
2026-04-11 15:00:38 | INFO    | resistancemap | Checkpoint loaded: checkpoints/stability_calibrated.pt (saved 2026-04-11T19:42:39.287212+00:00)
2026-04-11 15:00:38 | INFO    | resistancemap | Checkpoint loaded: checkpoints/protein_net_trained.pt (saved 2026-04-11T19:58:27.872050+00:00)
2026-04-11 15:00:39 | INFO    | resistancemap.main | Pre-computing modality embeddings for fusion training...
2026-04-11 15:06:01 | INFO    | resistancemap.main | Embeddings: epi=torch.Size([886, 64]), pnet=torch.Size([886, 128]), stab=torch.Size([886, 1])
2026-04-11 15:06:01 | INFO    | resistancemap | Checkpoint saved: checkpoints/fusion_trained.pt
2026-04-11 15:06:01 | INFO    | resistancemap | Checkpoint saved: checkpoints/fusion_trained.pt
2026-04-11 15:06:01 | INFO    | resistancemap | Checkpoint saved: checkpoints/fusion_trained.pt
2026-04-11 15:06:01 | INFO    | resistancemap | Checkpoint saved: checkpoints/fusion_trained.pt
2026-04-11 15:06:01 | INFO    | resistancemap.main | [fusion] Early stopping at epoch 19
2026-04-11 15:06:01 | INFO    | resistancemap | <<< STAGE END: fusion_train (5.4 min) | fusion_val_loss=0.5436
2026-04-11 15:06:01 | INFO    | resistancemap | === Sequential stage: landscape_train ===
2026-04-11 15:06:01 | INFO    | resistancemap | >>> STAGE START: landscape_train
2026-04-11 15:06:02 | INFO    | resistancemap | Checkpoint loaded: checkpoints/data_ready.pt (saved 2026-04-11T19:38:29.498481+00:00)
2026-04-11 15:06:02 | INFO    | resistancemap | Checkpoint loaded: checkpoints/fusion_trained.pt (saved 2026-04-11T20:06:01.476969+00:00)
2026-04-11 15:06:02 | INFO    | resistancemap.main | Computing fused representations for landscape training...
2026-04-11 15:06:02 | INFO    | resistancemap.main | Fused representations: torch.Size([886, 128])
2026-04-11 15:06:02 | INFO    | resistancemap | Checkpoint saved: checkpoints/landscape_trained.pt
2026-04-11 15:06:02 | INFO    | resistancemap | Checkpoint saved: checkpoints/landscape_trained.pt
2026-04-11 15:06:02 | INFO    | resistancemap | Checkpoint saved: checkpoints/landscape_trained.pt
2026-04-11 15:06:02 | INFO    | resistancemap | Checkpoint saved: checkpoints/landscape_trained.pt
2026-04-11 15:06:02 | INFO    | resistancemap | Checkpoint saved: checkpoints/landscape_trained.pt
2026-04-11 15:06:02 | INFO    | resistancemap | Checkpoint saved: checkpoints/landscape_trained.pt
2026-04-11 15:06:02 | INFO    | resistancemap | Checkpoint saved: checkpoints/landscape_trained.pt
2026-04-11 15:06:02 | INFO    | resistancemap | Checkpoint saved: checkpoints/landscape_trained.pt
2026-04-11 15:06:02 | INFO    | resistancemap | Checkpoint saved: checkpoints/landscape_trained.pt
2026-04-11 15:06:02 | INFO    | resistancemap | Checkpoint saved: checkpoints/landscape_trained.pt
2026-04-11 15:06:02 | INFO    | resistancemap | Checkpoint saved: checkpoints/landscape_trained.pt
2026-04-11 15:06:02 | INFO    | resistancemap | Checkpoint saved: checkpoints/landscape_trained.pt
2026-04-11 15:06:02 | INFO    | resistancemap | Checkpoint saved: checkpoints/landscape_trained.pt
2026-04-11 15:06:02 | INFO    | resistancemap | Checkpoint saved: checkpoints/landscape_trained.pt
2026-04-11 15:06:02 | INFO    | resistancemap.main | [landscape] Epoch 20/100 train=0.9610 val=0.5406
2026-04-11 15:06:03 | INFO    | resistancemap | Checkpoint saved: checkpoints/landscape_trained.pt
2026-04-11 15:06:03 | INFO    | resistancemap.main | [landscape] Epoch 40/100 train=0.9631 val=0.5449
2026-04-11 15:06:03 | INFO    | resistancemap.main | [landscape] Early stopping at epoch 40
2026-04-11 15:06:03 | INFO    | resistancemap | <<< STAGE END: landscape_train (0.0 min) | landscape_val_loss=0.5386
2026-04-11 15:06:03 | INFO    | resistancemap | === Sequential stage: validate ===
2026-04-11 15:06:03 | INFO    | resistancemap | >>> STAGE START: validate
2026-04-11 15:06:03 | INFO    | resistancemap | Checkpoint loaded: checkpoints/data_ready.pt (saved 2026-04-11T19:38:29.498481+00:00)
2026-04-11 15:06:03 | INFO    | resistancemap | Checkpoint loaded: checkpoints/fusion_trained.pt (saved 2026-04-11T20:06:01.476969+00:00)
2026-04-11 15:06:03 | INFO    | resistancemap | Checkpoint loaded: checkpoints/landscape_trained.pt (saved 2026-04-11T20:06:03.045220+00:00)
2026-04-11 15:06:03 | INFO    | resistancemap.main | Validation: test_mse=0.6953 on 132 samples
2026-04-11 15:06:03 | INFO    | resistancemap | Checkpoint saved: checkpoints/pipeline_validated.pt
2026-04-11 15:06:03 | INFO    | resistancemap | <<< STAGE END: validate (0.0 min) | test_mse=0.6953 n_test_samples=132 n_drugs=11 split=test
2026-04-11 15:06:03 | INFO    | resistancemap | === Sequential stage: serve ===
2026-04-11 15:06:03 | INFO    | resistancemap | >>> STAGE START: serve
2026-04-12 15:08:51 | INFO    | resistancemap | Logging to logs/pipeline.log
2026-04-12 15:08:51 | WARNING | resistancemap | W&B init failed (continuing without): No API key configured. Use `wandb login` to log in.
2026-04-12 15:08:51 | INFO    | resistancemap | === Sequential stage: data_validate ===
2026-04-12 15:08:51 | INFO    | resistancemap | >>> STAGE START: data_validate
2026-04-12 15:08:51 | INFO    | resistancemap | <<< STAGE END: data_validate (0.0 min)
2026-04-12 15:08:51 | INFO    | resistancemap | === Sequential stage: data_prep ===
2026-04-12 15:08:52 | INFO    | resistancemap | === Sequential stage: vae_pretrain ===
2026-04-12 15:08:52 | INFO    | resistancemap | === Sequential stage: vae_finetune ===
2026-04-12 15:08:52 | INFO    | resistancemap | === Sequential stage: trajectory_calibrate ===
2026-04-12 15:08:52 | INFO    | resistancemap | === Sequential stage: protein_net_train ===
2026-04-12 15:08:54 | INFO    | resistancemap | === Sequential stage: fusion_train ===
2026-04-12 15:08:54 | INFO    | resistancemap | === Sequential stage: landscape_train ===
2026-04-12 15:08:54 | INFO    | resistancemap | === Sequential stage: validate ===
2026-04-12 15:08:54 | INFO    | resistancemap | === Sequential stage: serve ===
2026-04-12 15:08:54 | INFO    | resistancemap | >>> STAGE START: serve
2026-04-12 15:22:44 | INFO    | resistancemap | Logging to logs/pipeline.log
2026-04-12 15:22:45 | WARNING | resistancemap | W&B init failed (continuing without): No API key configured. Use `wandb login` to log in.
2026-04-12 15:22:45 | INFO    | resistancemap.main | Agentic pipeline: 10 agents in 9 parallel layers
2026-04-12 15:22:45 | INFO    | resistancemap.main |   Layer 0: ['data_validation']
2026-04-12 15:22:45 | INFO    | resistancemap.main |   Layer 1: ['data_prep']
2026-04-12 15:22:45 | INFO    | resistancemap.main |   Layer 2: ['vae_pretrain', 'esm2_embed']
2026-04-12 15:22:45 | INFO    | resistancemap.main |   Layer 3: ['vae_finetune']
2026-04-12 15:22:45 | INFO    | resistancemap.main |   Layer 4: ['trajectory']
2026-04-12 15:22:45 | INFO    | resistancemap.main |   Layer 5: ['protein_net']
2026-04-12 15:22:45 | INFO    | resistancemap.main |   Layer 6: ['fusion']
2026-04-12 15:22:45 | INFO    | resistancemap.main |   Layer 7: ['landscape']
2026-04-12 15:22:45 | INFO    | resistancemap.main |   Layer 8: ['validation']
2026-04-12 15:22:45 | INFO    | resistancemap.main | AgentOps initialized: Tracer + Evaluator + Optimizer
2026-04-12 15:22:45 | INFO    | resistancemap.main | Zero-trust verification active: 8 guardrails loaded
2026-04-12 15:22:45 | INFO    | resistancemap.main | Data quality profiler ready (SOTA benchmarks loaded)
2026-04-12 15:22:45 | INFO    | resistancemap.main | Latent compute scheduler: GPU budget=24GB, max_concurrent=2
2026-04-12 15:22:45 | INFO    | resistancemap.main | ========================================================================
2026-04-12 15:22:45 | INFO    | resistancemap.main | EXECUTING AGENTIC PIPELINE
2026-04-12 15:22:45 | INFO    | resistancemap.main | ========================================================================
2026-04-12 15:22:45 | INFO    | resistancemap.agents.orchestrator | Orchestrator: Starting execution of 10 agents in 9 layers
2026-04-12 15:22:45 | INFO    | resistancemap.agents.orchestrator | Orchestrator: Layer 0 (1 agents)
2026-04-12 15:22:45 | INFO    | resistancemap.agents.base | data_validation: Starting execution
2026-04-12 15:22:45 | INFO    | resistancemap | >>> STAGE START: data_validate
2026-04-12 15:22:45 | INFO    | resistancemap | <<< STAGE END: data_validate (0.0 min)
2026-04-12 15:22:45 | INFO    | resistancemap.agents.base | data_validation: Execution complete (status=completed)
2026-04-12 15:22:45 | INFO    | resistancemap.agents.orchestrator |   data_validation: COMPLETED (hash=c756ad01...)
2026-04-12 15:22:45 | INFO    | resistancemap.agents.orchestrator | Orchestrator: Layer 1 (1 agents)
2026-04-12 15:22:45 | INFO    | resistancemap.agents.base | data_prep: Starting execution
2026-04-12 15:22:45 | INFO    | resistancemap | >>> STAGE START: data_prep
2026-04-12 15:22:45 | INFO    | resistancemap.data.loaders | Loading CCLE proteomics from data/raw/ccle_proteomics.csv
2026-04-12 15:22:52 | INFO    | resistancemap.data.loaders | Loaded proteomics: 1393 cell lines, 19177 proteins
2026-04-12 15:22:52 | INFO    | resistancemap.data.loaders | After coverage filter (70%): 19177 proteins retained
2026-04-12 15:22:52 | INFO    | resistancemap.data.loaders | Stripped '(entrez_id)' decoration from 19177/19177 protein names
2026-04-12 15:22:52 | INFO    | resistancemap.data.loaders | Loading CCLE epigenomics from data/raw/ccle_epigenomics
2026-04-12 15:22:52 | INFO    | resistancemap.data.loaders |   chromatin_profiling: 897 lines, 42 features
2026-04-12 15:22:52 | INFO    | resistancemap.data.loaders | Loading STRING PPI network from data/raw/string_ppi.txt
2026-04-12 15:23:31 | INFO    | resistancemap.data.loaders |   STRING scores on 0-1000 scale — normalizing to 0-1
2026-04-12 15:23:31 | INFO    | resistancemap.data.loaders | PPI edges after confidence filter (>=0.7): 473860
2026-04-12 15:23:31 | INFO    | resistancemap.data.loaders |   Loaded STRING protein info from 9606.protein.info.v12.0.txt.gz: 19699 ENSP -> gene_symbol entries
2026-04-12 15:23:32 | INFO    | resistancemap.data.loaders | Translated STRING ENSP -> gene symbols: 473860/473860 edges retained after mapping
2026-04-12 15:23:32 | INFO    | resistancemap.data.loaders | Loading scRNA-seq from data/raw/gse124310.h5ad
2026-04-12 15:23:32 | INFO    | resistancemap.data.loaders | Loaded scRNA-seq: 27796 cells, 33694 genes
2026-04-12 15:23:32 | INFO    | resistancemap.data.loaders | Loaded scRNA-seq GSE124310: 27796 cells
2026-04-12 15:23:32 | WARNING | resistancemap.data.loaders | scRNA-seq GSE271107 not found at data/raw/gse271107.h5ad, skipping
2026-04-12 15:23:32 | WARNING | resistancemap.data.loaders | MMRF CoMMpass directory not found at data/raw/mmrf_commpass, skipping
2026-04-12 15:23:32 | INFO    | resistancemap.data.preprocessors | Harmonizing multi-omics data
2026-04-12 15:23:32 | INFO    | resistancemap.data.preprocessors |   Additional scRNA-seq datasets: ['GSE124310']
2026-04-12 15:23:32 | INFO    | resistancemap.data.preprocessors |   ID mapping: 0 CCLEName → ModelID entries
2026-04-12 15:23:32 | INFO    | resistancemap.data.preprocessors | Cell lines in common across modalities: 886
2026-04-12 15:23:53 | INFO    | resistancemap.data.loaders | Loading drug sensitivity data
2026-04-12 15:23:54 | INFO    | resistancemap.data.loaders |   GDSC: 575197 records
2026-04-12 15:23:54 | INFO    | resistancemap.data.loaders |   GDSC: standardized columns
2026-04-12 15:23:54 | WARNING | resistancemap.data.loaders |   CTRPv2: not found at data/raw/ctrpv2_drug_sensitivity.csv, skipping
2026-04-12 15:23:54 | INFO    | resistancemap.data.loaders | Drug sensitivity matrix: 977 samples × 11 drugs
2026-04-12 15:23:54 | INFO    | resistancemap.data.preprocessors |   Drug sensitivity ID mapping via cell_line_name: 498 matches
2026-04-12 15:23:54 | INFO    | resistancemap.data.preprocessors | Drug-sensitivity targets z-scored: 11/11 drugs with usable variance
2026-04-12 15:23:54 | INFO    | resistancemap.data.preprocessors |   Lineage labels: 886/886 matched
2026-04-12 15:23:54 | INFO    | resistancemap.data.preprocessors | PPI-proteomics overlap: 15904 proteins
2026-04-12 15:23:54 | INFO    | resistancemap.data.preprocessors | MultiOmicsDataset: 886 samples, 19177 proteins, 42 epigenomic features, 473860 PPI edges
2026-04-12 15:23:54 | INFO    | resistancemap.data.preprocessors | Splits: train=622, val=132, test=132
2026-04-12 15:23:54 | INFO    | resistancemap | Checkpoint saved: checkpoints/data_ready.pt
2026-04-12 15:23:54 | INFO    | resistancemap | <<< STAGE END: data_prep (1.2 min)
2026-04-12 15:23:55 | INFO    | resistancemap | Checkpoint loaded: checkpoints/data_ready.pt (saved 2026-04-12T20:23:54.422521+00:00)
2026-04-12 15:23:55 | INFO    | resistancemap.agents.base | data_prep: Execution complete (status=completed)
2026-04-12 15:23:55 | INFO    | resistancemap.agents.orchestrator |   data_prep: COMPLETED (hash=6729f7bf...)
2026-04-12 15:23:55 | INFO    | resistancemap.agents.orchestrator | Orchestrator: Layer 2 (2 agents)
2026-04-12 15:23:55 | INFO    | resistancemap.agents.base | vae_pretrain: Starting execution
2026-04-12 15:23:55 | INFO    | resistancemap.agents.base | esm2_embed: Starting execution
2026-04-12 15:23:55 | INFO    | resistancemap | >>> STAGE START: esm2_embed
2026-04-12 15:23:55 | INFO    | resistancemap | >>> STAGE START: vae_pretrain
2026-04-12 15:23:55 | INFO    | resistancemap | Checkpoint loaded: checkpoints/data_ready.pt (saved 2026-04-12T20:23:54.422521+00:00)
2026-04-12 15:23:55 | INFO    | resistancemap.agents.specialized | ESM-2 embed: validated 19177 proteins for model facebook/esm2_t33_650M_UR50D
2026-04-12 15:23:55 | INFO    | resistancemap | <<< STAGE END: esm2_embed (0.0 min) | n_proteins=19177 esm2_model=facebook/esm2_t33_650M_UR50D embedding_dim=1280
2026-04-12 15:23:55 | INFO    | resistancemap | Checkpoint loaded: checkpoints/data_ready.pt (saved 2026-04-12T20:23:54.422521+00:00)
2026-04-12 15:23:55 | INFO    | resistancemap.agents.base | esm2_embed: Execution complete (status=completed)
2026-04-12 15:24:02 | INFO    | resistancemap.models.vae | [vae_pretrained] Epoch 1/200 — train_loss=1.9924 val_loss=29.2427 recon=1.9924 kl=0.7345 kl_weight=0.0000
2026-04-12 15:24:03 | INFO    | resistancemap | Checkpoint saved: checkpoints/vae_pretrained.pt
2026-04-12 15:24:04 | INFO    | resistancemap.models.vae | [vae_pretrained] Epoch 2/200 — train_loss=1.7217 val_loss=419.9943 recon=1.6718 kl=1.2467 kl_weight=0.0400
2026-04-12 15:24:04 | INFO    | resistancemap.models.vae | [vae_pretrained] Epoch 3/200 — train_loss=4.4062 val_loss=359.7666 recon=1.8208 kl=32.3173 kl_weight=0.0800
2026-04-12 15:24:05 | INFO    | resistancemap.models.vae | [vae_pretrained] Epoch 4/200 — train_loss=2.0696 val_loss=55.4064 recon=1.9350 kl=1.1215 kl_weight=0.1200
2026-04-12 15:24:05 | INFO    | resistancemap.models.vae | [vae_pretrained] Epoch 5/200 — train_loss=1.8167 val_loss=14.1387 recon=1.6715 kl=0.9072 kl_weight=0.1600
2026-04-12 15:24:06 | INFO    | resistancemap | Checkpoint saved: checkpoints/vae_pretrained.pt
2026-04-12 15:24:07 | INFO    | resistancemap.models.vae | [vae_pretrained] Epoch 6/200 — train_loss=1.6778 val_loss=5.7713 recon=1.5219 kl=0.7795 kl_weight=0.2000
2026-04-12 15:24:08 | INFO    | resistancemap | Checkpoint saved: checkpoints/vae_pretrained.pt
2026-04-12 15:24:08 | INFO    | resistancemap.models.vae | [vae_pretrained] Epoch 7/200 — train_loss=1.5927 val_loss=3.8483 recon=1.4221 kl=0.7108 kl_weight=0.2400
2026-04-12 15:24:09 | INFO    | resistancemap | Checkpoint saved: checkpoints/vae_pretrained.pt
2026-04-12 15:24:09 | INFO    | resistancemap.models.vae | [vae_pretrained] Epoch 8/200 — train_loss=1.5451 val_loss=2.9201 recon=1.3612 kl=0.6568 kl_weight=0.2800
2026-04-12 15:24:10 | INFO    | resistancemap | Checkpoint saved: checkpoints/vae_pretrained.pt
2026-04-12 15:24:11 | INFO    | resistancemap.models.vae | [vae_pretrained] Epoch 9/200 — train_loss=1.4919 val_loss=2.2602 recon=1.2876 kl=0.6386 kl_weight=0.3200
2026-04-12 15:24:12 | INFO    | resistancemap | Checkpoint saved: checkpoints/vae_pretrained.pt
2026-04-12 15:24:12 | INFO    | resistancemap.models.vae | [vae_pretrained] Epoch 10/200 — train_loss=1.4635 val_loss=1.9160 recon=1.2689 kl=0.5406 kl_weight=0.3600
2026-04-12 15:24:13 | INFO    | resistancemap | Checkpoint saved: checkpoints/vae_pretrained.pt
2026-04-12 15:24:13 | INFO    | resistancemap.models.vae | [vae_pretrained] Epoch 11/200 — train_loss=1.4330 val_loss=1.7001 recon=1.2395 kl=0.4837 kl_weight=0.4000
2026-04-12 15:24:14 | INFO    | resistancemap | Checkpoint saved: checkpoints/vae_pretrained.pt
2026-04-12 15:24:15 | INFO    | resistancemap.models.vae | [vae_pretrained] Epoch 12/200 — train_loss=1.3637 val_loss=1.5756 recon=1.1665 kl=0.4482 kl_weight=0.4400
2026-04-12 15:24:16 | INFO    | resistancemap | Checkpoint saved: checkpoints/vae_pretrained.pt
2026-04-12 15:24:16 | INFO    | resistancemap.models.vae | [vae_pretrained] Epoch 13/200 — train_loss=1.3324 val_loss=1.4947 recon=1.1290 kl=0.4237 kl_weight=0.4800
2026-04-12 15:24:17 | INFO    | resistancemap | Checkpoint saved: checkpoints/vae_pretrained.pt
2026-04-12 15:24:17 | INFO    | resistancemap.models.vae | [vae_pretrained] Epoch 14/200 — train_loss=1.2959 val_loss=1.4120 recon=1.0855 kl=0.4046 kl_weight=0.5200
2026-04-12 15:24:18 | INFO    | resistancemap | Checkpoint saved: checkpoints/vae_pretrained.pt
2026-04-12 15:24:19 | INFO    | resistancemap.models.vae | [vae_pretrained] Epoch 15/200 — train_loss=1.2709 val_loss=1.3684 recon=1.0498 kl=0.3948 kl_weight=0.5600
2026-04-12 15:24:20 | INFO    | resistancemap | Checkpoint saved: checkpoints/vae_pretrained.pt
2026-04-12 15:24:20 | INFO    | resistancemap.models.vae | [vae_pretrained] Epoch 16/200 — train_loss=1.2251 val_loss=1.3444 recon=0.9982 kl=0.3781 kl_weight=0.6000
2026-04-12 15:24:21 | INFO    | resistancemap | Checkpoint saved: checkpoints/vae_pretrained.pt
2026-04-12 15:24:21 | INFO    | resistancemap.models.vae | [vae_pretrained] Epoch 17/200 — train_loss=1.2078 val_loss=1.3170 recon=0.9650 kl=0.3793 kl_weight=0.6400
2026-04-12 15:24:22 | INFO    | resistancemap | Checkpoint saved: checkpoints/vae_pretrained.pt
2026-04-12 15:24:23 | INFO    | resistancemap.models.vae | [vae_pretrained] Epoch 18/200 — train_loss=1.1809 val_loss=1.2946 recon=0.9261 kl=0.3746 kl_weight=0.6800
2026-04-12 15:24:24 | INFO    | resistancemap | Checkpoint saved: checkpoints/vae_pretrained.pt
2026-04-12 15:24:24 | INFO    | resistancemap.models.vae | [vae_pretrained] Epoch 19/200 — train_loss=1.1662 val_loss=1.2532 recon=0.9000 kl=0.3697 kl_weight=0.7200
2026-04-12 15:24:25 | INFO    | resistancemap | Checkpoint saved: checkpoints/vae_pretrained.pt
2026-04-12 15:24:25 | INFO    | resistancemap.models.vae | [vae_pretrained] Epoch 20/200 — train_loss=1.1362 val_loss=1.2251 recon=0.8638 kl=0.3584 kl_weight=0.7600
2026-04-12 15:24:26 | INFO    | resistancemap | Checkpoint saved: checkpoints/vae_pretrained.pt
2026-04-12 15:24:27 | INFO    | resistancemap.models.vae | [vae_pretrained] Epoch 21/200 — train_loss=1.1179 val_loss=1.1986 recon=0.8427 kl=0.3440 kl_weight=0.8000
2026-04-12 15:24:28 | INFO    | resistancemap | Checkpoint saved: checkpoints/vae_pretrained.pt
2026-04-12 15:24:28 | INFO    | resistancemap.models.vae | [vae_pretrained] Epoch 22/200 — train_loss=1.1035 val_loss=1.1871 recon=0.8254 kl=0.3310 kl_weight=0.8400
2026-04-12 15:24:29 | INFO    | resistancemap | Checkpoint saved: checkpoints/vae_pretrained.pt
2026-04-12 15:24:29 | INFO    | resistancemap.models.vae | [vae_pretrained] Epoch 23/200 — train_loss=1.1181 val_loss=1.1733 recon=0.8301 kl=0.3273 kl_weight=0.8800
2026-04-12 15:24:30 | INFO    | resistancemap | Checkpoint saved: checkpoints/vae_pretrained.pt
2026-04-12 15:24:31 | INFO    | resistancemap.models.vae | [vae_pretrained] Epoch 24/200 — train_loss=1.1007 val_loss=1.1676 recon=0.8154 kl=0.3101 kl_weight=0.9200
2026-04-12 15:24:32 | INFO    | resistancemap | Checkpoint saved: checkpoints/vae_pretrained.pt
2026-04-12 15:24:32 | INFO    | resistancemap.models.vae | [vae_pretrained] Epoch 25/200 — train_loss=1.0704 val_loss=1.1428 recon=0.7867 kl=0.2955 kl_weight=0.9600
2026-04-12 15:24:33 | INFO    | resistancemap | Checkpoint saved: checkpoints/vae_pretrained.pt
2026-04-12 15:24:33 | INFO    | resistancemap.models.vae | [vae_pretrained] Epoch 26/200 — train_loss=1.0692 val_loss=1.1261 recon=0.7889 kl=0.2802 kl_weight=1.0000
2026-04-12 15:24:34 | INFO    | resistancemap | Checkpoint saved: checkpoints/vae_pretrained.pt
2026-04-12 15:24:35 | INFO    | resistancemap.models.vae | [vae_pretrained] Epoch 27/200 — train_loss=1.0287 val_loss=1.1230 recon=0.7570 kl=0.2717 kl_weight=1.0000
2026-04-12 15:24:36 | INFO    | resistancemap | Checkpoint saved: checkpoints/vae_pretrained.pt
2026-04-12 15:24:36 | INFO    | resistancemap.models.vae | [vae_pretrained] Epoch 28/200 — train_loss=1.0384 val_loss=1.1180 recon=0.7782 kl=0.2602 kl_weight=1.0000
2026-04-12 15:24:37 | INFO    | resistancemap | Checkpoint saved: checkpoints/vae_pretrained.pt
2026-04-12 15:24:37 | INFO    | resistancemap.models.vae | [vae_pretrained] Epoch 29/200 — train_loss=0.9901 val_loss=1.1054 recon=0.7537 kl=0.2364 kl_weight=1.0000
2026-04-12 15:24:38 | INFO    | resistancemap | Checkpoint saved: checkpoints/vae_pretrained.pt
2026-04-12 15:24:39 | INFO    | resistancemap.models.vae | [vae_pretrained] Epoch 30/200 — train_loss=0.9950 val_loss=1.0956 recon=0.7612 kl=0.2338 kl_weight=1.0000
2026-04-12 15:24:40 | INFO    | resistancemap | Checkpoint saved: checkpoints/vae_pretrained.pt
2026-04-12 15:24:40 | INFO    | resistancemap.models.vae | [vae_pretrained] Epoch 31/200 — train_loss=0.9711 val_loss=1.0840 recon=0.7464 kl=0.2247 kl_weight=1.0000
2026-04-12 15:24:41 | INFO    | resistancemap | Checkpoint saved: checkpoints/vae_pretrained.pt
2026-04-12 15:24:41 | INFO    | resistancemap.models.vae | [vae_pretrained] Epoch 32/200 — train_loss=0.9643 val_loss=1.0758 recon=0.7475 kl=0.2168 kl_weight=1.0000
2026-04-12 15:24:42 | INFO    | resistancemap | Checkpoint saved: checkpoints/vae_pretrained.pt
2026-04-12 15:24:43 | INFO    | resistancemap.models.vae | [vae_pretrained] Epoch 33/200 — train_loss=0.9462 val_loss=1.0688 recon=0.7284 kl=0.2178 kl_weight=1.0000
2026-04-12 15:24:44 | INFO    | resistancemap | Checkpoint saved: checkpoints/vae_pretrained.pt
2026-04-12 15:24:44 | INFO    | resistancemap.models.vae | [vae_pretrained] Epoch 34/200 — train_loss=0.9428 val_loss=1.0652 recon=0.7330 kl=0.2098 kl_weight=1.0000
2026-04-12 15:24:45 | INFO    | resistancemap | Checkpoint saved: checkpoints/vae_pretrained.pt
2026-04-12 15:24:45 | INFO    | resistancemap.models.vae | [vae_pretrained] Epoch 35/200 — train_loss=0.9391 val_loss=1.0508 recon=0.7268 kl=0.2123 kl_weight=1.0000
2026-04-12 15:24:46 | INFO    | resistancemap | Checkpoint saved: checkpoints/vae_pretrained.pt
2026-04-12 15:24:47 | INFO    | resistancemap.models.vae | [vae_pretrained] Epoch 36/200 — train_loss=0.9130 val_loss=1.0414 recon=0.6888 kl=0.2242 kl_weight=1.0000
2026-04-12 15:24:48 | INFO    | resistancemap | Checkpoint saved: checkpoints/vae_pretrained.pt
2026-04-12 15:24:48 | INFO    | resistancemap.models.vae | [vae_pretrained] Epoch 37/200 — train_loss=0.9072 val_loss=1.0386 recon=0.6904 kl=0.2168 kl_weight=1.0000
2026-04-12 15:24:49 | INFO    | resistancemap | Checkpoint saved: checkpoints/vae_pretrained.pt
2026-04-12 15:24:49 | INFO    | resistancemap.models.vae | [vae_pretrained] Epoch 38/200 — train_loss=0.9028 val_loss=1.0318 recon=0.6944 kl=0.2084 kl_weight=1.0000
2026-04-12 15:24:50 | INFO    | resistancemap | Checkpoint saved: checkpoints/vae_pretrained.pt
2026-04-12 15:24:51 | INFO    | resistancemap.models.vae | [vae_pretrained] Epoch 39/200 — train_loss=0.8997 val_loss=1.0258 recon=0.6973 kl=0.2023 kl_weight=1.0000
2026-04-12 15:24:52 | INFO    | resistancemap | Checkpoint saved: checkpoints/vae_pretrained.pt
2026-04-12 15:24:52 | INFO    | resistancemap.models.vae | [vae_pretrained] Epoch 40/200 — train_loss=0.8740 val_loss=1.0209 recon=0.6787 kl=0.1952 kl_weight=1.0000
2026-04-12 15:24:53 | INFO    | resistancemap | Checkpoint saved: checkpoints/vae_pretrained.pt
2026-04-12 15:24:53 | INFO    | resistancemap.models.vae | [vae_pretrained] Epoch 41/200 — train_loss=0.8868 val_loss=1.0138 recon=0.6944 kl=0.1924 kl_weight=1.0000
2026-04-12 15:24:54 | INFO    | resistancemap | Checkpoint saved: checkpoints/vae_pretrained.pt
2026-04-12 15:24:55 | INFO    | resistancemap.models.vae | [vae_pretrained] Epoch 42/200 — train_loss=0.8601 val_loss=1.0045 recon=0.6640 kl=0.1961 kl_weight=1.0000
2026-04-12 15:24:56 | INFO    | resistancemap | Checkpoint saved: checkpoints/vae_pretrained.pt
2026-04-12 15:24:56 | INFO    | resistancemap.models.vae | [vae_pretrained] Epoch 43/200 — train_loss=0.8630 val_loss=1.0021 recon=0.6722 kl=0.1908 kl_weight=1.0000
2026-04-12 15:24:57 | INFO    | resistancemap | Checkpoint saved: checkpoints/vae_pretrained.pt
2026-04-12 15:24:57 | INFO    | resistancemap.models.vae | [vae_pretrained] Epoch 44/200 — train_loss=0.8472 val_loss=1.0044 recon=0.6561 kl=0.1910 kl_weight=1.0000
2026-04-12 15:24:58 | INFO    | resistancemap.models.vae | [vae_pretrained] Epoch 45/200 — train_loss=0.8423 val_loss=1.0100 recon=0.6537 kl=0.1886 kl_weight=1.0000
2026-04-12 15:24:58 | INFO    | resistancemap.models.vae | [vae_pretrained] Epoch 46/200 — train_loss=0.8322 val_loss=1.0114 recon=0.6419 kl=0.1903 kl_weight=1.0000
2026-04-12 15:24:59 | INFO    | resistancemap.models.vae | [vae_pretrained] Epoch 47/200 — train_loss=0.8547 val_loss=1.0019 recon=0.6666 kl=0.1880 kl_weight=1.0000
2026-04-12 15:25:00 | INFO    | resistancemap | Checkpoint saved: checkpoints/vae_pretrained.pt
2026-04-12 15:25:00 | INFO    | resistancemap.models.vae | [vae_pretrained] Epoch 48/200 — train_loss=0.8577 val_loss=0.9911 recon=0.6698 kl=0.1880 kl_weight=1.0000
2026-04-12 15:25:01 | INFO    | resistancemap | Checkpoint saved: checkpoints/vae_pretrained.pt
2026-04-12 15:25:01 | INFO    | resistancemap.models.vae | [vae_pretrained] Epoch 49/200 — train_loss=0.8417 val_loss=0.9877 recon=0.6590 kl=0.1827 kl_weight=1.0000
2026-04-12 15:25:02 | INFO    | resistancemap | Checkpoint saved: checkpoints/vae_pretrained.pt
2026-04-12 15:25:03 | INFO    | resistancemap.models.vae | [vae_pretrained] Epoch 50/200 — train_loss=0.8245 val_loss=0.9853 recon=0.6408 kl=0.1837 kl_weight=1.0000
2026-04-12 15:25:04 | INFO    | resistancemap | Checkpoint saved: checkpoints/vae_pretrained.pt
2026-04-12 15:25:04 | INFO    | resistancemap.models.vae | [vae_pretrained] Epoch 51/200 — train_loss=0.6516 val_loss=0.9847 recon=0.6516 kl=0.1796 kl_weight=0.0000
2026-04-12 15:25:05 | INFO    | resistancemap | Checkpoint saved: checkpoints/vae_pretrained.pt
2026-04-12 15:25:05 | INFO    | resistancemap.models.vae | [vae_pretrained] Epoch 52/200 — train_loss=0.6297 val_loss=0.9971 recon=0.6219 kl=0.1958 kl_weight=0.0400
2026-04-12 15:25:06 | INFO    | resistancemap.models.vae | [vae_pretrained] Epoch 53/200 — train_loss=0.6248 val_loss=1.0161 recon=0.6072 kl=0.2199 kl_weight=0.0800
2026-04-12 15:25:06 | INFO    | resistancemap.models.vae | [vae_pretrained] Epoch 54/200 — train_loss=0.6093 val_loss=1.0381 recon=0.5793 kl=0.2498 kl_weight=0.1200
2026-04-12 15:25:07 | INFO    | resistancemap.models.vae | [vae_pretrained] Epoch 55/200 — train_loss=0.6065 val_loss=1.0506 recon=0.5606 kl=0.2871 kl_weight=0.1600
2026-04-12 15:25:07 | INFO    | resistancemap.models.vae | [vae_pretrained] Epoch 56/200 — train_loss=0.6100 val_loss=1.0526 recon=0.5442 kl=0.3290 kl_weight=0.2000
2026-04-12 15:25:07 | INFO    | resistancemap.models.vae | [vae_pretrained] Epoch 57/200 — train_loss=0.6436 val_loss=1.0526 recon=0.5562 kl=0.3644 kl_weight=0.2400
2026-04-12 15:25:08 | INFO    | resistancemap.models.vae | [vae_pretrained] Epoch 58/200 — train_loss=0.6290 val_loss=1.0563 recon=0.5120 kl=0.4180 kl_weight=0.2800
2026-04-12 15:25:08 | INFO    | resistancemap.models.vae | [vae_pretrained] Epoch 59/200 — train_loss=0.6568 val_loss=1.0675 recon=0.5137 kl=0.4472 kl_weight=0.3200
2026-04-12 15:25:09 | INFO    | resistancemap.models.vae | [vae_pretrained] Epoch 60/200 — train_loss=0.6614 val_loss=1.0803 recon=0.4902 kl=0.4755 kl_weight=0.3600
2026-04-12 15:25:09 | INFO    | resistancemap.models.vae | [vae_pretrained] Epoch 61/200 — train_loss=0.6758 val_loss=1.0883 recon=0.4867 kl=0.4727 kl_weight=0.4000
2026-04-12 15:25:09 | INFO    | resistancemap.models.vae | [vae_pretrained] Epoch 62/200 — train_loss=0.6936 val_loss=1.0899 recon=0.4864 kl=0.4709 kl_weight=0.4400
2026-04-12 15:25:10 | INFO    | resistancemap.models.vae | [vae_pretrained] Epoch 63/200 — train_loss=0.7085 val_loss=1.0878 recon=0.4883 kl=0.4588 kl_weight=0.4800
2026-04-12 15:25:10 | INFO    | resistancemap.models.vae | [vae_pretrained] Epoch 64/200 — train_loss=0.7089 val_loss=1.0851 recon=0.4857 kl=0.4292 kl_weight=0.5200
2026-04-12 15:25:11 | INFO    | resistancemap.models.vae | [vae_pretrained] Epoch 65/200 — train_loss=0.7007 val_loss=1.0805 recon=0.4823 kl=0.3900 kl_weight=0.5600
2026-04-12 15:25:11 | INFO    | resistancemap.models.vae | [vae_pretrained] Epoch 66/200 — train_loss=0.6999 val_loss=1.0715 recon=0.4887 kl=0.3521 kl_weight=0.6000
2026-04-12 15:25:11 | INFO    | resistancemap.models.vae | [vae_pretrained] Epoch 67/200 — train_loss=0.7057 val_loss=1.0648 recon=0.4933 kl=0.3319 kl_weight=0.6400
2026-04-12 15:25:12 | INFO    | resistancemap.models.vae | [vae_pretrained] Epoch 68/200 — train_loss=0.7113 val_loss=1.0511 recon=0.5123 kl=0.2926 kl_weight=0.6800
2026-04-12 15:25:12 | INFO    | resistancemap.models.vae | [vae_pretrained] Epoch 69/200 — train_loss=0.7197 val_loss=1.0399 recon=0.5314 kl=0.2616 kl_weight=0.7200
2026-04-12 15:25:13 | INFO    | resistancemap.models.vae | [vae_pretrained] Epoch 70/200 — train_loss=0.7176 val_loss=1.0295 recon=0.5295 kl=0.2475 kl_weight=0.7600
2026-04-12 15:25:13 | INFO    | resistancemap.models.vae | [vae_pretrained] Epoch 71/200 — train_loss=0.7585 val_loss=1.0234 recon=0.5823 kl=0.2202 kl_weight=0.8000
2026-04-12 15:25:13 | INFO    | resistancemap.models.vae | Early stopping at epoch 71
2026-04-12 15:25:13 | INFO    | resistancemap | <<< STAGE END: vae_pretrain (1.3 min) | best_val_loss=0.9847 final_epoch=71 total_steps=71
2026-04-12 15:25:13 | INFO    | resistancemap | Checkpoint loaded: checkpoints/vae_pretrained.pt (saved 2026-04-12T20:25:04.587850+00:00)
2026-04-12 15:25:13 | INFO    | resistancemap.agents.base | vae_pretrain: Execution complete (status=completed)
2026-04-12 15:25:13 | INFO    | resistancemap.agents.orchestrator |   vae_pretrain: COMPLETED (hash=96937bb0...)
2026-04-12 15:25:13 | INFO    | resistancemap.agents.orchestrator |   esm2_embed: COMPLETED (hash=a10dd06d...)
2026-04-12 15:25:13 | INFO    | resistancemap.agents.orchestrator | Orchestrator: Layer 3 (1 agents)
2026-04-12 15:25:13 | INFO    | resistancemap.agents.base | vae_finetune: Starting execution
2026-04-12 15:25:13 | INFO    | resistancemap | >>> STAGE START: vae_finetune
2026-04-12 15:25:14 | INFO    | resistancemap | Checkpoint loaded: checkpoints/data_ready.pt (saved 2026-04-12T20:23:54.422521+00:00)
2026-04-12 15:25:14 | INFO    | resistancemap | Checkpoint loaded: checkpoints/vae_pretrained.pt (saved 2026-04-12T20:25:04.587850+00:00)
2026-04-12 15:25:19 | INFO    | resistancemap.models.vae | [vae_finetuned] Epoch 1/100 — train_loss=0.8492 val_loss=1.1432 recon=0.8492 kl=0.3196 kl_weight=0.0000
2026-04-12 15:25:20 | INFO    | resistancemap | Checkpoint saved: checkpoints/vae_finetuned.pt
2026-04-12 15:25:22 | INFO    | resistancemap.models.vae | [vae_finetuned] Epoch 2/100 — train_loss=0.7605 val_loss=1.1411 recon=0.7325 kl=0.3352 kl_weight=0.0833
2026-04-12 15:25:23 | INFO    | resistancemap | Checkpoint saved: checkpoints/vae_finetuned.pt
2026-04-12 15:25:23 | INFO    | resistancemap.models.vae | [vae_finetuned] Epoch 3/100 — train_loss=0.7425 val_loss=1.1505 recon=0.6843 kl=0.3493 kl_weight=0.1667
2026-04-12 15:25:24 | INFO    | resistancemap.models.vae | [vae_finetuned] Epoch 4/100 — train_loss=0.7311 val_loss=1.1654 recon=0.6396 kl=0.3659 kl_weight=0.2500
2026-04-12 15:25:24 | INFO    | resistancemap.models.vae | [vae_finetuned] Epoch 5/100 — train_loss=0.7464 val_loss=1.1814 recon=0.6167 kl=0.3890 kl_weight=0.3333
2026-04-12 15:25:25 | INFO    | resistancemap.models.vae | [vae_finetuned] Epoch 6/100 — train_loss=0.7146 val_loss=1.1973 recon=0.5520 kl=0.3902 kl_weight=0.4167
2026-04-12 15:25:25 | INFO    | resistancemap.models.vae | [vae_finetuned] Epoch 7/100 — train_loss=0.7552 val_loss=1.2105 recon=0.5534 kl=0.4036 kl_weight=0.5000
2026-04-12 15:25:26 | INFO    | resistancemap.models.vae | [vae_finetuned] Epoch 8/100 — train_loss=0.7786 val_loss=1.2227 recon=0.5445 kl=0.4013 kl_weight=0.5833
2026-04-12 15:25:26 | INFO    | resistancemap.models.vae | [vae_finetuned] Epoch 9/100 — train_loss=0.7870 val_loss=1.2337 recon=0.5136 kl=0.4100 kl_weight=0.6667
2026-04-12 15:25:26 | INFO    | resistancemap.models.vae | [vae_finetuned] Epoch 10/100 — train_loss=0.8052 val_loss=1.2416 recon=0.5153 kl=0.3867 kl_weight=0.7500
2026-04-12 15:25:27 | INFO    | resistancemap.models.vae | [vae_finetuned] Epoch 11/100 — train_loss=0.8225 val_loss=1.2466 recon=0.5087 kl=0.3765 kl_weight=0.8333
2026-04-12 15:25:27 | INFO    | resistancemap.models.vae | [vae_finetuned] Epoch 12/100 — train_loss=0.8453 val_loss=1.2526 recon=0.5136 kl=0.3620 kl_weight=0.9167
2026-04-12 15:25:28 | INFO    | resistancemap.models.vae | [vae_finetuned] Epoch 13/100 — train_loss=0.8559 val_loss=1.2580 recon=0.5002 kl=0.3556 kl_weight=1.0000
2026-04-12 15:25:28 | INFO    | resistancemap.models.vae | [vae_finetuned] Epoch 14/100 — train_loss=0.8446 val_loss=1.2612 recon=0.5056 kl=0.3390 kl_weight=1.0000
2026-04-12 15:25:29 | INFO    | resistancemap.models.vae | [vae_finetuned] Epoch 15/100 — train_loss=0.8636 val_loss=1.2616 recon=0.5552 kl=0.3084 kl_weight=1.0000
2026-04-12 15:25:29 | INFO    | resistancemap.models.vae | [vae_finetuned] Epoch 16/100 — train_loss=0.8187 val_loss=1.2567 recon=0.5228 kl=0.2958 kl_weight=1.0000
2026-04-12 15:25:29 | INFO    | resistancemap.models.vae | [vae_finetuned] Epoch 17/100 — train_loss=0.7970 val_loss=1.2515 recon=0.5159 kl=0.2810 kl_weight=1.0000
2026-04-12 15:25:30 | INFO    | resistancemap.models.vae | [vae_finetuned] Epoch 18/100 — train_loss=0.8001 val_loss=1.2453 recon=0.5331 kl=0.2671 kl_weight=1.0000
2026-04-12 15:25:30 | INFO    | resistancemap.models.vae | [vae_finetuned] Epoch 19/100 — train_loss=0.7831 val_loss=1.2356 recon=0.5255 kl=0.2576 kl_weight=1.0000
2026-04-12 15:25:31 | INFO    | resistancemap.models.vae | [vae_finetuned] Epoch 20/100 — train_loss=0.7871 val_loss=1.2252 recon=0.5399 kl=0.2472 kl_weight=1.0000
2026-04-12 15:25:31 | INFO    | resistancemap.models.vae | [vae_finetuned] Epoch 21/100 — train_loss=0.7738 val_loss=1.2175 recon=0.5244 kl=0.2494 kl_weight=1.0000
2026-04-12 15:25:32 | INFO    | resistancemap.models.vae | [vae_finetuned] Epoch 22/100 — train_loss=0.7693 val_loss=1.2134 recon=0.5411 kl=0.2282 kl_weight=1.0000
2026-04-12 15:25:32 | INFO    | resistancemap.models.vae | Early stopping at epoch 22
2026-04-12 15:25:32 | INFO    | resistancemap | <<< STAGE END: vae_finetune (0.3 min) | best_val_loss=1.1411 final_epoch=22 total_steps=22
2026-04-12 15:25:32 | INFO    | resistancemap | Checkpoint loaded: checkpoints/vae_finetuned.pt (saved 2026-04-12T20:25:22.522812+00:00)
2026-04-12 15:25:32 | INFO    | resistancemap.agents.base | vae_finetune: Execution complete (status=completed)
2026-04-12 15:25:32 | INFO    | resistancemap.agents.orchestrator |   vae_finetune: COMPLETED (hash=717b5097...)
2026-04-12 15:25:32 | INFO    | resistancemap.agents.orchestrator | Orchestrator: Layer 4 (1 agents)
2026-04-12 15:25:32 | INFO    | resistancemap.agents.base | trajectory: Starting execution
2026-04-12 15:25:32 | INFO    | resistancemap | >>> STAGE START: trajectory_calibrate
2026-04-12 15:25:32 | INFO    | resistancemap | Checkpoint loaded: checkpoints/data_ready.pt (saved 2026-04-12T20:23:54.422521+00:00)
2026-04-12 15:25:33 | INFO    | resistancemap | Checkpoint loaded: checkpoints/vae_finetuned.pt (saved 2026-04-12T20:25:22.522812+00:00)
2026-04-12 15:25:33 | INFO    | resistancemap | Checkpoint saved: checkpoints/stability_calibrated.pt
2026-04-12 15:25:34 | INFO    | resistancemap | Checkpoint saved: checkpoints/stability_calibrated.pt
2026-04-12 15:25:34 | INFO    | resistancemap | Checkpoint saved: checkpoints/stability_calibrated.pt
2026-04-12 15:25:40 | INFO    | resistancemap | Checkpoint saved: checkpoints/stability_calibrated.pt
2026-04-12 15:25:41 | INFO    | resistancemap | Checkpoint saved: checkpoints/stability_calibrated.pt
2026-04-12 15:25:41 | INFO    | resistancemap | Checkpoint saved: checkpoints/stability_calibrated.pt
2026-04-12 15:25:42 | INFO    | resistancemap | Checkpoint saved: checkpoints/stability_calibrated.pt
2026-04-12 15:25:43 | INFO    | resistancemap | Checkpoint saved: checkpoints/stability_calibrated.pt
2026-04-12 15:25:44 | INFO    | resistancemap | Checkpoint saved: checkpoints/stability_calibrated.pt
2026-04-12 15:25:46 | INFO    | resistancemap | Checkpoint saved: checkpoints/stability_calibrated.pt
2026-04-12 15:25:47 | INFO    | resistancemap | Checkpoint saved: checkpoints/stability_calibrated.pt
2026-04-12 15:25:48 | INFO    | resistancemap | Checkpoint saved: checkpoints/stability_calibrated.pt
2026-04-12 15:25:48 | INFO    | resistancemap | Checkpoint saved: checkpoints/stability_calibrated.pt
2026-04-12 15:25:49 | INFO    | resistancemap | Checkpoint saved: checkpoints/stability_calibrated.pt
2026-04-12 15:25:49 | INFO    | resistancemap | Checkpoint saved: checkpoints/stability_calibrated.pt
2026-04-12 15:25:50 | INFO    | resistancemap | Checkpoint saved: checkpoints/stability_calibrated.pt
2026-04-12 15:25:51 | INFO    | resistancemap | Checkpoint saved: checkpoints/stability_calibrated.pt
2026-04-12 15:25:52 | INFO    | resistancemap | Checkpoint saved: checkpoints/stability_calibrated.pt
2026-04-12 15:25:52 | INFO    | resistancemap | Checkpoint saved: checkpoints/stability_calibrated.pt
2026-04-12 15:25:54 | INFO    | resistancemap | Checkpoint saved: checkpoints/stability_calibrated.pt
2026-04-12 15:25:54 | INFO    | resistancemap | Checkpoint saved: checkpoints/stability_calibrated.pt
2026-04-12 15:25:55 | INFO    | resistancemap | Checkpoint saved: checkpoints/stability_calibrated.pt
2026-04-12 15:25:55 | INFO    | resistancemap | Checkpoint saved: checkpoints/stability_calibrated.pt
2026-04-12 15:25:56 | INFO    | resistancemap | Checkpoint saved: checkpoints/stability_calibrated.pt
2026-04-12 15:25:57 | INFO    | resistancemap | Checkpoint saved: checkpoints/stability_calibrated.pt
2026-04-12 15:25:58 | INFO    | resistancemap | Checkpoint saved: checkpoints/stability_calibrated.pt
2026-04-12 15:25:59 | INFO    | resistancemap | Checkpoint saved: checkpoints/stability_calibrated.pt
2026-04-12 15:26:00 | INFO    | resistancemap.models.trajectory | [stability_calibrate] Epoch 50/500 loss=0.2949 basin_center=1.4788 basin_scale=1.5136
2026-04-12 15:26:01 | INFO    | resistancemap | Checkpoint saved: checkpoints/stability_calibrated.pt
2026-04-12 15:26:03 | INFO    | resistancemap | Checkpoint saved: checkpoints/stability_calibrated.pt
2026-04-12 15:26:04 | INFO    | resistancemap | Checkpoint saved: checkpoints/stability_calibrated.pt
2026-04-12 15:26:05 | INFO    | resistancemap | Checkpoint saved: checkpoints/stability_calibrated.pt
2026-04-12 15:26:05 | INFO    | resistancemap | Checkpoint saved: checkpoints/stability_calibrated.pt
2026-04-12 15:26:06 | INFO    | resistancemap | Checkpoint saved: checkpoints/stability_calibrated.pt
2026-04-12 15:26:06 | INFO    | resistancemap | Checkpoint saved: checkpoints/stability_calibrated.pt
2026-04-12 15:26:07 | INFO    | resistancemap | Checkpoint saved: checkpoints/stability_calibrated.pt
2026-04-12 15:26:08 | INFO    | resistancemap | Checkpoint saved: checkpoints/stability_calibrated.pt
2026-04-12 15:26:10 | INFO    | resistancemap | Checkpoint saved: checkpoints/stability_calibrated.pt
2026-04-12 15:26:10 | INFO    | resistancemap | Checkpoint saved: checkpoints/stability_calibrated.pt
2026-04-12 15:26:11 | INFO    | resistancemap | Checkpoint saved: checkpoints/stability_calibrated.pt
2026-04-12 15:26:12 | INFO    | resistancemap | Checkpoint saved: checkpoints/stability_calibrated.pt
2026-04-12 15:26:13 | INFO    | resistancemap | Checkpoint saved: checkpoints/stability_calibrated.pt
2026-04-12 15:26:14 | INFO    | resistancemap | Checkpoint saved: checkpoints/stability_calibrated.pt
2026-04-12 15:26:14 | INFO    | resistancemap | Checkpoint saved: checkpoints/stability_calibrated.pt
2026-04-12 15:26:19 | INFO    | resistancemap | Checkpoint saved: checkpoints/stability_calibrated.pt
2026-04-12 15:26:21 | INFO    | resistancemap | Checkpoint saved: checkpoints/stability_calibrated.pt
2026-04-12 15:26:22 | INFO    | resistancemap | Checkpoint saved: checkpoints/stability_calibrated.pt
2026-04-12 15:26:23 | INFO    | resistancemap | Checkpoint saved: checkpoints/stability_calibrated.pt
2026-04-12 15:26:26 | INFO    | resistancemap | Checkpoint saved: checkpoints/stability_calibrated.pt
2026-04-12 15:26:27 | INFO    | resistancemap.models.trajectory | [stability_calibrate] Epoch 100/500 loss=0.0236 basin_center=1.4538 basin_scale=1.5084
2026-04-12 15:26:28 | INFO    | resistancemap | Checkpoint saved: checkpoints/stability_calibrated.pt
2026-04-12 15:26:30 | INFO    | resistancemap | Checkpoint saved: checkpoints/stability_calibrated.pt
2026-04-12 15:26:35 | INFO    | resistancemap | Checkpoint saved: checkpoints/stability_calibrated.pt
2026-04-12 15:26:41 | INFO    | resistancemap | Checkpoint saved: checkpoints/stability_calibrated.pt
2026-04-12 15:26:44 | INFO    | resistancemap | Checkpoint saved: checkpoints/stability_calibrated.pt
2026-04-12 15:26:49 | INFO    | resistancemap | Checkpoint saved: checkpoints/stability_calibrated.pt
2026-04-12 15:26:51 | INFO    | resistancemap | Checkpoint saved: checkpoints/stability_calibrated.pt
2026-04-12 15:26:54 | INFO    | resistancemap.models.trajectory | [stability_calibrate] Epoch 150/500 loss=0.0029 basin_center=1.4509 basin_scale=1.5110
2026-04-12 15:26:58 | INFO    | resistancemap | Checkpoint saved: checkpoints/stability_calibrated.pt
2026-04-12 15:27:10 | INFO    | resistancemap | Checkpoint saved: checkpoints/stability_calibrated.pt
2026-04-12 15:27:21 | INFO    | resistancemap.models.trajectory | [stability_calibrate] Epoch 200/500 loss=0.0017 basin_center=1.4499 basin_scale=1.5124
2026-04-12 15:27:29 | INFO    | resistancemap | Checkpoint saved: checkpoints/stability_calibrated.pt
2026-04-12 15:27:48 | INFO    | resistancemap.models.trajectory | [stability_calibrate] Epoch 250/500 loss=0.0010 basin_center=1.4494 basin_scale=1.5132
2026-04-12 15:28:05 | INFO    | resistancemap | Checkpoint saved: checkpoints/stability_calibrated.pt
2026-04-12 15:28:13 | INFO    | resistancemap | Checkpoint saved: checkpoints/stability_calibrated.pt
2026-04-12 15:28:16 | INFO    | resistancemap.models.trajectory | [stability_calibrate] Epoch 300/500 loss=0.0010 basin_center=1.4490 basin_scale=1.5140
2026-04-12 15:28:43 | INFO    | resistancemap.models.trajectory | [stability_calibrate] Epoch 350/500 loss=0.0012 basin_center=1.4487 basin_scale=1.5145
2026-04-12 15:29:05 | INFO    | resistancemap | Checkpoint saved: checkpoints/stability_calibrated.pt
2026-04-12 15:29:10 | INFO    | resistancemap.models.trajectory | [stability_calibrate] Epoch 400/500 loss=0.0020 basin_center=1.4485 basin_scale=1.5150
2026-04-12 15:29:37 | INFO    | resistancemap.models.trajectory | [stability_calibrate] Epoch 450/500 loss=0.0009 basin_center=1.4483 basin_scale=1.5155
2026-04-12 15:30:04 | INFO    | resistancemap.models.trajectory | [stability_calibrate] Epoch 500/500 loss=0.0167 basin_center=1.4482 basin_scale=1.5160
2026-04-12 15:30:04 | INFO    | resistancemap | <<< STAGE END: trajectory_calibrate (4.5 min) | best_calibration_loss=0.0002 n_valid_samples=498
2026-04-12 15:30:04 | INFO    | resistancemap | Checkpoint loaded: checkpoints/stability_calibrated.pt (saved 2026-04-12T20:29:05.609980+00:00)
2026-04-12 15:30:04 | INFO    | resistancemap.agents.base | trajectory: Execution complete (status=completed)
2026-04-12 15:30:04 | INFO    | resistancemap.agents.orchestrator |   trajectory: COMPLETED (hash=f775403a...)
2026-04-12 15:30:04 | INFO    | resistancemap.agents.orchestrator | Orchestrator: Layer 5 (1 agents)
2026-04-12 15:30:04 | INFO    | resistancemap.agents.base | protein_net: Starting execution
2026-04-12 15:30:05 | INFO    | resistancemap | >>> STAGE START: protein_net_train
2026-04-12 15:30:05 | INFO    | resistancemap | Checkpoint loaded: checkpoints/data_ready.pt (saved 2026-04-12T20:23:54.422521+00:00)
2026-04-12 15:30:06 | INFO    | resistancemap | Checkpoint loaded: checkpoints/vae_finetuned.pt (saved 2026-04-12T20:25:22.522812+00:00)
2026-04-12 15:30:06 | INFO    | resistancemap | Checkpoint loaded: checkpoints/stability_calibrated.pt (saved 2026-04-12T20:29:05.609980+00:00)
2026-04-12 15:30:06 | INFO    | resistancemap.main | Pre-computing VAE latent states and stability scores...
2026-04-12 15:35:35 | INFO    | resistancemap.main | Pre-computed: latents torch.Size([886, 64]), stability torch.Size([886])
2026-04-12 15:35:36 | INFO    | resistancemap.main | PPI graph: 19177 nodes, 929520 edges
2026-04-12 15:35:45 | INFO    | resistancemap | Checkpoint saved: checkpoints/protein_net_trained.pt
2026-04-12 15:35:54 | INFO    | resistancemap | Checkpoint saved: checkpoints/protein_net_trained.pt
2026-04-12 15:36:20 | INFO    | resistancemap | Checkpoint saved: checkpoints/protein_net_trained.pt
2026-04-12 15:37:04 | INFO    | resistancemap.main | [protein_net] Epoch 10/100 train=0.8222 val=0.7720
2026-04-12 15:38:31 | INFO    | resistancemap.main | [protein_net] Epoch 20/100 train=1.2648 val=0.7942
2026-04-12 15:38:31 | INFO    | resistancemap.main | [protein_net] Early stopping at epoch 20
2026-04-12 15:38:31 | INFO    | resistancemap | <<< STAGE END: protein_net_train (8.4 min) | protein_net_val_loss=0.7713
2026-04-12 15:38:31 | INFO    | resistancemap | Checkpoint loaded: checkpoints/protein_net_trained.pt (saved 2026-04-12T20:36:20.411312+00:00)
2026-04-12 15:38:31 | INFO    | resistancemap.agents.base | protein_net: Execution complete (status=completed)
2026-04-12 15:38:31 | INFO    | resistancemap.agents.orchestrator |   protein_net: COMPLETED (hash=33e75152...)
2026-04-12 15:38:31 | INFO    | resistancemap.agents.orchestrator | Orchestrator: Layer 6 (1 agents)
2026-04-12 15:38:31 | INFO    | resistancemap.agents.base | fusion: Starting execution
2026-04-12 15:38:31 | INFO    | resistancemap | >>> STAGE START: fusion_train
2026-04-12 15:38:31 | INFO    | resistancemap | Checkpoint loaded: checkpoints/data_ready.pt (saved 2026-04-12T20:23:54.422521+00:00)
2026-04-12 15:38:31 | INFO    | resistancemap | Checkpoint loaded: checkpoints/vae_finetuned.pt (saved 2026-04-12T20:25:22.522812+00:00)
2026-04-12 15:38:31 | INFO    | resistancemap | Checkpoint loaded: checkpoints/stability_calibrated.pt (saved 2026-04-12T20:29:05.609980+00:00)
2026-04-12 15:38:32 | INFO    | resistancemap | Checkpoint loaded: checkpoints/protein_net_trained.pt (saved 2026-04-12T20:36:20.411312+00:00)
2026-04-12 15:38:32 | INFO    | resistancemap.main | Pre-computing modality embeddings for fusion training...
2026-04-12 15:44:06 | INFO    | resistancemap.main | Embeddings: epi=torch.Size([886, 64]), pnet=torch.Size([886, 128]), stab=torch.Size([886, 1])
2026-04-12 15:44:06 | INFO    | resistancemap | Checkpoint saved: checkpoints/fusion_trained.pt
2026-04-12 15:44:06 | INFO    | resistancemap | Checkpoint saved: checkpoints/fusion_trained.pt
2026-04-12 15:44:06 | INFO    | resistancemap | Checkpoint saved: checkpoints/fusion_trained.pt
2026-04-12 15:44:06 | INFO    | resistancemap | Checkpoint saved: checkpoints/fusion_trained.pt
2026-04-12 15:44:06 | INFO    | resistancemap.main | [fusion] Early stopping at epoch 19
2026-04-12 15:44:06 | INFO    | resistancemap | <<< STAGE END: fusion_train (5.6 min) | fusion_val_loss=0.5359
2026-04-12 15:44:06 | INFO    | resistancemap | Checkpoint loaded: checkpoints/fusion_trained.pt (saved 2026-04-12T20:44:06.554191+00:00)
2026-04-12 15:44:06 | INFO    | resistancemap.agents.base | fusion: Execution complete (status=completed)
2026-04-12 15:44:06 | INFO    | resistancemap.agents.orchestrator |   fusion: COMPLETED (hash=9dcdbfd2...)
2026-04-12 15:44:06 | INFO    | resistancemap.agents.orchestrator | Orchestrator: Layer 7 (1 agents)
2026-04-12 15:44:06 | INFO    | resistancemap.agents.base | landscape: Starting execution
2026-04-12 15:44:06 | INFO    | resistancemap | >>> STAGE START: landscape_train
2026-04-12 15:44:07 | INFO    | resistancemap | Checkpoint loaded: checkpoints/data_ready.pt (saved 2026-04-12T20:23:54.422521+00:00)
2026-04-12 15:44:07 | INFO    | resistancemap | Checkpoint loaded: checkpoints/fusion_trained.pt (saved 2026-04-12T20:44:06.554191+00:00)
2026-04-12 15:44:07 | INFO    | resistancemap.main | Computing fused representations for landscape training...
2026-04-12 15:44:07 | INFO    | resistancemap.main | Fused representations: torch.Size([886, 128])
2026-04-12 15:44:07 | INFO    | resistancemap | Checkpoint saved: checkpoints/landscape_trained.pt
2026-04-12 15:44:07 | INFO    | resistancemap | Checkpoint saved: checkpoints/landscape_trained.pt
2026-04-12 15:44:07 | INFO    | resistancemap | Checkpoint saved: checkpoints/landscape_trained.pt
2026-04-12 15:44:07 | INFO    | resistancemap | Checkpoint saved: checkpoints/landscape_trained.pt
2026-04-12 15:44:07 | INFO    | resistancemap | Checkpoint saved: checkpoints/landscape_trained.pt
2026-04-12 15:44:07 | INFO    | resistancemap | Checkpoint saved: checkpoints/landscape_trained.pt
2026-04-12 15:44:07 | INFO    | resistancemap | Checkpoint saved: checkpoints/landscape_trained.pt
2026-04-12 15:44:07 | INFO    | resistancemap | Checkpoint saved: checkpoints/landscape_trained.pt
2026-04-12 15:44:07 | INFO    | resistancemap | Checkpoint saved: checkpoints/landscape_trained.pt
2026-04-12 15:44:07 | INFO    | resistancemap | Checkpoint saved: checkpoints/landscape_trained.pt
2026-04-12 15:44:07 | INFO    | resistancemap | Checkpoint saved: checkpoints/landscape_trained.pt
2026-04-12 15:44:07 | INFO    | resistancemap | Checkpoint saved: checkpoints/landscape_trained.pt
2026-04-12 15:44:07 | INFO    | resistancemap | Checkpoint saved: checkpoints/landscape_trained.pt
2026-04-12 15:44:07 | INFO    | resistancemap | Checkpoint saved: checkpoints/landscape_trained.pt
2026-04-12 15:44:08 | INFO    | resistancemap | Checkpoint saved: checkpoints/landscape_trained.pt
2026-04-12 15:44:08 | INFO    | resistancemap | Checkpoint saved: checkpoints/landscape_trained.pt
2026-04-12 15:44:08 | INFO    | resistancemap.main | [landscape] Epoch 20/100 train=0.9991 val=0.5424
2026-04-12 15:44:08 | INFO    | resistancemap | Checkpoint saved: checkpoints/landscape_trained.pt
2026-04-12 15:44:08 | INFO    | resistancemap | Checkpoint saved: checkpoints/landscape_trained.pt
2026-04-12 15:44:08 | INFO    | resistancemap.main | [landscape] Early stopping at epoch 38
2026-04-12 15:44:08 | INFO    | resistancemap | <<< STAGE END: landscape_train (0.0 min) | landscape_val_loss=0.5383
2026-04-12 15:44:08 | INFO    | resistancemap | Checkpoint loaded: checkpoints/landscape_trained.pt (saved 2026-04-12T20:44:08.134329+00:00)
2026-04-12 15:44:08 | INFO    | resistancemap.agents.base | landscape: Execution complete (status=completed)
2026-04-12 15:44:08 | INFO    | resistancemap.agents.orchestrator |   landscape: COMPLETED (hash=171959ce...)
2026-04-12 15:44:08 | INFO    | resistancemap.agents.orchestrator | Orchestrator: Layer 8 (1 agents)
2026-04-12 15:44:08 | INFO    | resistancemap.agents.base | validation: Starting execution
2026-04-12 15:44:08 | INFO    | resistancemap | >>> STAGE START: validate
2026-04-12 15:44:08 | INFO    | resistancemap | Checkpoint loaded: checkpoints/data_ready.pt (saved 2026-04-12T20:23:54.422521+00:00)
2026-04-12 15:44:08 | INFO    | resistancemap | Checkpoint loaded: checkpoints/fusion_trained.pt (saved 2026-04-12T20:44:06.554191+00:00)
2026-04-12 15:44:08 | INFO    | resistancemap | Checkpoint loaded: checkpoints/landscape_trained.pt (saved 2026-04-12T20:44:08.134329+00:00)
2026-04-12 15:44:08 | INFO    | resistancemap.main | Validation: test_mse=0.7096 on 132 samples
2026-04-12 15:44:08 | INFO    | resistancemap | Checkpoint saved: checkpoints/pipeline_validated.pt
2026-04-12 15:44:08 | INFO    | resistancemap | <<< STAGE END: validate (0.0 min) | test_mse=0.7096 n_test_samples=132 n_drugs=11 split=test
2026-04-12 15:44:08 | INFO    | resistancemap | Checkpoint loaded: checkpoints/pipeline_validated.pt (saved 2026-04-12T20:44:08.875574+00:00)
2026-04-12 15:44:08 | INFO    | resistancemap.agents.base | validation: Execution complete (status=completed)
2026-04-12 15:44:08 | INFO    | resistancemap.agents.orchestrator |   validation: COMPLETED (hash=a9dcf8dd...)
2026-04-12 15:44:08 | INFO    | resistancemap.agents.orchestrator | Orchestrator: Execution complete in 1283.9s. Completed: 10/10
2026-04-12 15:44:08 | INFO    | resistancemap.main | ========================================================================
2026-04-12 15:44:08 | INFO    | resistancemap.main | PIPELINE COMPLETE
2026-04-12 15:44:08 | INFO    | resistancemap.main |   Total time: 1284.0s
2026-04-12 15:44:08 | INFO    | resistancemap.main |   Agents completed: 10/10
2026-04-12 15:44:08 | INFO    | resistancemap.main |   Verification chain: 10 hashes
2026-04-12 15:44:08 | INFO    | resistancemap.main | ========================================================================
2026-04-12 15:44:08 | INFO    | resistancemap.main | AgentOps dashboard exported: logs/agentops_dashboard.json
2026-04-12 19:53:30 | INFO    | resistancemap | Logging to logs/pipeline.log
2026-04-12 19:53:30 | WARNING | resistancemap | W&B init failed (continuing without): No API key configured. Use `wandb login` to log in.
2026-04-12 19:53:30 | INFO    | resistancemap.main | Agentic pipeline: 10 agents in 9 parallel layers
2026-04-12 19:53:30 | INFO    | resistancemap.main |   Layer 0: ['data_validation']
2026-04-12 19:53:30 | INFO    | resistancemap.main |   Layer 1: ['data_prep']
2026-04-12 19:53:30 | INFO    | resistancemap.main |   Layer 2: ['vae_pretrain', 'esm2_embed']
2026-04-12 19:53:30 | INFO    | resistancemap.main |   Layer 3: ['vae_finetune']
2026-04-12 19:53:30 | INFO    | resistancemap.main |   Layer 4: ['trajectory']
2026-04-12 19:53:30 | INFO    | resistancemap.main |   Layer 5: ['protein_net']
2026-04-12 19:53:30 | INFO    | resistancemap.main |   Layer 6: ['fusion']
2026-04-12 19:53:30 | INFO    | resistancemap.main |   Layer 7: ['landscape']
2026-04-12 19:53:30 | INFO    | resistancemap.main |   Layer 8: ['validation']
2026-04-12 19:53:30 | INFO    | resistancemap.main | AgentOps initialized: Tracer + Evaluator + Optimizer
2026-04-12 19:53:30 | INFO    | resistancemap.main | Zero-trust verification active: 8 guardrails loaded
2026-04-12 19:53:30 | INFO    | resistancemap.main | Data quality profiler ready (SOTA benchmarks loaded)
2026-04-12 19:53:30 | INFO    | resistancemap.main | Latent compute scheduler: GPU budget=24GB, max_concurrent=2
2026-04-12 19:53:30 | INFO    | resistancemap.main | ========================================================================
2026-04-12 19:53:30 | INFO    | resistancemap.main | EXECUTING AGENTIC PIPELINE
2026-04-12 19:53:30 | INFO    | resistancemap.main | ========================================================================
2026-04-12 19:53:30 | INFO    | resistancemap.agents.orchestrator | Orchestrator: Starting execution of 10 agents in 9 layers
2026-04-12 19:53:30 | INFO    | resistancemap.agents.orchestrator | Orchestrator: Layer 0 (1 agents)
2026-04-12 19:53:30 | INFO    | resistancemap.agents.base | data_validation: Starting execution
2026-04-12 19:53:30 | INFO    | resistancemap | >>> STAGE START: data_validate
2026-04-12 19:53:30 | INFO    | resistancemap | <<< STAGE END: data_validate (0.0 min)
2026-04-12 19:53:30 | INFO    | resistancemap.agents.base | data_validation: Execution complete (status=completed)
2026-04-12 19:53:30 | INFO    | resistancemap.agents.orchestrator |   data_validation: COMPLETED (hash=c756ad01...)
2026-04-12 19:53:30 | INFO    | resistancemap.agents.orchestrator | Orchestrator: Layer 1 (1 agents)
2026-04-12 19:53:30 | INFO    | resistancemap.agents.base | data_prep: Starting execution
2026-04-12 19:53:31 | INFO    | resistancemap | >>> STAGE START: data_prep
2026-04-12 19:53:31 | INFO    | resistancemap.data.loaders | Loading CCLE proteomics from data/raw/ccle_proteomics.csv
2026-04-12 19:53:38 | INFO    | resistancemap.data.loaders | Loaded proteomics: 1393 cell lines, 19177 proteins
2026-04-12 19:53:38 | INFO    | resistancemap.data.loaders | After coverage filter (70%): 19177 proteins retained
2026-04-12 19:53:38 | INFO    | resistancemap.data.loaders | Stripped '(entrez_id)' decoration from 19177/19177 protein names
2026-04-12 19:53:38 | INFO    | resistancemap.data.loaders | Loading CCLE epigenomics from data/raw/ccle_epigenomics
2026-04-12 19:53:38 | INFO    | resistancemap.data.loaders |   chromatin_profiling: 897 lines, 42 features
2026-04-12 19:53:38 | INFO    | resistancemap.data.loaders | Loading STRING PPI network from data/raw/string_ppi.txt
2026-04-12 19:54:17 | INFO    | resistancemap.data.loaders |   STRING scores on 0-1000 scale — normalizing to 0-1
2026-04-12 19:54:17 | INFO    | resistancemap.data.loaders | PPI edges after confidence filter (>=0.7): 473860
2026-04-12 19:54:17 | INFO    | resistancemap.data.loaders |   Loaded STRING protein info from 9606.protein.info.v12.0.txt.gz: 19699 ENSP -> gene_symbol entries
2026-04-12 19:54:17 | INFO    | resistancemap.data.loaders | Translated STRING ENSP -> gene symbols: 473860/473860 edges retained after mapping
2026-04-12 19:54:17 | INFO    | resistancemap.data.loaders | Loading scRNA-seq from data/raw/gse124310.h5ad
2026-04-12 19:54:18 | INFO    | resistancemap.data.loaders | Loaded scRNA-seq: 27796 cells, 33694 genes
2026-04-12 19:54:18 | INFO    | resistancemap.data.loaders | Loaded scRNA-seq GSE124310: 27796 cells
2026-04-12 19:54:18 | WARNING | resistancemap.data.loaders | scRNA-seq GSE271107 not found at data/raw/gse271107.h5ad, skipping
2026-04-12 19:54:18 | WARNING | resistancemap.data.loaders | MMRF CoMMpass directory not found at data/raw/mmrf_commpass, skipping
2026-04-12 19:54:18 | INFO    | resistancemap.data.preprocessors | Harmonizing multi-omics data
2026-04-12 19:54:18 | INFO    | resistancemap.data.preprocessors |   Additional scRNA-seq datasets: ['GSE124310']
2026-04-12 19:54:18 | INFO    | resistancemap.data.preprocessors |   ID mapping: 0 CCLEName → ModelID entries
2026-04-12 19:54:18 | INFO    | resistancemap.data.preprocessors | Cell lines in common across modalities: 886
2026-04-12 19:54:38 | INFO    | resistancemap.data.loaders | Loading drug sensitivity data
2026-04-12 19:54:39 | INFO    | resistancemap.data.loaders |   GDSC: 575197 records
2026-04-12 19:54:39 | INFO    | resistancemap.data.loaders |   GDSC: standardized columns
2026-04-12 19:54:39 | WARNING | resistancemap.data.loaders |   CTRPv2: not found at data/raw/ctrpv2_drug_sensitivity.csv, skipping
2026-04-12 19:54:39 | INFO    | resistancemap.data.loaders | Drug sensitivity matrix: 977 samples × 11 drugs
2026-04-12 19:54:39 | INFO    | resistancemap.data.preprocessors |   Drug sensitivity ID mapping via cell_line_name: 498 matches
2026-04-12 19:54:39 | INFO    | resistancemap.data.preprocessors | Drug-sensitivity targets z-scored: 11/11 drugs with usable variance
2026-04-12 19:54:39 | INFO    | resistancemap.data.preprocessors |   Lineage labels: 886/886 matched
2026-04-12 19:54:39 | INFO    | resistancemap.data.preprocessors | PPI-proteomics overlap: 15904 proteins
2026-04-12 19:54:39 | INFO    | resistancemap.data.preprocessors | MultiOmicsDataset: 886 samples, 19177 proteins, 42 epigenomic features, 473860 PPI edges
2026-04-12 19:54:39 | INFO    | resistancemap.data.preprocessors | Splits: train=622, val=132, test=132
2026-04-12 19:54:40 | INFO    | resistancemap | Checkpoint saved: checkpoints/data_ready.pt
2026-04-12 19:54:40 | INFO    | resistancemap | <<< STAGE END: data_prep (1.2 min)
2026-04-12 19:54:40 | INFO    | resistancemap | Checkpoint loaded: checkpoints/data_ready.pt (saved 2026-04-13T00:54:39.980324+00:00)
2026-04-12 19:54:40 | INFO    | resistancemap.agents.base | data_prep: Execution complete (status=completed)
2026-04-12 19:54:40 | INFO    | resistancemap.agents.orchestrator |   data_prep: COMPLETED (hash=6729f7bf...)
2026-04-12 19:54:40 | INFO    | resistancemap.agents.orchestrator | Orchestrator: Layer 2 (2 agents)
2026-04-12 19:54:40 | INFO    | resistancemap.agents.base | vae_pretrain: Starting execution
2026-04-12 19:54:40 | INFO    | resistancemap.agents.base | esm2_embed: Starting execution
2026-04-12 19:54:40 | INFO    | resistancemap | >>> STAGE START: esm2_embed
2026-04-12 19:54:40 | INFO    | resistancemap | >>> STAGE START: vae_pretrain
2026-04-12 19:54:40 | INFO    | resistancemap | Checkpoint loaded: checkpoints/data_ready.pt (saved 2026-04-13T00:54:39.980324+00:00)
2026-04-12 19:54:41 | INFO    | resistancemap.agents.specialized | ESM-2 embed: validated 19177 proteins for model facebook/esm2_t33_650M_UR50D
2026-04-12 19:54:41 | INFO    | resistancemap | <<< STAGE END: esm2_embed (0.0 min) | n_proteins=19177 esm2_model=facebook/esm2_t33_650M_UR50D embedding_dim=1280
2026-04-12 19:54:41 | INFO    | resistancemap | Checkpoint loaded: checkpoints/data_ready.pt (saved 2026-04-13T00:54:39.980324+00:00)
2026-04-12 19:54:41 | INFO    | resistancemap.agents.base | esm2_embed: Execution complete (status=completed)
2026-04-12 19:54:47 | INFO    | resistancemap.models.vae | [vae_pretrained] Epoch 1/200 — train_loss=2.0589 val_loss=47.7061 recon=2.0589 kl=0.6664 kl_weight=0.0000
2026-04-12 19:54:48 | INFO    | resistancemap | Checkpoint saved: checkpoints/vae_pretrained.pt
2026-04-12 19:54:49 | INFO    | resistancemap.models.vae | [vae_pretrained] Epoch 2/200 — train_loss=1.7743 val_loss=470.7350 recon=1.7354 kl=0.9707 kl_weight=0.0400
2026-04-12 19:54:50 | INFO    | resistancemap.models.vae | [vae_pretrained] Epoch 3/200 — train_loss=1.6679 val_loss=47.3765 recon=1.5877 kl=1.0023 kl_weight=0.0800
2026-04-12 19:54:51 | INFO    | resistancemap | Checkpoint saved: checkpoints/vae_pretrained.pt
2026-04-12 19:54:51 | INFO    | resistancemap.models.vae | [vae_pretrained] Epoch 4/200 — train_loss=1.7141 val_loss=2907.9514 recon=1.5118 kl=1.6855 kl_weight=0.1200
2026-04-12 19:54:51 | INFO    | resistancemap.models.vae | [vae_pretrained] Epoch 5/200 — train_loss=1.8536 val_loss=21179.6953 recon=1.5493 kl=1.9018 kl_weight=0.1600
2026-04-12 19:54:52 | INFO    | resistancemap.models.vae | [vae_pretrained] Epoch 6/200 — train_loss=1.9716 val_loss=119.9755 recon=1.6436 kl=1.6400 kl_weight=0.2000
2026-04-12 19:54:52 | INFO    | resistancemap.models.vae | [vae_pretrained] Epoch 7/200 — train_loss=1.8555 val_loss=33.1831 recon=1.6530 kl=0.8438 kl_weight=0.2400
2026-04-12 19:54:53 | INFO    | resistancemap | Checkpoint saved: checkpoints/vae_pretrained.pt
2026-04-12 19:54:53 | INFO    | resistancemap.models.vae | [vae_pretrained] Epoch 8/200 — train_loss=1.7302 val_loss=22.9839 recon=1.5114 kl=0.7816 kl_weight=0.2800
2026-04-12 19:54:54 | INFO    | resistancemap | Checkpoint saved: checkpoints/vae_pretrained.pt
2026-04-12 19:54:55 | INFO    | resistancemap.models.vae | [vae_pretrained] Epoch 9/200 — train_loss=2.7116 val_loss=23.4110 recon=1.3600 kl=4.2237 kl_weight=0.3200
2026-04-12 19:54:55 | INFO    | resistancemap.models.vae | [vae_pretrained] Epoch 10/200 — train_loss=1.6462 val_loss=3.2416 recon=1.3866 kl=0.7211 kl_weight=0.3600
2026-04-12 19:54:56 | INFO    | resistancemap | Checkpoint saved: checkpoints/vae_pretrained.pt
2026-04-12 19:54:56 | INFO    | resistancemap.models.vae | [vae_pretrained] Epoch 11/200 — train_loss=2.5507 val_loss=2.8019 recon=1.3789 kl=2.9295 kl_weight=0.4000
2026-04-12 19:54:57 | INFO    | resistancemap | Checkpoint saved: checkpoints/vae_pretrained.pt
2026-04-12 19:54:58 | INFO    | resistancemap.models.vae | [vae_pretrained] Epoch 12/200 — train_loss=1.6323 val_loss=2.2573 recon=1.3867 kl=0.5582 kl_weight=0.4400
2026-04-12 19:54:59 | INFO    | resistancemap | Checkpoint saved: checkpoints/vae_pretrained.pt
2026-04-12 19:54:59 | INFO    | resistancemap.models.vae | [vae_pretrained] Epoch 13/200 — train_loss=1.5215 val_loss=1.9948 recon=1.2715 kl=0.5209 kl_weight=0.4800
2026-04-12 19:55:00 | INFO    | resistancemap | Checkpoint saved: checkpoints/vae_pretrained.pt
2026-04-12 19:55:00 | INFO    | resistancemap.models.vae | [vae_pretrained] Epoch 14/200 — train_loss=1.4705 val_loss=1.7913 recon=1.2311 kl=0.4603 kl_weight=0.5200
2026-04-12 19:55:01 | INFO    | resistancemap | Checkpoint saved: checkpoints/vae_pretrained.pt
2026-04-12 19:55:02 | INFO    | resistancemap.models.vae | [vae_pretrained] Epoch 15/200 — train_loss=1.4064 val_loss=1.6180 recon=1.1630 kl=0.4345 kl_weight=0.5600
2026-04-12 19:55:03 | INFO    | resistancemap | Checkpoint saved: checkpoints/vae_pretrained.pt
2026-04-12 19:55:03 | INFO    | resistancemap.models.vae | [vae_pretrained] Epoch 16/200 — train_loss=1.4502 val_loss=1.5825 recon=1.1401 kl=0.5168 kl_weight=0.6000
2026-04-12 19:55:04 | INFO    | resistancemap | Checkpoint saved: checkpoints/vae_pretrained.pt
2026-04-12 19:55:04 | INFO    | resistancemap.models.vae | [vae_pretrained] Epoch 17/200 — train_loss=1.3879 val_loss=1.5164 recon=1.1563 kl=0.3618 kl_weight=0.6400
2026-04-12 19:55:05 | INFO    | resistancemap | Checkpoint saved: checkpoints/vae_pretrained.pt
2026-04-12 19:55:06 | INFO    | resistancemap.models.vae | [vae_pretrained] Epoch 18/200 — train_loss=1.3735 val_loss=1.4200 recon=1.1328 kl=0.3540 kl_weight=0.6800
2026-04-12 19:55:07 | INFO    | resistancemap | Checkpoint saved: checkpoints/vae_pretrained.pt
2026-04-12 19:55:07 | INFO    | resistancemap.models.vae | [vae_pretrained] Epoch 19/200 — train_loss=1.3461 val_loss=1.3681 recon=1.0937 kl=0.3506 kl_weight=0.7200
2026-04-12 19:55:08 | INFO    | resistancemap | Checkpoint saved: checkpoints/vae_pretrained.pt
2026-04-12 19:55:08 | INFO    | resistancemap.models.vae | [vae_pretrained] Epoch 20/200 — train_loss=1.2737 val_loss=1.3219 recon=1.0214 kl=0.3319 kl_weight=0.7600
2026-04-12 19:55:09 | INFO    | resistancemap | Checkpoint saved: checkpoints/vae_pretrained.pt
2026-04-12 19:55:10 | INFO    | resistancemap.models.vae | [vae_pretrained] Epoch 21/200 — train_loss=1.2642 val_loss=1.2816 recon=1.0014 kl=0.3285 kl_weight=0.8000
2026-04-12 19:55:11 | INFO    | resistancemap | Checkpoint saved: checkpoints/vae_pretrained.pt
2026-04-12 19:55:11 | INFO    | resistancemap.models.vae | [vae_pretrained] Epoch 22/200 — train_loss=1.2082 val_loss=1.2729 recon=0.9373 kl=0.3225 kl_weight=0.8400
2026-04-12 19:55:12 | INFO    | resistancemap | Checkpoint saved: checkpoints/vae_pretrained.pt
2026-04-12 19:55:12 | INFO    | resistancemap.models.vae | [vae_pretrained] Epoch 23/200 — train_loss=1.1953 val_loss=1.2436 recon=0.9266 kl=0.3053 kl_weight=0.8800
2026-04-12 19:55:13 | INFO    | resistancemap | Checkpoint saved: checkpoints/vae_pretrained.pt
2026-04-12 19:55:14 | INFO    | resistancemap.models.vae | [vae_pretrained] Epoch 24/200 — train_loss=1.1974 val_loss=1.2062 recon=0.9209 kl=0.3006 kl_weight=0.9200
2026-04-12 19:55:14 | INFO    | resistancemap | Checkpoint saved: checkpoints/vae_pretrained.pt
2026-04-12 19:55:15 | INFO    | resistancemap.models.vae | [vae_pretrained] Epoch 25/200 — train_loss=1.1309 val_loss=1.2177 recon=0.8587 kl=0.2836 kl_weight=0.9600
2026-04-12 19:55:15 | INFO    | resistancemap.models.vae | [vae_pretrained] Epoch 26/200 — train_loss=1.1403 val_loss=1.2269 recon=0.8630 kl=0.2772 kl_weight=1.0000
2026-04-12 19:55:16 | INFO    | resistancemap.models.vae | [vae_pretrained] Epoch 27/200 — train_loss=1.1126 val_loss=1.2121 recon=0.8486 kl=0.2640 kl_weight=1.0000
2026-04-12 19:55:16 | INFO    | resistancemap.models.vae | [vae_pretrained] Epoch 28/200 — train_loss=1.0896 val_loss=1.1859 recon=0.8327 kl=0.2570 kl_weight=1.0000
2026-04-12 19:55:17 | INFO    | resistancemap | Checkpoint saved: checkpoints/vae_pretrained.pt
2026-04-12 19:55:17 | INFO    | resistancemap.models.vae | [vae_pretrained] Epoch 29/200 — train_loss=1.0501 val_loss=1.1695 recon=0.8097 kl=0.2403 kl_weight=1.0000
2026-04-12 19:55:18 | INFO    | resistancemap | Checkpoint saved: checkpoints/vae_pretrained.pt
2026-04-12 19:55:19 | INFO    | resistancemap.models.vae | [vae_pretrained] Epoch 30/200 — train_loss=1.0503 val_loss=1.1730 recon=0.8163 kl=0.2340 kl_weight=1.0000
2026-04-12 19:55:19 | INFO    | resistancemap.models.vae | [vae_pretrained] Epoch 31/200 — train_loss=1.0202 val_loss=1.1461 recon=0.7823 kl=0.2379 kl_weight=1.0000
2026-04-12 19:55:20 | INFO    | resistancemap | Checkpoint saved: checkpoints/vae_pretrained.pt
2026-04-12 19:55:20 | INFO    | resistancemap.models.vae | [vae_pretrained] Epoch 32/200 — train_loss=0.9981 val_loss=1.1168 recon=0.7571 kl=0.2410 kl_weight=1.0000
2026-04-12 19:55:21 | INFO    | resistancemap | Checkpoint saved: checkpoints/vae_pretrained.pt
2026-04-12 19:55:22 | INFO    | resistancemap.models.vae | [vae_pretrained] Epoch 33/200 — train_loss=0.9663 val_loss=1.0979 recon=0.7333 kl=0.2330 kl_weight=1.0000
2026-04-12 19:55:23 | INFO    | resistancemap | Checkpoint saved: checkpoints/vae_pretrained.pt
2026-04-12 19:55:23 | INFO    | resistancemap.models.vae | [vae_pretrained] Epoch 34/200 — train_loss=0.9631 val_loss=1.0781 recon=0.7369 kl=0.2262 kl_weight=1.0000
2026-04-12 19:55:24 | INFO    | resistancemap | Checkpoint saved: checkpoints/vae_pretrained.pt
2026-04-12 19:55:24 | INFO    | resistancemap.models.vae | [vae_pretrained] Epoch 35/200 — train_loss=0.9531 val_loss=1.0779 recon=0.7292 kl=0.2239 kl_weight=1.0000
2026-04-12 19:55:25 | INFO    | resistancemap | Checkpoint saved: checkpoints/vae_pretrained.pt
2026-04-12 19:55:26 | INFO    | resistancemap.models.vae | [vae_pretrained] Epoch 36/200 — train_loss=0.9432 val_loss=1.0725 recon=0.7290 kl=0.2142 kl_weight=1.0000
2026-04-12 19:55:27 | INFO    | resistancemap | Checkpoint saved: checkpoints/vae_pretrained.pt
2026-04-12 19:55:27 | INFO    | resistancemap.models.vae | [vae_pretrained] Epoch 37/200 — train_loss=0.9324 val_loss=1.0876 recon=0.7225 kl=0.2100 kl_weight=1.0000
2026-04-12 19:55:27 | INFO    | resistancemap.models.vae | [vae_pretrained] Epoch 38/200 — train_loss=0.9191 val_loss=1.1030 recon=0.7061 kl=0.2130 kl_weight=1.0000
2026-04-12 19:55:28 | INFO    | resistancemap.models.vae | [vae_pretrained] Epoch 39/200 — train_loss=0.9094 val_loss=1.0832 recon=0.6978 kl=0.2116 kl_weight=1.0000
2026-04-12 19:55:28 | INFO    | resistancemap.models.vae | [vae_pretrained] Epoch 40/200 — train_loss=0.9040 val_loss=1.0667 recon=0.6975 kl=0.2065 kl_weight=1.0000
2026-04-12 19:55:29 | INFO    | resistancemap | Checkpoint saved: checkpoints/vae_pretrained.pt
2026-04-12 19:55:29 | INFO    | resistancemap.models.vae | [vae_pretrained] Epoch 41/200 — train_loss=0.9046 val_loss=1.0483 recon=0.6992 kl=0.2054 kl_weight=1.0000
2026-04-12 19:55:30 | INFO    | resistancemap | Checkpoint saved: checkpoints/vae_pretrained.pt
2026-04-12 19:55:31 | INFO    | resistancemap.models.vae | [vae_pretrained] Epoch 42/200 — train_loss=0.8868 val_loss=1.0427 recon=0.6916 kl=0.1952 kl_weight=1.0000
2026-04-12 19:55:32 | INFO    | resistancemap | Checkpoint saved: checkpoints/vae_pretrained.pt
2026-04-12 19:55:32 | INFO    | resistancemap.models.vae | [vae_pretrained] Epoch 43/200 — train_loss=0.8746 val_loss=1.0340 recon=0.6793 kl=0.1953 kl_weight=1.0000
2026-04-12 19:55:33 | INFO    | resistancemap | Checkpoint saved: checkpoints/vae_pretrained.pt
2026-04-12 19:55:33 | INFO    | resistancemap.models.vae | [vae_pretrained] Epoch 44/200 — train_loss=0.8673 val_loss=1.0339 recon=0.6701 kl=0.1971 kl_weight=1.0000
2026-04-12 19:55:34 | INFO    | resistancemap | Checkpoint saved: checkpoints/vae_pretrained.pt
2026-04-12 19:55:35 | INFO    | resistancemap.models.vae | [vae_pretrained] Epoch 45/200 — train_loss=0.8643 val_loss=1.0301 recon=0.6703 kl=0.1941 kl_weight=1.0000
2026-04-12 19:55:36 | INFO    | resistancemap | Checkpoint saved: checkpoints/vae_pretrained.pt
2026-04-12 19:55:36 | INFO    | resistancemap.models.vae | [vae_pretrained] Epoch 46/200 — train_loss=0.8593 val_loss=1.0203 recon=0.6667 kl=0.1926 kl_weight=1.0000
2026-04-12 19:55:37 | INFO    | resistancemap | Checkpoint saved: checkpoints/vae_pretrained.pt
2026-04-12 19:55:37 | INFO    | resistancemap.models.vae | [vae_pretrained] Epoch 47/200 — train_loss=0.8470 val_loss=1.0224 recon=0.6623 kl=0.1847 kl_weight=1.0000
2026-04-12 19:55:38 | INFO    | resistancemap.models.vae | [vae_pretrained] Epoch 48/200 — train_loss=0.8627 val_loss=1.0259 recon=0.6808 kl=0.1818 kl_weight=1.0000
2026-04-12 19:55:38 | INFO    | resistancemap.models.vae | [vae_pretrained] Epoch 49/200 — train_loss=0.8518 val_loss=1.0245 recon=0.6651 kl=0.1867 kl_weight=1.0000
2026-04-12 19:55:38 | INFO    | resistancemap.models.vae | [vae_pretrained] Epoch 50/200 — train_loss=0.8394 val_loss=1.0153 recon=0.6587 kl=0.1807 kl_weight=1.0000
2026-04-12 19:55:39 | INFO    | resistancemap | Checkpoint saved: checkpoints/vae_pretrained.pt
2026-04-12 19:55:40 | INFO    | resistancemap.models.vae | [vae_pretrained] Epoch 51/200 — train_loss=0.6587 val_loss=1.0061 recon=0.6587 kl=0.1926 kl_weight=0.0000
2026-04-12 19:55:41 | INFO    | resistancemap | Checkpoint saved: checkpoints/vae_pretrained.pt
2026-04-12 19:55:41 | INFO    | resistancemap.models.vae | [vae_pretrained] Epoch 52/200 — train_loss=0.6406 val_loss=1.0053 recon=0.6325 kl=0.2003 kl_weight=0.0400
2026-04-12 19:55:42 | INFO    | resistancemap | Checkpoint saved: checkpoints/vae_pretrained.pt
2026-04-12 19:55:42 | INFO    | resistancemap.models.vae | [vae_pretrained] Epoch 53/200 — train_loss=0.6310 val_loss=1.0161 recon=0.6136 kl=0.2187 kl_weight=0.0800
2026-04-12 19:55:43 | INFO    | resistancemap.models.vae | [vae_pretrained] Epoch 54/200 — train_loss=0.6330 val_loss=1.0312 recon=0.6037 kl=0.2444 kl_weight=0.1200
2026-04-12 19:55:43 | INFO    | resistancemap.models.vae | [vae_pretrained] Epoch 55/200 — train_loss=0.6252 val_loss=1.0543 recon=0.5803 kl=0.2810 kl_weight=0.1600
2026-04-12 19:55:44 | INFO    | resistancemap.models.vae | [vae_pretrained] Epoch 56/200 — train_loss=0.6421 val_loss=1.0730 recon=0.5801 kl=0.3098 kl_weight=0.2000
2026-04-12 19:55:44 | INFO    | resistancemap.models.vae | [vae_pretrained] Epoch 57/200 — train_loss=0.6364 val_loss=1.0831 recon=0.5496 kl=0.3618 kl_weight=0.2400
2026-04-12 19:55:44 | INFO    | resistancemap.models.vae | [vae_pretrained] Epoch 58/200 — train_loss=0.6385 val_loss=1.0834 recon=0.5246 kl=0.4069 kl_weight=0.2800
2026-04-12 19:55:45 | INFO    | resistancemap.models.vae | [vae_pretrained] Epoch 59/200 — train_loss=0.6546 val_loss=1.0821 recon=0.5213 kl=0.4165 kl_weight=0.3200
2026-04-12 19:55:45 | INFO    | resistancemap.models.vae | [vae_pretrained] Epoch 60/200 — train_loss=0.6745 val_loss=1.0822 recon=0.5159 kl=0.4407 kl_weight=0.3600
2026-04-12 19:55:46 | INFO    | resistancemap.models.vae | [vae_pretrained] Epoch 61/200 — train_loss=0.6971 val_loss=1.0833 recon=0.5161 kl=0.4525 kl_weight=0.4000
2026-04-12 19:55:46 | INFO    | resistancemap.models.vae | [vae_pretrained] Epoch 62/200 — train_loss=0.7058 val_loss=1.0848 recon=0.5124 kl=0.4395 kl_weight=0.4400
2026-04-12 19:55:46 | INFO    | resistancemap.models.vae | [vae_pretrained] Epoch 63/200 — train_loss=0.7172 val_loss=1.0852 recon=0.5142 kl=0.4229 kl_weight=0.4800
2026-04-12 19:55:47 | INFO    | resistancemap.models.vae | [vae_pretrained] Epoch 64/200 — train_loss=0.7225 val_loss=1.0809 recon=0.5170 kl=0.3951 kl_weight=0.5200
2026-04-12 19:55:47 | INFO    | resistancemap.models.vae | [vae_pretrained] Epoch 65/200 — train_loss=0.7346 val_loss=1.0721 recon=0.5262 kl=0.3722 kl_weight=0.5600
2026-04-12 19:55:47 | INFO    | resistancemap.models.vae | [vae_pretrained] Epoch 66/200 — train_loss=0.7261 val_loss=1.0638 recon=0.5205 kl=0.3426 kl_weight=0.6000
2026-04-12 19:55:48 | INFO    | resistancemap.models.vae | [vae_pretrained] Epoch 67/200 — train_loss=0.7314 val_loss=1.0582 recon=0.5330 kl=0.3100 kl_weight=0.6400
2026-04-12 19:55:48 | INFO    | resistancemap.models.vae | [vae_pretrained] Epoch 68/200 — train_loss=0.7273 val_loss=1.0554 recon=0.5333 kl=0.2854 kl_weight=0.6800
2026-04-12 19:55:49 | INFO    | resistancemap.models.vae | [vae_pretrained] Epoch 69/200 — train_loss=0.7333 val_loss=1.0551 recon=0.5457 kl=0.2606 kl_weight=0.7200
2026-04-12 19:55:49 | INFO    | resistancemap.models.vae | [vae_pretrained] Epoch 70/200 — train_loss=0.7503 val_loss=1.0517 recon=0.5700 kl=0.2372 kl_weight=0.7600
2026-04-12 19:55:49 | INFO    | resistancemap.models.vae | [vae_pretrained] Epoch 71/200 — train_loss=0.7507 val_loss=1.0431 recon=0.5681 kl=0.2282 kl_weight=0.8000
2026-04-12 19:55:50 | INFO    | resistancemap.models.vae | [vae_pretrained] Epoch 72/200 — train_loss=0.7527 val_loss=1.0267 recon=0.5752 kl=0.2113 kl_weight=0.8400
2026-04-12 19:55:50 | INFO    | resistancemap.models.vae | Early stopping at epoch 72
2026-04-12 19:55:50 | INFO    | resistancemap | <<< STAGE END: vae_pretrain (1.2 min) | best_val_loss=1.0053 final_epoch=72 total_steps=72
2026-04-12 19:55:50 | INFO    | resistancemap | Checkpoint loaded: checkpoints/vae_pretrained.pt (saved 2026-04-13T00:55:41.621657+00:00)
2026-04-12 19:55:50 | INFO    | resistancemap.agents.base | vae_pretrain: Execution complete (status=completed)
2026-04-12 19:55:50 | INFO    | resistancemap.agents.orchestrator |   vae_pretrain: COMPLETED (hash=96937bb0...)
2026-04-12 19:55:50 | INFO    | resistancemap.agents.orchestrator |   esm2_embed: COMPLETED (hash=a10dd06d...)
2026-04-12 19:55:50 | INFO    | resistancemap.agents.orchestrator | Orchestrator: Layer 3 (1 agents)
2026-04-12 19:55:50 | INFO    | resistancemap.agents.base | vae_finetune: Starting execution
2026-04-12 19:55:50 | INFO    | resistancemap | >>> STAGE START: vae_finetune
2026-04-12 19:55:50 | INFO    | resistancemap | Checkpoint loaded: checkpoints/data_ready.pt (saved 2026-04-13T00:54:39.980324+00:00)
2026-04-12 19:55:51 | INFO    | resistancemap | Checkpoint loaded: checkpoints/vae_pretrained.pt (saved 2026-04-13T00:55:41.621657+00:00)
2026-04-12 19:55:56 | INFO    | resistancemap.models.vae | [vae_finetuned] Epoch 1/100 — train_loss=0.8623 val_loss=1.1608 recon=0.8623 kl=0.3444 kl_weight=0.0000
2026-04-12 19:55:57 | INFO    | resistancemap | Checkpoint saved: checkpoints/vae_finetuned.pt
2026-04-12 19:55:59 | INFO    | resistancemap.models.vae | [vae_finetuned] Epoch 2/100 — train_loss=0.8039 val_loss=1.1704 recon=0.7744 kl=0.3540 kl_weight=0.0833
2026-04-12 19:55:59 | INFO    | resistancemap.models.vae | [vae_finetuned] Epoch 3/100 — train_loss=0.7444 val_loss=1.1767 recon=0.6855 kl=0.3536 kl_weight=0.1667
2026-04-12 19:55:59 | INFO    | resistancemap.models.vae | [vae_finetuned] Epoch 4/100 — train_loss=0.7406 val_loss=1.1913 recon=0.6526 kl=0.3520 kl_weight=0.2500
2026-04-12 19:56:00 | INFO    | resistancemap.models.vae | [vae_finetuned] Epoch 5/100 — train_loss=0.7519 val_loss=1.2062 recon=0.6312 kl=0.3621 kl_weight=0.3333
2026-04-12 19:56:00 | INFO    | resistancemap.models.vae | [vae_finetuned] Epoch 6/100 — train_loss=0.7724 val_loss=1.2222 recon=0.6168 kl=0.3735 kl_weight=0.4167
2026-04-12 19:56:01 | INFO    | resistancemap.models.vae | [vae_finetuned] Epoch 7/100 — train_loss=0.7884 val_loss=1.2404 recon=0.5978 kl=0.3811 kl_weight=0.5000
2026-04-12 19:56:01 | INFO    | resistancemap.models.vae | [vae_finetuned] Epoch 8/100 — train_loss=0.7916 val_loss=1.2583 recon=0.5597 kl=0.3976 kl_weight=0.5833
2026-04-12 19:56:01 | INFO    | resistancemap.models.vae | [vae_finetuned] Epoch 9/100 — train_loss=0.8251 val_loss=1.2808 recon=0.5610 kl=0.3961 kl_weight=0.6667
2026-04-12 19:56:02 | INFO    | resistancemap.models.vae | [vae_finetuned] Epoch 10/100 — train_loss=0.8443 val_loss=1.2934 recon=0.5472 kl=0.3962 kl_weight=0.7500
2026-04-12 19:56:02 | INFO    | resistancemap.models.vae | [vae_finetuned] Epoch 11/100 — train_loss=0.8629 val_loss=1.3045 recon=0.5457 kl=0.3807 kl_weight=0.8333
2026-04-12 19:56:03 | INFO    | resistancemap.models.vae | [vae_finetuned] Epoch 12/100 — train_loss=0.8673 val_loss=1.3134 recon=0.5317 kl=0.3661 kl_weight=0.9167
2026-04-12 19:56:03 | INFO    | resistancemap.models.vae | [vae_finetuned] Epoch 13/100 — train_loss=0.9074 val_loss=1.3202 recon=0.5456 kl=0.3618 kl_weight=1.0000
2026-04-12 19:56:04 | INFO    | resistancemap.models.vae | [vae_finetuned] Epoch 14/100 — train_loss=0.8529 val_loss=1.3244 recon=0.5059 kl=0.3470 kl_weight=1.0000
2026-04-12 19:56:04 | INFO    | resistancemap.models.vae | [vae_finetuned] Epoch 15/100 — train_loss=0.8433 val_loss=1.3290 recon=0.5238 kl=0.3195 kl_weight=1.0000
2026-04-12 19:56:04 | INFO    | resistancemap.models.vae | [vae_finetuned] Epoch 16/100 — train_loss=0.8408 val_loss=1.3306 recon=0.5341 kl=0.3067 kl_weight=1.0000
2026-04-12 19:56:05 | INFO    | resistancemap.models.vae | [vae_finetuned] Epoch 17/100 — train_loss=0.8326 val_loss=1.3259 recon=0.5435 kl=0.2891 kl_weight=1.0000
2026-04-12 19:56:05 | INFO    | resistancemap.models.vae | [vae_finetuned] Epoch 18/100 — train_loss=0.8262 val_loss=1.3152 recon=0.5548 kl=0.2715 kl_weight=1.0000
2026-04-12 19:56:06 | INFO    | resistancemap.models.vae | [vae_finetuned] Epoch 19/100 — train_loss=0.8234 val_loss=1.3070 recon=0.5595 kl=0.2639 kl_weight=1.0000
2026-04-12 19:56:06 | INFO    | resistancemap.models.vae | [vae_finetuned] Epoch 20/100 — train_loss=0.8451 val_loss=1.3005 recon=0.5888 kl=0.2564 kl_weight=1.0000
2026-04-12 19:56:07 | INFO    | resistancemap.models.vae | [vae_finetuned] Epoch 21/100 — train_loss=0.7985 val_loss=1.2855 recon=0.5553 kl=0.2432 kl_weight=1.0000
2026-04-12 19:56:07 | INFO    | resistancemap.models.vae | Early stopping at epoch 21
2026-04-12 19:56:07 | INFO    | resistancemap | <<< STAGE END: vae_finetune (0.3 min) | best_val_loss=1.1608 final_epoch=21 total_steps=21
2026-04-12 19:56:07 | INFO    | resistancemap | Checkpoint loaded: checkpoints/vae_finetuned.pt (saved 2026-04-13T00:55:56.698422+00:00)
2026-04-12 19:56:07 | INFO    | resistancemap.agents.base | vae_finetune: Execution complete (status=completed)
2026-04-12 19:56:07 | INFO    | resistancemap.agents.orchestrator |   vae_finetune: COMPLETED (hash=717b5097...)
2026-04-12 19:56:07 | INFO    | resistancemap.agents.orchestrator | Orchestrator: Layer 4 (1 agents)
2026-04-12 19:56:07 | INFO    | resistancemap.agents.base | trajectory: Starting execution
2026-04-12 19:56:07 | INFO    | resistancemap | >>> STAGE START: trajectory_calibrate
2026-04-12 19:56:07 | INFO    | resistancemap | Checkpoint loaded: checkpoints/data_ready.pt (saved 2026-04-13T00:54:39.980324+00:00)
2026-04-12 19:56:07 | INFO    | resistancemap | Checkpoint loaded: checkpoints/vae_finetuned.pt (saved 2026-04-13T00:55:56.698422+00:00)
2026-04-12 19:56:08 | INFO    | resistancemap | Checkpoint saved: checkpoints/stability_calibrated.pt
2026-04-12 19:56:09 | INFO    | resistancemap | Checkpoint saved: checkpoints/stability_calibrated.pt
2026-04-12 19:56:11 | INFO    | resistancemap | Checkpoint saved: checkpoints/stability_calibrated.pt
2026-04-12 19:56:12 | INFO    | resistancemap | Checkpoint saved: checkpoints/stability_calibrated.pt
2026-04-12 19:56:15 | INFO    | resistancemap | Checkpoint saved: checkpoints/stability_calibrated.pt
2026-04-12 19:56:16 | INFO    | resistancemap | Checkpoint saved: checkpoints/stability_calibrated.pt
2026-04-12 19:56:16 | INFO    | resistancemap | Checkpoint saved: checkpoints/stability_calibrated.pt
2026-04-12 19:56:18 | INFO    | resistancemap | Checkpoint saved: checkpoints/stability_calibrated.pt
2026-04-12 19:56:21 | INFO    | resistancemap | Checkpoint saved: checkpoints/stability_calibrated.pt
2026-04-12 19:56:21 | INFO    | resistancemap | Checkpoint saved: checkpoints/stability_calibrated.pt
2026-04-12 19:56:22 | INFO    | resistancemap | Checkpoint saved: checkpoints/stability_calibrated.pt
2026-04-12 19:56:23 | INFO    | resistancemap | Checkpoint saved: checkpoints/stability_calibrated.pt
2026-04-12 19:56:24 | INFO    | resistancemap | Checkpoint saved: checkpoints/stability_calibrated.pt
2026-04-12 19:56:25 | INFO    | resistancemap | Checkpoint saved: checkpoints/stability_calibrated.pt
2026-04-12 19:56:26 | INFO    | resistancemap | Checkpoint saved: checkpoints/stability_calibrated.pt
2026-04-12 19:56:27 | INFO    | resistancemap | Checkpoint saved: checkpoints/stability_calibrated.pt
2026-04-12 19:56:28 | INFO    | resistancemap | Checkpoint saved: checkpoints/stability_calibrated.pt
2026-04-12 19:56:28 | INFO    | resistancemap | Checkpoint saved: checkpoints/stability_calibrated.pt
2026-04-12 19:56:29 | INFO    | resistancemap | Checkpoint saved: checkpoints/stability_calibrated.pt
2026-04-12 19:56:30 | INFO    | resistancemap | Checkpoint saved: checkpoints/stability_calibrated.pt
2026-04-12 19:56:30 | INFO    | resistancemap | Checkpoint saved: checkpoints/stability_calibrated.pt
2026-04-12 19:56:31 | INFO    | resistancemap | Checkpoint saved: checkpoints/stability_calibrated.pt
2026-04-12 19:56:32 | INFO    | resistancemap | Checkpoint saved: checkpoints/stability_calibrated.pt
2026-04-12 19:56:33 | INFO    | resistancemap | Checkpoint saved: checkpoints/stability_calibrated.pt
2026-04-12 19:56:33 | INFO    | resistancemap | Checkpoint saved: checkpoints/stability_calibrated.pt
2026-04-12 19:56:34 | INFO    | resistancemap | Checkpoint saved: checkpoints/stability_calibrated.pt
2026-04-12 19:56:35 | INFO    | resistancemap.models.trajectory | [stability_calibrate] Epoch 50/500 loss=0.3143 basin_center=1.4786 basin_scale=1.5128
2026-04-12 19:56:35 | INFO    | resistancemap | Checkpoint saved: checkpoints/stability_calibrated.pt
2026-04-12 19:56:36 | INFO    | resistancemap | Checkpoint saved: checkpoints/stability_calibrated.pt
2026-04-12 19:56:36 | INFO    | resistancemap | Checkpoint saved: checkpoints/stability_calibrated.pt
2026-04-12 19:56:37 | INFO    | resistancemap | Checkpoint saved: checkpoints/stability_calibrated.pt
2026-04-12 19:56:38 | INFO    | resistancemap | Checkpoint saved: checkpoints/stability_calibrated.pt
2026-04-12 19:56:40 | INFO    | resistancemap | Checkpoint saved: checkpoints/stability_calibrated.pt
2026-04-12 19:56:42 | INFO    | resistancemap | Checkpoint saved: checkpoints/stability_calibrated.pt
2026-04-12 19:56:43 | INFO    | resistancemap | Checkpoint saved: checkpoints/stability_calibrated.pt
2026-04-12 19:56:43 | INFO    | resistancemap | Checkpoint saved: checkpoints/stability_calibrated.pt
2026-04-12 19:56:44 | INFO    | resistancemap | Checkpoint saved: checkpoints/stability_calibrated.pt
2026-04-12 19:56:45 | INFO    | resistancemap | Checkpoint saved: checkpoints/stability_calibrated.pt
2026-04-12 19:56:46 | INFO    | resistancemap | Checkpoint saved: checkpoints/stability_calibrated.pt
2026-04-12 19:56:48 | INFO    | resistancemap | Checkpoint saved: checkpoints/stability_calibrated.pt
2026-04-12 19:56:49 | INFO    | resistancemap | Checkpoint saved: checkpoints/stability_calibrated.pt
2026-04-12 19:56:52 | INFO    | resistancemap | Checkpoint saved: checkpoints/stability_calibrated.pt
2026-04-12 19:56:53 | INFO    | resistancemap | Checkpoint saved: checkpoints/stability_calibrated.pt
2026-04-12 19:56:55 | INFO    | resistancemap | Checkpoint saved: checkpoints/stability_calibrated.pt
2026-04-12 19:56:56 | INFO    | resistancemap | Checkpoint saved: checkpoints/stability_calibrated.pt
2026-04-12 19:57:00 | INFO    | resistancemap | Checkpoint saved: checkpoints/stability_calibrated.pt
2026-04-12 19:57:02 | INFO    | resistancemap.models.trajectory | [stability_calibrate] Epoch 100/500 loss=0.0087 basin_center=1.4504 basin_scale=1.5061
2026-04-12 19:57:02 | INFO    | resistancemap | Checkpoint saved: checkpoints/stability_calibrated.pt
2026-04-12 19:57:06 | INFO    | resistancemap | Checkpoint saved: checkpoints/stability_calibrated.pt
2026-04-12 19:57:11 | INFO    | resistancemap | Checkpoint saved: checkpoints/stability_calibrated.pt
2026-04-12 19:57:14 | INFO    | resistancemap | Checkpoint saved: checkpoints/stability_calibrated.pt
2026-04-12 19:57:22 | INFO    | resistancemap | Checkpoint saved: checkpoints/stability_calibrated.pt
2026-04-12 19:57:28 | INFO    | resistancemap | Checkpoint saved: checkpoints/stability_calibrated.pt
2026-04-12 19:57:29 | INFO    | resistancemap.models.trajectory | [stability_calibrate] Epoch 150/500 loss=0.0191 basin_center=1.4469 basin_scale=1.5090
2026-04-12 19:57:42 | INFO    | resistancemap | Checkpoint saved: checkpoints/stability_calibrated.pt
2026-04-12 19:57:47 | INFO    | resistancemap | Checkpoint saved: checkpoints/stability_calibrated.pt
2026-04-12 19:57:48 | INFO    | resistancemap | Checkpoint saved: checkpoints/stability_calibrated.pt
2026-04-12 19:57:56 | INFO    | resistancemap.models.trajectory | [stability_calibrate] Epoch 200/500 loss=0.0061 basin_center=1.4459 basin_scale=1.5106
2026-04-12 19:58:06 | INFO    | resistancemap | Checkpoint saved: checkpoints/stability_calibrated.pt
2026-04-12 19:58:14 | INFO    | resistancemap | Checkpoint saved: checkpoints/stability_calibrated.pt
2026-04-12 19:58:23 | INFO    | resistancemap.models.trajectory | [stability_calibrate] Epoch 250/500 loss=0.0014 basin_center=1.4453 basin_scale=1.5116
2026-04-12 19:58:28 | INFO    | resistancemap | Checkpoint saved: checkpoints/stability_calibrated.pt
2026-04-12 19:58:50 | INFO    | resistancemap.models.trajectory | [stability_calibrate] Epoch 300/500 loss=0.0021 basin_center=1.4450 basin_scale=1.5122
2026-04-12 19:58:55 | INFO    | resistancemap | Checkpoint saved: checkpoints/stability_calibrated.pt
2026-04-12 19:59:17 | INFO    | resistancemap.models.trajectory | [stability_calibrate] Epoch 350/500 loss=0.0034 basin_center=1.4447 basin_scale=1.5127
2026-04-12 19:59:44 | INFO    | resistancemap.models.trajectory | [stability_calibrate] Epoch 400/500 loss=0.0023 basin_center=1.4445 basin_scale=1.5131
2026-04-12 20:00:07 | INFO    | resistancemap | Checkpoint saved: checkpoints/stability_calibrated.pt
2026-04-12 20:00:11 | INFO    | resistancemap.models.trajectory | [stability_calibrate] Epoch 450/500 loss=0.0010 basin_center=1.4444 basin_scale=1.5134
2026-04-12 20:00:38 | INFO    | resistancemap.models.trajectory | [stability_calibrate] Epoch 500/500 loss=0.0025 basin_center=1.4442 basin_scale=1.5140
2026-04-12 20:00:38 | INFO    | resistancemap | <<< STAGE END: trajectory_calibrate (4.5 min) | best_calibration_loss=0.0002 n_valid_samples=498
2026-04-12 20:00:38 | INFO    | resistancemap | Checkpoint loaded: checkpoints/stability_calibrated.pt (saved 2026-04-13T01:00:07.504000+00:00)
2026-04-12 20:00:38 | INFO    | resistancemap.agents.base | trajectory: Execution complete (status=completed)
2026-04-12 20:00:38 | INFO    | resistancemap.agents.orchestrator |   trajectory: COMPLETED (hash=f775403a...)
2026-04-12 20:00:38 | INFO    | resistancemap.agents.orchestrator | Orchestrator: Layer 5 (1 agents)
2026-04-12 20:00:38 | INFO    | resistancemap.agents.base | protein_net: Starting execution
2026-04-12 20:00:40 | INFO    | resistancemap | >>> STAGE START: protein_net_train
2026-04-12 20:00:40 | INFO    | resistancemap | Checkpoint loaded: checkpoints/data_ready.pt (saved 2026-04-13T00:54:39.980324+00:00)
2026-04-12 20:00:40 | INFO    | resistancemap | Checkpoint loaded: checkpoints/vae_finetuned.pt (saved 2026-04-13T00:55:56.698422+00:00)
2026-04-12 20:00:40 | INFO    | resistancemap | Checkpoint loaded: checkpoints/stability_calibrated.pt (saved 2026-04-13T01:00:07.504000+00:00)
2026-04-12 20:00:41 | INFO    | resistancemap.main | Pre-computing VAE latent states and stability scores...
2026-04-12 20:06:11 | INFO    | resistancemap.main | Pre-computed: latents torch.Size([886, 64]), stability torch.Size([886])
2026-04-12 20:06:11 | INFO    | resistancemap.main | PPI graph: 19177 nodes, 929520 edges
2026-04-12 20:06:20 | INFO    | resistancemap | Checkpoint saved: checkpoints/protein_net_trained.pt
2026-04-12 20:07:22 | INFO    | resistancemap | Checkpoint saved: checkpoints/protein_net_trained.pt
2026-04-12 20:07:39 | INFO    | resistancemap.main | [protein_net] Epoch 10/100 train=0.8553 val=0.7952
2026-04-12 20:08:06 | INFO    | resistancemap | Checkpoint saved: checkpoints/protein_net_trained.pt
2026-04-12 20:09:07 | INFO    | resistancemap.main | [protein_net] Epoch 20/100 train=0.6790 val=0.8012
2026-04-12 20:10:17 | INFO    | resistancemap.main | [protein_net] Early stopping at epoch 28
2026-04-12 20:10:17 | INFO    | resistancemap | <<< STAGE END: protein_net_train (9.6 min) | protein_net_val_loss=0.7776
2026-04-12 20:10:17 | INFO    | resistancemap | Checkpoint loaded: checkpoints/protein_net_trained.pt (saved 2026-04-13T01:08:06.171463+00:00)
2026-04-12 20:10:17 | INFO    | resistancemap.agents.base | protein_net: Execution complete (status=completed)
2026-04-12 20:10:17 | INFO    | resistancemap.agents.orchestrator |   protein_net: COMPLETED (hash=94d52d47...)
2026-04-12 20:10:17 | INFO    | resistancemap.agents.orchestrator | Orchestrator: Layer 6 (1 agents)
2026-04-12 20:10:17 | INFO    | resistancemap.agents.base | fusion: Starting execution
2026-04-12 20:10:17 | INFO    | resistancemap | >>> STAGE START: fusion_train
2026-04-12 20:10:18 | INFO    | resistancemap | Checkpoint loaded: checkpoints/data_ready.pt (saved 2026-04-13T00:54:39.980324+00:00)
2026-04-12 20:10:18 | INFO    | resistancemap | Checkpoint loaded: checkpoints/vae_finetuned.pt (saved 2026-04-13T00:55:56.698422+00:00)
2026-04-12 20:10:18 | INFO    | resistancemap | Checkpoint loaded: checkpoints/stability_calibrated.pt (saved 2026-04-13T01:00:07.504000+00:00)
2026-04-12 20:10:18 | INFO    | resistancemap | Checkpoint loaded: checkpoints/protein_net_trained.pt (saved 2026-04-13T01:08:06.171463+00:00)
2026-04-12 20:10:19 | INFO    | resistancemap.main | Pre-computing modality embeddings for fusion training...
2026-04-12 20:15:56 | INFO    | resistancemap.main | Embeddings: epi=torch.Size([886, 64]), pnet=torch.Size([886, 128]), stab=torch.Size([886, 1])
2026-04-12 20:15:56 | INFO    | resistancemap | Checkpoint saved: checkpoints/fusion_trained.pt
2026-04-12 20:15:56 | INFO    | resistancemap | Checkpoint saved: checkpoints/fusion_trained.pt
2026-04-12 20:15:56 | INFO    | resistancemap.main | [fusion] Early stopping at epoch 17
2026-04-12 20:15:56 | INFO    | resistancemap | <<< STAGE END: fusion_train (5.6 min) | fusion_val_loss=0.5557
2026-04-12 20:15:56 | INFO    | resistancemap | Checkpoint loaded: checkpoints/fusion_trained.pt (saved 2026-04-13T01:15:56.383265+00:00)
2026-04-12 20:15:56 | INFO    | resistancemap.agents.base | fusion: Execution complete (status=completed)
2026-04-12 20:15:56 | INFO    | resistancemap.agents.orchestrator |   fusion: COMPLETED (hash=f826d005...)
2026-04-12 20:15:56 | INFO    | resistancemap.agents.orchestrator | Orchestrator: Layer 7 (1 agents)
2026-04-12 20:15:56 | INFO    | resistancemap.agents.base | landscape: Starting execution
2026-04-12 20:15:56 | INFO    | resistancemap | >>> STAGE START: landscape_train
2026-04-12 20:15:57 | INFO    | resistancemap | Checkpoint loaded: checkpoints/data_ready.pt (saved 2026-04-13T00:54:39.980324+00:00)
2026-04-12 20:15:57 | INFO    | resistancemap | Checkpoint loaded: checkpoints/fusion_trained.pt (saved 2026-04-13T01:15:56.383265+00:00)
2026-04-12 20:15:57 | INFO    | resistancemap.main | Computing fused representations for landscape training...
2026-04-12 20:15:57 | INFO    | resistancemap.main | Fused representations: torch.Size([886, 128])
2026-04-12 20:15:57 | INFO    | resistancemap | Checkpoint saved: checkpoints/landscape_trained.pt
2026-04-12 20:15:57 | INFO    | resistancemap | Checkpoint saved: checkpoints/landscape_trained.pt
2026-04-12 20:15:57 | INFO    | resistancemap | Checkpoint saved: checkpoints/landscape_trained.pt
2026-04-12 20:15:57 | INFO    | resistancemap | Checkpoint saved: checkpoints/landscape_trained.pt
2026-04-12 20:15:57 | INFO    | resistancemap | Checkpoint saved: checkpoints/landscape_trained.pt
2026-04-12 20:15:57 | INFO    | resistancemap | Checkpoint saved: checkpoints/landscape_trained.pt
2026-04-12 20:15:57 | INFO    | resistancemap | Checkpoint saved: checkpoints/landscape_trained.pt
2026-04-12 20:15:57 | INFO    | resistancemap | Checkpoint saved: checkpoints/landscape_trained.pt
2026-04-12 20:15:57 | INFO    | resistancemap | Checkpoint saved: checkpoints/landscape_trained.pt
2026-04-12 20:15:57 | INFO    | resistancemap | Checkpoint saved: checkpoints/landscape_trained.pt
2026-04-12 20:15:57 | INFO    | resistancemap | Checkpoint saved: checkpoints/landscape_trained.pt
2026-04-12 20:15:57 | INFO    | resistancemap | Checkpoint saved: checkpoints/landscape_trained.pt
2026-04-12 20:15:57 | INFO    | resistancemap | Checkpoint saved: checkpoints/landscape_trained.pt
2026-04-12 20:15:57 | INFO    | resistancemap | Checkpoint saved: checkpoints/landscape_trained.pt
2026-04-12 20:15:57 | INFO    | resistancemap | Checkpoint saved: checkpoints/landscape_trained.pt
2026-04-12 20:15:57 | INFO    | resistancemap | Checkpoint saved: checkpoints/landscape_trained.pt
2026-04-12 20:15:57 | INFO    | resistancemap | Checkpoint saved: checkpoints/landscape_trained.pt
2026-04-12 20:15:57 | INFO    | resistancemap | Checkpoint saved: checkpoints/landscape_trained.pt
2026-04-12 20:15:57 | INFO    | resistancemap | Checkpoint saved: checkpoints/landscape_trained.pt
2026-04-12 20:15:57 | INFO    | resistancemap | Checkpoint saved: checkpoints/landscape_trained.pt
2026-04-12 20:15:57 | INFO    | resistancemap.main | [landscape] Epoch 20/100 train=0.9508 val=0.5507
2026-04-12 20:15:57 | INFO    | resistancemap | Checkpoint saved: checkpoints/landscape_trained.pt
2026-04-12 20:15:57 | INFO    | resistancemap | Checkpoint saved: checkpoints/landscape_trained.pt
2026-04-12 20:15:57 | INFO    | resistancemap | Checkpoint saved: checkpoints/landscape_trained.pt
2026-04-12 20:15:58 | INFO    | resistancemap.main | [landscape] Early stopping at epoch 39
2026-04-12 20:15:58 | INFO    | resistancemap | <<< STAGE END: landscape_train (0.0 min) | landscape_val_loss=0.5473
2026-04-12 20:15:58 | INFO    | resistancemap | Checkpoint loaded: checkpoints/landscape_trained.pt (saved 2026-04-13T01:15:57.987254+00:00)
2026-04-12 20:15:58 | INFO    | resistancemap.agents.base | landscape: Execution complete (status=completed)
2026-04-12 20:15:58 | INFO    | resistancemap.agents.orchestrator |   landscape: COMPLETED (hash=39620e65...)
2026-04-12 20:15:58 | INFO    | resistancemap.agents.orchestrator | Orchestrator: Layer 8 (1 agents)
2026-04-12 20:15:58 | INFO    | resistancemap.agents.base | validation: Starting execution
2026-04-12 20:15:58 | INFO    | resistancemap | >>> STAGE START: validate
2026-04-12 20:15:58 | INFO    | resistancemap | Checkpoint loaded: checkpoints/data_ready.pt (saved 2026-04-13T00:54:39.980324+00:00)
2026-04-12 20:15:58 | INFO    | resistancemap | Checkpoint loaded: checkpoints/fusion_trained.pt (saved 2026-04-13T01:15:56.383265+00:00)
2026-04-12 20:15:58 | INFO    | resistancemap | Checkpoint loaded: checkpoints/landscape_trained.pt (saved 2026-04-13T01:15:57.987254+00:00)
2026-04-12 20:15:58 | INFO    | resistancemap.main | Validation: test_mse=0.7239 on 132 samples
2026-04-12 20:15:58 | INFO    | resistancemap | Checkpoint saved: checkpoints/pipeline_validated.pt
2026-04-12 20:15:58 | INFO    | resistancemap | <<< STAGE END: validate (0.0 min) | test_mse=0.7239 n_test_samples=132 n_drugs=11 split=test
2026-04-12 20:15:58 | INFO    | resistancemap | Checkpoint loaded: checkpoints/pipeline_validated.pt (saved 2026-04-13T01:15:58.716940+00:00)
2026-04-12 20:15:58 | INFO    | resistancemap.agents.base | validation: Execution complete (status=completed)
2026-04-12 20:15:58 | INFO    | resistancemap.agents.orchestrator |   validation: COMPLETED (hash=39d6230e...)
2026-04-12 20:15:58 | INFO    | resistancemap.agents.orchestrator | Orchestrator: Execution complete in 1347.8s. Completed: 10/10
2026-04-12 20:15:58 | INFO    | resistancemap.main | ========================================================================
2026-04-12 20:15:58 | INFO    | resistancemap.main | PIPELINE COMPLETE
2026-04-12 20:15:58 | INFO    | resistancemap.main |   Total time: 1347.9s
2026-04-12 20:15:58 | INFO    | resistancemap.main |   Agents completed: 10/10
2026-04-12 20:15:58 | INFO    | resistancemap.main |   Verification chain: 10 hashes
2026-04-12 20:15:58 | INFO    | resistancemap.main | ========================================================================
2026-04-12 20:15:58 | INFO    | resistancemap.main | AgentOps dashboard exported: logs/agentops_dashboard.json
2026-04-13 00:02:40 | INFO    | resistancemap | Logging to logs/pipeline.log
2026-04-13 00:02:40 | WARNING | resistancemap | W&B init failed (continuing without): No API key configured. Use `wandb login` to log in.
2026-04-13 00:02:40 | INFO    | resistancemap.main | Agentic pipeline: 10 agents in 9 parallel layers
2026-04-13 00:02:40 | INFO    | resistancemap.main |   Layer 0: ['data_validation']
2026-04-13 00:02:40 | INFO    | resistancemap.main |   Layer 1: ['data_prep']
2026-04-13 00:02:40 | INFO    | resistancemap.main |   Layer 2: ['vae_pretrain', 'esm2_embed']
2026-04-13 00:02:40 | INFO    | resistancemap.main |   Layer 3: ['vae_finetune']
2026-04-13 00:02:40 | INFO    | resistancemap.main |   Layer 4: ['trajectory']
2026-04-13 00:02:40 | INFO    | resistancemap.main |   Layer 5: ['protein_net']
2026-04-13 00:02:40 | INFO    | resistancemap.main |   Layer 6: ['fusion']
2026-04-13 00:02:40 | INFO    | resistancemap.main |   Layer 7: ['landscape']
2026-04-13 00:02:40 | INFO    | resistancemap.main |   Layer 8: ['validation']
2026-04-13 00:02:40 | INFO    | resistancemap.main | AgentOps initialized: Tracer + Evaluator + Optimizer
2026-04-13 00:02:40 | INFO    | resistancemap.main | Zero-trust verification active: 8 guardrails loaded
2026-04-13 00:02:40 | INFO    | resistancemap.main | Data quality profiler ready (SOTA benchmarks loaded)
2026-04-13 00:02:40 | INFO    | resistancemap.main | Latent compute scheduler: GPU budget=24GB, max_concurrent=2
2026-04-13 00:02:40 | INFO    | resistancemap.main | ========================================================================
2026-04-13 00:02:40 | INFO    | resistancemap.main | EXECUTING AGENTIC PIPELINE
2026-04-13 00:02:40 | INFO    | resistancemap.main | ========================================================================
2026-04-13 00:02:40 | INFO    | resistancemap.agents.orchestrator | Orchestrator: Starting execution of 10 agents in 9 layers
2026-04-13 00:02:40 | INFO    | resistancemap.agents.orchestrator | Orchestrator: Layer 0 (1 agents)
2026-04-13 00:02:40 | INFO    | resistancemap.agents.base | data_validation: Starting execution
2026-04-13 00:02:40 | INFO    | resistancemap | >>> STAGE START: data_validate
2026-04-13 00:02:40 | INFO    | resistancemap | <<< STAGE END: data_validate (0.0 min)
2026-04-13 00:02:40 | INFO    | resistancemap.agents.base | data_validation: Execution complete (status=completed)
2026-04-13 00:02:40 | INFO    | resistancemap.agents.orchestrator |   data_validation: COMPLETED (hash=c756ad01...)
2026-04-13 00:02:40 | INFO    | resistancemap.agents.orchestrator | Orchestrator: Layer 1 (1 agents)
2026-04-13 00:02:40 | INFO    | resistancemap.agents.base | data_prep: Starting execution
2026-04-13 00:02:40 | INFO    | resistancemap | >>> STAGE START: data_prep
2026-04-13 00:02:40 | INFO    | resistancemap.data.loaders | Loading CCLE proteomics from data/raw/ccle_proteomics.csv
2026-04-13 00:02:48 | INFO    | resistancemap.data.loaders | Loaded proteomics: 1393 cell lines, 19177 proteins
2026-04-13 00:02:48 | INFO    | resistancemap.data.loaders | After coverage filter (70%): 19177 proteins retained
2026-04-13 00:02:48 | INFO    | resistancemap.data.loaders | Stripped '(entrez_id)' decoration from 19177/19177 protein names
2026-04-13 00:02:48 | INFO    | resistancemap.data.loaders | Loading CCLE epigenomics from data/raw/ccle_epigenomics
2026-04-13 00:02:48 | INFO    | resistancemap.data.loaders |   chromatin_profiling: 897 lines, 42 features
2026-04-13 00:02:48 | INFO    | resistancemap.data.loaders | Loading STRING PPI network from data/raw/string_ppi.txt
2026-04-13 00:03:26 | INFO    | resistancemap.data.loaders |   STRING scores on 0-1000 scale — normalizing to 0-1
2026-04-13 00:03:26 | INFO    | resistancemap.data.loaders | PPI edges after confidence filter (>=0.7): 473860
2026-04-13 00:03:27 | INFO    | resistancemap.data.loaders |   Loaded STRING protein info from 9606.protein.info.v12.0.txt.gz: 19699 ENSP -> gene_symbol entries
2026-04-13 00:03:27 | INFO    | resistancemap.data.loaders | Translated STRING ENSP -> gene symbols: 473860/473860 edges retained after mapping
2026-04-13 00:03:27 | INFO    | resistancemap.data.loaders | Loading scRNA-seq from data/raw/gse124310.h5ad
2026-04-13 00:03:27 | INFO    | resistancemap.data.loaders | Loaded scRNA-seq: 27796 cells, 33694 genes
2026-04-13 00:03:27 | INFO    | resistancemap.data.loaders | Loaded scRNA-seq GSE124310: 27796 cells
2026-04-13 00:03:27 | INFO    | resistancemap.data.loaders | MMRF CoMMpass directory not found at data/raw/mmrf_commpass (graceful degradation)
2026-04-13 00:03:27 | INFO    | resistancemap.data.preprocessors | Harmonizing multi-omics data
2026-04-13 00:03:27 | INFO    | resistancemap.data.preprocessors |   Additional scRNA-seq datasets: ['GSE124310']
2026-04-13 00:03:27 | INFO    | resistancemap.data.preprocessors |   ID mapping: 0 CCLEName → ModelID entries
2026-04-13 00:03:27 | INFO    | resistancemap.data.preprocessors | Cell lines in common across modalities: 886
2026-04-13 00:03:48 | INFO    | resistancemap.data.loaders | Loading drug sensitivity data
2026-04-13 00:03:49 | INFO    | resistancemap.data.loaders |   GDSC: 575197 records
2026-04-13 00:03:49 | INFO    | resistancemap.data.loaders |   GDSC: standardized columns
2026-04-13 00:03:49 | WARNING | resistancemap.data.loaders |   CTRPv2: not found at data/raw/ctrpv2_drug_sensitivity.csv, skipping
2026-04-13 00:03:49 | INFO    | resistancemap.data.loaders | Drug sensitivity matrix: 977 samples × 11 drugs
2026-04-13 00:03:49 | INFO    | resistancemap.data.preprocessors |   Drug sensitivity ID mapping via cell_line_name: 498 matches
2026-04-13 00:03:49 | INFO    | resistancemap.data.preprocessors | Drug-sensitivity targets z-scored: 11/11 drugs with usable variance
2026-04-13 00:03:49 | INFO    | resistancemap.data.preprocessors |   Lineage labels: 886/886 matched
2026-04-13 00:03:49 | INFO    | resistancemap.data.preprocessors | PPI-proteomics overlap: 15904 proteins
2026-04-13 00:03:49 | INFO    | resistancemap.data.preprocessors | MultiOmicsDataset: 886 samples, 19177 proteins, 42 epigenomic features, 473860 PPI edges
2026-04-13 00:03:49 | INFO    | resistancemap.data.preprocessors | Splits: train=622, val=132, test=132
2026-04-13 00:03:50 | INFO    | resistancemap | Checkpoint saved: checkpoints/data_ready.pt
2026-04-13 00:03:50 | INFO    | resistancemap | <<< STAGE END: data_prep (1.2 min)
2026-04-13 00:03:50 | INFO    | resistancemap | Checkpoint loaded: checkpoints/data_ready.pt (saved 2026-04-13T05:03:49.607964+00:00)
2026-04-13 00:03:50 | INFO    | resistancemap.agents.base | data_prep: Execution complete (status=completed)
2026-04-13 00:03:50 | INFO    | resistancemap.agents.orchestrator |   data_prep: COMPLETED (hash=6729f7bf...)
2026-04-13 00:03:50 | INFO    | resistancemap.agents.orchestrator | Orchestrator: Layer 2 (2 agents)
2026-04-13 00:03:50 | INFO    | resistancemap.agents.base | vae_pretrain: Starting execution
2026-04-13 00:03:50 | INFO    | resistancemap.agents.base | esm2_embed: Starting execution
2026-04-13 00:03:50 | INFO    | resistancemap | >>> STAGE START: esm2_embed
2026-04-13 00:03:50 | INFO    | resistancemap | >>> STAGE START: vae_pretrain
2026-04-13 00:03:50 | INFO    | resistancemap | Checkpoint loaded: checkpoints/data_ready.pt (saved 2026-04-13T05:03:49.607964+00:00)
2026-04-13 00:03:50 | INFO    | resistancemap.agents.specialized | ESM-2 embed: validated 19177 proteins for model facebook/esm2_t33_650M_UR50D
2026-04-13 00:03:50 | INFO    | resistancemap | <<< STAGE END: esm2_embed (0.0 min) | n_proteins=19177 esm2_model=facebook/esm2_t33_650M_UR50D embedding_dim=1280
2026-04-13 00:03:50 | INFO    | resistancemap | Checkpoint loaded: checkpoints/data_ready.pt (saved 2026-04-13T05:03:49.607964+00:00)
2026-04-13 00:03:50 | INFO    | resistancemap.agents.base | esm2_embed: Execution complete (status=completed)
2026-04-13 00:03:57 | INFO    | resistancemap.models.vae | [vae_pretrained] Epoch 1/200 — train_loss=2.0270 val_loss=85.5040 recon=2.0270 kl=0.6952 kl_weight=0.0000
2026-04-13 00:03:58 | INFO    | resistancemap | Checkpoint saved: checkpoints/vae_pretrained.pt
2026-04-13 00:03:59 | INFO    | resistancemap.models.vae | [vae_pretrained] Epoch 2/200 — train_loss=1.7090 val_loss=634.7168 recon=1.6666 kl=1.0606 kl_weight=0.0400
2026-04-13 00:03:59 | INFO    | resistancemap.models.vae | [vae_pretrained] Epoch 3/200 — train_loss=1.6546 val_loss=205.5768 recon=1.5631 kl=1.1442 kl_weight=0.0800
2026-04-13 00:03:59 | INFO    | resistancemap.models.vae | [vae_pretrained] Epoch 4/200 — train_loss=1.9912 val_loss=165.0271 recon=1.5783 kl=3.4406 kl_weight=0.1200
2026-04-13 00:04:00 | INFO    | resistancemap.models.vae | [vae_pretrained] Epoch 5/200 — train_loss=4.2540 val_loss=24.4592 recon=1.7741 kl=15.4992 kl_weight=0.1600
2026-04-13 00:04:01 | INFO    | resistancemap | Checkpoint saved: checkpoints/vae_pretrained.pt
2026-04-13 00:04:01 | INFO    | resistancemap.models.vae | [vae_pretrained] Epoch 6/200 — train_loss=2.0693 val_loss=10.2864 recon=1.8041 kl=1.3259 kl_weight=0.2000
2026-04-13 00:04:02 | INFO    | resistancemap | Checkpoint saved: checkpoints/vae_pretrained.pt
2026-04-13 00:04:02 | INFO    | resistancemap.models.vae | [vae_pretrained] Epoch 7/200 — train_loss=1.9322 val_loss=4.7145 recon=1.7119 kl=0.9181 kl_weight=0.2400
2026-04-13 00:04:03 | INFO    | resistancemap | Checkpoint saved: checkpoints/vae_pretrained.pt
2026-04-13 00:04:04 | INFO    | resistancemap.models.vae | [vae_pretrained] Epoch 8/200 — train_loss=1.7366 val_loss=6.3369 recon=1.5136 kl=0.7964 kl_weight=0.2800
2026-04-13 00:04:04 | INFO    | resistancemap.models.vae | [vae_pretrained] Epoch 9/200 — train_loss=2.0187 val_loss=3.8253 recon=1.4249 kl=1.8555 kl_weight=0.3200
2026-04-13 00:04:05 | INFO    | resistancemap | Checkpoint saved: checkpoints/vae_pretrained.pt
2026-04-13 00:04:05 | INFO    | resistancemap.models.vae | [vae_pretrained] Epoch 10/200 — train_loss=1.7319 val_loss=2.3327 recon=1.5061 kl=0.6270 kl_weight=0.3600
2026-04-13 00:04:06 | INFO    | resistancemap | Checkpoint saved: checkpoints/vae_pretrained.pt
2026-04-13 00:04:07 | INFO    | resistancemap.models.vae | [vae_pretrained] Epoch 11/200 — train_loss=1.6006 val_loss=1.8542 recon=1.3777 kl=0.5572 kl_weight=0.4000
2026-04-13 00:04:07 | INFO    | resistancemap | Checkpoint saved: checkpoints/vae_pretrained.pt
2026-04-13 00:04:08 | INFO    | resistancemap.models.vae | [vae_pretrained] Epoch 12/200 — train_loss=1.4769 val_loss=1.6617 recon=1.2661 kl=0.4790 kl_weight=0.4400
2026-04-13 00:04:09 | INFO    | resistancemap | Checkpoint saved: checkpoints/vae_pretrained.pt
2026-04-13 00:04:09 | INFO    | resistancemap.models.vae | [vae_pretrained] Epoch 13/200 — train_loss=1.4428 val_loss=1.5566 recon=1.2390 kl=0.4246 kl_weight=0.4800
2026-04-13 00:04:10 | INFO    | resistancemap | Checkpoint saved: checkpoints/vae_pretrained.pt
2026-04-13 00:04:10 | INFO    | resistancemap.models.vae | [vae_pretrained] Epoch 14/200 — train_loss=1.4044 val_loss=1.4800 recon=1.1994 kl=0.3944 kl_weight=0.5200
2026-04-13 00:04:11 | INFO    | resistancemap | Checkpoint saved: checkpoints/vae_pretrained.pt
2026-04-13 00:04:12 | INFO    | resistancemap.models.vae | [vae_pretrained] Epoch 15/200 — train_loss=1.3417 val_loss=1.4293 recon=1.1345 kl=0.3700 kl_weight=0.5600
2026-04-13 00:04:13 | INFO    | resistancemap | Checkpoint saved: checkpoints/vae_pretrained.pt
2026-04-13 00:04:13 | INFO    | resistancemap.models.vae | [vae_pretrained] Epoch 16/200 — train_loss=1.3752 val_loss=1.3812 recon=1.1224 kl=0.4213 kl_weight=0.6000
2026-04-13 00:04:14 | INFO    | resistancemap | Checkpoint saved: checkpoints/vae_pretrained.pt
2026-04-13 00:04:14 | INFO    | resistancemap.models.vae | [vae_pretrained] Epoch 17/200 — train_loss=1.3083 val_loss=1.3437 recon=1.0901 kl=0.3408 kl_weight=0.6400
2026-04-13 00:04:15 | INFO    | resistancemap | Checkpoint saved: checkpoints/vae_pretrained.pt
2026-04-13 00:04:16 | INFO    | resistancemap.models.vae | [vae_pretrained] Epoch 18/200 — train_loss=1.2771 val_loss=1.3353 recon=1.0486 kl=0.3360 kl_weight=0.6800
2026-04-13 00:04:16 | INFO    | resistancemap | Checkpoint saved: checkpoints/vae_pretrained.pt
2026-04-13 00:04:17 | INFO    | resistancemap.models.vae | [vae_pretrained] Epoch 19/200 — train_loss=1.2330 val_loss=1.3341 recon=0.9908 kl=0.3364 kl_weight=0.7200
2026-04-13 00:04:18 | INFO    | resistancemap | Checkpoint saved: checkpoints/vae_pretrained.pt
2026-04-13 00:04:18 | INFO    | resistancemap.models.vae | [vae_pretrained] Epoch 20/200 — train_loss=1.1920 val_loss=1.3142 recon=0.9496 kl=0.3190 kl_weight=0.7600
2026-04-13 00:04:19 | INFO    | resistancemap | Checkpoint saved: checkpoints/vae_pretrained.pt
2026-04-13 00:04:19 | INFO    | resistancemap.models.vae | [vae_pretrained] Epoch 21/200 — train_loss=1.1906 val_loss=1.2790 recon=0.9404 kl=0.3127 kl_weight=0.8000
2026-04-13 00:04:20 | INFO    | resistancemap | Checkpoint saved: checkpoints/vae_pretrained.pt
2026-04-13 00:04:21 | INFO    | resistancemap.models.vae | [vae_pretrained] Epoch 22/200 — train_loss=1.1609 val_loss=1.2422 recon=0.9040 kl=0.3058 kl_weight=0.8400
2026-04-13 00:04:22 | INFO    | resistancemap | Checkpoint saved: checkpoints/vae_pretrained.pt
2026-04-13 00:04:22 | INFO    | resistancemap.models.vae | [vae_pretrained] Epoch 23/200 — train_loss=1.1411 val_loss=1.2161 recon=0.8833 kl=0.2930 kl_weight=0.8800
2026-04-13 00:04:23 | INFO    | resistancemap | Checkpoint saved: checkpoints/vae_pretrained.pt
2026-04-13 00:04:23 | INFO    | resistancemap.models.vae | [vae_pretrained] Epoch 24/200 — train_loss=1.1375 val_loss=1.2043 recon=0.8763 kl=0.2838 kl_weight=0.9200
2026-04-13 00:04:24 | INFO    | resistancemap | Checkpoint saved: checkpoints/vae_pretrained.pt
2026-04-13 00:04:25 | INFO    | resistancemap.models.vae | [vae_pretrained] Epoch 25/200 — train_loss=1.1080 val_loss=1.1967 recon=0.8459 kl=0.2730 kl_weight=0.9600
2026-04-13 00:04:25 | INFO    | resistancemap | Checkpoint saved: checkpoints/vae_pretrained.pt
2026-04-13 00:04:26 | INFO    | resistancemap.models.vae | [vae_pretrained] Epoch 26/200 — train_loss=1.0947 val_loss=1.1757 recon=0.8319 kl=0.2627 kl_weight=1.0000
2026-04-13 00:04:27 | INFO    | resistancemap | Checkpoint saved: checkpoints/vae_pretrained.pt
2026-04-13 00:04:27 | INFO    | resistancemap.models.vae | [vae_pretrained] Epoch 27/200 — train_loss=1.0744 val_loss=1.1944 recon=0.8195 kl=0.2548 kl_weight=1.0000
2026-04-13 00:04:27 | INFO    | resistancemap.models.vae | [vae_pretrained] Epoch 28/200 — train_loss=1.0180 val_loss=1.2168 recon=0.7727 kl=0.2453 kl_weight=1.0000
2026-04-13 00:04:28 | INFO    | resistancemap.models.vae | [vae_pretrained] Epoch 29/200 — train_loss=1.0089 val_loss=1.2164 recon=0.7717 kl=0.2372 kl_weight=1.0000
2026-04-13 00:04:28 | INFO    | resistancemap.models.vae | [vae_pretrained] Epoch 30/200 — train_loss=0.9913 val_loss=1.1778 recon=0.7623 kl=0.2291 kl_weight=1.0000
2026-04-13 00:04:29 | INFO    | resistancemap.models.vae | [vae_pretrained] Epoch 31/200 — train_loss=0.9676 val_loss=1.1386 recon=0.7410 kl=0.2266 kl_weight=1.0000
2026-04-13 00:04:29 | INFO    | resistancemap | Checkpoint saved: checkpoints/vae_pretrained.pt
2026-04-13 00:04:30 | INFO    | resistancemap.models.vae | [vae_pretrained] Epoch 32/200 — train_loss=0.9636 val_loss=1.0988 recon=0.7420 kl=0.2217 kl_weight=1.0000
2026-04-13 00:04:31 | INFO    | resistancemap | Checkpoint saved: checkpoints/vae_pretrained.pt
2026-04-13 00:04:31 | INFO    | resistancemap.models.vae | [vae_pretrained] Epoch 33/200 — train_loss=0.9485 val_loss=1.0827 recon=0.7383 kl=0.2102 kl_weight=1.0000
2026-04-13 00:04:32 | INFO    | resistancemap | Checkpoint saved: checkpoints/vae_pretrained.pt
2026-04-13 00:04:32 | INFO    | resistancemap.models.vae | [vae_pretrained] Epoch 34/200 — train_loss=0.9228 val_loss=1.0866 recon=0.7189 kl=0.2040 kl_weight=1.0000
2026-04-13 00:04:33 | INFO    | resistancemap.models.vae | [vae_pretrained] Epoch 35/200 — train_loss=0.9254 val_loss=1.0952 recon=0.7251 kl=0.2003 kl_weight=1.0000
2026-04-13 00:04:33 | INFO    | resistancemap.models.vae | [vae_pretrained] Epoch 36/200 — train_loss=0.9171 val_loss=1.0988 recon=0.7101 kl=0.2070 kl_weight=1.0000
2026-04-13 00:04:33 | INFO    | resistancemap.models.vae | [vae_pretrained] Epoch 37/200 — train_loss=0.8976 val_loss=1.0992 recon=0.6953 kl=0.2023 kl_weight=1.0000
2026-04-13 00:04:34 | INFO    | resistancemap.models.vae | [vae_pretrained] Epoch 38/200 — train_loss=0.8939 val_loss=1.0860 recon=0.6969 kl=0.1970 kl_weight=1.0000
2026-04-13 00:04:34 | INFO    | resistancemap.models.vae | [vae_pretrained] Epoch 39/200 — train_loss=0.8980 val_loss=1.0693 recon=0.6990 kl=0.1991 kl_weight=1.0000
2026-04-13 00:04:35 | INFO    | resistancemap | Checkpoint saved: checkpoints/vae_pretrained.pt
2026-04-13 00:04:35 | INFO    | resistancemap.models.vae | [vae_pretrained] Epoch 40/200 — train_loss=0.8902 val_loss=1.0512 recon=0.6924 kl=0.1979 kl_weight=1.0000
2026-04-13 00:04:36 | INFO    | resistancemap | Checkpoint saved: checkpoints/vae_pretrained.pt
2026-04-13 00:04:37 | INFO    | resistancemap.models.vae | [vae_pretrained] Epoch 41/200 — train_loss=0.8744 val_loss=1.0401 recon=0.6848 kl=0.1896 kl_weight=1.0000
2026-04-13 00:04:38 | INFO    | resistancemap | Checkpoint saved: checkpoints/vae_pretrained.pt
2026-04-13 00:04:38 | INFO    | resistancemap.models.vae | [vae_pretrained] Epoch 42/200 — train_loss=0.8751 val_loss=1.0388 recon=0.6859 kl=0.1892 kl_weight=1.0000
2026-04-13 00:04:39 | INFO    | resistancemap | Checkpoint saved: checkpoints/vae_pretrained.pt
2026-04-13 00:04:39 | INFO    | resistancemap.models.vae | [vae_pretrained] Epoch 43/200 — train_loss=0.8539 val_loss=1.0396 recon=0.6682 kl=0.1857 kl_weight=1.0000
2026-04-13 00:04:40 | INFO    | resistancemap.models.vae | [vae_pretrained] Epoch 44/200 — train_loss=0.8582 val_loss=1.0285 recon=0.6747 kl=0.1834 kl_weight=1.0000
2026-04-13 00:04:41 | INFO    | resistancemap | Checkpoint saved: checkpoints/vae_pretrained.pt
2026-04-13 00:04:41 | INFO    | resistancemap.models.vae | [vae_pretrained] Epoch 45/200 — train_loss=0.8382 val_loss=1.0252 recon=0.6535 kl=0.1847 kl_weight=1.0000
2026-04-13 00:04:42 | INFO    | resistancemap | Checkpoint saved: checkpoints/vae_pretrained.pt
2026-04-13 00:04:42 | INFO    | resistancemap.models.vae | [vae_pretrained] Epoch 46/200 — train_loss=0.8526 val_loss=1.0354 recon=0.6724 kl=0.1802 kl_weight=1.0000
2026-04-13 00:04:43 | INFO    | resistancemap.models.vae | [vae_pretrained] Epoch 47/200 — train_loss=0.8388 val_loss=1.0404 recon=0.6585 kl=0.1803 kl_weight=1.0000
2026-04-13 00:04:43 | INFO    | resistancemap.models.vae | [vae_pretrained] Epoch 48/200 — train_loss=0.8379 val_loss=1.0402 recon=0.6561 kl=0.1817 kl_weight=1.0000
2026-04-13 00:04:43 | INFO    | resistancemap.models.vae | [vae_pretrained] Epoch 49/200 — train_loss=0.8246 val_loss=1.0312 recon=0.6437 kl=0.1809 kl_weight=1.0000
2026-04-13 00:04:44 | INFO    | resistancemap.models.vae | [vae_pretrained] Epoch 50/200 — train_loss=0.8246 val_loss=1.0229 recon=0.6427 kl=0.1820 kl_weight=1.0000
2026-04-13 00:04:45 | INFO    | resistancemap | Checkpoint saved: checkpoints/vae_pretrained.pt
2026-04-13 00:04:45 | INFO    | resistancemap.models.vae | [vae_pretrained] Epoch 51/200 — train_loss=0.6501 val_loss=1.0170 recon=0.6501 kl=0.1774 kl_weight=0.0000
2026-04-13 00:04:46 | INFO    | resistancemap | Checkpoint saved: checkpoints/vae_pretrained.pt
2026-04-13 00:04:46 | INFO    | resistancemap.models.vae | [vae_pretrained] Epoch 52/200 — train_loss=0.6252 val_loss=1.0145 recon=0.6179 kl=0.1827 kl_weight=0.0400
2026-04-13 00:04:47 | INFO    | resistancemap | Checkpoint saved: checkpoints/vae_pretrained.pt
2026-04-13 00:04:48 | INFO    | resistancemap.models.vae | [vae_pretrained] Epoch 53/200 — train_loss=0.6363 val_loss=1.0201 recon=0.6197 kl=0.2071 kl_weight=0.0800
2026-04-13 00:04:48 | INFO    | resistancemap.models.vae | [vae_pretrained] Epoch 54/200 — train_loss=0.6272 val_loss=1.0344 recon=0.5996 kl=0.2299 kl_weight=0.1200
2026-04-13 00:04:48 | INFO    | resistancemap.models.vae | [vae_pretrained] Epoch 55/200 — train_loss=0.6329 val_loss=1.0375 recon=0.5909 kl=0.2625 kl_weight=0.1600
2026-04-13 00:04:49 | INFO    | resistancemap.models.vae | [vae_pretrained] Epoch 56/200 — train_loss=0.6294 val_loss=1.0449 recon=0.5691 kl=0.3012 kl_weight=0.2000
2026-04-13 00:04:49 | INFO    | resistancemap.models.vae | [vae_pretrained] Epoch 57/200 — train_loss=0.6340 val_loss=1.0594 recon=0.5512 kl=0.3451 kl_weight=0.2400
2026-04-13 00:04:49 | INFO    | resistancemap.models.vae | [vae_pretrained] Epoch 58/200 — train_loss=0.6427 val_loss=1.0783 recon=0.5377 kl=0.3750 kl_weight=0.2800
2026-04-13 00:04:50 | INFO    | resistancemap.models.vae | [vae_pretrained] Epoch 59/200 — train_loss=0.6624 val_loss=1.0996 recon=0.5354 kl=0.3968 kl_weight=0.3200
2026-04-13 00:04:50 | INFO    | resistancemap.models.vae | [vae_pretrained] Epoch 60/200 — train_loss=0.6821 val_loss=1.1109 recon=0.5290 kl=0.4253 kl_weight=0.3600
2026-04-13 00:04:51 | INFO    | resistancemap.models.vae | [vae_pretrained] Epoch 61/200 — train_loss=0.6950 val_loss=1.1063 recon=0.5224 kl=0.4315 kl_weight=0.4000
2026-04-13 00:04:51 | INFO    | resistancemap.models.vae | [vae_pretrained] Epoch 62/200 — train_loss=0.6984 val_loss=1.0950 recon=0.5090 kl=0.4305 kl_weight=0.4400
2026-04-13 00:04:51 | INFO    | resistancemap.models.vae | [vae_pretrained] Epoch 63/200 — train_loss=0.7104 val_loss=1.0835 recon=0.5061 kl=0.4256 kl_weight=0.4800
2026-04-13 00:04:52 | INFO    | resistancemap.models.vae | [vae_pretrained] Epoch 64/200 — train_loss=0.7007 val_loss=1.0753 recon=0.4917 kl=0.4018 kl_weight=0.5200
2026-04-13 00:04:52 | INFO    | resistancemap.models.vae | [vae_pretrained] Epoch 65/200 — train_loss=0.7121 val_loss=1.0685 recon=0.5075 kl=0.3655 kl_weight=0.5600
2026-04-13 00:04:52 | INFO    | resistancemap.models.vae | [vae_pretrained] Epoch 66/200 — train_loss=0.7275 val_loss=1.0660 recon=0.5230 kl=0.3407 kl_weight=0.6000
2026-04-13 00:04:53 | INFO    | resistancemap.models.vae | [vae_pretrained] Epoch 67/200 — train_loss=0.7182 val_loss=1.0614 recon=0.5215 kl=0.3072 kl_weight=0.6400
2026-04-13 00:04:53 | INFO    | resistancemap.models.vae | [vae_pretrained] Epoch 68/200 — train_loss=0.7221 val_loss=1.0563 recon=0.5316 kl=0.2801 kl_weight=0.6800
2026-04-13 00:04:53 | INFO    | resistancemap.models.vae | [vae_pretrained] Epoch 69/200 — train_loss=0.7474 val_loss=1.0456 recon=0.5645 kl=0.2541 kl_weight=0.7200
2026-04-13 00:04:54 | INFO    | resistancemap.models.vae | [vae_pretrained] Epoch 70/200 — train_loss=0.7244 val_loss=1.0352 recon=0.5445 kl=0.2368 kl_weight=0.7600
2026-04-13 00:04:54 | INFO    | resistancemap.models.vae | [vae_pretrained] Epoch 71/200 — train_loss=0.7356 val_loss=1.0245 recon=0.5663 kl=0.2117 kl_weight=0.8000
2026-04-13 00:04:55 | INFO    | resistancemap.models.vae | [vae_pretrained] Epoch 72/200 — train_loss=0.7534 val_loss=1.0165 recon=0.5828 kl=0.2031 kl_weight=0.8400
2026-04-13 00:04:55 | INFO    | resistancemap.models.vae | Early stopping at epoch 72
2026-04-13 00:04:55 | INFO    | resistancemap | <<< STAGE END: vae_pretrain (1.1 min) | best_val_loss=1.0145 final_epoch=72 total_steps=72
2026-04-13 00:04:55 | INFO    | resistancemap | Checkpoint loaded: checkpoints/vae_pretrained.pt (saved 2026-04-13T05:04:46.899356+00:00)
2026-04-13 00:04:55 | INFO    | resistancemap.agents.base | vae_pretrain: Execution complete (status=completed)
2026-04-13 00:04:55 | INFO    | resistancemap.agents.orchestrator |   vae_pretrain: COMPLETED (hash=96937bb0...)
2026-04-13 00:04:55 | INFO    | resistancemap.agents.orchestrator |   esm2_embed: COMPLETED (hash=a10dd06d...)
2026-04-13 00:04:55 | INFO    | resistancemap.agents.orchestrator | Orchestrator: Layer 3 (1 agents)
2026-04-13 00:04:55 | INFO    | resistancemap.agents.base | vae_finetune: Starting execution
2026-04-13 00:04:55 | INFO    | resistancemap | >>> STAGE START: vae_finetune
2026-04-13 00:04:55 | INFO    | resistancemap | Checkpoint loaded: checkpoints/data_ready.pt (saved 2026-04-13T05:03:49.607964+00:00)
2026-04-13 00:04:55 | INFO    | resistancemap | Checkpoint loaded: checkpoints/vae_pretrained.pt (saved 2026-04-13T05:04:46.899356+00:00)
2026-04-13 00:05:01 | INFO    | resistancemap.models.vae | [vae_finetuned] Epoch 1/100 — train_loss=0.8470 val_loss=1.1757 recon=0.8470 kl=0.3229 kl_weight=0.0000
2026-04-13 00:05:02 | INFO    | resistancemap | Checkpoint saved: checkpoints/vae_finetuned.pt
2026-04-13 00:05:03 | INFO    | resistancemap.models.vae | [vae_finetuned] Epoch 2/100 — train_loss=0.7693 val_loss=1.1784 recon=0.7427 kl=0.3191 kl_weight=0.0833
2026-04-13 00:05:04 | INFO    | resistancemap.models.vae | [vae_finetuned] Epoch 3/100 — train_loss=0.7429 val_loss=1.1868 recon=0.6880 kl=0.3294 kl_weight=0.1667
2026-04-13 00:05:04 | INFO    | resistancemap.models.vae | [vae_finetuned] Epoch 4/100 — train_loss=0.7264 val_loss=1.2023 recon=0.6418 kl=0.3386 kl_weight=0.2500
2026-04-13 00:05:04 | INFO    | resistancemap.models.vae | [vae_finetuned] Epoch 5/100 — train_loss=0.7554 val_loss=1.2200 recon=0.6362 kl=0.3576 kl_weight=0.3333
2026-04-13 00:05:05 | INFO    | resistancemap.models.vae | [vae_finetuned] Epoch 6/100 — train_loss=0.7563 val_loss=1.2371 recon=0.6042 kl=0.3651 kl_weight=0.4167
2026-04-13 00:05:05 | INFO    | resistancemap.models.vae | [vae_finetuned] Epoch 7/100 — train_loss=0.7818 val_loss=1.2582 recon=0.5963 kl=0.3710 kl_weight=0.5000
2026-04-13 00:05:06 | INFO    | resistancemap.models.vae | [vae_finetuned] Epoch 8/100 — train_loss=0.7809 val_loss=1.2762 recon=0.5537 kl=0.3896 kl_weight=0.5833
2026-04-13 00:05:06 | INFO    | resistancemap.models.vae | [vae_finetuned] Epoch 9/100 — train_loss=0.8087 val_loss=1.2959 recon=0.5526 kl=0.3841 kl_weight=0.6667
2026-04-13 00:05:06 | INFO    | resistancemap.models.vae | [vae_finetuned] Epoch 10/100 — train_loss=0.8184 val_loss=1.3151 recon=0.5342 kl=0.3789 kl_weight=0.7500
2026-04-13 00:05:07 | INFO    | resistancemap.models.vae | [vae_finetuned] Epoch 11/100 — train_loss=0.8393 val_loss=1.3288 recon=0.5254 kl=0.3766 kl_weight=0.8333
2026-04-13 00:05:07 | INFO    | resistancemap.models.vae | [vae_finetuned] Epoch 12/100 — train_loss=0.8790 val_loss=1.3377 recon=0.5481 kl=0.3610 kl_weight=0.9167
2026-04-13 00:05:08 | INFO    | resistancemap.models.vae | [vae_finetuned] Epoch 13/100 — train_loss=0.8967 val_loss=1.3458 recon=0.5457 kl=0.3511 kl_weight=1.0000
2026-04-13 00:05:08 | INFO    | resistancemap.models.vae | [vae_finetuned] Epoch 14/100 — train_loss=0.8766 val_loss=1.3539 recon=0.5427 kl=0.3339 kl_weight=1.0000
2026-04-13 00:05:08 | INFO    | resistancemap.models.vae | [vae_finetuned] Epoch 15/100 — train_loss=0.8535 val_loss=1.3532 recon=0.5378 kl=0.3157 kl_weight=1.0000
2026-04-13 00:05:09 | INFO    | resistancemap.models.vae | [vae_finetuned] Epoch 16/100 — train_loss=0.8297 val_loss=1.3547 recon=0.5367 kl=0.2931 kl_weight=1.0000
2026-04-13 00:05:09 | INFO    | resistancemap.models.vae | [vae_finetuned] Epoch 17/100 — train_loss=0.8227 val_loss=1.3504 recon=0.5406 kl=0.2821 kl_weight=1.0000
2026-04-13 00:05:09 | INFO    | resistancemap.models.vae | [vae_finetuned] Epoch 18/100 — train_loss=0.8108 val_loss=1.3415 recon=0.5414 kl=0.2693 kl_weight=1.0000
2026-04-13 00:05:10 | INFO    | resistancemap.models.vae | [vae_finetuned] Epoch 19/100 — train_loss=0.8160 val_loss=1.3325 recon=0.5548 kl=0.2612 kl_weight=1.0000
2026-04-13 00:05:10 | INFO    | resistancemap.models.vae | [vae_finetuned] Epoch 20/100 — train_loss=0.8059 val_loss=1.3112 recon=0.5579 kl=0.2479 kl_weight=1.0000
2026-04-13 00:05:11 | INFO    | resistancemap.models.vae | [vae_finetuned] Epoch 21/100 — train_loss=0.8022 val_loss=1.2867 recon=0.5670 kl=0.2352 kl_weight=1.0000
2026-04-13 00:05:11 | INFO    | resistancemap.models.vae | Early stopping at epoch 21
2026-04-13 00:05:11 | INFO    | resistancemap | <<< STAGE END: vae_finetune (0.3 min) | best_val_loss=1.1757 final_epoch=21 total_steps=21
2026-04-13 00:05:11 | INFO    | resistancemap | Checkpoint loaded: checkpoints/vae_finetuned.pt (saved 2026-04-13T05:05:01.419668+00:00)
2026-04-13 00:05:11 | INFO    | resistancemap.agents.base | vae_finetune: Execution complete (status=completed)
2026-04-13 00:05:11 | INFO    | resistancemap.agents.orchestrator |   vae_finetune: COMPLETED (hash=717b5097...)
2026-04-13 00:05:11 | INFO    | resistancemap.agents.orchestrator | Orchestrator: Layer 4 (1 agents)
2026-04-13 00:05:11 | INFO    | resistancemap.agents.base | trajectory: Starting execution
2026-04-13 00:05:11 | INFO    | resistancemap | >>> STAGE START: trajectory_calibrate
2026-04-13 00:05:11 | INFO    | resistancemap | Checkpoint loaded: checkpoints/data_ready.pt (saved 2026-04-13T05:03:49.607964+00:00)
2026-04-13 00:05:11 | INFO    | resistancemap | Checkpoint loaded: checkpoints/vae_finetuned.pt (saved 2026-04-13T05:05:01.419668+00:00)
2026-04-13 00:05:12 | INFO    | resistancemap | Checkpoint saved: checkpoints/stability_calibrated.pt
2026-04-13 00:05:13 | INFO    | resistancemap | Checkpoint saved: checkpoints/stability_calibrated.pt
2026-04-13 00:05:13 | INFO    | resistancemap | Checkpoint saved: checkpoints/stability_calibrated.pt
2026-04-13 00:05:15 | INFO    | resistancemap | Checkpoint saved: checkpoints/stability_calibrated.pt
2026-04-13 00:05:17 | INFO    | resistancemap | Checkpoint saved: checkpoints/stability_calibrated.pt
2026-04-13 00:05:18 | INFO    | resistancemap | Checkpoint saved: checkpoints/stability_calibrated.pt
2026-04-13 00:05:19 | INFO    | resistancemap | Checkpoint saved: checkpoints/stability_calibrated.pt
2026-04-13 00:05:19 | INFO    | resistancemap | Checkpoint saved: checkpoints/stability_calibrated.pt
2026-04-13 00:05:22 | INFO    | resistancemap | Checkpoint saved: checkpoints/stability_calibrated.pt
2026-04-13 00:05:22 | INFO    | resistancemap | Checkpoint saved: checkpoints/stability_calibrated.pt
2026-04-13 00:05:24 | INFO    | resistancemap | Checkpoint saved: checkpoints/stability_calibrated.pt
2026-04-13 00:05:25 | INFO    | resistancemap | Checkpoint saved: checkpoints/stability_calibrated.pt
2026-04-13 00:05:25 | INFO    | resistancemap | Checkpoint saved: checkpoints/stability_calibrated.pt
2026-04-13 00:05:27 | INFO    | resistancemap | Checkpoint saved: checkpoints/stability_calibrated.pt
2026-04-13 00:05:27 | INFO    | resistancemap | Checkpoint saved: checkpoints/stability_calibrated.pt
2026-04-13 00:05:28 | INFO    | resistancemap | Checkpoint saved: checkpoints/stability_calibrated.pt
2026-04-13 00:05:29 | INFO    | resistancemap | Checkpoint saved: checkpoints/stability_calibrated.pt
2026-04-13 00:05:29 | INFO    | resistancemap | Checkpoint saved: checkpoints/stability_calibrated.pt
2026-04-13 00:05:30 | INFO    | resistancemap | Checkpoint saved: checkpoints/stability_calibrated.pt
2026-04-13 00:05:31 | INFO    | resistancemap | Checkpoint saved: checkpoints/stability_calibrated.pt
2026-04-13 00:05:31 | INFO    | resistancemap | Checkpoint saved: checkpoints/stability_calibrated.pt
2026-04-13 00:05:32 | INFO    | resistancemap | Checkpoint saved: checkpoints/stability_calibrated.pt
2026-04-13 00:05:32 | INFO    | resistancemap | Checkpoint saved: checkpoints/stability_calibrated.pt
2026-04-13 00:05:33 | INFO    | resistancemap | Checkpoint saved: checkpoints/stability_calibrated.pt
2026-04-13 00:05:34 | INFO    | resistancemap | Checkpoint saved: checkpoints/stability_calibrated.pt
2026-04-13 00:05:35 | INFO    | resistancemap | Checkpoint saved: checkpoints/stability_calibrated.pt
2026-04-13 00:05:36 | INFO    | resistancemap | Checkpoint saved: checkpoints/stability_calibrated.pt
2026-04-13 00:05:37 | INFO    | resistancemap | Checkpoint saved: checkpoints/stability_calibrated.pt
2026-04-13 00:05:38 | INFO    | resistancemap | Checkpoint saved: checkpoints/stability_calibrated.pt
2026-04-13 00:05:38 | INFO    | resistancemap | Checkpoint saved: checkpoints/stability_calibrated.pt
2026-04-13 00:05:39 | INFO    | resistancemap.models.trajectory | [stability_calibrate] Epoch 50/500 loss=0.2740 basin_center=1.4788 basin_scale=1.5139
2026-04-13 00:05:40 | INFO    | resistancemap | Checkpoint saved: checkpoints/stability_calibrated.pt
2026-04-13 00:05:41 | INFO    | resistancemap | Checkpoint saved: checkpoints/stability_calibrated.pt
2026-04-13 00:05:42 | INFO    | resistancemap | Checkpoint saved: checkpoints/stability_calibrated.pt
2026-04-13 00:05:43 | INFO    | resistancemap | Checkpoint saved: checkpoints/stability_calibrated.pt
2026-04-13 00:05:43 | INFO    | resistancemap | Checkpoint saved: checkpoints/stability_calibrated.pt
2026-04-13 00:05:44 | INFO    | resistancemap | Checkpoint saved: checkpoints/stability_calibrated.pt
2026-04-13 00:05:46 | INFO    | resistancemap | Checkpoint saved: checkpoints/stability_calibrated.pt
2026-04-13 00:05:46 | INFO    | resistancemap | Checkpoint saved: checkpoints/stability_calibrated.pt
2026-04-13 00:05:47 | INFO    | resistancemap | Checkpoint saved: checkpoints/stability_calibrated.pt
2026-04-13 00:05:47 | INFO    | resistancemap | Checkpoint saved: checkpoints/stability_calibrated.pt
2026-04-13 00:05:48 | INFO    | resistancemap | Checkpoint saved: checkpoints/stability_calibrated.pt
2026-04-13 00:05:50 | INFO    | resistancemap | Checkpoint saved: checkpoints/stability_calibrated.pt
2026-04-13 00:05:52 | INFO    | resistancemap | Checkpoint saved: checkpoints/stability_calibrated.pt
2026-04-13 00:05:53 | INFO    | resistancemap | Checkpoint saved: checkpoints/stability_calibrated.pt
2026-04-13 00:05:54 | INFO    | resistancemap | Checkpoint saved: checkpoints/stability_calibrated.pt
2026-04-13 00:05:55 | INFO    | resistancemap | Checkpoint saved: checkpoints/stability_calibrated.pt
2026-04-13 00:05:56 | INFO    | resistancemap | Checkpoint saved: checkpoints/stability_calibrated.pt
2026-04-13 00:06:01 | INFO    | resistancemap | Checkpoint saved: checkpoints/stability_calibrated.pt
2026-04-13 00:06:03 | INFO    | resistancemap | Checkpoint saved: checkpoints/stability_calibrated.pt
2026-04-13 00:06:06 | INFO    | resistancemap.models.trajectory | [stability_calibrate] Epoch 100/500 loss=0.0143 basin_center=1.4542 basin_scale=1.5097
2026-04-13 00:06:08 | INFO    | resistancemap | Checkpoint saved: checkpoints/stability_calibrated.pt
2026-04-13 00:06:09 | INFO    | resistancemap | Checkpoint saved: checkpoints/stability_calibrated.pt
2026-04-13 00:06:09 | INFO    | resistancemap | Checkpoint saved: checkpoints/stability_calibrated.pt
2026-04-13 00:06:10 | INFO    | resistancemap | Checkpoint saved: checkpoints/stability_calibrated.pt
2026-04-13 00:06:21 | INFO    | resistancemap | Checkpoint saved: checkpoints/stability_calibrated.pt
2026-04-13 00:06:22 | INFO    | resistancemap | Checkpoint saved: checkpoints/stability_calibrated.pt
2026-04-13 00:06:30 | INFO    | resistancemap | Checkpoint saved: checkpoints/stability_calibrated.pt
2026-04-13 00:06:31 | INFO    | resistancemap | Checkpoint saved: checkpoints/stability_calibrated.pt
2026-04-13 00:06:32 | INFO    | resistancemap.models.trajectory | [stability_calibrate] Epoch 150/500 loss=0.0029 basin_center=1.4512 basin_scale=1.5128
2026-04-13 00:06:38 | INFO    | resistancemap | Checkpoint saved: checkpoints/stability_calibrated.pt
2026-04-13 00:06:39 | INFO    | resistancemap | Checkpoint saved: checkpoints/stability_calibrated.pt
2026-04-13 00:06:55 | INFO    | resistancemap | Checkpoint saved: checkpoints/stability_calibrated.pt
2026-04-13 00:06:59 | INFO    | resistancemap.models.trajectory | [stability_calibrate] Epoch 200/500 loss=0.0008 basin_center=1.4504 basin_scale=1.5143
2026-04-13 00:07:20 | INFO    | resistancemap | Checkpoint saved: checkpoints/stability_calibrated.pt
2026-04-13 00:07:23 | INFO    | resistancemap | Checkpoint saved: checkpoints/stability_calibrated.pt
2026-04-13 00:07:26 | INFO    | resistancemap.models.trajectory | [stability_calibrate] Epoch 250/500 loss=0.0009 basin_center=1.4498 basin_scale=1.5153
2026-04-13 00:07:33 | INFO    | resistancemap | Checkpoint saved: checkpoints/stability_calibrated.pt
2026-04-13 00:07:53 | INFO    | resistancemap.models.trajectory | [stability_calibrate] Epoch 300/500 loss=0.0016 basin_center=1.4495 basin_scale=1.5160
2026-04-13 00:07:56 | INFO    | resistancemap | Checkpoint saved: checkpoints/stability_calibrated.pt
2026-04-13 00:08:00 | INFO    | resistancemap | Checkpoint saved: checkpoints/stability_calibrated.pt
2026-04-13 00:08:20 | INFO    | resistancemap.models.trajectory | [stability_calibrate] Epoch 350/500 loss=0.0164 basin_center=1.4492 basin_scale=1.5166
2026-04-13 00:08:47 | INFO    | resistancemap.models.trajectory | [stability_calibrate] Epoch 400/500 loss=0.0057 basin_center=1.4490 basin_scale=1.5172
2026-04-13 00:09:00 | INFO    | resistancemap | Checkpoint saved: checkpoints/stability_calibrated.pt
2026-04-13 00:09:05 | INFO    | resistancemap | Checkpoint saved: checkpoints/stability_calibrated.pt
2026-04-13 00:09:14 | INFO    | resistancemap.models.trajectory | [stability_calibrate] Epoch 450/500 loss=0.0024 basin_center=1.4488 basin_scale=1.5176
2026-04-13 00:09:41 | INFO    | resistancemap.models.trajectory | [stability_calibrate] Epoch 500/500 loss=0.0008 basin_center=1.4487 basin_scale=1.5180
2026-04-13 00:09:41 | INFO    | resistancemap | <<< STAGE END: trajectory_calibrate (4.5 min) | best_calibration_loss=0.0001 n_valid_samples=498
2026-04-13 00:09:41 | INFO    | resistancemap | Checkpoint loaded: checkpoints/stability_calibrated.pt (saved 2026-04-13T05:09:05.922291+00:00)
2026-04-13 00:09:41 | INFO    | resistancemap.agents.base | trajectory: Execution complete (status=completed)
2026-04-13 00:09:41 | INFO    | resistancemap.agents.orchestrator |   trajectory: COMPLETED (hash=f775403a...)
2026-04-13 00:09:41 | INFO    | resistancemap.agents.orchestrator | Orchestrator: Layer 5 (1 agents)
2026-04-13 00:09:41 | INFO    | resistancemap.agents.base | protein_net: Starting execution
2026-04-13 00:09:42 | INFO    | resistancemap | >>> STAGE START: protein_net_train
2026-04-13 00:09:42 | INFO    | resistancemap | Checkpoint loaded: checkpoints/data_ready.pt (saved 2026-04-13T05:03:49.607964+00:00)
2026-04-13 00:09:42 | INFO    | resistancemap | Checkpoint loaded: checkpoints/vae_finetuned.pt (saved 2026-04-13T05:05:01.419668+00:00)
2026-04-13 00:09:42 | INFO    | resistancemap | Checkpoint loaded: checkpoints/stability_calibrated.pt (saved 2026-04-13T05:09:05.922291+00:00)
2026-04-13 00:09:43 | INFO    | resistancemap.main | Pre-computing VAE latent states and stability scores...
2026-04-13 00:15:09 | INFO    | resistancemap.main | Pre-computed: latents torch.Size([886, 64]), stability torch.Size([886])
2026-04-13 00:15:09 | INFO    | resistancemap.main | PPI graph: 19177 nodes, 929520 edges
2026-04-13 00:15:18 | INFO    | resistancemap | Checkpoint saved: checkpoints/protein_net_trained.pt
2026-04-13 00:15:27 | INFO    | resistancemap | Checkpoint saved: checkpoints/protein_net_trained.pt
2026-04-13 00:16:38 | INFO    | resistancemap.main | [protein_net] Epoch 10/100 train=0.8617 val=0.7910
2026-04-13 00:17:39 | INFO    | resistancemap.main | [protein_net] Early stopping at epoch 17
2026-04-13 00:17:39 | INFO    | resistancemap | <<< STAGE END: protein_net_train (8.0 min) | protein_net_val_loss=0.7830
2026-04-13 00:17:39 | INFO    | resistancemap | Checkpoint loaded: checkpoints/protein_net_trained.pt (saved 2026-04-13T05:15:27.616455+00:00)
2026-04-13 00:17:39 | INFO    | resistancemap.agents.base | protein_net: Execution complete (status=completed)
2026-04-13 00:17:39 | INFO    | resistancemap.agents.orchestrator |   protein_net: COMPLETED (hash=b76ef96e...)
2026-04-13 00:17:39 | INFO    | resistancemap.agents.orchestrator | Orchestrator: Layer 6 (1 agents)
2026-04-13 00:17:39 | INFO    | resistancemap.agents.base | fusion: Starting execution
2026-04-13 00:17:39 | INFO    | resistancemap | >>> STAGE START: fusion_train
2026-04-13 00:17:39 | INFO    | resistancemap | Checkpoint loaded: checkpoints/data_ready.pt (saved 2026-04-13T05:03:49.607964+00:00)
2026-04-13 00:17:40 | INFO    | resistancemap | Checkpoint loaded: checkpoints/vae_finetuned.pt (saved 2026-04-13T05:05:01.419668+00:00)
2026-04-13 00:17:40 | INFO    | resistancemap | Checkpoint loaded: checkpoints/stability_calibrated.pt (saved 2026-04-13T05:09:05.922291+00:00)
2026-04-13 00:17:40 | INFO    | resistancemap | Checkpoint loaded: checkpoints/protein_net_trained.pt (saved 2026-04-13T05:15:27.616455+00:00)
2026-04-13 00:17:40 | INFO    | resistancemap.main | Pre-computing modality embeddings for fusion training...
2026-04-13 00:23:12 | INFO    | resistancemap.main | Embeddings: epi=torch.Size([886, 64]), pnet=torch.Size([886, 128]), stab=torch.Size([886, 1])
2026-04-13 00:23:12 | INFO    | resistancemap | Checkpoint saved: checkpoints/fusion_trained.pt
2026-04-13 00:23:12 | INFO    | resistancemap | Checkpoint saved: checkpoints/fusion_trained.pt
2026-04-13 00:23:12 | INFO    | resistancemap | Checkpoint saved: checkpoints/fusion_trained.pt
2026-04-13 00:23:12 | INFO    | resistancemap | Checkpoint saved: checkpoints/fusion_trained.pt
2026-04-13 00:23:12 | INFO    | resistancemap.main | [fusion] Epoch 20/150 train=0.9022 val=0.5568
2026-04-13 00:23:12 | INFO    | resistancemap.main | [fusion] Early stopping at epoch 20
2026-04-13 00:23:12 | INFO    | resistancemap | <<< STAGE END: fusion_train (5.5 min) | fusion_val_loss=0.5409
2026-04-13 00:23:12 | INFO    | resistancemap | Checkpoint loaded: checkpoints/fusion_trained.pt (saved 2026-04-13T05:23:12.192882+00:00)
2026-04-13 00:23:12 | INFO    | resistancemap.agents.base | fusion: Execution complete (status=completed)
2026-04-13 00:23:12 | INFO    | resistancemap.agents.orchestrator |   fusion: COMPLETED (hash=46f4f276...)
2026-04-13 00:23:12 | INFO    | resistancemap.agents.orchestrator | Orchestrator: Layer 7 (1 agents)
2026-04-13 00:23:12 | INFO    | resistancemap.agents.base | landscape: Starting execution
2026-04-13 00:23:12 | INFO    | resistancemap | >>> STAGE START: landscape_train
2026-04-13 00:23:12 | INFO    | resistancemap | Checkpoint loaded: checkpoints/data_ready.pt (saved 2026-04-13T05:03:49.607964+00:00)
2026-04-13 00:23:12 | INFO    | resistancemap | Checkpoint loaded: checkpoints/fusion_trained.pt (saved 2026-04-13T05:23:12.192882+00:00)
2026-04-13 00:23:12 | INFO    | resistancemap.main | Computing fused representations for landscape training...
2026-04-13 00:23:12 | INFO    | resistancemap.main | Fused representations: torch.Size([886, 128])
2026-04-13 00:23:13 | INFO    | resistancemap | Checkpoint saved: checkpoints/landscape_trained.pt
2026-04-13 00:23:13 | INFO    | resistancemap | Checkpoint saved: checkpoints/landscape_trained.pt
2026-04-13 00:23:13 | INFO    | resistancemap | Checkpoint saved: checkpoints/landscape_trained.pt
2026-04-13 00:23:13 | INFO    | resistancemap | Checkpoint saved: checkpoints/landscape_trained.pt
2026-04-13 00:23:13 | INFO    | resistancemap | Checkpoint saved: checkpoints/landscape_trained.pt
2026-04-13 00:23:13 | INFO    | resistancemap | Checkpoint saved: checkpoints/landscape_trained.pt
2026-04-13 00:23:13 | INFO    | resistancemap | Checkpoint saved: checkpoints/landscape_trained.pt
2026-04-13 00:23:13 | INFO    | resistancemap | Checkpoint saved: checkpoints/landscape_trained.pt
2026-04-13 00:23:13 | INFO    | resistancemap | Checkpoint saved: checkpoints/landscape_trained.pt
2026-04-13 00:23:13 | INFO    | resistancemap | Checkpoint saved: checkpoints/landscape_trained.pt
2026-04-13 00:23:13 | INFO    | resistancemap | Checkpoint saved: checkpoints/landscape_trained.pt
2026-04-13 00:23:13 | INFO    | resistancemap | Checkpoint saved: checkpoints/landscape_trained.pt
2026-04-13 00:23:13 | INFO    | resistancemap | Checkpoint saved: checkpoints/landscape_trained.pt
2026-04-13 00:23:13 | INFO    | resistancemap.main | [landscape] Epoch 20/100 train=0.9863 val=0.5582
2026-04-13 00:23:14 | INFO    | resistancemap.main | [landscape] Early stopping at epoch 32
2026-04-13 00:23:14 | INFO    | resistancemap | <<< STAGE END: landscape_train (0.0 min) | landscape_val_loss=0.5556
2026-04-13 00:23:14 | INFO    | resistancemap | Checkpoint loaded: checkpoints/landscape_trained.pt (saved 2026-04-13T05:23:13.547740+00:00)
2026-04-13 00:23:14 | INFO    | resistancemap.agents.base | landscape: Execution complete (status=completed)
2026-04-13 00:23:14 | INFO    | resistancemap.agents.orchestrator |   landscape: COMPLETED (hash=e37549a3...)
2026-04-13 00:23:14 | INFO    | resistancemap.agents.orchestrator | Orchestrator: Layer 8 (1 agents)
2026-04-13 00:23:14 | INFO    | resistancemap.agents.base | validation: Starting execution
2026-04-13 00:23:14 | INFO    | resistancemap | >>> STAGE START: validate
2026-04-13 00:23:14 | INFO    | resistancemap | Checkpoint loaded: checkpoints/data_ready.pt (saved 2026-04-13T05:03:49.607964+00:00)
2026-04-13 00:23:14 | INFO    | resistancemap | Checkpoint loaded: checkpoints/fusion_trained.pt (saved 2026-04-13T05:23:12.192882+00:00)
2026-04-13 00:23:14 | INFO    | resistancemap | Checkpoint loaded: checkpoints/landscape_trained.pt (saved 2026-04-13T05:23:13.547740+00:00)
2026-04-13 00:23:14 | INFO    | resistancemap.main | Validation: test_mse=0.7286 on 132 samples
2026-04-13 00:23:14 | INFO    | resistancemap | Checkpoint saved: checkpoints/pipeline_validated.pt
2026-04-13 00:23:14 | INFO    | resistancemap | <<< STAGE END: validate (0.0 min) | test_mse=0.7286 n_test_samples=132 n_drugs=11 split=test
2026-04-13 00:23:14 | INFO    | resistancemap | Checkpoint loaded: checkpoints/pipeline_validated.pt (saved 2026-04-13T05:23:14.291312+00:00)
2026-04-13 00:23:14 | INFO    | resistancemap.agents.base | validation: Execution complete (status=completed)
2026-04-13 00:23:14 | INFO    | resistancemap.agents.orchestrator |   validation: COMPLETED (hash=951898c9...)
2026-04-13 00:23:14 | INFO    | resistancemap.agents.orchestrator | Orchestrator: Execution complete in 1233.8s. Completed: 10/10
2026-04-13 00:23:14 | INFO    | resistancemap.main | ========================================================================
2026-04-13 00:23:14 | INFO    | resistancemap.main | PIPELINE COMPLETE
2026-04-13 00:23:14 | INFO    | resistancemap.main |   Total time: 1233.9s
2026-04-13 00:23:14 | INFO    | resistancemap.main |   Agents completed: 10/10
2026-04-13 00:23:14 | INFO    | resistancemap.main |   Verification chain: 10 hashes
2026-04-13 00:23:14 | INFO    | resistancemap.main | ========================================================================
2026-04-13 00:23:14 | INFO    | resistancemap.main | AgentOps dashboard exported: logs/agentops_dashboard.json
2026-04-13 01:57:56 | INFO    | resistancemap | Logging to logs/pipeline.log
2026-04-13 01:57:56 | WARNING | resistancemap | W&B init failed (continuing without): No API key configured. Use `wandb login` to log in.
2026-04-13 01:57:56 | INFO    | resistancemap.main | Agentic pipeline: 10 agents in 9 parallel layers
2026-04-13 01:57:56 | INFO    | resistancemap.main |   Layer 0: ['data_validation']
2026-04-13 01:57:56 | INFO    | resistancemap.main |   Layer 1: ['data_prep']
2026-04-13 01:57:56 | INFO    | resistancemap.main |   Layer 2: ['vae_pretrain', 'esm2_embed']
2026-04-13 01:57:56 | INFO    | resistancemap.main |   Layer 3: ['vae_finetune']
2026-04-13 01:57:56 | INFO    | resistancemap.main |   Layer 4: ['trajectory']
2026-04-13 01:57:56 | INFO    | resistancemap.main |   Layer 5: ['protein_net']
2026-04-13 01:57:56 | INFO    | resistancemap.main |   Layer 6: ['fusion']
2026-04-13 01:57:56 | INFO    | resistancemap.main |   Layer 7: ['landscape']
2026-04-13 01:57:56 | INFO    | resistancemap.main |   Layer 8: ['validation']
2026-04-13 01:57:56 | INFO    | resistancemap.main | AgentOps initialized: Tracer + Evaluator + Optimizer
2026-04-13 01:57:56 | INFO    | resistancemap.main | Zero-trust verification active: 8 guardrails loaded
2026-04-13 01:57:56 | INFO    | resistancemap.main | Data quality profiler ready (SOTA benchmarks loaded)
2026-04-13 01:57:56 | INFO    | resistancemap.main | Latent compute scheduler: GPU budget=24GB, max_concurrent=2
2026-04-13 01:57:56 | INFO    | resistancemap.main | ========================================================================
2026-04-13 01:57:56 | INFO    | resistancemap.main | EXECUTING AGENTIC PIPELINE
2026-04-13 01:57:56 | INFO    | resistancemap.main | ========================================================================
2026-04-13 01:57:56 | INFO    | resistancemap.agents.orchestrator | Orchestrator: Starting execution of 10 agents in 9 layers
2026-04-13 01:57:56 | INFO    | resistancemap.agents.orchestrator | Orchestrator: Layer 0 (1 agents)
2026-04-13 01:57:56 | INFO    | resistancemap.agents.base | data_validation: Starting execution
2026-04-13 01:57:56 | INFO    | resistancemap | >>> STAGE START: data_validate
2026-04-13 01:57:56 | INFO    | resistancemap | <<< STAGE END: data_validate (0.0 min)
2026-04-13 01:57:56 | INFO    | resistancemap.agents.base | data_validation: Execution complete (status=completed)
2026-04-13 01:57:56 | INFO    | resistancemap.agents.orchestrator |   data_validation: COMPLETED (hash=c756ad01...)
2026-04-13 01:57:56 | INFO    | resistancemap.agents.orchestrator | Orchestrator: Layer 1 (1 agents)
2026-04-13 01:57:56 | INFO    | resistancemap.agents.base | data_prep: Starting execution
2026-04-13 01:57:56 | INFO    | resistancemap | >>> STAGE START: data_prep
2026-04-13 01:57:56 | INFO    | resistancemap.data.loaders | Loading CCLE proteomics from data/raw/ccle_proteomics.csv
2026-04-13 01:58:04 | INFO    | resistancemap.data.loaders | Loaded proteomics: 1393 cell lines, 19177 proteins
2026-04-13 01:58:04 | INFO    | resistancemap.data.loaders | After coverage filter (70%): 19177 proteins retained
2026-04-13 01:58:04 | INFO    | resistancemap.data.loaders | Stripped '(entrez_id)' decoration from 19177/19177 protein names
2026-04-13 01:58:04 | INFO    | resistancemap.data.loaders | Loading CCLE epigenomics from data/raw/ccle_epigenomics
2026-04-13 01:58:04 | INFO    | resistancemap.data.loaders |   chromatin_profiling: 897 lines, 42 features
2026-04-13 01:58:04 | INFO    | resistancemap.data.loaders | Loading STRING PPI network from data/raw/string_ppi.txt
2026-04-13 01:58:42 | INFO    | resistancemap.data.loaders |   STRING scores on 0-1000 scale — normalizing to 0-1
2026-04-13 01:58:43 | INFO    | resistancemap.data.loaders | PPI edges after confidence filter (>=0.7): 473860
2026-04-13 01:58:43 | INFO    | resistancemap.data.loaders |   Loaded STRING protein info from 9606.protein.info.v12.0.txt.gz: 19699 ENSP -> gene_symbol entries
2026-04-13 01:58:43 | INFO    | resistancemap.data.loaders | Translated STRING ENSP -> gene symbols: 473860/473860 edges retained after mapping
2026-04-13 01:58:43 | INFO    | resistancemap.data.loaders | Loading scRNA-seq from data/raw/gse124310.h5ad
2026-04-13 01:58:43 | INFO    | resistancemap.data.loaders | Loaded scRNA-seq: 27796 cells, 33694 genes
2026-04-13 01:58:43 | INFO    | resistancemap.data.loaders | Loaded scRNA-seq GSE124310: 27796 cells
2026-04-13 01:58:43 | INFO    | resistancemap.data.loaders | Loading scRNA-seq from data/raw/gse271107.h5ad
2026-04-13 01:58:44 | INFO    | resistancemap.data.loaders | Loaded scRNA-seq: 143748 cells, 36601 genes
2026-04-13 01:58:44 | INFO    | resistancemap.data.loaders | Loaded scRNA-seq GSE271107: 143748 cells
2026-04-13 01:58:44 | INFO    | resistancemap.data.loaders | MMRF CoMMpass directory not found at data/raw/mmrf_commpass (graceful degradation)
2026-04-13 01:58:44 | INFO    | resistancemap.data.preprocessors | Harmonizing multi-omics data
2026-04-13 01:58:44 | INFO    | resistancemap.data.preprocessors |   Additional scRNA-seq datasets: ['GSE124310', 'GSE271107']
2026-04-13 01:58:44 | INFO    | resistancemap.data.preprocessors |   ID mapping: 0 CCLEName → ModelID entries
2026-04-13 01:58:44 | INFO    | resistancemap.data.preprocessors | Cell lines in common across modalities: 886
2026-04-13 01:59:05 | INFO    | resistancemap.data.loaders | Loading drug sensitivity data
2026-04-13 01:59:06 | INFO    | resistancemap.data.loaders |   GDSC: 575197 records
2026-04-13 01:59:06 | INFO    | resistancemap.data.loaders |   GDSC: standardized columns
2026-04-13 01:59:06 | WARNING | resistancemap.data.loaders |   CTRPv2: not found at data/raw/ctrpv2_drug_sensitivity.csv, skipping
2026-04-13 01:59:06 | INFO    | resistancemap.data.loaders | Drug sensitivity matrix: 977 samples × 11 drugs
2026-04-13 01:59:07 | INFO    | resistancemap.data.preprocessors |   Drug sensitivity ID mapping via cell_line_name: 498 matches
2026-04-13 01:59:07 | INFO    | resistancemap.data.preprocessors | Drug-sensitivity targets z-scored: 11/11 drugs with usable variance
2026-04-13 01:59:07 | INFO    | resistancemap.data.preprocessors |   Lineage labels: 886/886 matched
2026-04-13 01:59:07 | INFO    | resistancemap.data.preprocessors | PPI-proteomics overlap: 15904 proteins
2026-04-13 01:59:07 | INFO    | resistancemap.data.preprocessors | MultiOmicsDataset: 886 samples, 19177 proteins, 42 epigenomic features, 473860 PPI edges
2026-04-13 01:59:07 | INFO    | resistancemap.data.preprocessors | Splits: train=622, val=132, test=132
2026-04-13 01:59:07 | INFO    | resistancemap | Checkpoint saved: checkpoints/data_ready.pt
2026-04-13 01:59:07 | INFO    | resistancemap | <<< STAGE END: data_prep (1.2 min)
2026-04-13 01:59:07 | INFO    | resistancemap | Checkpoint loaded: checkpoints/data_ready.pt (saved 2026-04-13T06:59:07.032158+00:00)
2026-04-13 01:59:07 | INFO    | resistancemap.agents.base | data_prep: Execution complete (status=completed)
2026-04-13 01:59:07 | INFO    | resistancemap.agents.orchestrator |   data_prep: COMPLETED (hash=6729f7bf...)
2026-04-13 01:59:07 | INFO    | resistancemap.agents.orchestrator | Orchestrator: Layer 2 (2 agents)
2026-04-13 01:59:07 | INFO    | resistancemap.agents.base | vae_pretrain: Starting execution
2026-04-13 01:59:07 | INFO    | resistancemap.agents.base | esm2_embed: Starting execution
2026-04-13 01:59:07 | INFO    | resistancemap | >>> STAGE START: esm2_embed
2026-04-13 01:59:07 | INFO    | resistancemap | >>> STAGE START: vae_pretrain
2026-04-13 01:59:08 | INFO    | resistancemap | Checkpoint loaded: checkpoints/data_ready.pt (saved 2026-04-13T06:59:07.032158+00:00)
2026-04-13 01:59:08 | INFO    | resistancemap | Checkpoint loaded: checkpoints/data_ready.pt (saved 2026-04-13T06:59:07.032158+00:00)
2026-04-13 01:59:08 | INFO    | resistancemap.agents.specialized | ESM-2 embed: validated 19177 proteins for model facebook/esm2_t33_650M_UR50D
2026-04-13 01:59:08 | INFO    | resistancemap | <<< STAGE END: esm2_embed (0.0 min) | n_proteins=19177 esm2_model=facebook/esm2_t33_650M_UR50D embedding_dim=1280
2026-04-13 01:59:08 | INFO    | resistancemap.agents.base | esm2_embed: Execution complete (status=completed)
2026-04-13 01:59:14 | INFO    | resistancemap.models.vae | [vae_pretrained] Epoch 1/200 — train_loss=1.9915 val_loss=163.4682 recon=1.9915 kl=0.7232 kl_weight=0.0000
2026-04-13 01:59:15 | INFO    | resistancemap | Checkpoint saved: checkpoints/vae_pretrained.pt
2026-04-13 01:59:16 | INFO    | resistancemap.models.vae | [vae_pretrained] Epoch 2/200 — train_loss=8.1129 val_loss=512.6812 recon=1.7860 kl=158.1723 kl_weight=0.0400
2026-04-13 01:59:17 | INFO    | resistancemap.models.vae | [vae_pretrained] Epoch 3/200 — train_loss=2.2638 val_loss=96.9895 recon=2.1609 kl=1.2861 kl_weight=0.0800
2026-04-13 01:59:18 | INFO    | resistancemap | Checkpoint saved: checkpoints/vae_pretrained.pt
2026-04-13 01:59:18 | INFO    | resistancemap.models.vae | [vae_pretrained] Epoch 4/200 — train_loss=1.9616 val_loss=514.2823 recon=1.8478 kl=0.9479 kl_weight=0.1200
2026-04-13 01:59:18 | INFO    | resistancemap.models.vae | [vae_pretrained] Epoch 5/200 — train_loss=290135.4375 val_loss=398.9322 recon=1.7640 kl=1813335.5000 kl_weight=0.1600
2026-04-13 01:59:19 | INFO    | resistancemap.models.vae | [vae_pretrained] Epoch 6/200 — train_loss=14.4868 val_loss=88.7070 recon=2.4191 kl=60.3387 kl_weight=0.2000
2026-04-13 01:59:20 | INFO    | resistancemap | Checkpoint saved: checkpoints/vae_pretrained.pt
2026-04-13 01:59:20 | INFO    | resistancemap.models.vae | [vae_pretrained] Epoch 7/200 — train_loss=2.7176 val_loss=6.0420 recon=2.4560 kl=1.0898 kl_weight=0.2400
2026-04-13 01:59:21 | INFO    | resistancemap | Checkpoint saved: checkpoints/vae_pretrained.pt
2026-04-13 01:59:21 | INFO    | resistancemap.models.vae | [vae_pretrained] Epoch 8/200 — train_loss=2.4033 val_loss=3.7383 recon=2.1440 kl=0.9260 kl_weight=0.2800
2026-04-13 01:59:22 | INFO    | resistancemap | Checkpoint saved: checkpoints/vae_pretrained.pt
2026-04-13 01:59:23 | INFO    | resistancemap.models.vae | [vae_pretrained] Epoch 9/200 — train_loss=2.1624 val_loss=2.7918 recon=1.9143 kl=0.7753 kl_weight=0.3200
2026-04-13 01:59:24 | INFO    | resistancemap | Checkpoint saved: checkpoints/vae_pretrained.pt
2026-04-13 01:59:24 | INFO    | resistancemap.models.vae | [vae_pretrained] Epoch 10/200 — train_loss=1.9218 val_loss=2.3648 recon=1.6650 kl=0.7134 kl_weight=0.3600
2026-04-13 01:59:25 | INFO    | resistancemap | Checkpoint saved: checkpoints/vae_pretrained.pt
2026-04-13 01:59:25 | INFO    | resistancemap.models.vae | [vae_pretrained] Epoch 11/200 — train_loss=1.7334 val_loss=2.0736 recon=1.5001 kl=0.5833 kl_weight=0.4000
2026-04-13 01:59:26 | INFO    | resistancemap | Checkpoint saved: checkpoints/vae_pretrained.pt
2026-04-13 01:59:27 | INFO    | resistancemap.models.vae | [vae_pretrained] Epoch 12/200 — train_loss=1.6685 val_loss=1.8478 recon=1.4433 kl=0.5116 kl_weight=0.4400
2026-04-13 01:59:28 | INFO    | resistancemap | Checkpoint saved: checkpoints/vae_pretrained.pt
2026-04-13 01:59:28 | INFO    | resistancemap.models.vae | [vae_pretrained] Epoch 13/200 — train_loss=1.6070 val_loss=1.6852 recon=1.3916 kl=0.4489 kl_weight=0.4800
2026-04-13 01:59:29 | INFO    | resistancemap | Checkpoint saved: checkpoints/vae_pretrained.pt
2026-04-13 01:59:29 | INFO    | resistancemap.models.vae | [vae_pretrained] Epoch 14/200 — train_loss=1.5773 val_loss=1.5701 recon=1.3692 kl=0.4003 kl_weight=0.5200
2026-04-13 01:59:30 | INFO    | resistancemap | Checkpoint saved: checkpoints/vae_pretrained.pt
2026-04-13 01:59:31 | INFO    | resistancemap.models.vae | [vae_pretrained] Epoch 15/200 — train_loss=1.5096 val_loss=1.4911 recon=1.3178 kl=0.3426 kl_weight=0.5600
2026-04-13 01:59:31 | INFO    | resistancemap | Checkpoint saved: checkpoints/vae_pretrained.pt
2026-04-13 01:59:32 | INFO    | resistancemap.models.vae | [vae_pretrained] Epoch 16/200 — train_loss=1.5045 val_loss=1.4537 recon=1.3110 kl=0.3226 kl_weight=0.6000
2026-04-13 01:59:33 | INFO    | resistancemap | Checkpoint saved: checkpoints/vae_pretrained.pt
2026-04-13 01:59:33 | INFO    | resistancemap.models.vae | [vae_pretrained] Epoch 17/200 — train_loss=1.4720 val_loss=1.4367 recon=1.2813 kl=0.2980 kl_weight=0.6400
2026-04-13 01:59:34 | INFO    | resistancemap | Checkpoint saved: checkpoints/vae_pretrained.pt
2026-04-13 01:59:34 | INFO    | resistancemap.models.vae | [vae_pretrained] Epoch 18/200 — train_loss=1.4033 val_loss=1.4134 recon=1.2066 kl=0.2892 kl_weight=0.6800
2026-04-13 01:59:35 | INFO    | resistancemap | Checkpoint saved: checkpoints/vae_pretrained.pt
2026-04-13 01:59:36 | INFO    | resistancemap.models.vae | [vae_pretrained] Epoch 19/200 — train_loss=1.3720 val_loss=1.3926 recon=1.1716 kl=0.2782 kl_weight=0.7200
2026-04-13 01:59:37 | INFO    | resistancemap | Checkpoint saved: checkpoints/vae_pretrained.pt
2026-04-13 01:59:37 | INFO    | resistancemap.models.vae | [vae_pretrained] Epoch 20/200 — train_loss=1.3482 val_loss=1.3819 recon=1.1388 kl=0.2756 kl_weight=0.7600
2026-04-13 01:59:38 | INFO    | resistancemap | Checkpoint saved: checkpoints/vae_pretrained.pt
2026-04-13 01:59:38 | INFO    | resistancemap.models.vae | [vae_pretrained] Epoch 21/200 — train_loss=1.2896 val_loss=1.3666 recon=1.0694 kl=0.2752 kl_weight=0.8000
2026-04-13 01:59:39 | INFO    | resistancemap | Checkpoint saved: checkpoints/vae_pretrained.pt
2026-04-13 01:59:40 | INFO    | resistancemap.models.vae | [vae_pretrained] Epoch 22/200 — train_loss=1.2834 val_loss=1.3383 recon=1.0539 kl=0.2732 kl_weight=0.8400
2026-04-13 01:59:41 | INFO    | resistancemap | Checkpoint saved: checkpoints/vae_pretrained.pt
2026-04-13 01:59:41 | INFO    | resistancemap.models.vae | [vae_pretrained] Epoch 23/200 — train_loss=1.2593 val_loss=1.3280 recon=1.0209 kl=0.2709 kl_weight=0.8800
2026-04-13 01:59:42 | INFO    | resistancemap | Checkpoint saved: checkpoints/vae_pretrained.pt
2026-04-13 01:59:42 | INFO    | resistancemap.models.vae | [vae_pretrained] Epoch 24/200 — train_loss=1.2206 val_loss=1.2905 recon=0.9586 kl=0.2848 kl_weight=0.9200
2026-04-13 01:59:43 | INFO    | resistancemap | Checkpoint saved: checkpoints/vae_pretrained.pt
2026-04-13 01:59:44 | INFO    | resistancemap.models.vae | [vae_pretrained] Epoch 25/200 — train_loss=1.1848 val_loss=1.2610 recon=0.9169 kl=0.2791 kl_weight=0.9600
2026-04-13 01:59:44 | INFO    | resistancemap | Checkpoint saved: checkpoints/vae_pretrained.pt
2026-04-13 01:59:45 | INFO    | resistancemap.models.vae | [vae_pretrained] Epoch 26/200 — train_loss=1.1962 val_loss=1.2531 recon=0.9293 kl=0.2669 kl_weight=1.0000
2026-04-13 01:59:46 | INFO    | resistancemap | Checkpoint saved: checkpoints/vae_pretrained.pt
2026-04-13 01:59:46 | INFO    | resistancemap.models.vae | [vae_pretrained] Epoch 27/200 — train_loss=1.1567 val_loss=1.2269 recon=0.8983 kl=0.2584 kl_weight=1.0000
2026-04-13 01:59:47 | INFO    | resistancemap | Checkpoint saved: checkpoints/vae_pretrained.pt
2026-04-13 01:59:47 | INFO    | resistancemap.models.vae | [vae_pretrained] Epoch 28/200 — train_loss=1.1219 val_loss=1.2062 recon=0.8747 kl=0.2472 kl_weight=1.0000
2026-04-13 01:59:48 | INFO    | resistancemap | Checkpoint saved: checkpoints/vae_pretrained.pt
2026-04-13 01:59:49 | INFO    | resistancemap.models.vae | [vae_pretrained] Epoch 29/200 — train_loss=1.1402 val_loss=1.2083 recon=0.8945 kl=0.2456 kl_weight=1.0000
2026-04-13 01:59:49 | INFO    | resistancemap.models.vae | [vae_pretrained] Epoch 30/200 — train_loss=1.0717 val_loss=1.1962 recon=0.8414 kl=0.2303 kl_weight=1.0000
2026-04-13 01:59:50 | INFO    | resistancemap | Checkpoint saved: checkpoints/vae_pretrained.pt
2026-04-13 01:59:51 | INFO    | resistancemap.models.vae | [vae_pretrained] Epoch 31/200 — train_loss=1.0595 val_loss=1.1869 recon=0.8368 kl=0.2227 kl_weight=1.0000
2026-04-13 01:59:51 | INFO    | resistancemap | Checkpoint saved: checkpoints/vae_pretrained.pt
2026-04-13 01:59:52 | INFO    | resistancemap.models.vae | [vae_pretrained] Epoch 32/200 — train_loss=1.0096 val_loss=1.1834 recon=0.7936 kl=0.2160 kl_weight=1.0000
2026-04-13 01:59:53 | INFO    | resistancemap | Checkpoint saved: checkpoints/vae_pretrained.pt
2026-04-13 01:59:53 | INFO    | resistancemap.models.vae | [vae_pretrained] Epoch 33/200 — train_loss=1.0291 val_loss=1.1870 recon=0.8087 kl=0.2204 kl_weight=1.0000
2026-04-13 01:59:54 | INFO    | resistancemap.models.vae | [vae_pretrained] Epoch 34/200 — train_loss=0.9862 val_loss=1.1734 recon=0.7805 kl=0.2056 kl_weight=1.0000
2026-04-13 01:59:54 | INFO    | resistancemap | Checkpoint saved: checkpoints/vae_pretrained.pt
2026-04-13 01:59:55 | INFO    | resistancemap.models.vae | [vae_pretrained] Epoch 35/200 — train_loss=0.9580 val_loss=1.1620 recon=0.7525 kl=0.2055 kl_weight=1.0000
2026-04-13 01:59:56 | INFO    | resistancemap | Checkpoint saved: checkpoints/vae_pretrained.pt
2026-04-13 01:59:56 | INFO    | resistancemap.models.vae | [vae_pretrained] Epoch 36/200 — train_loss=0.9644 val_loss=1.1569 recon=0.7651 kl=0.1994 kl_weight=1.0000
2026-04-13 01:59:57 | INFO    | resistancemap | Checkpoint saved: checkpoints/vae_pretrained.pt
2026-04-13 01:59:58 | INFO    | resistancemap.models.vae | [vae_pretrained] Epoch 37/200 — train_loss=0.9509 val_loss=1.1493 recon=0.7559 kl=0.1950 kl_weight=1.0000
2026-04-13 01:59:58 | INFO    | resistancemap | Checkpoint saved: checkpoints/vae_pretrained.pt
2026-04-13 01:59:59 | INFO    | resistancemap.models.vae | [vae_pretrained] Epoch 38/200 — train_loss=0.9438 val_loss=1.1423 recon=0.7540 kl=0.1898 kl_weight=1.0000
2026-04-13 02:00:00 | INFO    | resistancemap | Checkpoint saved: checkpoints/vae_pretrained.pt
2026-04-13 02:00:00 | INFO    | resistancemap.models.vae | [vae_pretrained] Epoch 39/200 — train_loss=0.9726 val_loss=1.1292 recon=0.7776 kl=0.1950 kl_weight=1.0000
2026-04-13 02:00:01 | INFO    | resistancemap | Checkpoint saved: checkpoints/vae_pretrained.pt
2026-04-13 02:00:01 | INFO    | resistancemap.models.vae | [vae_pretrained] Epoch 40/200 — train_loss=0.9192 val_loss=1.1161 recon=0.7287 kl=0.1905 kl_weight=1.0000
2026-04-13 02:00:02 | INFO    | resistancemap | Checkpoint saved: checkpoints/vae_pretrained.pt
2026-04-13 02:00:03 | INFO    | resistancemap.models.vae | [vae_pretrained] Epoch 41/200 — train_loss=0.9213 val_loss=1.1095 recon=0.7182 kl=0.2031 kl_weight=1.0000
2026-04-13 02:00:04 | INFO    | resistancemap | Checkpoint saved: checkpoints/vae_pretrained.pt
2026-04-13 02:00:04 | INFO    | resistancemap.models.vae | [vae_pretrained] Epoch 42/200 — train_loss=0.8945 val_loss=1.1047 recon=0.6951 kl=0.1993 kl_weight=1.0000
2026-04-13 02:00:05 | INFO    | resistancemap | Checkpoint saved: checkpoints/vae_pretrained.pt
2026-04-13 02:00:05 | INFO    | resistancemap.models.vae | [vae_pretrained] Epoch 43/200 — train_loss=0.8921 val_loss=1.0994 recon=0.6867 kl=0.2054 kl_weight=1.0000
2026-04-13 02:00:06 | INFO    | resistancemap | Checkpoint saved: checkpoints/vae_pretrained.pt
2026-04-13 02:00:07 | INFO    | resistancemap.models.vae | [vae_pretrained] Epoch 44/200 — train_loss=0.9028 val_loss=1.1009 recon=0.7011 kl=0.2018 kl_weight=1.0000
2026-04-13 02:00:07 | INFO    | resistancemap.models.vae | [vae_pretrained] Epoch 45/200 — train_loss=0.8662 val_loss=1.0984 recon=0.6738 kl=0.1923 kl_weight=1.0000
2026-04-13 02:00:08 | INFO    | resistancemap | Checkpoint saved: checkpoints/vae_pretrained.pt
2026-04-13 02:00:08 | INFO    | resistancemap.models.vae | [vae_pretrained] Epoch 46/200 — train_loss=0.8772 val_loss=1.0982 recon=0.6972 kl=0.1799 kl_weight=1.0000
2026-04-13 02:00:09 | INFO    | resistancemap | Checkpoint saved: checkpoints/vae_pretrained.pt
2026-04-13 02:00:10 | INFO    | resistancemap.models.vae | [vae_pretrained] Epoch 47/200 — train_loss=0.8685 val_loss=1.0985 recon=0.6972 kl=0.1713 kl_weight=1.0000
2026-04-13 02:00:10 | INFO    | resistancemap.models.vae | [vae_pretrained] Epoch 48/200 — train_loss=0.8427 val_loss=1.0994 recon=0.6765 kl=0.1662 kl_weight=1.0000
2026-04-13 02:00:10 | INFO    | resistancemap.models.vae | [vae_pretrained] Epoch 49/200 — train_loss=0.8403 val_loss=1.1014 recon=0.6766 kl=0.1637 kl_weight=1.0000
2026-04-13 02:00:11 | INFO    | resistancemap.models.vae | [vae_pretrained] Epoch 50/200 — train_loss=0.8817 val_loss=1.1006 recon=0.7094 kl=0.1723 kl_weight=1.0000
2026-04-13 02:00:11 | INFO    | resistancemap.models.vae | [vae_pretrained] Epoch 51/200 — train_loss=0.6764 val_loss=1.0959 recon=0.6764 kl=0.1805 kl_weight=0.0000
2026-04-13 02:00:12 | INFO    | resistancemap | Checkpoint saved: checkpoints/vae_pretrained.pt
2026-04-13 02:00:13 | INFO    | resistancemap.models.vae | [vae_pretrained] Epoch 52/200 — train_loss=0.6788 val_loss=1.0916 recon=0.6716 kl=0.1814 kl_weight=0.0400
2026-04-13 02:00:13 | INFO    | resistancemap | Checkpoint saved: checkpoints/vae_pretrained.pt
2026-04-13 02:00:14 | INFO    | resistancemap.models.vae | [vae_pretrained] Epoch 53/200 — train_loss=0.6884 val_loss=1.0922 recon=0.6718 kl=0.2076 kl_weight=0.0800
2026-04-13 02:00:14 | INFO    | resistancemap.models.vae | [vae_pretrained] Epoch 54/200 — train_loss=0.6738 val_loss=1.0949 recon=0.6458 kl=0.2341 kl_weight=0.1200
2026-04-13 02:00:15 | INFO    | resistancemap.models.vae | [vae_pretrained] Epoch 55/200 — train_loss=0.6772 val_loss=1.0965 recon=0.6342 kl=0.2687 kl_weight=0.1600
2026-04-13 02:00:15 | INFO    | resistancemap.models.vae | [vae_pretrained] Epoch 56/200 — train_loss=0.6583 val_loss=1.0979 recon=0.5983 kl=0.3003 kl_weight=0.2000
2026-04-13 02:00:15 | INFO    | resistancemap.models.vae | [vae_pretrained] Epoch 57/200 — train_loss=0.6565 val_loss=1.1009 recon=0.5756 kl=0.3370 kl_weight=0.2400
2026-04-13 02:00:16 | INFO    | resistancemap.models.vae | [vae_pretrained] Epoch 58/200 — train_loss=0.6813 val_loss=1.1069 recon=0.5790 kl=0.3654 kl_weight=0.2800
2026-04-13 02:00:16 | INFO    | resistancemap.models.vae | [vae_pretrained] Epoch 59/200 — train_loss=0.6790 val_loss=1.1158 recon=0.5459 kl=0.4157 kl_weight=0.3200
2026-04-13 02:00:17 | INFO    | resistancemap.models.vae | [vae_pretrained] Epoch 60/200 — train_loss=0.7009 val_loss=1.1270 recon=0.5462 kl=0.4295 kl_weight=0.3600
2026-04-13 02:00:17 | INFO    | resistancemap.models.vae | [vae_pretrained] Epoch 61/200 — train_loss=0.7227 val_loss=1.1369 recon=0.5497 kl=0.4324 kl_weight=0.4000
2026-04-13 02:00:17 | INFO    | resistancemap.models.vae | [vae_pretrained] Epoch 62/200 — train_loss=0.7261 val_loss=1.1431 recon=0.5379 kl=0.4278 kl_weight=0.4400
2026-04-13 02:00:18 | INFO    | resistancemap.models.vae | [vae_pretrained] Epoch 63/200 — train_loss=0.7272 val_loss=1.1469 recon=0.5313 kl=0.4081 kl_weight=0.4800
2026-04-13 02:00:18 | INFO    | resistancemap.models.vae | [vae_pretrained] Epoch 64/200 — train_loss=0.7559 val_loss=1.1456 recon=0.5413 kl=0.4127 kl_weight=0.5200
2026-04-13 02:00:18 | INFO    | resistancemap.models.vae | [vae_pretrained] Epoch 65/200 — train_loss=0.7636 val_loss=1.1344 recon=0.5645 kl=0.3556 kl_weight=0.5600
2026-04-13 02:00:19 | INFO    | resistancemap.models.vae | [vae_pretrained] Epoch 66/200 — train_loss=0.7402 val_loss=1.1211 recon=0.5493 kl=0.3182 kl_weight=0.6000
2026-04-13 02:00:19 | INFO    | resistancemap.models.vae | [vae_pretrained] Epoch 67/200 — train_loss=0.7380 val_loss=1.1064 recon=0.5553 kl=0.2856 kl_weight=0.6400
2026-04-13 02:00:20 | INFO    | resistancemap.models.vae | [vae_pretrained] Epoch 68/200 — train_loss=0.7527 val_loss=1.0913 recon=0.5774 kl=0.2578 kl_weight=0.6800
2026-04-13 02:00:20 | INFO    | resistancemap | Checkpoint saved: checkpoints/vae_pretrained.pt
2026-04-13 02:00:21 | INFO    | resistancemap.models.vae | [vae_pretrained] Epoch 69/200 — train_loss=0.7454 val_loss=1.0775 recon=0.5706 kl=0.2428 kl_weight=0.7200
2026-04-13 02:00:22 | INFO    | resistancemap | Checkpoint saved: checkpoints/vae_pretrained.pt
2026-04-13 02:00:22 | INFO    | resistancemap.models.vae | [vae_pretrained] Epoch 70/200 — train_loss=0.7515 val_loss=1.0664 recon=0.5843 kl=0.2200 kl_weight=0.7600
2026-04-13 02:00:23 | INFO    | resistancemap | Checkpoint saved: checkpoints/vae_pretrained.pt
2026-04-13 02:00:23 | INFO    | resistancemap.models.vae | [vae_pretrained] Epoch 71/200 — train_loss=0.7650 val_loss=1.0571 recon=0.6070 kl=0.1974 kl_weight=0.8000
2026-04-13 02:00:24 | INFO    | resistancemap | Checkpoint saved: checkpoints/vae_pretrained.pt
2026-04-13 02:00:25 | INFO    | resistancemap.models.vae | [vae_pretrained] Epoch 72/200 — train_loss=0.7656 val_loss=1.0514 recon=0.6113 kl=0.1837 kl_weight=0.8400
2026-04-13 02:00:26 | INFO    | resistancemap | Checkpoint saved: checkpoints/vae_pretrained.pt
2026-04-13 02:00:26 | INFO    | resistancemap.models.vae | [vae_pretrained] Epoch 73/200 — train_loss=0.7624 val_loss=1.0489 recon=0.6028 kl=0.1814 kl_weight=0.8800
2026-04-13 02:00:27 | INFO    | resistancemap | Checkpoint saved: checkpoints/vae_pretrained.pt
2026-04-13 02:00:27 | INFO    | resistancemap.models.vae | [vae_pretrained] Epoch 74/200 — train_loss=0.7772 val_loss=1.0484 recon=0.6134 kl=0.1781 kl_weight=0.9200
2026-04-13 02:00:28 | INFO    | resistancemap | Checkpoint saved: checkpoints/vae_pretrained.pt
2026-04-13 02:00:29 | INFO    | resistancemap.models.vae | [vae_pretrained] Epoch 75/200 — train_loss=0.7755 val_loss=1.0480 recon=0.6074 kl=0.1751 kl_weight=0.9600
2026-04-13 02:00:30 | INFO    | resistancemap | Checkpoint saved: checkpoints/vae_pretrained.pt
2026-04-13 02:00:30 | INFO    | resistancemap.models.vae | [vae_pretrained] Epoch 76/200 — train_loss=0.7961 val_loss=1.0473 recon=0.6167 kl=0.1794 kl_weight=1.0000
2026-04-13 02:00:31 | INFO    | resistancemap | Checkpoint saved: checkpoints/vae_pretrained.pt
2026-04-13 02:00:31 | INFO    | resistancemap.models.vae | [vae_pretrained] Epoch 77/200 — train_loss=0.7920 val_loss=1.0462 recon=0.6181 kl=0.1739 kl_weight=1.0000
2026-04-13 02:00:32 | INFO    | resistancemap | Checkpoint saved: checkpoints/vae_pretrained.pt
2026-04-13 02:00:33 | INFO    | resistancemap.models.vae | [vae_pretrained] Epoch 78/200 — train_loss=0.7966 val_loss=1.0451 recon=0.6016 kl=0.1950 kl_weight=1.0000
2026-04-13 02:00:34 | INFO    | resistancemap | Checkpoint saved: checkpoints/vae_pretrained.pt
2026-04-13 02:00:34 | INFO    | resistancemap.models.vae | [vae_pretrained] Epoch 79/200 — train_loss=0.7813 val_loss=1.0410 recon=0.6046 kl=0.1766 kl_weight=1.0000
2026-04-13 02:00:35 | INFO    | resistancemap | Checkpoint saved: checkpoints/vae_pretrained.pt
2026-04-13 02:00:35 | INFO    | resistancemap.models.vae | [vae_pretrained] Epoch 80/200 — train_loss=0.7609 val_loss=1.0360 recon=0.5868 kl=0.1741 kl_weight=1.0000
2026-04-13 02:00:36 | INFO    | resistancemap | Checkpoint saved: checkpoints/vae_pretrained.pt
2026-04-13 02:00:37 | INFO    | resistancemap.models.vae | [vae_pretrained] Epoch 81/200 — train_loss=0.7801 val_loss=1.0295 recon=0.5992 kl=0.1809 kl_weight=1.0000
2026-04-13 02:00:37 | INFO    | resistancemap | Checkpoint saved: checkpoints/vae_pretrained.pt
2026-04-13 02:00:38 | INFO    | resistancemap.models.vae | [vae_pretrained] Epoch 82/200 — train_loss=0.7645 val_loss=1.0212 recon=0.5886 kl=0.1758 kl_weight=1.0000
2026-04-13 02:00:39 | INFO    | resistancemap | Checkpoint saved: checkpoints/vae_pretrained.pt
2026-04-13 02:00:39 | INFO    | resistancemap.models.vae | [vae_pretrained] Epoch 83/200 — train_loss=0.7604 val_loss=1.0109 recon=0.5816 kl=0.1788 kl_weight=1.0000
2026-04-13 02:00:40 | INFO    | resistancemap | Checkpoint saved: checkpoints/vae_pretrained.pt
2026-04-13 02:00:40 | INFO    | resistancemap.models.vae | [vae_pretrained] Epoch 84/200 — train_loss=0.7702 val_loss=1.0008 recon=0.5917 kl=0.1785 kl_weight=1.0000
2026-04-13 02:00:41 | INFO    | resistancemap | Checkpoint saved: checkpoints/vae_pretrained.pt
2026-04-13 02:00:42 | INFO    | resistancemap.models.vae | [vae_pretrained] Epoch 85/200 — train_loss=0.7950 val_loss=0.9962 recon=0.6056 kl=0.1895 kl_weight=1.0000
2026-04-13 02:00:43 | INFO    | resistancemap | Checkpoint saved: checkpoints/vae_pretrained.pt
2026-04-13 02:00:43 | INFO    | resistancemap.models.vae | [vae_pretrained] Epoch 86/200 — train_loss=0.7768 val_loss=0.9983 recon=0.5809 kl=0.1959 kl_weight=1.0000
2026-04-13 02:00:43 | INFO    | resistancemap.models.vae | [vae_pretrained] Epoch 87/200 — train_loss=0.7620 val_loss=1.0057 recon=0.5736 kl=0.1884 kl_weight=1.0000
2026-04-13 02:00:44 | INFO    | resistancemap.models.vae | [vae_pretrained] Epoch 88/200 — train_loss=0.7601 val_loss=1.0103 recon=0.5871 kl=0.1731 kl_weight=1.0000
2026-04-13 02:00:44 | INFO    | resistancemap.models.vae | [vae_pretrained] Epoch 89/200 — train_loss=0.7518 val_loss=1.0123 recon=0.5852 kl=0.1666 kl_weight=1.0000
2026-04-13 02:00:45 | INFO    | resistancemap.models.vae | [vae_pretrained] Epoch 90/200 — train_loss=0.7586 val_loss=1.0126 recon=0.5738 kl=0.1848 kl_weight=1.0000
2026-04-13 02:00:45 | INFO    | resistancemap.models.vae | [vae_pretrained] Epoch 91/200 — train_loss=0.7539 val_loss=1.0081 recon=0.5726 kl=0.1813 kl_weight=1.0000
2026-04-13 02:00:45 | INFO    | resistancemap.models.vae | [vae_pretrained] Epoch 92/200 — train_loss=0.7561 val_loss=1.0010 recon=0.5939 kl=0.1621 kl_weight=1.0000
2026-04-13 02:00:46 | INFO    | resistancemap.models.vae | [vae_pretrained] Epoch 93/200 — train_loss=0.7500 val_loss=0.9964 recon=0.5795 kl=0.1705 kl_weight=1.0000
2026-04-13 02:00:46 | INFO    | resistancemap.models.vae | [vae_pretrained] Epoch 94/200 — train_loss=0.7383 val_loss=0.9928 recon=0.5727 kl=0.1656 kl_weight=1.0000
2026-04-13 02:00:47 | INFO    | resistancemap | Checkpoint saved: checkpoints/vae_pretrained.pt
2026-04-13 02:00:47 | INFO    | resistancemap.models.vae | [vae_pretrained] Epoch 95/200 — train_loss=0.7507 val_loss=0.9907 recon=0.5882 kl=0.1626 kl_weight=1.0000
2026-04-13 02:00:48 | INFO    | resistancemap | Checkpoint saved: checkpoints/vae_pretrained.pt
2026-04-13 02:00:49 | INFO    | resistancemap.models.vae | [vae_pretrained] Epoch 96/200 — train_loss=0.7371 val_loss=0.9880 recon=0.5722 kl=0.1649 kl_weight=1.0000
2026-04-13 02:00:50 | INFO    | resistancemap | Checkpoint saved: checkpoints/vae_pretrained.pt
2026-04-13 02:00:50 | INFO    | resistancemap.models.vae | [vae_pretrained] Epoch 97/200 — train_loss=0.7620 val_loss=0.9847 recon=0.6024 kl=0.1596 kl_weight=1.0000
2026-04-13 02:00:51 | INFO    | resistancemap | Checkpoint saved: checkpoints/vae_pretrained.pt
2026-04-13 02:00:51 | INFO    | resistancemap.models.vae | [vae_pretrained] Epoch 98/200 — train_loss=0.7438 val_loss=0.9832 recon=0.5836 kl=0.1602 kl_weight=1.0000
2026-04-13 02:00:52 | INFO    | resistancemap | Checkpoint saved: checkpoints/vae_pretrained.pt
2026-04-13 02:00:53 | INFO    | resistancemap.models.vae | [vae_pretrained] Epoch 99/200 — train_loss=0.7466 val_loss=0.9845 recon=0.5618 kl=0.1847 kl_weight=1.0000
2026-04-13 02:00:53 | INFO    | resistancemap.models.vae | [vae_pretrained] Epoch 100/200 — train_loss=0.7466 val_loss=0.9854 recon=0.5769 kl=0.1696 kl_weight=1.0000
2026-04-13 02:00:53 | INFO    | resistancemap.models.vae | [vae_pretrained] Epoch 101/200 — train_loss=0.5688 val_loss=0.9881 recon=0.5688 kl=0.1704 kl_weight=0.0000
2026-04-13 02:00:54 | INFO    | resistancemap.models.vae | [vae_pretrained] Epoch 102/200 — train_loss=0.5626 val_loss=0.9910 recon=0.5554 kl=0.1792 kl_weight=0.0400
2026-04-13 02:00:54 | INFO    | resistancemap.models.vae | [vae_pretrained] Epoch 103/200 — train_loss=0.5687 val_loss=0.9920 recon=0.5535 kl=0.1898 kl_weight=0.0800
2026-04-13 02:00:55 | INFO    | resistancemap.models.vae | [vae_pretrained] Epoch 104/200 — train_loss=0.5555 val_loss=0.9921 recon=0.5315 kl=0.2001 kl_weight=0.1200
2026-04-13 02:00:55 | INFO    | resistancemap.models.vae | [vae_pretrained] Epoch 105/200 — train_loss=0.5699 val_loss=0.9930 recon=0.5339 kl=0.2245 kl_weight=0.1600
2026-04-13 02:00:55 | INFO    | resistancemap.models.vae | [vae_pretrained] Epoch 106/200 — train_loss=0.5514 val_loss=0.9959 recon=0.5036 kl=0.2392 kl_weight=0.2000
2026-04-13 02:00:56 | INFO    | resistancemap.models.vae | [vae_pretrained] Epoch 107/200 — train_loss=0.5535 val_loss=1.0037 recon=0.4834 kl=0.2920 kl_weight=0.2400
2026-04-13 02:00:56 | INFO    | resistancemap.models.vae | [vae_pretrained] Epoch 108/200 — train_loss=0.5676 val_loss=1.0090 recon=0.4864 kl=0.2900 kl_weight=0.2800
2026-04-13 02:00:56 | INFO    | resistancemap.models.vae | [vae_pretrained] Epoch 109/200 — train_loss=0.5723 val_loss=1.0166 recon=0.4696 kl=0.3211 kl_weight=0.3200
2026-04-13 02:00:57 | INFO    | resistancemap.models.vae | [vae_pretrained] Epoch 110/200 — train_loss=0.5984 val_loss=1.0219 recon=0.4785 kl=0.3329 kl_weight=0.3600
2026-04-13 02:00:57 | INFO    | resistancemap.models.vae | [vae_pretrained] Epoch 111/200 — train_loss=0.6088 val_loss=1.0263 recon=0.4675 kl=0.3533 kl_weight=0.4000
2026-04-13 02:00:58 | INFO    | resistancemap.models.vae | [vae_pretrained] Epoch 112/200 — train_loss=0.6326 val_loss=1.0344 recon=0.4580 kl=0.3968 kl_weight=0.4400
2026-04-13 02:00:58 | INFO    | resistancemap.models.vae | [vae_pretrained] Epoch 113/200 — train_loss=0.6239 val_loss=1.0369 recon=0.4493 kl=0.3638 kl_weight=0.4800
2026-04-13 02:00:58 | INFO    | resistancemap.models.vae | [vae_pretrained] Epoch 114/200 — train_loss=0.6447 val_loss=1.0392 recon=0.4455 kl=0.3831 kl_weight=0.5200
2026-04-13 02:00:59 | INFO    | resistancemap.models.vae | [vae_pretrained] Epoch 115/200 — train_loss=0.6508 val_loss=1.0391 recon=0.4486 kl=0.3610 kl_weight=0.5600
2026-04-13 02:00:59 | INFO    | resistancemap.models.vae | [vae_pretrained] Epoch 116/200 — train_loss=0.6557 val_loss=1.0383 recon=0.4460 kl=0.3495 kl_weight=0.6000
2026-04-13 02:00:59 | INFO    | resistancemap.models.vae | [vae_pretrained] Epoch 117/200 — train_loss=0.6651 val_loss=1.0348 recon=0.4480 kl=0.3392 kl_weight=0.6400
2026-04-13 02:01:00 | INFO    | resistancemap.models.vae | [vae_pretrained] Epoch 118/200 — train_loss=0.6777 val_loss=1.0304 recon=0.4562 kl=0.3259 kl_weight=0.6800
2026-04-13 02:01:00 | INFO    | resistancemap.models.vae | Early stopping at epoch 118
2026-04-13 02:01:00 | INFO    | resistancemap | <<< STAGE END: vae_pretrain (1.9 min) | best_val_loss=0.9832 final_epoch=118 total_steps=118
2026-04-13 02:01:00 | INFO    | resistancemap | Checkpoint loaded: checkpoints/vae_pretrained.pt (saved 2026-04-13T07:00:51.838576+00:00)
2026-04-13 02:01:00 | INFO    | resistancemap.agents.base | vae_pretrain: Execution complete (status=completed)
2026-04-13 02:01:00 | INFO    | resistancemap.agents.orchestrator |   vae_pretrain: COMPLETED (hash=96937bb0...)
2026-04-13 02:01:00 | INFO    | resistancemap.agents.orchestrator |   esm2_embed: COMPLETED (hash=a10dd06d...)
2026-04-13 02:01:00 | INFO    | resistancemap.agents.orchestrator | Orchestrator: Layer 3 (1 agents)
2026-04-13 02:01:00 | INFO    | resistancemap.agents.base | vae_finetune: Starting execution
2026-04-13 02:01:00 | INFO    | resistancemap | >>> STAGE START: vae_finetune
2026-04-13 02:01:00 | INFO    | resistancemap | Checkpoint loaded: checkpoints/data_ready.pt (saved 2026-04-13T06:59:07.032158+00:00)
2026-04-13 02:01:01 | INFO    | resistancemap | Checkpoint loaded: checkpoints/vae_pretrained.pt (saved 2026-04-13T07:00:51.838576+00:00)
2026-04-13 02:01:06 | INFO    | resistancemap.models.vae | [vae_finetuned] Epoch 1/100 — train_loss=0.7367 val_loss=1.1703 recon=0.7367 kl=0.2873 kl_weight=0.0000
2026-04-13 02:01:07 | INFO    | resistancemap | Checkpoint saved: checkpoints/vae_finetuned.pt
2026-04-13 02:01:09 | INFO    | resistancemap.models.vae | [vae_finetuned] Epoch 2/100 — train_loss=0.6881 val_loss=1.1741 recon=0.6633 kl=0.2972 kl_weight=0.0833
2026-04-13 02:01:09 | INFO    | resistancemap.models.vae | [vae_finetuned] Epoch 3/100 — train_loss=0.6663 val_loss=1.1795 recon=0.6163 kl=0.3004 kl_weight=0.1667
2026-04-13 02:01:09 | INFO    | resistancemap.models.vae | [vae_finetuned] Epoch 4/100 — train_loss=0.6616 val_loss=1.1883 recon=0.5817 kl=0.3197 kl_weight=0.2500
2026-04-13 02:01:10 | INFO    | resistancemap.models.vae | [vae_finetuned] Epoch 5/100 — train_loss=0.6679 val_loss=1.1968 recon=0.5558 kl=0.3361 kl_weight=0.3333
2026-04-13 02:01:10 | INFO    | resistancemap.models.vae | [vae_finetuned] Epoch 6/100 — train_loss=0.6823 val_loss=1.2061 recon=0.5364 kl=0.3501 kl_weight=0.4167
2026-04-13 02:01:11 | INFO    | resistancemap.models.vae | [vae_finetuned] Epoch 7/100 — train_loss=0.7206 val_loss=1.2142 recon=0.5443 kl=0.3526 kl_weight=0.5000
2026-04-13 02:01:11 | INFO    | resistancemap.models.vae | [vae_finetuned] Epoch 8/100 — train_loss=0.7236 val_loss=1.2209 recon=0.5110 kl=0.3643 kl_weight=0.5833
2026-04-13 02:01:11 | INFO    | resistancemap.models.vae | [vae_finetuned] Epoch 9/100 — train_loss=0.7257 val_loss=1.2282 recon=0.4859 kl=0.3597 kl_weight=0.6667
2026-04-13 02:01:12 | INFO    | resistancemap.models.vae | [vae_finetuned] Epoch 10/100 — train_loss=0.7715 val_loss=1.2330 recon=0.5021 kl=0.3592 kl_weight=0.7500
2026-04-13 02:01:12 | INFO    | resistancemap.models.vae | [vae_finetuned] Epoch 11/100 — train_loss=0.7925 val_loss=1.2383 recon=0.4893 kl=0.3639 kl_weight=0.8333
2026-04-13 02:01:13 | INFO    | resistancemap.models.vae | [vae_finetuned] Epoch 12/100 — train_loss=0.7933 val_loss=1.2410 recon=0.4781 kl=0.3438 kl_weight=0.9167
2026-04-13 02:01:13 | INFO    | resistancemap.models.vae | [vae_finetuned] Epoch 13/100 — train_loss=0.8008 val_loss=1.2429 recon=0.4671 kl=0.3337 kl_weight=1.0000
2026-04-13 02:01:13 | INFO    | resistancemap.models.vae | [vae_finetuned] Epoch 14/100 — train_loss=0.7954 val_loss=1.2426 recon=0.4827 kl=0.3128 kl_weight=1.0000
2026-04-13 02:01:14 | INFO    | resistancemap.models.vae | [vae_finetuned] Epoch 15/100 — train_loss=0.7874 val_loss=1.2411 recon=0.4880 kl=0.2994 kl_weight=1.0000
2026-04-13 02:01:14 | INFO    | resistancemap.models.vae | [vae_finetuned] Epoch 16/100 — train_loss=0.7811 val_loss=1.2390 recon=0.4899 kl=0.2912 kl_weight=1.0000
2026-04-13 02:01:15 | INFO    | resistancemap.models.vae | [vae_finetuned] Epoch 17/100 — train_loss=0.7677 val_loss=1.2368 recon=0.4984 kl=0.2694 kl_weight=1.0000
2026-04-13 02:01:15 | INFO    | resistancemap.models.vae | [vae_finetuned] Epoch 18/100 — train_loss=0.7567 val_loss=1.2327 recon=0.4939 kl=0.2627 kl_weight=1.0000
2026-04-13 02:01:15 | INFO    | resistancemap.models.vae | [vae_finetuned] Epoch 19/100 — train_loss=0.7459 val_loss=1.2277 recon=0.4949 kl=0.2510 kl_weight=1.0000
2026-04-13 02:01:16 | INFO    | resistancemap.models.vae | [vae_finetuned] Epoch 20/100 — train_loss=0.7364 val_loss=1.2246 recon=0.4938 kl=0.2426 kl_weight=1.0000
2026-04-13 02:01:16 | INFO    | resistancemap.models.vae | [vae_finetuned] Epoch 21/100 — train_loss=0.7236 val_loss=1.2188 recon=0.4947 kl=0.2289 kl_weight=1.0000
2026-04-13 02:01:16 | INFO    | resistancemap.models.vae | Early stopping at epoch 21
2026-04-13 02:01:16 | INFO    | resistancemap | <<< STAGE END: vae_finetune (0.3 min) | best_val_loss=1.1703 final_epoch=21 total_steps=21
2026-04-13 02:01:16 | INFO    | resistancemap | Checkpoint loaded: checkpoints/vae_finetuned.pt (saved 2026-04-13T07:01:06.723519+00:00)
2026-04-13 02:01:16 | INFO    | resistancemap.agents.base | vae_finetune: Execution complete (status=completed)
2026-04-13 02:01:16 | INFO    | resistancemap.agents.orchestrator |   vae_finetune: COMPLETED (hash=717b5097...)
2026-04-13 02:01:16 | INFO    | resistancemap.agents.orchestrator | Orchestrator: Layer 4 (1 agents)
2026-04-13 02:01:16 | INFO    | resistancemap.agents.base | trajectory: Starting execution
2026-04-13 02:01:16 | INFO    | resistancemap | >>> STAGE START: trajectory_calibrate
2026-04-13 02:01:17 | INFO    | resistancemap | Checkpoint loaded: checkpoints/data_ready.pt (saved 2026-04-13T06:59:07.032158+00:00)
2026-04-13 02:01:17 | INFO    | resistancemap | Checkpoint loaded: checkpoints/vae_finetuned.pt (saved 2026-04-13T07:01:06.723519+00:00)
2026-04-13 02:01:18 | INFO    | resistancemap | Checkpoint saved: checkpoints/stability_calibrated.pt
2026-04-13 02:01:19 | INFO    | resistancemap | Checkpoint saved: checkpoints/stability_calibrated.pt
2026-04-13 02:01:20 | INFO    | resistancemap | Checkpoint saved: checkpoints/stability_calibrated.pt
2026-04-13 02:01:20 | INFO    | resistancemap | Checkpoint saved: checkpoints/stability_calibrated.pt
2026-04-13 02:01:21 | INFO    | resistancemap | Checkpoint saved: checkpoints/stability_calibrated.pt
2026-04-13 02:01:21 | INFO    | resistancemap | Checkpoint saved: checkpoints/stability_calibrated.pt
2026-04-13 02:01:24 | INFO    | resistancemap | Checkpoint saved: checkpoints/stability_calibrated.pt
2026-04-13 02:01:25 | INFO    | resistancemap | Checkpoint saved: checkpoints/stability_calibrated.pt
2026-04-13 02:01:26 | INFO    | resistancemap | Checkpoint saved: checkpoints/stability_calibrated.pt
2026-04-13 02:01:27 | INFO    | resistancemap | Checkpoint saved: checkpoints/stability_calibrated.pt
2026-04-13 02:01:27 | INFO    | resistancemap | Checkpoint saved: checkpoints/stability_calibrated.pt
2026-04-13 02:01:28 | INFO    | resistancemap | Checkpoint saved: checkpoints/stability_calibrated.pt
2026-04-13 02:01:29 | INFO    | resistancemap | Checkpoint saved: checkpoints/stability_calibrated.pt
2026-04-13 02:01:31 | INFO    | resistancemap | Checkpoint saved: checkpoints/stability_calibrated.pt
2026-04-13 02:01:32 | INFO    | resistancemap | Checkpoint saved: checkpoints/stability_calibrated.pt
2026-04-13 02:01:32 | INFO    | resistancemap | Checkpoint saved: checkpoints/stability_calibrated.pt
2026-04-13 02:01:33 | INFO    | resistancemap | Checkpoint saved: checkpoints/stability_calibrated.pt
2026-04-13 02:01:34 | INFO    | resistancemap | Checkpoint saved: checkpoints/stability_calibrated.pt
2026-04-13 02:01:35 | INFO    | resistancemap | Checkpoint saved: checkpoints/stability_calibrated.pt
2026-04-13 02:01:36 | INFO    | resistancemap | Checkpoint saved: checkpoints/stability_calibrated.pt
2026-04-13 02:01:36 | INFO    | resistancemap | Checkpoint saved: checkpoints/stability_calibrated.pt
2026-04-13 02:01:37 | INFO    | resistancemap | Checkpoint saved: checkpoints/stability_calibrated.pt
2026-04-13 02:01:37 | INFO    | resistancemap | Checkpoint saved: checkpoints/stability_calibrated.pt
2026-04-13 02:01:39 | INFO    | resistancemap | Checkpoint saved: checkpoints/stability_calibrated.pt
2026-04-13 02:01:40 | INFO    | resistancemap | Checkpoint saved: checkpoints/stability_calibrated.pt
2026-04-13 02:01:41 | INFO    | resistancemap | Checkpoint saved: checkpoints/stability_calibrated.pt
2026-04-13 02:01:43 | INFO    | resistancemap | Checkpoint saved: checkpoints/stability_calibrated.pt
2026-04-13 02:01:44 | INFO    | resistancemap.models.trajectory | [stability_calibrate] Epoch 50/500 loss=0.2349 basin_center=1.4789 basin_scale=1.5147
2026-04-13 02:01:44 | INFO    | resistancemap | Checkpoint saved: checkpoints/stability_calibrated.pt
2026-04-13 02:01:45 | INFO    | resistancemap | Checkpoint saved: checkpoints/stability_calibrated.pt
2026-04-13 02:01:46 | INFO    | resistancemap | Checkpoint saved: checkpoints/stability_calibrated.pt
2026-04-13 02:01:46 | INFO    | resistancemap | Checkpoint saved: checkpoints/stability_calibrated.pt
2026-04-13 02:01:48 | INFO    | resistancemap | Checkpoint saved: checkpoints/stability_calibrated.pt
2026-04-13 02:01:49 | INFO    | resistancemap | Checkpoint saved: checkpoints/stability_calibrated.pt
2026-04-13 02:01:51 | INFO    | resistancemap | Checkpoint saved: checkpoints/stability_calibrated.pt
2026-04-13 02:01:52 | INFO    | resistancemap | Checkpoint saved: checkpoints/stability_calibrated.pt
2026-04-13 02:01:55 | INFO    | resistancemap | Checkpoint saved: checkpoints/stability_calibrated.pt
2026-04-13 02:01:56 | INFO    | resistancemap | Checkpoint saved: checkpoints/stability_calibrated.pt
2026-04-13 02:01:56 | INFO    | resistancemap | Checkpoint saved: checkpoints/stability_calibrated.pt
2026-04-13 02:01:58 | INFO    | resistancemap | Checkpoint saved: checkpoints/stability_calibrated.pt
2026-04-13 02:02:00 | INFO    | resistancemap | Checkpoint saved: checkpoints/stability_calibrated.pt
2026-04-13 02:02:01 | INFO    | resistancemap | Checkpoint saved: checkpoints/stability_calibrated.pt
2026-04-13 02:02:03 | INFO    | resistancemap | Checkpoint saved: checkpoints/stability_calibrated.pt
2026-04-13 02:02:05 | INFO    | resistancemap | Checkpoint saved: checkpoints/stability_calibrated.pt
2026-04-13 02:02:06 | INFO    | resistancemap | Checkpoint saved: checkpoints/stability_calibrated.pt
2026-04-13 02:02:11 | INFO    | resistancemap.models.trajectory | [stability_calibrate] Epoch 100/500 loss=0.0164 basin_center=1.4559 basin_scale=1.5110
2026-04-13 02:02:13 | INFO    | resistancemap | Checkpoint saved: checkpoints/stability_calibrated.pt
2026-04-13 02:02:16 | INFO    | resistancemap | Checkpoint saved: checkpoints/stability_calibrated.pt
2026-04-13 02:02:17 | INFO    | resistancemap | Checkpoint saved: checkpoints/stability_calibrated.pt
2026-04-13 02:02:19 | INFO    | resistancemap | Checkpoint saved: checkpoints/stability_calibrated.pt
2026-04-13 02:02:37 | INFO    | resistancemap.models.trajectory | [stability_calibrate] Epoch 150/500 loss=0.0071 basin_center=1.4526 basin_scale=1.5139
2026-04-13 02:02:38 | INFO    | resistancemap | Checkpoint saved: checkpoints/stability_calibrated.pt
2026-04-13 02:02:50 | INFO    | resistancemap | Checkpoint saved: checkpoints/stability_calibrated.pt
2026-04-13 02:02:51 | INFO    | resistancemap | Checkpoint saved: checkpoints/stability_calibrated.pt
2026-04-13 02:02:51 | INFO    | resistancemap | Checkpoint saved: checkpoints/stability_calibrated.pt
2026-04-13 02:02:59 | INFO    | resistancemap | Checkpoint saved: checkpoints/stability_calibrated.pt
2026-04-13 02:03:04 | INFO    | resistancemap.models.trajectory | [stability_calibrate] Epoch 200/500 loss=0.0023 basin_center=1.4516 basin_scale=1.5155
2026-04-13 02:03:20 | INFO    | resistancemap | Checkpoint saved: checkpoints/stability_calibrated.pt
2026-04-13 02:03:31 | INFO    | resistancemap.models.trajectory | [stability_calibrate] Epoch 250/500 loss=0.0004 basin_center=1.4511 basin_scale=1.5164
2026-04-13 02:03:31 | INFO    | resistancemap | Checkpoint saved: checkpoints/stability_calibrated.pt
2026-04-13 02:03:43 | INFO    | resistancemap | Checkpoint saved: checkpoints/stability_calibrated.pt
2026-04-13 02:03:54 | INFO    | resistancemap | Checkpoint saved: checkpoints/stability_calibrated.pt
2026-04-13 02:03:58 | INFO    | resistancemap.models.trajectory | [stability_calibrate] Epoch 300/500 loss=0.0061 basin_center=1.4508 basin_scale=1.5170
2026-04-13 02:04:25 | INFO    | resistancemap.models.trajectory | [stability_calibrate] Epoch 350/500 loss=0.0021 basin_center=1.4506 basin_scale=1.5175
2026-04-13 02:04:51 | INFO    | resistancemap.models.trajectory | [stability_calibrate] Epoch 400/500 loss=0.0040 basin_center=1.4504 basin_scale=1.5179
2026-04-13 02:05:18 | INFO    | resistancemap.models.trajectory | [stability_calibrate] Epoch 450/500 loss=0.0010 basin_center=1.4502 basin_scale=1.5184
2026-04-13 02:05:45 | INFO    | resistancemap.models.trajectory | [stability_calibrate] Epoch 500/500 loss=0.0062 basin_center=1.4501 basin_scale=1.5187
2026-04-13 02:05:45 | INFO    | resistancemap | <<< STAGE END: trajectory_calibrate (4.5 min) | best_calibration_loss=0.0002 n_valid_samples=498
2026-04-13 02:05:45 | INFO    | resistancemap | Checkpoint loaded: checkpoints/stability_calibrated.pt (saved 2026-04-13T07:03:54.503927+00:00)
2026-04-13 02:05:45 | INFO    | resistancemap.agents.base | trajectory: Execution complete (status=completed)
2026-04-13 02:05:45 | INFO    | resistancemap.agents.orchestrator |   trajectory: COMPLETED (hash=f775403a...)
2026-04-13 02:05:45 | INFO    | resistancemap.agents.orchestrator | Orchestrator: Layer 5 (1 agents)
2026-04-13 02:05:45 | INFO    | resistancemap.agents.base | protein_net: Starting execution
2026-04-13 02:05:46 | INFO    | resistancemap | >>> STAGE START: protein_net_train
2026-04-13 02:05:46 | INFO    | resistancemap | Checkpoint loaded: checkpoints/data_ready.pt (saved 2026-04-13T06:59:07.032158+00:00)
2026-04-13 02:05:47 | INFO    | resistancemap | Checkpoint loaded: checkpoints/vae_finetuned.pt (saved 2026-04-13T07:01:06.723519+00:00)
2026-04-13 02:05:47 | INFO    | resistancemap | Checkpoint loaded: checkpoints/stability_calibrated.pt (saved 2026-04-13T07:03:54.503927+00:00)
2026-04-13 02:05:47 | INFO    | resistancemap.main | Pre-computing VAE latent states and stability scores...
2026-04-13 02:11:10 | INFO    | resistancemap.main | Pre-computed: latents torch.Size([886, 64]), stability torch.Size([886])
2026-04-13 02:11:11 | INFO    | resistancemap.main | PPI graph: 19177 nodes, 929520 edges
2026-04-13 02:11:20 | INFO    | resistancemap | Checkpoint saved: checkpoints/protein_net_trained.pt
2026-04-13 02:11:29 | INFO    | resistancemap | Checkpoint saved: checkpoints/protein_net_trained.pt
2026-04-13 02:12:39 | INFO    | resistancemap.main | [protein_net] Epoch 10/100 train=0.9183 val=0.7981
2026-04-13 02:13:40 | INFO    | resistancemap.main | [protein_net] Early stopping at epoch 17
2026-04-13 02:13:40 | INFO    | resistancemap | <<< STAGE END: protein_net_train (7.9 min) | protein_net_val_loss=0.7679
2026-04-13 02:13:40 | INFO    | resistancemap | Checkpoint loaded: checkpoints/protein_net_trained.pt (saved 2026-04-13T07:11:29.066928+00:00)
2026-04-13 02:13:40 | INFO    | resistancemap.agents.base | protein_net: Execution complete (status=completed)
2026-04-13 02:13:40 | INFO    | resistancemap.agents.orchestrator |   protein_net: COMPLETED (hash=d7fbe35e...)
2026-04-13 02:13:40 | INFO    | resistancemap.agents.orchestrator | Orchestrator: Layer 6 (1 agents)
2026-04-13 02:13:40 | INFO    | resistancemap.agents.base | fusion: Starting execution
2026-04-13 02:13:40 | INFO    | resistancemap | >>> STAGE START: fusion_train
2026-04-13 02:13:40 | INFO    | resistancemap | Checkpoint loaded: checkpoints/data_ready.pt (saved 2026-04-13T06:59:07.032158+00:00)
2026-04-13 02:13:40 | INFO    | resistancemap | Checkpoint loaded: checkpoints/vae_finetuned.pt (saved 2026-04-13T07:01:06.723519+00:00)
2026-04-13 02:13:40 | INFO    | resistancemap | Checkpoint loaded: checkpoints/stability_calibrated.pt (saved 2026-04-13T07:03:54.503927+00:00)
2026-04-13 02:13:40 | INFO    | resistancemap | Checkpoint loaded: checkpoints/protein_net_trained.pt (saved 2026-04-13T07:11:29.066928+00:00)
2026-04-13 02:13:41 | INFO    | resistancemap.main | Pre-computing modality embeddings for fusion training...
2026-04-13 02:19:10 | INFO    | resistancemap.main | Embeddings: epi=torch.Size([886, 64]), pnet=torch.Size([886, 128]), stab=torch.Size([886, 1])
2026-04-13 02:19:10 | INFO    | resistancemap | Checkpoint saved: checkpoints/fusion_trained.pt
2026-04-13 02:19:10 | INFO    | resistancemap | Checkpoint saved: checkpoints/fusion_trained.pt
2026-04-13 02:19:10 | INFO    | resistancemap | Checkpoint saved: checkpoints/fusion_trained.pt
2026-04-13 02:19:10 | INFO    | resistancemap | Checkpoint saved: checkpoints/fusion_trained.pt
2026-04-13 02:19:11 | INFO    | resistancemap.main | [fusion] Early stopping at epoch 19
2026-04-13 02:19:11 | INFO    | resistancemap | <<< STAGE END: fusion_train (5.5 min) | fusion_val_loss=0.5349
2026-04-13 02:19:11 | INFO    | resistancemap | Checkpoint loaded: checkpoints/fusion_trained.pt (saved 2026-04-13T07:19:10.792556+00:00)
2026-04-13 02:19:11 | INFO    | resistancemap.agents.base | fusion: Execution complete (status=completed)
2026-04-13 02:19:11 | INFO    | resistancemap.agents.orchestrator |   fusion: COMPLETED (hash=08bd0faf...)
2026-04-13 02:19:11 | INFO    | resistancemap.agents.orchestrator | Orchestrator: Layer 7 (1 agents)
2026-04-13 02:19:11 | INFO    | resistancemap.agents.base | landscape: Starting execution
2026-04-13 02:19:11 | INFO    | resistancemap | >>> STAGE START: landscape_train
2026-04-13 02:19:11 | INFO    | resistancemap | Checkpoint loaded: checkpoints/data_ready.pt (saved 2026-04-13T06:59:07.032158+00:00)
2026-04-13 02:19:11 | INFO    | resistancemap | Checkpoint loaded: checkpoints/fusion_trained.pt (saved 2026-04-13T07:19:10.792556+00:00)
2026-04-13 02:19:11 | INFO    | resistancemap.main | Computing fused representations for landscape training...
2026-04-13 02:19:11 | INFO    | resistancemap.main | Fused representations: torch.Size([886, 128])
2026-04-13 02:19:11 | INFO    | resistancemap | Checkpoint saved: checkpoints/landscape_trained.pt
2026-04-13 02:19:11 | INFO    | resistancemap | Checkpoint saved: checkpoints/landscape_trained.pt
2026-04-13 02:19:11 | INFO    | resistancemap | Checkpoint saved: checkpoints/landscape_trained.pt
2026-04-13 02:19:11 | INFO    | resistancemap | Checkpoint saved: checkpoints/landscape_trained.pt
2026-04-13 02:19:11 | INFO    | resistancemap | Checkpoint saved: checkpoints/landscape_trained.pt
2026-04-13 02:19:11 | INFO    | resistancemap | Checkpoint saved: checkpoints/landscape_trained.pt
2026-04-13 02:19:11 | INFO    | resistancemap | Checkpoint saved: checkpoints/landscape_trained.pt
2026-04-13 02:19:11 | INFO    | resistancemap | Checkpoint saved: checkpoints/landscape_trained.pt
2026-04-13 02:19:11 | INFO    | resistancemap | Checkpoint saved: checkpoints/landscape_trained.pt
2026-04-13 02:19:11 | INFO    | resistancemap | Checkpoint saved: checkpoints/landscape_trained.pt
2026-04-13 02:19:11 | INFO    | resistancemap | Checkpoint saved: checkpoints/landscape_trained.pt
2026-04-13 02:19:12 | INFO    | resistancemap.main | [landscape] Epoch 20/100 train=1.0237 val=0.5558
2026-04-13 02:19:12 | INFO    | resistancemap.main | [landscape] Early stopping at epoch 29
2026-04-13 02:19:12 | INFO    | resistancemap | <<< STAGE END: landscape_train (0.0 min) | landscape_val_loss=0.5530
2026-04-13 02:19:12 | INFO    | resistancemap | Checkpoint loaded: checkpoints/landscape_trained.pt (saved 2026-04-13T07:19:11.928657+00:00)
2026-04-13 02:19:12 | INFO    | resistancemap.agents.base | landscape: Execution complete (status=completed)
2026-04-13 02:19:12 | INFO    | resistancemap.agents.orchestrator |   landscape: COMPLETED (hash=f980a022...)
2026-04-13 02:19:12 | INFO    | resistancemap.agents.orchestrator | Orchestrator: Layer 8 (1 agents)
2026-04-13 02:19:12 | INFO    | resistancemap.agents.base | validation: Starting execution
2026-04-13 02:19:12 | INFO    | resistancemap | >>> STAGE START: validate
2026-04-13 02:19:12 | INFO    | resistancemap | Checkpoint loaded: checkpoints/data_ready.pt (saved 2026-04-13T06:59:07.032158+00:00)
2026-04-13 02:19:12 | INFO    | resistancemap | Checkpoint loaded: checkpoints/fusion_trained.pt (saved 2026-04-13T07:19:10.792556+00:00)
2026-04-13 02:19:12 | INFO    | resistancemap | Checkpoint loaded: checkpoints/landscape_trained.pt (saved 2026-04-13T07:19:11.928657+00:00)
2026-04-13 02:19:12 | INFO    | resistancemap.main | Validation: test_mse=0.7191 on 132 samples
2026-04-13 02:19:12 | INFO    | resistancemap | Checkpoint saved: checkpoints/pipeline_validated.pt
2026-04-13 02:19:12 | INFO    | resistancemap | <<< STAGE END: validate (0.0 min) | test_mse=0.7191 n_test_samples=132 n_drugs=11 split=test
2026-04-13 02:19:12 | INFO    | resistancemap | Checkpoint loaded: checkpoints/pipeline_validated.pt (saved 2026-04-13T07:19:12.594460+00:00)
2026-04-13 02:19:12 | INFO    | resistancemap.agents.base | validation: Execution complete (status=completed)
2026-04-13 02:19:12 | INFO    | resistancemap.agents.orchestrator |   validation: COMPLETED (hash=d56df36f...)
2026-04-13 02:19:12 | INFO    | resistancemap.agents.orchestrator | Orchestrator: Execution complete in 1275.9s. Completed: 10/10
2026-04-13 02:19:12 | INFO    | resistancemap.main | ========================================================================
2026-04-13 02:19:12 | INFO    | resistancemap.main | PIPELINE COMPLETE
2026-04-13 02:19:12 | INFO    | resistancemap.main |   Total time: 1276.0s
2026-04-13 02:19:12 | INFO    | resistancemap.main |   Agents completed: 10/10
2026-04-13 02:19:12 | INFO    | resistancemap.main |   Verification chain: 10 hashes
2026-04-13 02:19:12 | INFO    | resistancemap.main | ========================================================================
2026-04-13 02:19:12 | INFO    | resistancemap.main | AgentOps dashboard exported: logs/agentops_dashboard.json
2026-04-14 09:35:08 | INFO    | resistancemap | Logging to logs/pipeline.log
2026-04-14 09:35:08 | WARNING | resistancemap | W&B init failed (continuing without): No API key configured. Use `wandb login` to log in.
2026-04-14 09:35:08 | INFO    | resistancemap.main | Agentic pipeline: 10 agents in 9 parallel layers
2026-04-14 09:35:08 | INFO    | resistancemap.main |   Layer 0: ['data_validation']
2026-04-14 09:35:08 | INFO    | resistancemap.main |   Layer 1: ['data_prep']
2026-04-14 09:35:08 | INFO    | resistancemap.main |   Layer 2: ['vae_pretrain', 'esm2_embed']
2026-04-14 09:35:08 | INFO    | resistancemap.main |   Layer 3: ['vae_finetune']
2026-04-14 09:35:08 | INFO    | resistancemap.main |   Layer 4: ['trajectory']
2026-04-14 09:35:08 | INFO    | resistancemap.main |   Layer 5: ['protein_net']
2026-04-14 09:35:08 | INFO    | resistancemap.main |   Layer 6: ['fusion']
2026-04-14 09:35:08 | INFO    | resistancemap.main |   Layer 7: ['landscape']
2026-04-14 09:35:08 | INFO    | resistancemap.main |   Layer 8: ['validation']
2026-04-14 09:35:08 | INFO    | resistancemap.main | AgentOps initialized: Tracer + Evaluator + Optimizer
2026-04-14 09:35:08 | INFO    | resistancemap.main | Zero-trust verification active: 8 guardrails loaded
2026-04-14 09:35:08 | INFO    | resistancemap.main | Data quality profiler ready (SOTA benchmarks loaded)
2026-04-14 09:35:08 | INFO    | resistancemap.main | Latent compute scheduler: GPU budget=24GB, max_concurrent=2
2026-04-14 09:35:08 | INFO    | resistancemap.main | ========================================================================
2026-04-14 09:35:08 | INFO    | resistancemap.main | EXECUTING AGENTIC PIPELINE
2026-04-14 09:35:08 | INFO    | resistancemap.main | ========================================================================
2026-04-14 09:35:08 | INFO    | resistancemap.agents.orchestrator | Orchestrator: Starting execution of 10 agents in 9 layers
2026-04-14 09:35:08 | INFO    | resistancemap.agents.orchestrator | Orchestrator: Layer 0 (1 agents)
2026-04-14 09:35:08 | INFO    | resistancemap.agents.base | data_validation: Starting execution
2026-04-14 09:35:08 | INFO    | resistancemap | >>> STAGE START: data_validate
2026-04-14 09:35:08 | ERROR   | resistancemap.agents.specialized | DataValidationAgent failed
Traceback (most recent call last):
  File "/home/aj0486@students.ad.unt.edu/pipeline3/ResistanceMap/resistancemap/agents/specialized.py", line 63, in execute
    await asyncio.to_thread(validate_data_files, config, ckpt_mgr)
  File "/usr/lib/python3.12/asyncio/threads.py", line 25, in to_thread
    return await loop.run_in_executor(None, func_call)
           ^^^^^^^^^^^^^^^^^^^^^^^^^^^^^^^^^^^^^^^^^^^
  File "/usr/lib/python3.12/concurrent/futures/thread.py", line 58, in run
    result = self.fn(*self.args, **self.kwargs)
             ^^^^^^^^^^^^^^^^^^^^^^^^^^^^^^^^^^
  File "/home/aj0486@students.ad.unt.edu/pipeline3/ResistanceMap/resistancemap/main.py", line 269, in validate_data_files
    if not config.data.ccle_proteomics_path.exists():
           ^^^^^^^^^^^^^^^^^^^^^^^^^^^^^^^^^^^^^^^
AttributeError: 'str' object has no attribute 'exists'
2026-04-14 09:35:08 | INFO    | resistancemap.agents.base | data_validation: Execution complete (status=failed)
2026-04-14 09:35:08 | ERROR   | resistancemap.agents.orchestrator |   data_validation: FAILED (Data validation error: 'str' object has no attribute 'exists')
2026-04-14 09:35:08 | INFO    | resistancemap.agents.orchestrator | Orchestrator: Layer 1 (1 agents)
2026-04-14 09:35:08 | ERROR   | resistancemap.agents.orchestrator |   data_prep: FAILED (Dependency data_validation failed: Data validation error: 'str' object has no attribute 'exists')
2026-04-14 09:35:08 | INFO    | resistancemap.agents.orchestrator | Orchestrator: Layer 2 (2 agents)
2026-04-14 09:35:08 | ERROR   | resistancemap.agents.orchestrator |   vae_pretrain: FAILED (Dependency data_prep failed: Dependency data_validation failed: Data validation error: 'str' object has no attribute 'exists')
2026-04-14 09:35:08 | ERROR   | resistancemap.agents.orchestrator |   esm2_embed: FAILED (Dependency data_prep failed: Dependency data_validation failed: Data validation error: 'str' object has no attribute 'exists')
2026-04-14 09:35:08 | INFO    | resistancemap.agents.orchestrator | Orchestrator: Layer 3 (1 agents)
2026-04-14 09:35:08 | ERROR   | resistancemap.agents.orchestrator |   vae_finetune: FAILED (Dependency vae_pretrain failed: Dependency data_prep failed: Dependency data_validation failed: Data validation error: 'str' object has no attribute 'exists')
2026-04-14 09:35:08 | INFO    | resistancemap.agents.orchestrator | Orchestrator: Layer 4 (1 agents)
2026-04-14 09:35:08 | ERROR   | resistancemap.agents.orchestrator |   trajectory: FAILED (Dependency vae_finetune failed: Dependency vae_pretrain failed: Dependency data_prep failed: Dependency data_validation failed: Data validation error: 'str' object has no attribute 'exists')
2026-04-14 09:35:08 | INFO    | resistancemap.agents.orchestrator | Orchestrator: Layer 5 (1 agents)
2026-04-14 09:35:08 | ERROR   | resistancemap.agents.orchestrator |   protein_net: FAILED (Dependency esm2_embed failed: Dependency data_prep failed: Dependency data_validation failed: Data validation error: 'str' object has no attribute 'exists')
2026-04-14 09:35:08 | INFO    | resistancemap.agents.orchestrator | Orchestrator: Layer 6 (1 agents)
2026-04-14 09:35:08 | ERROR   | resistancemap.agents.orchestrator |   fusion: FAILED (Dependency trajectory failed: Dependency vae_finetune failed: Dependency vae_pretrain failed: Dependency data_prep failed: Dependency data_validation failed: Data validation error: 'str' object has no attribute 'exists')
2026-04-14 09:35:08 | INFO    | resistancemap.agents.orchestrator | Orchestrator: Layer 7 (1 agents)
2026-04-14 09:35:08 | ERROR   | resistancemap.agents.orchestrator |   landscape: FAILED (Dependency fusion failed: Dependency trajectory failed: Dependency vae_finetune failed: Dependency vae_pretrain failed: Dependency data_prep failed: Dependency data_validation failed: Data validation error: 'str' object has no attribute 'exists')
2026-04-14 09:35:08 | INFO    | resistancemap.agents.orchestrator | Orchestrator: Layer 8 (1 agents)
2026-04-14 09:35:08 | ERROR   | resistancemap.agents.orchestrator |   validation: FAILED (Dependency landscape failed: Dependency fusion failed: Dependency trajectory failed: Dependency vae_finetune failed: Dependency vae_pretrain failed: Dependency data_prep failed: Dependency data_validation failed: Data validation error: 'str' object has no attribute 'exists')
2026-04-14 09:35:08 | INFO    | resistancemap.agents.orchestrator | Orchestrator: Execution complete in 0.0s. Completed: 0/10
2026-04-14 09:35:08 | INFO    | resistancemap.main | ========================================================================
2026-04-14 09:35:08 | INFO    | resistancemap.main | PIPELINE COMPLETE
2026-04-14 09:35:08 | INFO    | resistancemap.main |   Total time: 0.1s
2026-04-14 09:35:08 | INFO    | resistancemap.main |   Agents completed: 0/10
2026-04-14 09:35:08 | INFO    | resistancemap.main |   Verification chain: 10 hashes
2026-04-14 09:35:08 | WARNING | resistancemap.main |   Failed agents: ['data_validation', 'data_prep', 'vae_pretrain', 'esm2_embed', 'vae_finetune', 'trajectory', 'protein_net', 'fusion', 'landscape', 'validation']
2026-04-14 09:35:08 | INFO    | resistancemap.main | ========================================================================
2026-04-14 09:35:08 | INFO    | resistancemap.main | AgentOps dashboard exported: logs/agentops_dashboard.json
2026-04-14 09:40:20 | INFO    | resistancemap | Logging to logs/pipeline.log
2026-04-14 09:40:20 | WARNING | resistancemap | W&B init failed (continuing without): No API key configured. Use `wandb login` to log in.
2026-04-14 09:40:20 | INFO    | resistancemap.main | Agentic pipeline: 10 agents in 9 parallel layers
2026-04-14 09:40:20 | INFO    | resistancemap.main |   Layer 0: ['data_validation']
2026-04-14 09:40:20 | INFO    | resistancemap.main |   Layer 1: ['data_prep']
2026-04-14 09:40:20 | INFO    | resistancemap.main |   Layer 2: ['vae_pretrain', 'esm2_embed']
2026-04-14 09:40:20 | INFO    | resistancemap.main |   Layer 3: ['vae_finetune']
2026-04-14 09:40:20 | INFO    | resistancemap.main |   Layer 4: ['trajectory']
2026-04-14 09:40:20 | INFO    | resistancemap.main |   Layer 5: ['protein_net']
2026-04-14 09:40:20 | INFO    | resistancemap.main |   Layer 6: ['fusion']
2026-04-14 09:40:20 | INFO    | resistancemap.main |   Layer 7: ['landscape']
2026-04-14 09:40:20 | INFO    | resistancemap.main |   Layer 8: ['validation']
2026-04-14 09:40:20 | INFO    | resistancemap.main | AgentOps initialized: Tracer + Evaluator + Optimizer
2026-04-14 09:40:20 | INFO    | resistancemap.main | Zero-trust verification active: 8 guardrails loaded
2026-04-14 09:40:20 | INFO    | resistancemap.main | Data quality profiler ready (SOTA benchmarks loaded)
2026-04-14 09:40:20 | INFO    | resistancemap.main | Latent compute scheduler: GPU budget=24GB, max_concurrent=2
2026-04-14 09:40:20 | INFO    | resistancemap.main | ========================================================================
2026-04-14 09:40:20 | INFO    | resistancemap.main | EXECUTING AGENTIC PIPELINE
2026-04-14 09:40:20 | INFO    | resistancemap.main | ========================================================================
2026-04-14 09:40:20 | INFO    | resistancemap.agents.orchestrator | Orchestrator: Starting execution of 10 agents in 9 layers
2026-04-14 09:40:20 | INFO    | resistancemap.agents.orchestrator | Orchestrator: Layer 0 (1 agents)
2026-04-14 09:40:20 | INFO    | resistancemap.agents.base | data_validation: Starting execution
2026-04-14 09:40:20 | INFO    | resistancemap | >>> STAGE START: data_validate
2026-04-14 09:40:20 | INFO    | resistancemap | <<< STAGE END: data_validate (0.0 min)
2026-04-14 09:40:20 | INFO    | resistancemap.agents.base | data_validation: Execution complete (status=completed)
2026-04-14 09:40:20 | INFO    | resistancemap.agents.orchestrator |   data_validation: COMPLETED (hash=c756ad01...)
2026-04-14 09:40:20 | INFO    | resistancemap.agents.orchestrator | Orchestrator: Layer 1 (1 agents)
2026-04-14 09:40:20 | INFO    | resistancemap.agents.base | data_prep: Starting execution
2026-04-14 09:40:20 | ERROR   | resistancemap.agents.specialized | DataPrepAgent failed
Traceback (most recent call last):
  File "/home/aj0486@students.ad.unt.edu/pipeline3/ResistanceMap/resistancemap/agents/specialized.py", line 115, in execute
    ckpt = ckpt_mgr.load("data_ready")
           ^^^^^^^^^^^^^^^^^^^^^^^^^^^
  File "/home/aj0486@students.ad.unt.edu/pipeline3/ResistanceMap/resistancemap/utils/checkpoint.py", line 124, in load
    state = torch.load(ckpt_path, map_location=map_location, weights_only=True)
            ^^^^^^^^^^^^^^^^^^^^^^^^^^^^^^^^^^^^^^^^^^^^^^^^^^^^^^^^^^^^^^^^^^^
  File "/home/aj0486@students.ad.unt.edu/pipeline3/venv/lib/python3.12/site-packages/torch/serialization.py", line 1359, in load
    raise pickle.UnpicklingError(_get_wo_message(str(e))) from None
_pickle.UnpicklingError: Weights only load failed. This file can still be loaded, to do so you have two options, [1mdo those steps only if you trust the source of the checkpoint[0m. 
	(1) Re-running `torch.load` with `weights_only` set to `False` will likely succeed, but it can result in arbitrary code execution. Do it only if you got the file from a trusted source.
	(2) Alternatively, to load with `weights_only=True` please check the recommended steps in the following error message.
	WeightsUnpickler error: Unsupported global: GLOBAL resistancemap.data.loaders.MultiOmicsDataset was not an allowed global by default. Please use `torch.serialization.add_safe_globals([MultiOmicsDataset])` to allowlist this global if you trust this class/function.

Check the documentation of torch.load to learn more about types accepted by default with weights_only https://pytorch.org/docs/stable/generated/torch.load.html.
2026-04-14 09:40:20 | INFO    | resistancemap.agents.base | data_prep: Execution complete (status=failed)
2026-04-14 09:40:20 | ERROR   | resistancemap.agents.orchestrator |   data_prep: FAILED (Data prep failed: Weights only load failed. This file can still be loaded, to do so you have two options, [1mdo those steps only if you trust the source of the checkpoint[0m. 
	(1) Re-running `torch.load` with `weights_only` set to `False` will likely succeed, but it can result in arbitrary code execution. Do it only if you got the file from a trusted source.
	(2) Alternatively, to load with `weights_only=True` please check the recommended steps in the following error message.
	WeightsUnpickler error: Unsupported global: GLOBAL resistancemap.data.loaders.MultiOmicsDataset was not an allowed global by default. Please use `torch.serialization.add_safe_globals([MultiOmicsDataset])` to allowlist this global if you trust this class/function.

Check the documentation of torch.load to learn more about types accepted by default with weights_only https://pytorch.org/docs/stable/generated/torch.load.html.)
2026-04-14 09:40:20 | INFO    | resistancemap.agents.orchestrator | Orchestrator: Layer 2 (2 agents)
2026-04-14 09:40:20 | ERROR   | resistancemap.agents.orchestrator |   vae_pretrain: FAILED (Dependency data_prep failed: Data prep failed: Weights only load failed. This file can still be loaded, to do so you have two options, [1mdo those steps only if you trust the source of the checkpoint[0m. 
	(1) Re-running `torch.load` with `weights_only` set to `False` will likely succeed, but it can result in arbitrary code execution. Do it only if you got the file from a trusted source.
	(2) Alternatively, to load with `weights_only=True` please check the recommended steps in the following error message.
	WeightsUnpickler error: Unsupported global: GLOBAL resistancemap.data.loaders.MultiOmicsDataset was not an allowed global by default. Please use `torch.serialization.add_safe_globals([MultiOmicsDataset])` to allowlist this global if you trust this class/function.

Check the documentation of torch.load to learn more about types accepted by default with weights_only https://pytorch.org/docs/stable/generated/torch.load.html.)
2026-04-14 09:40:20 | ERROR   | resistancemap.agents.orchestrator |   esm2_embed: FAILED (Dependency data_prep failed: Data prep failed: Weights only load failed. This file can still be loaded, to do so you have two options, [1mdo those steps only if you trust the source of the checkpoint[0m. 
	(1) Re-running `torch.load` with `weights_only` set to `False` will likely succeed, but it can result in arbitrary code execution. Do it only if you got the file from a trusted source.
	(2) Alternatively, to load with `weights_only=True` please check the recommended steps in the following error message.
	WeightsUnpickler error: Unsupported global: GLOBAL resistancemap.data.loaders.MultiOmicsDataset was not an allowed global by default. Please use `torch.serialization.add_safe_globals([MultiOmicsDataset])` to allowlist this global if you trust this class/function.

Check the documentation of torch.load to learn more about types accepted by default with weights_only https://pytorch.org/docs/stable/generated/torch.load.html.)
2026-04-14 09:40:20 | INFO    | resistancemap.agents.orchestrator | Orchestrator: Layer 3 (1 agents)
2026-04-14 09:40:20 | ERROR   | resistancemap.agents.orchestrator |   vae_finetune: FAILED (Dependency vae_pretrain failed: Dependency data_prep failed: Data prep failed: Weights only load failed. This file can still be loaded, to do so you have two options, [1mdo those steps only if you trust the source of the checkpoint[0m. 
	(1) Re-running `torch.load` with `weights_only` set to `False` will likely succeed, but it can result in arbitrary code execution. Do it only if you got the file from a trusted source.
	(2) Alternatively, to load with `weights_only=True` please check the recommended steps in the following error message.
	WeightsUnpickler error: Unsupported global: GLOBAL resistancemap.data.loaders.MultiOmicsDataset was not an allowed global by default. Please use `torch.serialization.add_safe_globals([MultiOmicsDataset])` to allowlist this global if you trust this class/function.

Check the documentation of torch.load to learn more about types accepted by default with weights_only https://pytorch.org/docs/stable/generated/torch.load.html.)
2026-04-14 09:40:20 | INFO    | resistancemap.agents.orchestrator | Orchestrator: Layer 4 (1 agents)
2026-04-14 09:40:20 | ERROR   | resistancemap.agents.orchestrator |   trajectory: FAILED (Dependency vae_finetune failed: Dependency vae_pretrain failed: Dependency data_prep failed: Data prep failed: Weights only load failed. This file can still be loaded, to do so you have two options, [1mdo those steps only if you trust the source of the checkpoint[0m. 
	(1) Re-running `torch.load` with `weights_only` set to `False` will likely succeed, but it can result in arbitrary code execution. Do it only if you got the file from a trusted source.
	(2) Alternatively, to load with `weights_only=True` please check the recommended steps in the following error message.
	WeightsUnpickler error: Unsupported global: GLOBAL resistancemap.data.loaders.MultiOmicsDataset was not an allowed global by default. Please use `torch.serialization.add_safe_globals([MultiOmicsDataset])` to allowlist this global if you trust this class/function.

Check the documentation of torch.load to learn more about types accepted by default with weights_only https://pytorch.org/docs/stable/generated/torch.load.html.)
2026-04-14 09:40:20 | INFO    | resistancemap.agents.orchestrator | Orchestrator: Layer 5 (1 agents)
2026-04-14 09:40:20 | ERROR   | resistancemap.agents.orchestrator |   protein_net: FAILED (Dependency esm2_embed failed: Dependency data_prep failed: Data prep failed: Weights only load failed. This file can still be loaded, to do so you have two options, [1mdo those steps only if you trust the source of the checkpoint[0m. 
	(1) Re-running `torch.load` with `weights_only` set to `False` will likely succeed, but it can result in arbitrary code execution. Do it only if you got the file from a trusted source.
	(2) Alternatively, to load with `weights_only=True` please check the recommended steps in the following error message.
	WeightsUnpickler error: Unsupported global: GLOBAL resistancemap.data.loaders.MultiOmicsDataset was not an allowed global by default. Please use `torch.serialization.add_safe_globals([MultiOmicsDataset])` to allowlist this global if you trust this class/function.

Check the documentation of torch.load to learn more about types accepted by default with weights_only https://pytorch.org/docs/stable/generated/torch.load.html.)
2026-04-14 09:40:20 | INFO    | resistancemap.agents.orchestrator | Orchestrator: Layer 6 (1 agents)
2026-04-14 09:40:20 | ERROR   | resistancemap.agents.orchestrator |   fusion: FAILED (Dependency trajectory failed: Dependency vae_finetune failed: Dependency vae_pretrain failed: Dependency data_prep failed: Data prep failed: Weights only load failed. This file can still be loaded, to do so you have two options, [1mdo those steps only if you trust the source of the checkpoint[0m. 
	(1) Re-running `torch.load` with `weights_only` set to `False` will likely succeed, but it can result in arbitrary code execution. Do it only if you got the file from a trusted source.
	(2) Alternatively, to load with `weights_only=True` please check the recommended steps in the following error message.
	WeightsUnpickler error: Unsupported global: GLOBAL resistancemap.data.loaders.MultiOmicsDataset was not an allowed global by default. Please use `torch.serialization.add_safe_globals([MultiOmicsDataset])` to allowlist this global if you trust this class/function.

Check the documentation of torch.load to learn more about types accepted by default with weights_only https://pytorch.org/docs/stable/generated/torch.load.html.)
2026-04-14 09:40:20 | INFO    | resistancemap.agents.orchestrator | Orchestrator: Layer 7 (1 agents)
2026-04-14 09:40:20 | ERROR   | resistancemap.agents.orchestrator |   landscape: FAILED (Dependency fusion failed: Dependency trajectory failed: Dependency vae_finetune failed: Dependency vae_pretrain failed: Dependency data_prep failed: Data prep failed: Weights only load failed. This file can still be loaded, to do so you have two options, [1mdo those steps only if you trust the source of the checkpoint[0m. 
	(1) Re-running `torch.load` with `weights_only` set to `False` will likely succeed, but it can result in arbitrary code execution. Do it only if you got the file from a trusted source.
	(2) Alternatively, to load with `weights_only=True` please check the recommended steps in the following error message.
	WeightsUnpickler error: Unsupported global: GLOBAL resistancemap.data.loaders.MultiOmicsDataset was not an allowed global by default. Please use `torch.serialization.add_safe_globals([MultiOmicsDataset])` to allowlist this global if you trust this class/function.

Check the documentation of torch.load to learn more about types accepted by default with weights_only https://pytorch.org/docs/stable/generated/torch.load.html.)
2026-04-14 09:40:20 | INFO    | resistancemap.agents.orchestrator | Orchestrator: Layer 8 (1 agents)
2026-04-14 09:40:20 | ERROR   | resistancemap.agents.orchestrator |   validation: FAILED (Dependency landscape failed: Dependency fusion failed: Dependency trajectory failed: Dependency vae_finetune failed: Dependency vae_pretrain failed: Dependency data_prep failed: Data prep failed: Weights only load failed. This file can still be loaded, to do so you have two options, [1mdo those steps only if you trust the source of the checkpoint[0m. 
	(1) Re-running `torch.load` with `weights_only` set to `False` will likely succeed, but it can result in arbitrary code execution. Do it only if you got the file from a trusted source.
	(2) Alternatively, to load with `weights_only=True` please check the recommended steps in the following error message.
	WeightsUnpickler error: Unsupported global: GLOBAL resistancemap.data.loaders.MultiOmicsDataset was not an allowed global by default. Please use `torch.serialization.add_safe_globals([MultiOmicsDataset])` to allowlist this global if you trust this class/function.

Check the documentation of torch.load to learn more about types accepted by default with weights_only https://pytorch.org/docs/stable/generated/torch.load.html.)
2026-04-14 09:40:20 | INFO    | resistancemap.agents.orchestrator | Orchestrator: Execution complete in 0.4s. Completed: 1/10
2026-04-14 09:40:20 | INFO    | resistancemap.main | ========================================================================
2026-04-14 09:40:20 | INFO    | resistancemap.main | PIPELINE COMPLETE
2026-04-14 09:40:20 | INFO    | resistancemap.main |   Total time: 0.5s
2026-04-14 09:40:20 | INFO    | resistancemap.main |   Agents completed: 1/10
2026-04-14 09:40:20 | INFO    | resistancemap.main |   Verification chain: 10 hashes
2026-04-14 09:40:20 | WARNING | resistancemap.main |   Failed agents: ['data_prep', 'vae_pretrain', 'esm2_embed', 'vae_finetune', 'trajectory', 'protein_net', 'fusion', 'landscape', 'validation']
2026-04-14 09:40:20 | INFO    | resistancemap.main | ========================================================================
2026-04-14 09:40:20 | INFO    | resistancemap.main | AgentOps dashboard exported: logs/agentops_dashboard.json
2026-04-14 09:44:47 | INFO    | resistancemap | Logging to logs/pipeline.log
2026-04-14 09:44:47 | WARNING | resistancemap | W&B init failed (continuing without): No API key configured. Use `wandb login` to log in.
2026-04-14 09:44:47 | INFO    | resistancemap.main | Agentic pipeline: 10 agents in 9 parallel layers
2026-04-14 09:44:47 | INFO    | resistancemap.main |   Layer 0: ['data_validation']
2026-04-14 09:44:47 | INFO    | resistancemap.main |   Layer 1: ['data_prep']
2026-04-14 09:44:47 | INFO    | resistancemap.main |   Layer 2: ['vae_pretrain', 'esm2_embed']
2026-04-14 09:44:47 | INFO    | resistancemap.main |   Layer 3: ['vae_finetune']
2026-04-14 09:44:47 | INFO    | resistancemap.main |   Layer 4: ['trajectory']
2026-04-14 09:44:47 | INFO    | resistancemap.main |   Layer 5: ['protein_net']
2026-04-14 09:44:47 | INFO    | resistancemap.main |   Layer 6: ['fusion']
2026-04-14 09:44:47 | INFO    | resistancemap.main |   Layer 7: ['landscape']
2026-04-14 09:44:47 | INFO    | resistancemap.main |   Layer 8: ['validation']
2026-04-14 09:44:47 | INFO    | resistancemap.main | AgentOps initialized: Tracer + Evaluator + Optimizer
2026-04-14 09:44:47 | INFO    | resistancemap.main | Zero-trust verification active: 8 guardrails loaded
2026-04-14 09:44:47 | INFO    | resistancemap.main | Data quality profiler ready (SOTA benchmarks loaded)
2026-04-14 09:44:47 | INFO    | resistancemap.main | Latent compute scheduler: GPU budget=24GB, max_concurrent=2
2026-04-14 09:44:47 | INFO    | resistancemap.main | ========================================================================
2026-04-14 09:44:47 | INFO    | resistancemap.main | EXECUTING AGENTIC PIPELINE
2026-04-14 09:44:47 | INFO    | resistancemap.main | ========================================================================
2026-04-14 09:44:47 | INFO    | resistancemap.agents.orchestrator | Orchestrator: Starting execution of 10 agents in 9 layers
2026-04-14 09:44:47 | INFO    | resistancemap.agents.orchestrator | Orchestrator: Layer 0 (1 agents)
2026-04-14 09:44:47 | INFO    | resistancemap.agents.base | data_validation: Starting execution
2026-04-14 09:44:47 | INFO    | resistancemap | >>> STAGE START: data_validate
2026-04-14 09:44:47 | INFO    | resistancemap | <<< STAGE END: data_validate (0.0 min)
2026-04-14 09:44:47 | INFO    | resistancemap.agents.base | data_validation: Execution complete (status=completed)
2026-04-14 09:44:47 | INFO    | resistancemap.agents.orchestrator |   data_validation: COMPLETED (hash=c756ad01...)
2026-04-14 09:44:47 | INFO    | resistancemap.agents.orchestrator | Orchestrator: Layer 1 (1 agents)
2026-04-14 09:44:47 | INFO    | resistancemap.agents.base | data_prep: Starting execution
2026-04-14 09:44:47 | INFO    | resistancemap | Checkpoint loaded: checkpoints/data_ready.pt (saved 2026-04-13T06:59:07.032158+00:00)
2026-04-14 09:44:47 | INFO    | resistancemap.agents.base | data_prep: Execution complete (status=completed)
2026-04-14 09:44:47 | INFO    | resistancemap.agents.orchestrator |   data_prep: COMPLETED (hash=6729f7bf...)
2026-04-14 09:44:47 | INFO    | resistancemap.agents.orchestrator | Orchestrator: Layer 2 (2 agents)
2026-04-14 09:44:47 | INFO    | resistancemap.agents.base | vae_pretrain: Starting execution
2026-04-14 09:44:47 | INFO    | resistancemap.agents.base | esm2_embed: Starting execution
2026-04-14 09:44:47 | INFO    | resistancemap | >>> STAGE START: esm2_embed
2026-04-14 09:44:48 | INFO    | resistancemap | Checkpoint loaded: checkpoints/data_ready.pt (saved 2026-04-13T06:59:07.032158+00:00)
2026-04-14 09:44:48 | INFO    | resistancemap.agents.specialized | ESM-2 embed: validated 19177 proteins for model facebook/esm2_t33_650M_UR50D
2026-04-14 09:44:48 | INFO    | resistancemap | <<< STAGE END: esm2_embed (0.0 min) | n_proteins=19177 esm2_model=facebook/esm2_t33_650M_UR50D embedding_dim=1280
2026-04-14 09:44:48 | INFO    | resistancemap.agents.base | esm2_embed: Execution complete (status=completed)
2026-04-14 09:44:48 | INFO    | resistancemap | Checkpoint loaded: checkpoints/vae_pretrained.pt (saved 2026-04-13T07:00:51.838576+00:00)
2026-04-14 09:44:48 | INFO    | resistancemap.agents.base | vae_pretrain: Execution complete (status=completed)
2026-04-14 09:44:48 | INFO    | resistancemap.agents.orchestrator |   vae_pretrain: COMPLETED (hash=96937bb0...)
2026-04-14 09:44:48 | INFO    | resistancemap.agents.orchestrator |   esm2_embed: COMPLETED (hash=a10dd06d...)
2026-04-14 09:44:48 | INFO    | resistancemap.agents.orchestrator | Orchestrator: Layer 3 (1 agents)
2026-04-14 09:44:48 | INFO    | resistancemap.agents.base | vae_finetune: Starting execution
2026-04-14 09:44:48 | INFO    | resistancemap | Checkpoint loaded: checkpoints/vae_finetuned.pt (saved 2026-04-13T07:01:06.723519+00:00)
2026-04-14 09:44:48 | INFO    | resistancemap.agents.base | vae_finetune: Execution complete (status=completed)
2026-04-14 09:44:48 | INFO    | resistancemap.agents.orchestrator |   vae_finetune: COMPLETED (hash=717b5097...)
2026-04-14 09:44:48 | INFO    | resistancemap.agents.orchestrator | Orchestrator: Layer 4 (1 agents)
2026-04-14 09:44:48 | INFO    | resistancemap.agents.base | trajectory: Starting execution
2026-04-14 09:44:48 | INFO    | resistancemap | Checkpoint loaded: checkpoints/stability_calibrated.pt (saved 2026-04-13T07:03:54.503927+00:00)
2026-04-14 09:44:48 | INFO    | resistancemap.agents.base | trajectory: Execution complete (status=completed)
2026-04-14 09:44:48 | INFO    | resistancemap.agents.orchestrator |   trajectory: COMPLETED (hash=f775403a...)
2026-04-14 09:44:48 | INFO    | resistancemap.agents.orchestrator | Orchestrator: Layer 5 (1 agents)
2026-04-14 09:44:48 | INFO    | resistancemap.agents.base | protein_net: Starting execution
2026-04-14 09:44:50 | INFO    | resistancemap | Checkpoint loaded: checkpoints/protein_net_trained.pt (saved 2026-04-13T07:11:29.066928+00:00)
2026-04-14 09:44:50 | INFO    | resistancemap.agents.base | protein_net: Execution complete (status=completed)
2026-04-14 09:44:50 | INFO    | resistancemap.agents.orchestrator |   protein_net: COMPLETED (hash=d7fbe35e...)
2026-04-14 09:44:50 | INFO    | resistancemap.agents.orchestrator | Orchestrator: Layer 6 (1 agents)
2026-04-14 09:44:50 | INFO    | resistancemap.agents.base | fusion: Starting execution
2026-04-14 09:44:50 | INFO    | resistancemap | Checkpoint loaded: checkpoints/fusion_trained.pt (saved 2026-04-13T07:19:10.792556+00:00)
2026-04-14 09:44:50 | INFO    | resistancemap.agents.base | fusion: Execution complete (status=completed)
2026-04-14 09:44:50 | INFO    | resistancemap.agents.orchestrator |   fusion: COMPLETED (hash=08bd0faf...)
2026-04-14 09:44:50 | INFO    | resistancemap.agents.orchestrator | Orchestrator: Layer 7 (1 agents)
2026-04-14 09:44:50 | INFO    | resistancemap.agents.base | landscape: Starting execution
2026-04-14 09:44:50 | INFO    | resistancemap | Checkpoint loaded: checkpoints/landscape_trained.pt (saved 2026-04-13T07:19:11.928657+00:00)
2026-04-14 09:44:50 | INFO    | resistancemap.agents.base | landscape: Execution complete (status=completed)
2026-04-14 09:44:50 | INFO    | resistancemap.agents.orchestrator |   landscape: COMPLETED (hash=f980a022...)
2026-04-14 09:44:50 | INFO    | resistancemap.agents.orchestrator | Orchestrator: Layer 8 (1 agents)
2026-04-14 09:44:50 | INFO    | resistancemap.agents.base | validation: Starting execution
2026-04-14 09:44:50 | INFO    | resistancemap | Checkpoint loaded: checkpoints/pipeline_validated.pt (saved 2026-04-13T07:19:12.594460+00:00)
2026-04-14 09:44:50 | INFO    | resistancemap.agents.base | validation: Execution complete (status=completed)
2026-04-14 09:44:50 | INFO    | resistancemap.agents.orchestrator |   validation: COMPLETED (hash=d56df36f...)
2026-04-14 09:44:50 | INFO    | resistancemap.agents.orchestrator | Orchestrator: Execution complete in 3.6s. Completed: 10/10
2026-04-14 09:44:50 | INFO    | resistancemap.main | ========================================================================
2026-04-14 09:44:50 | INFO    | resistancemap.main | PIPELINE COMPLETE
2026-04-14 09:44:50 | INFO    | resistancemap.main |   Total time: 3.7s
2026-04-14 09:44:50 | INFO    | resistancemap.main |   Agents completed: 10/10
2026-04-14 09:44:50 | INFO    | resistancemap.main |   Verification chain: 10 hashes
2026-04-14 09:44:50 | INFO    | resistancemap.main | ========================================================================
2026-04-14 09:44:50 | INFO    | resistancemap.main | AgentOps dashboard exported: logs/agentops_dashboard.json
2026-04-16 15:15:43 | INFO    | resistancemap | Logging to logs/pipeline.log
2026-04-16 15:15:44 | WARNING | resistancemap | W&B init failed (continuing without): No API key configured. Use `wandb login` to log in.
2026-04-16 15:15:44 | INFO    | resistancemap | >>> STAGE START: data_validate
2026-04-16 15:15:44 | INFO    | resistancemap | <<< STAGE END: data_validate (0.0 min)
2026-04-16 15:15:44 | INFO    | resistancemap | Sequential pipeline complete.
2026-04-16 15:15:54 | INFO    | resistancemap | Logging to logs/pipeline.log
2026-04-16 15:15:54 | WARNING | resistancemap | W&B init failed (continuing without): No API key configured. Use `wandb login` to log in.
2026-04-16 15:15:55 | INFO    | resistancemap | >>> STAGE START: data_prep
2026-04-16 15:15:55 | INFO    | resistancemap.data.loaders | Loading CCLE proteomics from data/raw/ccle_proteomics.csv
2026-04-16 15:16:03 | INFO    | resistancemap.data.loaders | Loaded proteomics: 1393 cell lines, 19177 proteins
2026-04-16 15:16:03 | INFO    | resistancemap.data.loaders | After coverage filter (70%): 19177 proteins retained
2026-04-16 15:16:03 | INFO    | resistancemap.data.loaders | Stripped '(entrez_id)' decoration from 19177/19177 protein names
2026-04-16 15:16:03 | INFO    | resistancemap.data.loaders | Loading CCLE epigenomics from data/raw/ccle_epigenomics
2026-04-16 15:16:03 | INFO    | resistancemap.data.loaders |   chromatin_profiling: 897 lines, 42 features
2026-04-16 15:16:03 | INFO    | resistancemap.data.loaders | Loading STRING PPI network from data/raw/string_ppi.txt
2026-04-16 15:16:43 | INFO    | resistancemap.data.loaders |   STRING scores on 0-1000 scale — normalizing to 0-1
2026-04-16 15:16:43 | INFO    | resistancemap.data.loaders | PPI edges after confidence filter (>=0.7): 473860
2026-04-16 15:16:43 | INFO    | resistancemap.data.loaders |   Loaded STRING protein info from 9606.protein.info.v12.0.txt.gz: 19699 ENSP -> gene_symbol entries
2026-04-16 15:16:43 | INFO    | resistancemap.data.loaders | Translated STRING ENSP -> gene symbols: 473860/473860 edges retained after mapping
2026-04-16 15:16:44 | INFO    | resistancemap.data.loaders | Loading scRNA-seq from data/raw/gse124310.h5ad
2026-04-16 15:16:44 | INFO    | resistancemap.data.loaders | Loaded scRNA-seq: 27796 cells, 33694 genes
2026-04-16 15:16:44 | INFO    | resistancemap.data.loaders | Loaded scRNA-seq GSE124310: 27796 cells
2026-04-16 15:16:44 | INFO    | resistancemap.data.loaders | Loading scRNA-seq from data/raw/gse271107.h5ad
2026-04-16 15:16:45 | INFO    | resistancemap.data.loaders | Loaded scRNA-seq: 143748 cells, 36601 genes
2026-04-16 15:16:45 | INFO    | resistancemap.data.loaders | Loaded scRNA-seq GSE271107: 143748 cells
2026-04-16 15:16:45 | INFO    | resistancemap.data.loaders | MMRF CoMMpass directory not found at data/raw/mmrf_commpass (graceful degradation)
2026-04-16 15:16:45 | INFO    | resistancemap.data.preprocessors | Harmonizing multi-omics data
2026-04-16 15:16:45 | INFO    | resistancemap.data.preprocessors |   Additional scRNA-seq datasets: ['GSE124310', 'GSE271107']
2026-04-16 15:16:45 | INFO    | resistancemap.data.preprocessors |   ID mapping: 0 CCLEName → ModelID entries
2026-04-16 15:16:45 | INFO    | resistancemap.data.preprocessors | Cell lines in common across modalities: 886
2026-04-16 15:17:07 | INFO    | resistancemap.data.loaders | Loading drug sensitivity data
2026-04-16 15:17:07 | INFO    | resistancemap.data.loaders |   GDSC: 575197 records
2026-04-16 15:17:07 | INFO    | resistancemap.data.loaders |   GDSC: standardized columns
2026-04-16 15:17:07 | WARNING | resistancemap.data.loaders |   CTRPv2: not found at data/raw/ctrpv2_drug_sensitivity.csv, skipping
2026-04-16 15:17:08 | INFO    | resistancemap.data.loaders | Drug sensitivity matrix: 977 samples × 11 drugs
2026-04-16 15:17:08 | INFO    | resistancemap.data.preprocessors |   Drug sensitivity ID mapping via cell_line_name: 498 matches
2026-04-16 15:17:08 | INFO    | resistancemap.data.preprocessors | Drug-sensitivity targets z-scored: 11/11 drugs with usable variance
2026-04-16 15:17:08 | INFO    | resistancemap.data.preprocessors |   Lineage labels: 886/886 matched
2026-04-16 15:17:08 | INFO    | resistancemap.data.preprocessors | PPI-proteomics overlap: 15904 proteins
2026-04-16 15:17:08 | INFO    | resistancemap.data.preprocessors | MultiOmicsDataset: 886 samples, 19177 proteins, 42 epigenomic features, 473860 PPI edges
2026-04-16 15:17:08 | INFO    | resistancemap.data.preprocessors | Re-normalized drug targets using training statistics only
2026-04-16 15:17:08 | INFO    | resistancemap.data.preprocessors | Splits: train=622, val=132, test=132
2026-04-16 15:17:08 | INFO    | resistancemap | Checkpoint saved: checkpoints/data_ready.pt
2026-04-16 15:17:08 | INFO    | resistancemap | <<< STAGE END: data_prep (1.2 min)
2026-04-16 15:17:08 | INFO    | resistancemap | Sequential pipeline complete.
2026-04-16 15:17:21 | INFO    | resistancemap | Logging to logs/pipeline.log
2026-04-16 15:17:21 | WARNING | resistancemap | W&B init failed (continuing without): No API key configured. Use `wandb login` to log in.
2026-04-16 15:17:21 | INFO    | resistancemap | >>> STAGE START: vae_pretrain
2026-04-16 15:17:22 | INFO    | resistancemap | Checkpoint loaded: checkpoints/data_ready.pt (saved 2026-04-16T20:17:08.096428+00:00)
2026-04-16 15:17:24 | INFO    | resistancemap.models.vae | [vae_pretrained] Epoch 1/200 — train_loss=2.0117 val_loss=1.1165 recon=2.0117 kl=44.4486 kl_weight=0.0000
2026-04-16 15:17:25 | INFO    | resistancemap | Checkpoint saved: checkpoints/vae_pretrained.pt
2026-04-16 15:17:25 | INFO    | resistancemap.models.vae | [vae_pretrained] Epoch 2/200 — train_loss=4.2459 val_loss=91.7011 recon=1.6578 kl=64.7043 kl_weight=0.0400
2026-04-16 15:17:26 | INFO    | resistancemap.models.vae | [vae_pretrained] Epoch 3/200 — train_loss=4.9522 val_loss=50.4486 recon=1.7155 kl=40.4590 kl_weight=0.0800
2026-04-16 15:17:26 | INFO    | resistancemap.models.vae | [vae_pretrained] Epoch 4/200 — train_loss=4.8265 val_loss=15.9267 recon=1.7490 kl=25.6458 kl_weight=0.1200
2026-04-16 15:17:26 | INFO    | resistancemap.models.vae | [vae_pretrained] Epoch 5/200 — train_loss=4.3009 val_loss=12.2294 recon=1.6917 kl=16.3073 kl_weight=0.1600
2026-04-16 15:17:27 | INFO    | resistancemap.models.vae | [vae_pretrained] Epoch 6/200 — train_loss=3.9194 val_loss=10.2167 recon=1.6572 kl=11.3107 kl_weight=0.2000
2026-04-16 15:17:27 | INFO    | resistancemap.models.vae | [vae_pretrained] Epoch 7/200 — train_loss=3.6117 val_loss=7.9902 recon=1.5847 kl=8.4455 kl_weight=0.2400
2026-04-16 15:17:27 | INFO    | resistancemap.models.vae | [vae_pretrained] Epoch 8/200 — train_loss=3.4423 val_loss=6.5166 recon=1.5749 kl=6.6694 kl_weight=0.2800
2026-04-16 15:17:28 | INFO    | resistancemap.models.vae | [vae_pretrained] Epoch 9/200 — train_loss=3.3186 val_loss=5.2970 recon=1.5142 kl=5.6386 kl_weight=0.3200
2026-04-16 15:17:28 | INFO    | resistancemap.models.vae | [vae_pretrained] Epoch 10/200 — train_loss=3.3277 val_loss=4.3710 recon=1.5544 kl=4.9259 kl_weight=0.3600
2026-04-16 15:17:28 | INFO    | resistancemap.models.vae | [vae_pretrained] Epoch 11/200 — train_loss=3.2517 val_loss=3.5949 recon=1.5082 kl=4.3587 kl_weight=0.4000
2026-04-16 15:17:29 | INFO    | resistancemap.models.vae | [vae_pretrained] Epoch 12/200 — train_loss=3.1876 val_loss=3.0935 recon=1.5005 kl=3.8344 kl_weight=0.4400
2026-04-16 15:17:29 | INFO    | resistancemap.models.vae | [vae_pretrained] Epoch 13/200 — train_loss=3.0938 val_loss=2.6108 recon=1.4750 kl=3.3726 kl_weight=0.4800
2026-04-16 15:17:29 | INFO    | resistancemap.models.vae | [vae_pretrained] Epoch 14/200 — train_loss=3.0153 val_loss=2.3269 recon=1.4290 kl=3.0506 kl_weight=0.5200
2026-04-16 15:17:30 | INFO    | resistancemap.models.vae | [vae_pretrained] Epoch 15/200 — train_loss=2.9595 val_loss=2.1670 recon=1.4255 kl=2.7393 kl_weight=0.5600
2026-04-16 15:17:30 | INFO    | resistancemap.models.vae | [vae_pretrained] Epoch 16/200 — train_loss=2.9324 val_loss=2.0321 recon=1.4306 kl=2.5030 kl_weight=0.6000
2026-04-16 15:17:30 | INFO    | resistancemap.models.vae | [vae_pretrained] Epoch 17/200 — train_loss=2.9216 val_loss=1.8591 recon=1.4204 kl=2.3456 kl_weight=0.6400
2026-04-16 15:17:31 | INFO    | resistancemap.models.vae | [vae_pretrained] Epoch 18/200 — train_loss=2.8081 val_loss=1.7294 recon=1.3892 kl=2.0866 kl_weight=0.6800
2026-04-16 15:17:31 | INFO    | resistancemap.models.vae | [vae_pretrained] Epoch 19/200 — train_loss=2.7745 val_loss=1.6420 recon=1.3941 kl=1.9172 kl_weight=0.7200
2026-04-16 15:17:31 | INFO    | resistancemap.models.vae | [vae_pretrained] Epoch 20/200 — train_loss=2.7298 val_loss=1.6040 recon=1.3879 kl=1.7657 kl_weight=0.7600
2026-04-16 15:17:32 | INFO    | resistancemap.models.vae | [vae_pretrained] Epoch 21/200 — train_loss=2.7105 val_loss=1.5611 recon=1.3787 kl=1.6648 kl_weight=0.8000
2026-04-16 15:17:32 | INFO    | resistancemap.models.vae | Early stopping at epoch 21
2026-04-16 15:17:32 | INFO    | resistancemap | <<< STAGE END: vae_pretrain (0.2 min) | best_val_loss=1.1165 final_epoch=21 total_steps=21
2026-04-16 15:17:32 | INFO    | resistancemap | Sequential pipeline complete.
2026-04-16 15:17:50 | INFO    | resistancemap | Logging to logs/pipeline.log
2026-04-16 15:17:50 | WARNING | resistancemap | W&B init failed (continuing without): No API key configured. Use `wandb login` to log in.
2026-04-16 15:17:50 | INFO    | resistancemap | >>> STAGE START: vae_finetune
2026-04-16 15:17:50 | INFO    | resistancemap | Checkpoint loaded: checkpoints/data_ready.pt (saved 2026-04-16T20:17:08.096428+00:00)
2026-04-16 15:17:50 | INFO    | resistancemap | Checkpoint loaded: checkpoints/vae_pretrained.pt (saved 2026-04-16T20:17:24.749314+00:00)
2026-04-16 15:17:53 | INFO    | resistancemap.models.vae | [vae_finetuned] Epoch 1/100 — train_loss=1.7873 val_loss=1.2003 recon=1.7873 kl=61.5285 kl_weight=0.0000
2026-04-16 15:17:53 | INFO    | resistancemap | Checkpoint saved: checkpoints/vae_finetuned.pt
2026-04-16 15:17:54 | INFO    | resistancemap.models.vae | [vae_finetuned] Epoch 2/100 — train_loss=7.3114 val_loss=26.9453 recon=1.6920 kl=67.4321 kl_weight=0.0833
2026-04-16 15:17:54 | INFO    | resistancemap.models.vae | [vae_finetuned] Epoch 3/100 — train_loss=11.7432 val_loss=23.5288 recon=1.6129 kl=60.7815 kl_weight=0.1667
2026-04-16 15:17:54 | INFO    | resistancemap.models.vae | [vae_finetuned] Epoch 4/100 — train_loss=14.7771 val_loss=20.0765 recon=1.6752 kl=52.4079 kl_weight=0.2500
2026-04-16 15:17:55 | INFO    | resistancemap.models.vae | [vae_finetuned] Epoch 5/100 — train_loss=16.4016 val_loss=17.7818 recon=1.6282 kl=44.3203 kl_weight=0.3333
2026-04-16 15:17:55 | INFO    | resistancemap.models.vae | [vae_finetuned] Epoch 6/100 — train_loss=17.2481 val_loss=16.4729 recon=1.6153 kl=37.5187 kl_weight=0.4167
2026-04-16 15:17:55 | INFO    | resistancemap.models.vae | [vae_finetuned] Epoch 7/100 — train_loss=17.9561 val_loss=15.6959 recon=1.6593 kl=32.5936 kl_weight=0.5000
2026-04-16 15:17:56 | INFO    | resistancemap.models.vae | [vae_finetuned] Epoch 8/100 — train_loss=18.7089 val_loss=15.2970 recon=1.6434 kl=29.2552 kl_weight=0.5833
2026-04-16 15:17:56 | INFO    | resistancemap.models.vae | [vae_finetuned] Epoch 9/100 — train_loss=18.7733 val_loss=15.1856 recon=1.7037 kl=25.6045 kl_weight=0.6667
2026-04-16 15:17:56 | INFO    | resistancemap.models.vae | [vae_finetuned] Epoch 10/100 — train_loss=19.6021 val_loss=15.2661 recon=1.7007 kl=23.8685 kl_weight=0.7500
2026-04-16 15:17:57 | INFO    | resistancemap.models.vae | [vae_finetuned] Epoch 11/100 — train_loss=19.8525 val_loss=15.2242 recon=1.6696 kl=21.8195 kl_weight=0.8333
2026-04-16 15:17:57 | INFO    | resistancemap.models.vae | [vae_finetuned] Epoch 12/100 — train_loss=19.9075 val_loss=15.0672 recon=1.7043 kl=19.8580 kl_weight=0.9167
2026-04-16 15:17:57 | INFO    | resistancemap.models.vae | [vae_finetuned] Epoch 13/100 — train_loss=20.6434 val_loss=14.8149 recon=1.6863 kl=18.9571 kl_weight=1.0000
2026-04-16 15:17:57 | INFO    | resistancemap.models.vae | [vae_finetuned] Epoch 14/100 — train_loss=19.6518 val_loss=13.4547 recon=1.7082 kl=17.9436 kl_weight=1.0000
2026-04-16 15:17:58 | INFO    | resistancemap.models.vae | [vae_finetuned] Epoch 15/100 — train_loss=18.7985 val_loss=12.2714 recon=1.6979 kl=17.1006 kl_weight=1.0000
2026-04-16 15:17:58 | INFO    | resistancemap.models.vae | [vae_finetuned] Epoch 16/100 — train_loss=18.0794 val_loss=11.3074 recon=1.7115 kl=16.3679 kl_weight=1.0000
2026-04-16 15:17:58 | INFO    | resistancemap.models.vae | [vae_finetuned] Epoch 17/100 — train_loss=17.2323 val_loss=10.4833 recon=1.7254 kl=15.5069 kl_weight=1.0000
2026-04-16 15:17:59 | INFO    | resistancemap.models.vae | [vae_finetuned] Epoch 18/100 — train_loss=15.6759 val_loss=9.7444 recon=1.7509 kl=13.9250 kl_weight=1.0000
2026-04-16 15:17:59 | INFO    | resistancemap.models.vae | [vae_finetuned] Epoch 19/100 — train_loss=15.6913 val_loss=9.1521 recon=1.6882 kl=14.0031 kl_weight=1.0000
2026-04-16 15:17:59 | INFO    | resistancemap.models.vae | [vae_finetuned] Epoch 20/100 — train_loss=15.0532 val_loss=8.6698 recon=1.6985 kl=13.3548 kl_weight=1.0000
2026-04-16 15:18:00 | INFO    | resistancemap.models.vae | [vae_finetuned] Epoch 21/100 — train_loss=14.1636 val_loss=8.2598 recon=1.6857 kl=12.4779 kl_weight=1.0000
2026-04-16 15:18:00 | INFO    | resistancemap.models.vae | Early stopping at epoch 21
2026-04-16 15:18:00 | INFO    | resistancemap | <<< STAGE END: vae_finetune (0.2 min) | best_val_loss=1.2003 final_epoch=21 total_steps=21
2026-04-16 15:18:00 | INFO    | resistancemap | Sequential pipeline complete.
2026-04-16 15:18:24 | INFO    | resistancemap | Logging to logs/pipeline.log
2026-04-16 15:18:25 | WARNING | resistancemap | W&B init failed (continuing without): No API key configured. Use `wandb login` to log in.
2026-04-16 15:18:25 | INFO    | resistancemap | >>> STAGE START: trajectory_calibrate
2026-04-16 15:18:25 | INFO    | resistancemap | Checkpoint loaded: checkpoints/data_ready.pt (saved 2026-04-16T20:17:08.096428+00:00)
2026-04-16 15:18:26 | INFO    | resistancemap | Checkpoint loaded: checkpoints/vae_finetuned.pt (saved 2026-04-16T20:17:53.300019+00:00)
2026-04-16 15:18:28 | INFO    | resistancemap | Checkpoint saved: checkpoints/stability_calibrated.pt
2026-04-16 15:18:28 | INFO    | resistancemap | Checkpoint saved: checkpoints/stability_calibrated.pt
2026-04-16 15:18:28 | INFO    | resistancemap | Checkpoint saved: checkpoints/stability_calibrated.pt
2026-04-16 15:18:29 | INFO    | resistancemap | Checkpoint saved: checkpoints/stability_calibrated.pt
2026-04-16 15:18:30 | INFO    | resistancemap | Checkpoint saved: checkpoints/stability_calibrated.pt
2026-04-16 15:18:31 | INFO    | resistancemap | Checkpoint saved: checkpoints/stability_calibrated.pt
2026-04-16 15:18:38 | INFO    | resistancemap | Checkpoint saved: checkpoints/stability_calibrated.pt
2026-04-16 15:18:39 | INFO    | resistancemap | Checkpoint saved: checkpoints/stability_calibrated.pt
2026-04-16 15:18:39 | INFO    | resistancemap | Checkpoint saved: checkpoints/stability_calibrated.pt
2026-04-16 15:18:40 | INFO    | resistancemap | Checkpoint saved: checkpoints/stability_calibrated.pt
2026-04-16 15:18:40 | INFO    | resistancemap | Checkpoint saved: checkpoints/stability_calibrated.pt
2026-04-16 15:18:42 | INFO    | resistancemap | Checkpoint saved: checkpoints/stability_calibrated.pt
2026-04-16 15:18:42 | INFO    | resistancemap | Checkpoint saved: checkpoints/stability_calibrated.pt
2026-04-16 15:18:51 | INFO    | resistancemap | Checkpoint saved: checkpoints/stability_calibrated.pt
2026-04-16 15:18:52 | INFO    | resistancemap.models.trajectory | [stability_calibrate] Epoch 50/500 loss=0.5119 basin_center=1.4801 basin_scale=1.5109
2026-04-16 15:18:52 | INFO    | resistancemap | Checkpoint saved: checkpoints/stability_calibrated.pt
2026-04-16 15:18:53 | INFO    | resistancemap | Checkpoint saved: checkpoints/stability_calibrated.pt
2026-04-16 15:18:53 | INFO    | resistancemap | Checkpoint saved: checkpoints/stability_calibrated.pt
2026-04-16 15:18:54 | INFO    | resistancemap | Checkpoint saved: checkpoints/stability_calibrated.pt
2026-04-16 15:18:55 | INFO    | resistancemap | Checkpoint saved: checkpoints/stability_calibrated.pt
2026-04-16 15:18:56 | INFO    | resistancemap | Checkpoint saved: checkpoints/stability_calibrated.pt
2026-04-16 15:18:57 | INFO    | resistancemap | Checkpoint saved: checkpoints/stability_calibrated.pt
2026-04-16 15:18:58 | INFO    | resistancemap | Checkpoint saved: checkpoints/stability_calibrated.pt
2026-04-16 15:18:59 | INFO    | resistancemap | Checkpoint saved: checkpoints/stability_calibrated.pt
2026-04-16 15:19:00 | INFO    | resistancemap | Checkpoint saved: checkpoints/stability_calibrated.pt
2026-04-16 15:19:01 | INFO    | resistancemap | Checkpoint saved: checkpoints/stability_calibrated.pt
2026-04-16 15:19:02 | INFO    | resistancemap | Checkpoint saved: checkpoints/stability_calibrated.pt
2026-04-16 15:19:03 | INFO    | resistancemap | Checkpoint saved: checkpoints/stability_calibrated.pt
2026-04-16 15:19:04 | INFO    | resistancemap | Checkpoint saved: checkpoints/stability_calibrated.pt
2026-04-16 15:19:05 | INFO    | resistancemap | Checkpoint saved: checkpoints/stability_calibrated.pt
2026-04-16 15:19:07 | INFO    | resistancemap | Checkpoint saved: checkpoints/stability_calibrated.pt
2026-04-16 15:19:09 | INFO    | resistancemap | Checkpoint saved: checkpoints/stability_calibrated.pt
2026-04-16 15:19:10 | INFO    | resistancemap | Checkpoint saved: checkpoints/stability_calibrated.pt
2026-04-16 15:19:12 | INFO    | resistancemap | Checkpoint saved: checkpoints/stability_calibrated.pt
2026-04-16 15:19:13 | INFO    | resistancemap | Checkpoint saved: checkpoints/stability_calibrated.pt
2026-04-16 15:19:14 | INFO    | resistancemap | Checkpoint saved: checkpoints/stability_calibrated.pt
2026-04-16 15:19:16 | INFO    | resistancemap | Checkpoint saved: checkpoints/stability_calibrated.pt
2026-04-16 15:19:17 | INFO    | resistancemap | Checkpoint saved: checkpoints/stability_calibrated.pt
2026-04-16 15:19:20 | INFO    | resistancemap | Checkpoint saved: checkpoints/stability_calibrated.pt
2026-04-16 15:19:29 | INFO    | resistancemap | Checkpoint saved: checkpoints/stability_calibrated.pt
2026-04-16 15:19:30 | INFO    | resistancemap | Checkpoint saved: checkpoints/stability_calibrated.pt
2026-04-16 15:19:36 | INFO    | resistancemap | Checkpoint saved: checkpoints/stability_calibrated.pt
2026-04-16 15:19:43 | INFO    | resistancemap | Checkpoint saved: checkpoints/stability_calibrated.pt
2026-04-16 15:19:47 | INFO    | resistancemap | Checkpoint saved: checkpoints/stability_calibrated.pt
2026-04-16 15:19:49 | INFO    | resistancemap | Checkpoint saved: checkpoints/stability_calibrated.pt
2026-04-16 15:19:51 | INFO    | resistancemap | Checkpoint saved: checkpoints/stability_calibrated.pt
2026-04-16 15:19:57 | INFO    | resistancemap | Checkpoint saved: checkpoints/stability_calibrated.pt
2026-04-16 15:20:04 | INFO    | resistancemap.models.trajectory | [stability_calibrate] Epoch 100/500 loss=0.0358 basin_center=1.4521 basin_scale=1.4969
2026-04-16 15:20:09 | INFO    | resistancemap | Checkpoint saved: checkpoints/stability_calibrated.pt
2026-04-16 15:20:11 | INFO    | resistancemap | Checkpoint saved: checkpoints/stability_calibrated.pt
2026-04-16 15:20:23 | INFO    | resistancemap | Checkpoint saved: checkpoints/stability_calibrated.pt
2026-04-16 15:20:25 | INFO    | resistancemap | Checkpoint saved: checkpoints/stability_calibrated.pt
2026-04-16 15:21:02 | INFO    | resistancemap | Checkpoint saved: checkpoints/stability_calibrated.pt
2026-04-16 15:21:25 | INFO    | resistancemap | Checkpoint saved: checkpoints/stability_calibrated.pt
2026-04-16 15:21:29 | INFO    | resistancemap | Checkpoint saved: checkpoints/stability_calibrated.pt
2026-04-16 15:21:36 | INFO    | resistancemap | Checkpoint saved: checkpoints/stability_calibrated.pt
2026-04-16 15:21:43 | INFO    | resistancemap | Checkpoint saved: checkpoints/stability_calibrated.pt
2026-04-16 15:21:46 | INFO    | resistancemap | Checkpoint saved: checkpoints/stability_calibrated.pt
2026-04-16 15:21:57 | INFO    | resistancemap.models.trajectory | [stability_calibrate] Epoch 150/500 loss=0.0117 basin_center=1.4487 basin_scale=1.4985
2026-04-16 15:21:57 | INFO    | resistancemap | Checkpoint saved: checkpoints/stability_calibrated.pt
2026-04-16 15:21:59 | INFO    | resistancemap | Checkpoint saved: checkpoints/stability_calibrated.pt
2026-04-16 15:22:49 | INFO    | resistancemap | Checkpoint saved: checkpoints/stability_calibrated.pt
2026-04-16 15:23:08 | INFO    | resistancemap | Checkpoint saved: checkpoints/stability_calibrated.pt
2026-04-16 15:24:05 | INFO    | resistancemap.models.trajectory | [stability_calibrate] Epoch 200/500 loss=0.0076 basin_center=1.4479 basin_scale=1.4991
2026-04-16 15:24:20 | INFO    | resistancemap | Checkpoint saved: checkpoints/stability_calibrated.pt
2026-04-16 15:25:06 | INFO    | resistancemap | Checkpoint saved: checkpoints/stability_calibrated.pt
2026-04-16 15:26:13 | INFO    | resistancemap | Checkpoint saved: checkpoints/stability_calibrated.pt
2026-04-16 15:26:16 | INFO    | resistancemap.models.trajectory | [stability_calibrate] Epoch 250/500 loss=0.0094 basin_center=1.4467 basin_scale=1.5003
2026-04-16 15:27:25 | INFO    | resistancemap | Checkpoint saved: checkpoints/stability_calibrated.pt
2026-04-16 15:27:39 | INFO    | resistancemap | Checkpoint saved: checkpoints/stability_calibrated.pt
2026-04-16 15:28:33 | INFO    | resistancemap.models.trajectory | [stability_calibrate] Epoch 300/500 loss=0.0088 basin_center=1.4462 basin_scale=1.5010
2026-04-16 15:28:36 | INFO    | resistancemap | Checkpoint saved: checkpoints/stability_calibrated.pt
2026-04-16 15:28:39 | INFO    | resistancemap | Logging to logs/pipeline.log
2026-04-16 15:28:39 | WARNING | resistancemap | W&B init failed (continuing without): No API key configured. Use `wandb login` to log in.
2026-04-16 15:28:39 | INFO    | resistancemap | Sequential pipeline complete.
2026-04-16 15:29:18 | INFO    | resistancemap | Logging to logs/pipeline.log
2026-04-16 15:29:18 | WARNING | resistancemap | W&B init failed (continuing without): No API key configured. Use `wandb login` to log in.
2026-04-16 15:29:19 | INFO    | resistancemap | >>> STAGE START: trajectory_forecast
2026-04-16 15:29:19 | INFO    | resistancemap | Checkpoint loaded: checkpoints/data_ready.pt (saved 2026-04-16T20:17:08.096428+00:00)
2026-04-16 15:29:19 | INFO    | resistancemap | Checkpoint loaded: checkpoints/vae_finetuned.pt (saved 2026-04-16T20:17:53.300019+00:00)
2026-04-16 15:29:19 | INFO    | resistancemap | Checkpoint loaded: checkpoints/stability_calibrated.pt (saved 2026-04-16T20:28:36.950212+00:00)
2026-04-16 15:29:20 | INFO    | resistancemap | Checkpoint saved: checkpoints/stability_calibrated.pt
2026-04-16 15:29:20 | INFO    | resistancemap.models.trajectory | Initialized TrajectoryForecaster with latent_dim=64 (deterministic ODE mode)
2026-04-16 15:29:59 | INFO    | resistancemap | Checkpoint saved: checkpoints/stability_calibrated.pt
2026-04-16 15:30:08 | INFO    | resistancemap | Checkpoint saved: checkpoints/stability_calibrated.pt
2026-04-16 15:30:27 | INFO    | resistancemap | Checkpoint saved: checkpoints/stability_calibrated.pt
2026-04-16 15:30:54 | INFO    | resistancemap | Checkpoint saved: checkpoints/stability_calibrated.pt
2026-04-16 15:31:00 | INFO    | resistancemap.models.trajectory | [stability_calibrate] Epoch 350/500 loss=0.0036 basin_center=1.4455 basin_scale=1.5021
2026-04-16 15:31:11 | INFO    | resistancemap | Logging to logs/pipeline.log
2026-04-16 15:31:11 | INFO    | resistancemap | Logging to logs/pipeline.log
2026-04-16 15:31:11 | WARNING | resistancemap | W&B init failed (continuing without): No API key configured. Use `wandb login` to log in.
2026-04-16 15:31:11 | WARNING | resistancemap | W&B init failed (continuing without): No API key configured. Use `wandb login` to log in.
2026-04-16 15:31:12 | INFO    | resistancemap | >>> STAGE START: trajectory_forecast
2026-04-16 15:31:12 | INFO    | resistancemap | Checkpoint loaded: checkpoints/data_ready.pt (saved 2026-04-16T20:17:08.096428+00:00)
2026-04-16 15:31:13 | INFO    | resistancemap | Checkpoint loaded: checkpoints/vae_finetuned.pt (saved 2026-04-16T20:17:53.300019+00:00)
2026-04-16 15:31:13 | INFO    | resistancemap | Checkpoint loaded: checkpoints/stability_calibrated.pt (saved 2026-04-16T20:30:54.798207+00:00)
2026-04-16 15:31:13 | INFO    | resistancemap.models.trajectory | Initialized TrajectoryForecaster with latent_dim=64 (deterministic ODE mode)
2026-04-16 15:31:14 | INFO    | resistancemap | >>> STAGE START: protein_net_train
2026-04-16 15:31:14 | INFO    | resistancemap | Checkpoint loaded: checkpoints/data_ready.pt (saved 2026-04-16T20:17:08.096428+00:00)
2026-04-16 15:31:15 | INFO    | resistancemap | Checkpoint loaded: checkpoints/vae_finetuned.pt (saved 2026-04-16T20:17:53.300019+00:00)
2026-04-16 15:31:15 | INFO    | resistancemap | Checkpoint loaded: checkpoints/stability_calibrated.pt (saved 2026-04-16T20:30:54.798207+00:00)
2026-04-16 15:33:32 | INFO    | resistancemap | Checkpoint saved: checkpoints/stability_calibrated.pt
2026-04-16 15:34:37 | INFO    | resistancemap.models.trajectory | [stability_calibrate] Epoch 400/500 loss=0.0076 basin_center=1.4454 basin_scale=1.5022
2026-04-16 15:36:54 | INFO    | resistancemap | Checkpoint saved: checkpoints/stability_calibrated.pt
2026-04-16 15:36:59 | INFO    | resistancemap.models.trajectory | [stability_calibrate] Epoch 450/500 loss=0.0064 basin_center=1.4452 basin_scale=1.5027
2026-04-16 15:39:32 | INFO    | resistancemap.models.trajectory | [stability_calibrate] Epoch 500/500 loss=0.0035 basin_center=1.4451 basin_scale=1.5028
2026-04-16 15:39:32 | INFO    | resistancemap | <<< STAGE END: trajectory_calibrate (21.1 min) | best_calibration_loss=0.0011 n_valid_samples=498
2026-04-16 15:39:32 | INFO    | resistancemap | Sequential pipeline complete.
2026-04-16 15:44:46 | INFO    | resistancemap | Checkpoint saved: checkpoints/protein_net_trained.pt
2026-04-16 15:45:46 | INFO    | resistancemap | Checkpoint saved: checkpoints/protein_net_trained.pt
2026-04-16 15:46:46 | INFO    | resistancemap | Checkpoint saved: checkpoints/protein_net_trained.pt
2026-04-16 15:48:47 | INFO    | resistancemap | Checkpoint saved: checkpoints/protein_net_trained.pt
2026-04-16 15:52:40 | INFO    | resistancemap | Logging to logs/pipeline.log
2026-04-16 15:52:40 | WARNING | resistancemap | W&B init failed (continuing without): No API key configured. Use `wandb login` to log in.
2026-04-16 15:52:41 | INFO    | resistancemap | >>> STAGE START: trajectory_forecast
2026-04-16 15:52:41 | INFO    | resistancemap | Checkpoint loaded: checkpoints/data_ready.pt (saved 2026-04-16T20:17:08.096428+00:00)
2026-04-16 15:52:41 | INFO    | resistancemap | Checkpoint loaded: checkpoints/vae_finetuned.pt (saved 2026-04-16T20:17:53.300019+00:00)
2026-04-16 15:52:41 | INFO    | resistancemap | Checkpoint loaded: checkpoints/stability_calibrated.pt (saved 2026-04-16T20:36:54.139420+00:00)
2026-04-16 15:52:42 | INFO    | resistancemap.models.trajectory | Initialized TrajectoryForecaster with latent_dim=64 (deterministic ODE mode)
2026-04-16 15:52:48 | INFO    | resistancemap | Checkpoint saved: checkpoints/trajectory_forecaster_trained.pt
2026-04-16 15:52:51 | INFO    | resistancemap | Checkpoint saved: checkpoints/trajectory_forecaster_trained.pt
2026-04-16 15:53:47 | INFO    | resistancemap | <<< STAGE END: trajectory_forecast (1.1 min) | trajectory_forecast_val_loss=0.0120
2026-04-16 15:53:47 | INFO    | resistancemap | Sequential pipeline complete.
2026-04-16 15:54:52 | INFO    | resistancemap | Checkpoint saved: checkpoints/protein_net_trained.pt
2026-04-16 16:09:59 | INFO    | resistancemap | <<< STAGE END: protein_net_train (38.7 min) | protein_net_val_loss=1.8183
2026-04-16 16:09:59 | INFO    | resistancemap | Sequential pipeline complete.
2026-04-16 16:12:29 | INFO    | resistancemap | Logging to logs/pipeline.log
2026-04-16 16:12:29 | WARNING | resistancemap | W&B init failed (continuing without): No API key configured. Use `wandb login` to log in.
2026-04-16 16:12:31 | INFO    | resistancemap | >>> STAGE START: fusion_train
2026-04-16 16:12:32 | INFO    | resistancemap | Checkpoint loaded: checkpoints/data_ready.pt (saved 2026-04-16T20:17:08.096428+00:00)
2026-04-16 16:12:32 | INFO    | resistancemap | Checkpoint loaded: checkpoints/vae_finetuned.pt (saved 2026-04-16T20:17:53.300019+00:00)
2026-04-16 16:12:32 | INFO    | resistancemap | Checkpoint loaded: checkpoints/stability_calibrated.pt (saved 2026-04-16T20:36:54.139420+00:00)
2026-04-16 16:12:32 | INFO    | resistancemap | Checkpoint loaded: checkpoints/trajectory_forecaster_trained.pt (saved 2026-04-16T20:52:51.140799+00:00)
2026-04-16 16:12:32 | INFO    | resistancemap | Checkpoint loaded: checkpoints/protein_net_trained.pt (saved 2026-04-16T20:54:51.982739+00:00)
2026-04-16 16:12:33 | INFO    | resistancemap.models.trajectory | Initialized TrajectoryForecaster with latent_dim=64 (deterministic ODE mode)
2026-04-16 16:22:36 | INFO    | resistancemap | Logging to logs/pipeline.log
2026-04-16 16:22:36 | WARNING | resistancemap | W&B init failed (continuing without): No API key configured. Use `wandb login` to log in.
2026-04-16 16:22:38 | INFO    | resistancemap | >>> STAGE START: fusion_train
2026-04-16 16:22:39 | INFO    | resistancemap | Checkpoint loaded: checkpoints/data_ready.pt (saved 2026-04-16T20:17:08.096428+00:00)
2026-04-16 16:22:39 | INFO    | resistancemap | Checkpoint loaded: checkpoints/vae_finetuned.pt (saved 2026-04-16T20:17:53.300019+00:00)
2026-04-16 16:22:39 | INFO    | resistancemap | Checkpoint loaded: checkpoints/stability_calibrated.pt (saved 2026-04-16T20:36:54.139420+00:00)
2026-04-16 16:22:39 | INFO    | resistancemap | Checkpoint loaded: checkpoints/trajectory_forecaster_trained.pt (saved 2026-04-16T20:52:51.140799+00:00)
2026-04-16 16:22:39 | INFO    | resistancemap | Checkpoint loaded: checkpoints/protein_net_trained.pt (saved 2026-04-16T20:54:51.982739+00:00)
2026-04-16 16:22:40 | INFO    | resistancemap.models.trajectory | Initialized TrajectoryForecaster with latent_dim=64 (deterministic ODE mode)
2026-04-16 16:32:46 | INFO    | resistancemap | Logging to logs/pipeline.log
2026-04-16 16:32:46 | WARNING | resistancemap | W&B init failed (continuing without): No API key configured. Use `wandb login` to log in.
2026-04-16 16:32:49 | INFO    | resistancemap | >>> STAGE START: fusion_train
2026-04-16 16:32:49 | INFO    | resistancemap | Checkpoint loaded: checkpoints/data_ready.pt (saved 2026-04-16T20:17:08.096428+00:00)
2026-04-16 16:32:50 | INFO    | resistancemap | Checkpoint loaded: checkpoints/vae_finetuned.pt (saved 2026-04-16T20:17:53.300019+00:00)
2026-04-16 16:32:50 | INFO    | resistancemap | Checkpoint loaded: checkpoints/stability_calibrated.pt (saved 2026-04-16T20:36:54.139420+00:00)
2026-04-16 16:32:50 | INFO    | resistancemap | Checkpoint loaded: checkpoints/trajectory_forecaster_trained.pt (saved 2026-04-16T20:52:51.140799+00:00)
2026-04-16 16:32:50 | INFO    | resistancemap | Checkpoint loaded: checkpoints/protein_net_trained.pt (saved 2026-04-16T20:54:51.982739+00:00)
2026-04-16 16:32:50 | INFO    | resistancemap.models.trajectory | Initialized TrajectoryForecaster with latent_dim=64 (deterministic ODE mode)
2026-04-16 17:14:15 | INFO    | resistancemap.models.fusion | Initialized CrossModalFusionNet: modalities=['epigenetic', 'trajectory', 'protein_network', 'stability'], hidden_dim=256, output_dim=256
2026-04-16 17:14:15 | INFO    | resistancemap | Checkpoint saved: checkpoints/fusion_trained.pt
2026-04-16 17:14:17 | INFO    | resistancemap | <<< STAGE END: fusion_train (61.8 min) | fusion_val_loss=1.2653
2026-04-16 17:14:17 | INFO    | resistancemap | Sequential pipeline complete.
2026-04-16 17:14:52 | INFO    | resistancemap | Logging to logs/pipeline.log
2026-04-16 17:14:52 | WARNING | resistancemap | W&B init failed (continuing without): No API key configured. Use `wandb login` to log in.
2026-04-16 17:14:52 | INFO    | resistancemap | >>> STAGE START: landscape_train
2026-04-16 17:14:52 | INFO    | resistancemap | Checkpoint loaded: checkpoints/data_ready.pt (saved 2026-04-16T20:17:08.096428+00:00)
2026-04-16 17:14:52 | INFO    | resistancemap | Checkpoint loaded: checkpoints/fusion_trained.pt (saved 2026-04-16T22:14:15.644560+00:00)
2026-04-16 17:14:53 | INFO    | resistancemap.models.fusion | Initialized CrossModalFusionNet: modalities=['epigenetic', 'trajectory', 'protein_network', 'stability'], hidden_dim=256, output_dim=256
2026-04-16 17:14:56 | INFO    | resistancemap | Checkpoint saved: checkpoints/landscape_trained.pt
2026-04-16 17:14:56 | INFO    | resistancemap | Checkpoint saved: checkpoints/landscape_trained.pt
2026-04-16 17:14:56 | INFO    | resistancemap | Checkpoint saved: checkpoints/landscape_trained.pt
2026-04-16 17:14:56 | INFO    | resistancemap | Checkpoint saved: checkpoints/landscape_trained.pt
2026-04-16 17:14:56 | INFO    | resistancemap | Checkpoint saved: checkpoints/landscape_trained.pt
2026-04-16 17:14:56 | INFO    | resistancemap | Checkpoint saved: checkpoints/landscape_trained.pt
2026-04-16 17:14:56 | INFO    | resistancemap | Checkpoint saved: checkpoints/landscape_trained.pt
2026-04-16 17:14:56 | INFO    | resistancemap | Checkpoint saved: checkpoints/landscape_trained.pt
2026-04-16 17:14:56 | INFO    | resistancemap | Checkpoint saved: checkpoints/landscape_trained.pt
2026-04-16 17:14:56 | INFO    | resistancemap | Checkpoint saved: checkpoints/landscape_trained.pt
2026-04-16 17:14:57 | INFO    | resistancemap | <<< STAGE END: landscape_train (0.1 min) | landscape_val_loss=1.2491
2026-04-16 17:14:57 | INFO    | resistancemap | Sequential pipeline complete.
2026-04-16 17:14:59 | INFO    | resistancemap | Logging to logs/pipeline.log
2026-04-16 17:14:59 | WARNING | resistancemap | W&B init failed (continuing without): No API key configured. Use `wandb login` to log in.
2026-04-16 17:14:59 | INFO    | resistancemap | >>> STAGE START: validate
2026-04-16 17:15:00 | INFO    | resistancemap | Checkpoint loaded: checkpoints/data_ready.pt (saved 2026-04-16T20:17:08.096428+00:00)
2026-04-16 17:15:00 | INFO    | resistancemap | Checkpoint loaded: checkpoints/fusion_trained.pt (saved 2026-04-16T22:14:15.644560+00:00)
2026-04-16 17:15:00 | INFO    | resistancemap | Checkpoint loaded: checkpoints/landscape_trained.pt (saved 2026-04-16T22:14:56.857960+00:00)
2026-04-16 17:15:00 | INFO    | resistancemap.models.fusion | Initialized CrossModalFusionNet: modalities=['epigenetic', 'trajectory', 'protein_network', 'stability'], hidden_dim=256, output_dim=256
2026-04-16 17:15:01 | INFO    | resistancemap | Checkpoint saved: checkpoints/pipeline_validated.pt
2026-04-16 17:15:01 | INFO    | resistancemap | <<< STAGE END: validate (0.0 min) | test_mse=2.3274 n_test_samples=132 n_drugs=11 split=test
2026-04-16 17:15:01 | INFO    | resistancemap | Sequential pipeline complete.
2026-05-01 10:43:03 | INFO    | resistancemap | Logging to logs/pipeline.log
2026-05-01 10:43:03 | WARNING | resistancemap | W&B init failed (continuing without): No API key configured. Use `wandb login` to log in.
2026-05-01 10:43:03 | INFO    | resistancemap.main | Agentic pipeline: 10 agents in 9 parallel layers
2026-05-01 10:43:03 | INFO    | resistancemap.main |   Layer 0: ['data_validation']
2026-05-01 10:43:03 | INFO    | resistancemap.main |   Layer 1: ['data_prep']
2026-05-01 10:43:03 | INFO    | resistancemap.main |   Layer 2: ['vae_pretrain', 'esm2_embed']
2026-05-01 10:43:03 | INFO    | resistancemap.main |   Layer 3: ['vae_finetune']
2026-05-01 10:43:03 | INFO    | resistancemap.main |   Layer 4: ['trajectory']
2026-05-01 10:43:03 | INFO    | resistancemap.main |   Layer 5: ['protein_net']
2026-05-01 10:43:03 | INFO    | resistancemap.main |   Layer 6: ['fusion']
2026-05-01 10:43:03 | INFO    | resistancemap.main |   Layer 7: ['landscape']
2026-05-01 10:43:03 | INFO    | resistancemap.main |   Layer 8: ['validation']
2026-05-01 10:43:03 | INFO    | resistancemap.main | AgentOps initialized: Tracer + Evaluator + Optimizer
2026-05-01 10:43:03 | INFO    | resistancemap.main | Zero-trust verification active: 8 guardrails loaded
2026-05-01 10:43:03 | INFO    | resistancemap.main | Data quality profiler ready (SOTA benchmarks loaded)
2026-05-01 10:43:03 | INFO    | resistancemap.main | Latent compute scheduler: GPU budget=24GB, max_concurrent=2
2026-05-01 10:43:03 | INFO    | resistancemap.main | ========================================================================
2026-05-01 10:43:03 | INFO    | resistancemap.main | EXECUTING AGENTIC PIPELINE
2026-05-01 10:43:03 | INFO    | resistancemap.main | ========================================================================
2026-05-01 10:43:03 | INFO    | resistancemap.agents.orchestrator | Orchestrator: Starting execution of 10 agents in 9 layers
2026-05-01 10:43:03 | INFO    | resistancemap.agents.orchestrator | Orchestrator: Layer 0 (1 agents)
2026-05-01 10:43:03 | INFO    | resistancemap.agents.base | data_validation: Starting execution
2026-05-01 10:43:03 | INFO    | resistancemap | >>> STAGE START: data_validate
2026-05-01 10:43:03 | INFO    | resistancemap | <<< STAGE END: data_validate (0.0 min)
2026-05-01 10:43:03 | INFO    | resistancemap.agents.base | data_validation: Execution complete (status=completed)
2026-05-01 10:43:03 | INFO    | resistancemap.agents.orchestrator |   data_validation: COMPLETED (hash=c756ad01...)
2026-05-01 10:43:03 | INFO    | resistancemap.agents.orchestrator | Orchestrator: Layer 1 (1 agents)
2026-05-01 10:43:03 | INFO    | resistancemap.agents.base | data_prep: Starting execution
2026-05-01 10:43:03 | INFO    | resistancemap | Checkpoint loaded: checkpoints/data_ready.pt (saved 2026-04-16T20:17:08.096428+00:00)
2026-05-01 10:43:03 | INFO    | resistancemap.agents.base | data_prep: Execution complete (status=completed)
2026-05-01 10:43:03 | INFO    | resistancemap.agents.orchestrator |   data_prep: COMPLETED (hash=6729f7bf...)
2026-05-01 10:43:03 | INFO    | resistancemap.agents.orchestrator | Orchestrator: Layer 2 (2 agents)
2026-05-01 10:43:03 | INFO    | resistancemap.agents.base | vae_pretrain: Starting execution
2026-05-01 10:43:03 | INFO    | resistancemap.agents.base | esm2_embed: Starting execution
2026-05-01 10:43:03 | INFO    | resistancemap | >>> STAGE START: esm2_embed
2026-05-01 10:43:03 | INFO    | resistancemap | Checkpoint loaded: checkpoints/data_ready.pt (saved 2026-04-16T20:17:08.096428+00:00)
2026-05-01 10:43:03 | INFO    | resistancemap.agents.specialized | ESM-2 embed: validated 19177 proteins for model facebook/esm2_t33_650M_UR50D
2026-05-01 10:43:03 | INFO    | resistancemap | <<< STAGE END: esm2_embed (0.0 min) | n_proteins=19177 esm2_model=facebook/esm2_t33_650M_UR50D embedding_dim=1280
2026-05-01 10:43:03 | INFO    | resistancemap.agents.base | esm2_embed: Execution complete (status=completed)
2026-05-01 10:43:04 | INFO    | resistancemap | Checkpoint loaded: checkpoints/vae_pretrained.pt (saved 2026-04-16T20:17:24.749314+00:00)
2026-05-01 10:43:04 | INFO    | resistancemap.agents.base | vae_pretrain: Execution complete (status=completed)
2026-05-01 10:43:04 | INFO    | resistancemap.agents.orchestrator |   vae_pretrain: COMPLETED (hash=96937bb0...)
2026-05-01 10:43:04 | INFO    | resistancemap.agents.orchestrator |   esm2_embed: COMPLETED (hash=a10dd06d...)
2026-05-01 10:43:04 | INFO    | resistancemap.agents.orchestrator | Orchestrator: Layer 3 (1 agents)
2026-05-01 10:43:04 | INFO    | resistancemap.agents.base | vae_finetune: Starting execution
2026-05-01 10:43:04 | INFO    | resistancemap | Checkpoint loaded: checkpoints/vae_finetuned.pt (saved 2026-04-16T20:17:53.300019+00:00)
2026-05-01 10:43:04 | INFO    | resistancemap.agents.base | vae_finetune: Execution complete (status=completed)
2026-05-01 10:43:04 | INFO    | resistancemap.agents.orchestrator |   vae_finetune: COMPLETED (hash=717b5097...)
2026-05-01 10:43:04 | INFO    | resistancemap.agents.orchestrator | Orchestrator: Layer 4 (1 agents)
2026-05-01 10:43:04 | INFO    | resistancemap.agents.base | trajectory: Starting execution
2026-05-01 10:43:04 | INFO    | resistancemap | Checkpoint loaded: checkpoints/stability_calibrated.pt (saved 2026-04-16T20:36:54.139420+00:00)
2026-05-01 10:43:04 | INFO    | resistancemap.agents.base | trajectory: Execution complete (status=completed)
2026-05-01 10:43:04 | INFO    | resistancemap.agents.orchestrator |   trajectory: COMPLETED (hash=f775403a...)
2026-05-01 10:43:04 | INFO    | resistancemap.agents.orchestrator | Orchestrator: Layer 5 (1 agents)
2026-05-01 10:43:04 | INFO    | resistancemap.agents.base | protein_net: Starting execution
2026-05-01 10:43:06 | INFO    | resistancemap | Checkpoint loaded: checkpoints/protein_net_trained.pt (saved 2026-04-16T20:54:51.982739+00:00)
2026-05-01 10:43:06 | INFO    | resistancemap.agents.base | protein_net: Execution complete (status=completed)
2026-05-01 10:43:06 | INFO    | resistancemap.agents.orchestrator |   protein_net: COMPLETED (hash=ea43681a...)
2026-05-01 10:43:06 | INFO    | resistancemap.agents.orchestrator | Orchestrator: Layer 6 (1 agents)
2026-05-01 10:43:06 | INFO    | resistancemap.agents.base | fusion: Starting execution
2026-05-01 10:43:06 | INFO    | resistancemap | Checkpoint loaded: checkpoints/fusion_trained.pt (saved 2026-04-16T22:14:15.644560+00:00)
2026-05-01 10:43:06 | INFO    | resistancemap.agents.base | fusion: Execution complete (status=completed)
2026-05-01 10:43:06 | INFO    | resistancemap.agents.orchestrator |   fusion: COMPLETED (hash=3ec1ddb1...)
2026-05-01 10:43:06 | INFO    | resistancemap.agents.orchestrator | Orchestrator: Layer 7 (1 agents)
2026-05-01 10:43:06 | INFO    | resistancemap.agents.base | landscape: Starting execution
2026-05-01 10:43:06 | INFO    | resistancemap | Checkpoint loaded: checkpoints/landscape_trained.pt (saved 2026-04-16T22:14:56.857960+00:00)
2026-05-01 10:43:06 | INFO    | resistancemap.agents.base | landscape: Execution complete (status=completed)
2026-05-01 10:43:06 | INFO    | resistancemap.agents.orchestrator |   landscape: COMPLETED (hash=df08f566...)
2026-05-01 10:43:06 | INFO    | resistancemap.agents.orchestrator | Orchestrator: Layer 8 (1 agents)
2026-05-01 10:43:06 | INFO    | resistancemap.agents.base | validation: Starting execution
2026-05-01 10:43:06 | INFO    | resistancemap | Checkpoint loaded: checkpoints/pipeline_validated.pt (saved 2026-04-16T22:15:01.040395+00:00)
2026-05-01 10:43:06 | INFO    | resistancemap.agents.base | validation: Execution complete (status=completed)
2026-05-01 10:43:06 | INFO    | resistancemap.agents.orchestrator |   validation: COMPLETED (hash=952f66b5...)
2026-05-01 10:43:06 | INFO    | resistancemap.agents.orchestrator | Orchestrator: Execution complete in 3.3s. Completed: 10/10
2026-05-01 10:43:06 | INFO    | resistancemap.main | ========================================================================
2026-05-01 10:43:06 | INFO    | resistancemap.main | PIPELINE COMPLETE
2026-05-01 10:43:06 | INFO    | resistancemap.main |   Total time: 3.5s
2026-05-01 10:43:06 | INFO    | resistancemap.main |   Agents completed: 10/10
2026-05-01 10:43:06 | INFO    | resistancemap.main |   Verification chain: 10 hashes
2026-05-01 10:43:06 | INFO    | resistancemap.main | ========================================================================
2026-05-01 10:43:06 | INFO    | resistancemap.main | AgentOps dashboard exported: logs/agentops_dashboard.json
2026-05-01 10:55:12 | INFO    | resistancemap | Logging to logs/pipeline.log
2026-05-01 10:55:12 | WARNING | resistancemap | W&B init failed (continuing without): No API key configured. Use `wandb login` to log in.
2026-05-01 10:55:12 | INFO    | resistancemap.main | Agentic pipeline: 10 agents in 9 parallel layers
2026-05-01 10:55:12 | INFO    | resistancemap.main |   Layer 0: ['data_validation']
2026-05-01 10:55:12 | INFO    | resistancemap.main |   Layer 1: ['data_prep']
2026-05-01 10:55:12 | INFO    | resistancemap.main |   Layer 2: ['vae_pretrain', 'esm2_embed']
2026-05-01 10:55:12 | INFO    | resistancemap.main |   Layer 3: ['vae_finetune']
2026-05-01 10:55:12 | INFO    | resistancemap.main |   Layer 4: ['trajectory']
2026-05-01 10:55:12 | INFO    | resistancemap.main |   Layer 5: ['protein_net']
2026-05-01 10:55:12 | INFO    | resistancemap.main |   Layer 6: ['fusion']
2026-05-01 10:55:12 | INFO    | resistancemap.main |   Layer 7: ['landscape']
2026-05-01 10:55:12 | INFO    | resistancemap.main |   Layer 8: ['validation']
2026-05-01 10:55:12 | INFO    | resistancemap.main | AgentOps initialized: Tracer + Evaluator + Optimizer
2026-05-01 10:55:12 | INFO    | resistancemap.main | Zero-trust verification active: 8 guardrails loaded
2026-05-01 10:55:12 | INFO    | resistancemap.main | Data quality profiler ready (SOTA benchmarks loaded)
2026-05-01 10:55:12 | INFO    | resistancemap.main | Latent compute scheduler: GPU budget=24GB, max_concurrent=2
2026-05-01 10:55:12 | INFO    | resistancemap.main | ========================================================================
2026-05-01 10:55:12 | INFO    | resistancemap.main | EXECUTING AGENTIC PIPELINE
2026-05-01 10:55:12 | INFO    | resistancemap.main | ========================================================================
2026-05-01 10:55:12 | INFO    | resistancemap.agents.orchestrator | Orchestrator: Starting execution of 10 agents in 9 layers
2026-05-01 10:55:12 | INFO    | resistancemap.agents.orchestrator | Orchestrator: Layer 0 (1 agents)
2026-05-01 10:55:12 | INFO    | resistancemap.agents.base | data_validation: Starting execution
2026-05-01 10:55:12 | INFO    | resistancemap | >>> STAGE START: data_validate
2026-05-01 10:55:12 | INFO    | resistancemap | <<< STAGE END: data_validate (0.0 min)
2026-05-01 10:55:12 | INFO    | resistancemap.agents.base | data_validation: Execution complete (status=completed)
2026-05-01 10:55:12 | INFO    | resistancemap.agents.orchestrator |   data_validation: COMPLETED (hash=c756ad01...)
2026-05-01 10:55:12 | INFO    | resistancemap.agents.orchestrator | Orchestrator: Layer 1 (1 agents)
2026-05-01 10:55:12 | INFO    | resistancemap.agents.base | data_prep: Starting execution
2026-05-01 10:55:12 | INFO    | resistancemap | >>> STAGE START: data_prep
2026-05-01 10:55:12 | INFO    | resistancemap.data.loaders | Loading CCLE proteomics from data/raw/ccle_proteomics.csv
2026-05-01 10:55:20 | INFO    | resistancemap.data.loaders | Loaded proteomics: 1393 cell lines, 19177 proteins
2026-05-01 10:55:20 | INFO    | resistancemap.data.loaders | After coverage filter (70%): 19177 proteins retained
2026-05-01 10:55:20 | INFO    | resistancemap.data.loaders | Stripped '(entrez_id)' decoration from 19177/19177 protein names
2026-05-01 10:55:20 | INFO    | resistancemap.data.loaders | Loading CCLE epigenomics from data/raw/ccle_epigenomics
2026-05-01 10:55:20 | INFO    | resistancemap.data.loaders |   chromatin_profiling: 897 lines, 42 features
2026-05-01 10:55:20 | INFO    | resistancemap.data.loaders | Loading STRING PPI network from data/raw/string_ppi.txt
2026-05-01 10:56:01 | INFO    | resistancemap.data.loaders |   STRING scores on 0-1000 scale — normalizing to 0-1
2026-05-01 10:56:01 | INFO    | resistancemap.data.loaders | PPI edges after confidence filter (>=0.7): 473860
2026-05-01 10:56:02 | INFO    | resistancemap.data.loaders |   Loaded STRING protein info from 9606.protein.info.v12.0.txt.gz: 19699 ENSP -> gene_symbol entries
2026-05-01 10:56:02 | INFO    | resistancemap.data.loaders | Translated STRING ENSP -> gene symbols: 473860/473860 edges retained after mapping
2026-05-01 10:56:02 | INFO    | resistancemap.data.loaders | Loading scRNA-seq from data/raw/gse124310.h5ad
2026-05-01 10:56:02 | INFO    | resistancemap.data.loaders | Loaded scRNA-seq: 27796 cells, 33694 genes
2026-05-01 10:56:02 | INFO    | resistancemap.data.loaders | Loaded scRNA-seq GSE124310: 27796 cells
2026-05-01 10:56:02 | INFO    | resistancemap.data.loaders | Loading scRNA-seq from data/raw/gse271107.h5ad
2026-05-01 10:56:04 | INFO    | resistancemap.data.loaders | Loaded scRNA-seq: 143748 cells, 36601 genes
2026-05-01 10:56:04 | INFO    | resistancemap.data.loaders | Loaded scRNA-seq GSE271107: 143748 cells
2026-05-01 10:56:04 | INFO    | resistancemap.data.loaders | MMRF CoMMpass directory not found at data/raw/mmrf_commpass (graceful degradation)
2026-05-01 10:56:04 | INFO    | resistancemap.data.preprocessors | Harmonizing multi-omics data
2026-05-01 10:56:04 | INFO    | resistancemap.data.preprocessors |   Additional scRNA-seq datasets: ['GSE124310', 'GSE271107']
2026-05-01 10:56:04 | INFO    | resistancemap.data.preprocessors |   ID mapping: 0 CCLEName → ModelID entries
2026-05-01 10:56:04 | INFO    | resistancemap.data.preprocessors | Cell lines in common across modalities: 886
2026-05-01 10:56:26 | INFO    | resistancemap.data.loaders | Loading drug sensitivity data
2026-05-01 10:56:26 | INFO    | resistancemap.data.loaders |   GDSC: 575197 records
2026-05-01 10:56:26 | INFO    | resistancemap.data.loaders |   GDSC: standardized columns
2026-05-01 10:56:27 | WARNING | resistancemap.data.loaders |   CTRPv2: not found at data/raw/ctrpv2_drug_sensitivity.csv, skipping
2026-05-01 10:56:27 | INFO    | resistancemap.data.loaders | Drug sensitivity matrix: 977 samples × 11 drugs
2026-05-01 10:56:27 | INFO    | resistancemap.data.preprocessors |   Drug sensitivity ID mapping via cell_line_name: 498 matches
2026-05-01 10:56:27 | INFO    | resistancemap.data.preprocessors | Drug-sensitivity targets z-scored: 11/11 drugs with usable variance
2026-05-01 10:56:27 | INFO    | resistancemap.data.preprocessors |   Lineage labels: 886/886 matched
2026-05-01 10:56:27 | INFO    | resistancemap.data.preprocessors | PPI-proteomics overlap: 15904 proteins
2026-05-01 10:56:27 | INFO    | resistancemap.data.preprocessors | MultiOmicsDataset: 886 samples, 19177 proteins, 42 epigenomic features, 473860 PPI edges
2026-05-01 10:56:27 | INFO    | resistancemap.data.preprocessors | Re-normalized drug targets using training statistics only
2026-05-01 10:56:27 | INFO    | resistancemap.data.preprocessors | Splits: train=622, val=132, test=132
2026-05-01 10:56:27 | INFO    | resistancemap | Checkpoint saved: checkpoints/data_ready.pt
2026-05-01 10:56:27 | INFO    | resistancemap | <<< STAGE END: data_prep (1.2 min)
2026-05-01 10:56:28 | INFO    | resistancemap | Checkpoint loaded: checkpoints/data_ready.pt (saved 2026-05-01T15:56:27.149004+00:00)
2026-05-01 10:56:28 | INFO    | resistancemap.agents.base | data_prep: Execution complete (status=completed)
2026-05-01 10:56:28 | INFO    | resistancemap.agents.orchestrator |   data_prep: COMPLETED (hash=6729f7bf...)
2026-05-01 10:56:28 | INFO    | resistancemap.agents.orchestrator | Orchestrator: Layer 2 (2 agents)
2026-05-01 10:56:28 | INFO    | resistancemap.agents.base | vae_pretrain: Starting execution
2026-05-01 10:56:28 | INFO    | resistancemap.agents.base | esm2_embed: Starting execution
2026-05-01 10:56:28 | INFO    | resistancemap | >>> STAGE START: esm2_embed
2026-05-01 10:56:28 | INFO    | resistancemap | >>> STAGE START: vae_pretrain
2026-05-01 10:56:28 | INFO    | resistancemap | Checkpoint loaded: checkpoints/data_ready.pt (saved 2026-05-01T15:56:27.149004+00:00)
2026-05-01 10:56:28 | INFO    | resistancemap.agents.specialized | ESM-2 embed: validated 19177 proteins for model facebook/esm2_t33_650M_UR50D
2026-05-01 10:56:28 | INFO    | resistancemap | <<< STAGE END: esm2_embed (0.0 min) | n_proteins=19177 esm2_model=facebook/esm2_t33_650M_UR50D embedding_dim=1280
2026-05-01 10:56:28 | INFO    | resistancemap | Checkpoint loaded: checkpoints/data_ready.pt (saved 2026-05-01T15:56:27.149004+00:00)
2026-05-01 10:56:28 | INFO    | resistancemap.agents.base | esm2_embed: Execution complete (status=completed)
2026-05-01 10:56:35 | INFO    | resistancemap.models.vae | [vae_pretrained] Epoch 1/200 — train_loss=1.9878 val_loss=53820.9883 recon=1.9878 kl=0.6844 kl_weight=0.0000
2026-05-01 10:56:36 | INFO    | resistancemap | Checkpoint saved: checkpoints/vae_pretrained.pt
2026-05-01 10:56:37 | INFO    | resistancemap.models.vae | [vae_pretrained] Epoch 2/200 — train_loss=1.7954 val_loss=172720.2500 recon=1.7526 kl=1.0703 kl_weight=0.0400
2026-05-01 10:56:38 | INFO    | resistancemap.models.vae | [vae_pretrained] Epoch 3/200 — train_loss=1.8391 val_loss=3996.7979 recon=1.5669 kl=3.4019 kl_weight=0.0800
2026-05-01 10:56:39 | INFO    | resistancemap | Checkpoint saved: checkpoints/vae_pretrained.pt
2026-05-01 10:56:39 | INFO    | resistancemap.models.vae | [vae_pretrained] Epoch 4/200 — train_loss=1.9096 val_loss=81.9042 recon=1.7802 kl=1.0784 kl_weight=0.1200
2026-05-01 10:56:40 | INFO    | resistancemap | Checkpoint saved: checkpoints/vae_pretrained.pt
2026-05-01 10:56:40 | INFO    | resistancemap.models.vae | [vae_pretrained] Epoch 5/200 — train_loss=1.7518 val_loss=40.7584 recon=1.6203 kl=0.8221 kl_weight=0.1600
2026-05-01 10:56:41 | INFO    | resistancemap | Checkpoint saved: checkpoints/vae_pretrained.pt
2026-05-01 10:56:42 | INFO    | resistancemap.models.vae | [vae_pretrained] Epoch 6/200 — train_loss=1.6388 val_loss=11.2652 recon=1.4616 kl=0.8858 kl_weight=0.2000
2026-05-01 10:56:43 | INFO    | resistancemap | Checkpoint saved: checkpoints/vae_pretrained.pt
2026-05-01 10:56:43 | INFO    | resistancemap.models.vae | [vae_pretrained] Epoch 7/200 — train_loss=1.5712 val_loss=5.5218 recon=1.3918 kl=0.7476 kl_weight=0.2400
2026-05-01 10:56:44 | INFO    | resistancemap | Checkpoint saved: checkpoints/vae_pretrained.pt
2026-05-01 10:56:45 | INFO    | resistancemap.models.vae | [vae_pretrained] Epoch 8/200 — train_loss=1.5167 val_loss=4.7238 recon=1.3343 kl=0.6516 kl_weight=0.2800
2026-05-01 10:56:45 | INFO    | resistancemap | Checkpoint saved: checkpoints/vae_pretrained.pt
2026-05-01 10:56:46 | INFO    | resistancemap.models.vae | [vae_pretrained] Epoch 9/200 — train_loss=1.4954 val_loss=2.1618 recon=1.3037 kl=0.5991 kl_weight=0.3200
2026-05-01 10:56:47 | INFO    | resistancemap | Checkpoint saved: checkpoints/vae_pretrained.pt
2026-05-01 10:56:47 | INFO    | resistancemap.models.vae | [vae_pretrained] Epoch 10/200 — train_loss=1.4401 val_loss=1.9346 recon=1.2488 kl=0.5313 kl_weight=0.3600
2026-05-01 10:56:48 | INFO    | resistancemap | Checkpoint saved: checkpoints/vae_pretrained.pt
2026-05-01 10:56:49 | INFO    | resistancemap.models.vae | [vae_pretrained] Epoch 11/200 — train_loss=1.3905 val_loss=1.9864 recon=1.1918 kl=0.4967 kl_weight=0.4000
2026-05-01 10:56:49 | INFO    | resistancemap.models.vae | [vae_pretrained] Epoch 12/200 — train_loss=1.5157 val_loss=1.8020 recon=1.1583 kl=0.8124 kl_weight=0.4400
2026-05-01 10:56:50 | INFO    | resistancemap | Checkpoint saved: checkpoints/vae_pretrained.pt
2026-05-01 10:56:50 | INFO    | resistancemap.models.vae | [vae_pretrained] Epoch 13/200 — train_loss=1.3811 val_loss=1.6770 recon=1.1617 kl=0.4571 kl_weight=0.4800
2026-05-01 10:56:51 | INFO    | resistancemap | Checkpoint saved: checkpoints/vae_pretrained.pt
2026-05-01 10:56:52 | INFO    | resistancemap.models.vae | [vae_pretrained] Epoch 14/200 — train_loss=1.3430 val_loss=1.5675 recon=1.1197 kl=0.4295 kl_weight=0.5200
2026-05-01 10:56:53 | INFO    | resistancemap | Checkpoint saved: checkpoints/vae_pretrained.pt
2026-05-01 10:56:53 | INFO    | resistancemap.models.vae | [vae_pretrained] Epoch 15/200 — train_loss=1.2899 val_loss=1.5245 recon=1.0551 kl=0.4193 kl_weight=0.5600
2026-05-01 10:56:54 | INFO    | resistancemap | Checkpoint saved: checkpoints/vae_pretrained.pt
2026-05-01 10:56:55 | INFO    | resistancemap.models.vae | [vae_pretrained] Epoch 16/200 — train_loss=1.2563 val_loss=1.4525 recon=1.0138 kl=0.4042 kl_weight=0.6000
2026-05-01 10:56:56 | INFO    | resistancemap | Checkpoint saved: checkpoints/vae_pretrained.pt
2026-05-01 10:56:56 | INFO    | resistancemap.models.vae | [vae_pretrained] Epoch 17/200 — train_loss=1.2285 val_loss=1.4045 recon=0.9761 kl=0.3943 kl_weight=0.6400
2026-05-01 10:56:57 | INFO    | resistancemap | Checkpoint saved: checkpoints/vae_pretrained.pt
2026-05-01 10:56:57 | INFO    | resistancemap.models.vae | [vae_pretrained] Epoch 18/200 — train_loss=1.2032 val_loss=1.3598 recon=0.9410 kl=0.3856 kl_weight=0.6800
2026-05-01 10:56:58 | INFO    | resistancemap | Checkpoint saved: checkpoints/vae_pretrained.pt
2026-05-01 10:56:59 | INFO    | resistancemap.models.vae | [vae_pretrained] Epoch 19/200 — train_loss=1.1653 val_loss=1.3396 recon=0.9028 kl=0.3646 kl_weight=0.7200
2026-05-01 10:57:00 | INFO    | resistancemap | Checkpoint saved: checkpoints/vae_pretrained.pt
2026-05-01 10:57:00 | INFO    | resistancemap.models.vae | [vae_pretrained] Epoch 20/200 — train_loss=1.1516 val_loss=1.3144 recon=0.8771 kl=0.3612 kl_weight=0.7600
2026-05-01 10:57:01 | INFO    | resistancemap | Checkpoint saved: checkpoints/vae_pretrained.pt
2026-05-01 10:57:02 | INFO    | resistancemap.models.vae | [vae_pretrained] Epoch 21/200 — train_loss=1.1336 val_loss=1.2942 recon=0.8538 kl=0.3498 kl_weight=0.8000
2026-05-01 10:57:03 | INFO    | resistancemap | Checkpoint saved: checkpoints/vae_pretrained.pt
2026-05-01 10:57:03 | INFO    | resistancemap.models.vae | [vae_pretrained] Epoch 22/200 — train_loss=1.1100 val_loss=1.2610 recon=0.8251 kl=0.3392 kl_weight=0.8400
2026-05-01 10:57:04 | INFO    | resistancemap | Checkpoint saved: checkpoints/vae_pretrained.pt
2026-05-01 10:57:05 | INFO    | resistancemap.models.vae | [vae_pretrained] Epoch 23/200 — train_loss=1.1165 val_loss=1.2325 recon=0.8364 kl=0.3183 kl_weight=0.8800
2026-05-01 10:57:05 | INFO    | resistancemap | Checkpoint saved: checkpoints/vae_pretrained.pt
2026-05-01 10:57:06 | INFO    | resistancemap.models.vae | [vae_pretrained] Epoch 24/200 — train_loss=1.0980 val_loss=1.2248 recon=0.8096 kl=0.3135 kl_weight=0.9200
2026-05-01 10:57:07 | INFO    | resistancemap | Checkpoint saved: checkpoints/vae_pretrained.pt
2026-05-01 10:57:07 | INFO    | resistancemap.models.vae | [vae_pretrained] Epoch 25/200 — train_loss=1.0755 val_loss=1.1948 recon=0.7887 kl=0.2987 kl_weight=0.9600
2026-05-01 10:57:08 | INFO    | resistancemap | Checkpoint saved: checkpoints/vae_pretrained.pt
2026-05-01 10:57:09 | INFO    | resistancemap.models.vae | [vae_pretrained] Epoch 26/200 — train_loss=1.0593 val_loss=1.1893 recon=0.7720 kl=0.2872 kl_weight=1.0000
2026-05-01 10:57:10 | INFO    | resistancemap | Checkpoint saved: checkpoints/vae_pretrained.pt
2026-05-01 10:57:10 | INFO    | resistancemap.models.vae | [vae_pretrained] Epoch 27/200 — train_loss=1.0552 val_loss=1.2042 recon=0.7810 kl=0.2741 kl_weight=1.0000
2026-05-01 10:57:11 | INFO    | resistancemap.models.vae | [vae_pretrained] Epoch 28/200 — train_loss=1.0271 val_loss=1.1835 recon=0.7558 kl=0.2713 kl_weight=1.0000
2026-05-01 10:57:12 | INFO    | resistancemap | Checkpoint saved: checkpoints/vae_pretrained.pt
2026-05-01 10:57:12 | INFO    | resistancemap.models.vae | [vae_pretrained] Epoch 29/200 — train_loss=0.9769 val_loss=1.1550 recon=0.7220 kl=0.2549 kl_weight=1.0000
2026-05-01 10:57:13 | INFO    | resistancemap | Checkpoint saved: checkpoints/vae_pretrained.pt
2026-05-01 10:57:13 | INFO    | resistancemap.models.vae | [vae_pretrained] Epoch 30/200 — train_loss=0.9761 val_loss=1.1369 recon=0.7361 kl=0.2400 kl_weight=1.0000
2026-05-01 10:57:14 | INFO    | resistancemap | Checkpoint saved: checkpoints/vae_pretrained.pt
2026-05-01 10:57:15 | INFO    | resistancemap.models.vae | [vae_pretrained] Epoch 31/200 — train_loss=0.9770 val_loss=1.1443 recon=0.7408 kl=0.2363 kl_weight=1.0000
2026-05-01 10:57:15 | INFO    | resistancemap.models.vae | [vae_pretrained] Epoch 32/200 — train_loss=0.9514 val_loss=1.1309 recon=0.7179 kl=0.2335 kl_weight=1.0000
2026-05-01 10:57:16 | INFO    | resistancemap | Checkpoint saved: checkpoints/vae_pretrained.pt
2026-05-01 10:57:17 | INFO    | resistancemap.models.vae | [vae_pretrained] Epoch 33/200 — train_loss=0.9485 val_loss=1.1300 recon=0.7166 kl=0.2319 kl_weight=1.0000
2026-05-01 10:57:18 | INFO    | resistancemap | Checkpoint saved: checkpoints/vae_pretrained.pt
2026-05-01 10:57:18 | INFO    | resistancemap.models.vae | [vae_pretrained] Epoch 34/200 — train_loss=0.9273 val_loss=1.1270 recon=0.7109 kl=0.2164 kl_weight=1.0000
2026-05-01 10:57:19 | INFO    | resistancemap | Checkpoint saved: checkpoints/vae_pretrained.pt
2026-05-01 10:57:19 | INFO    | resistancemap.models.vae | [vae_pretrained] Epoch 35/200 — train_loss=0.9203 val_loss=1.1344 recon=0.7019 kl=0.2183 kl_weight=1.0000
2026-05-01 10:57:20 | INFO    | resistancemap.models.vae | [vae_pretrained] Epoch 36/200 — train_loss=0.9093 val_loss=1.0961 recon=0.6982 kl=0.2111 kl_weight=1.0000
2026-05-01 10:57:21 | INFO    | resistancemap | Checkpoint saved: checkpoints/vae_pretrained.pt
2026-05-01 10:57:21 | INFO    | resistancemap.models.vae | [vae_pretrained] Epoch 37/200 — train_loss=0.8961 val_loss=1.0583 recon=0.6934 kl=0.2028 kl_weight=1.0000
2026-05-01 10:57:22 | INFO    | resistancemap | Checkpoint saved: checkpoints/vae_pretrained.pt
2026-05-01 10:57:23 | INFO    | resistancemap.models.vae | [vae_pretrained] Epoch 38/200 — train_loss=0.8750 val_loss=1.0541 recon=0.6659 kl=0.2090 kl_weight=1.0000
2026-05-01 10:57:24 | INFO    | resistancemap | Checkpoint saved: checkpoints/vae_pretrained.pt
2026-05-01 10:57:24 | INFO    | resistancemap.models.vae | [vae_pretrained] Epoch 39/200 — train_loss=0.8759 val_loss=1.0704 recon=0.6836 kl=0.1924 kl_weight=1.0000
2026-05-01 10:57:25 | INFO    | resistancemap.models.vae | [vae_pretrained] Epoch 40/200 — train_loss=0.8705 val_loss=1.0765 recon=0.6727 kl=0.1977 kl_weight=1.0000
2026-05-01 10:57:25 | INFO    | resistancemap.models.vae | [vae_pretrained] Epoch 41/200 — train_loss=0.8690 val_loss=1.0529 recon=0.6758 kl=0.1932 kl_weight=1.0000
2026-05-01 10:57:26 | INFO    | resistancemap | Checkpoint saved: checkpoints/vae_pretrained.pt
2026-05-01 10:57:26 | INFO    | resistancemap.models.vae | [vae_pretrained] Epoch 42/200 — train_loss=0.8711 val_loss=1.0288 recon=0.6797 kl=0.1914 kl_weight=1.0000
2026-05-01 10:57:27 | INFO    | resistancemap | Checkpoint saved: checkpoints/vae_pretrained.pt
2026-05-01 10:57:28 | INFO    | resistancemap.models.vae | [vae_pretrained] Epoch 43/200 — train_loss=0.8601 val_loss=1.0219 recon=0.6632 kl=0.1969 kl_weight=1.0000
2026-05-01 10:57:29 | INFO    | resistancemap | Checkpoint saved: checkpoints/vae_pretrained.pt
2026-05-01 10:57:29 | INFO    | resistancemap.models.vae | [vae_pretrained] Epoch 44/200 — train_loss=0.8521 val_loss=1.0213 recon=0.6644 kl=0.1877 kl_weight=1.0000
2026-05-01 10:57:30 | INFO    | resistancemap | Checkpoint saved: checkpoints/vae_pretrained.pt
2026-05-01 10:57:31 | INFO    | resistancemap.models.vae | [vae_pretrained] Epoch 45/200 — train_loss=0.8576 val_loss=1.0342 recon=0.6665 kl=0.1910 kl_weight=1.0000
2026-05-01 10:57:31 | INFO    | resistancemap.models.vae | [vae_pretrained] Epoch 46/200 — train_loss=0.8376 val_loss=1.0414 recon=0.6458 kl=0.1918 kl_weight=1.0000
2026-05-01 10:57:31 | INFO    | resistancemap.models.vae | [vae_pretrained] Epoch 47/200 — train_loss=0.8295 val_loss=1.0453 recon=0.6427 kl=0.1868 kl_weight=1.0000
2026-05-01 10:57:32 | INFO    | resistancemap.models.vae | [vae_pretrained] Epoch 48/200 — train_loss=0.8393 val_loss=1.0353 recon=0.6489 kl=0.1904 kl_weight=1.0000
2026-05-01 10:57:32 | INFO    | resistancemap.models.vae | [vae_pretrained] Epoch 49/200 — train_loss=0.8238 val_loss=1.0327 recon=0.6380 kl=0.1858 kl_weight=1.0000
2026-05-01 10:57:33 | INFO    | resistancemap.models.vae | [vae_pretrained] Epoch 50/200 — train_loss=0.8258 val_loss=1.0344 recon=0.6411 kl=0.1847 kl_weight=1.0000
2026-05-01 10:57:33 | INFO    | resistancemap.models.vae | [vae_pretrained] Epoch 51/200 — train_loss=0.6254 val_loss=1.0321 recon=0.6254 kl=0.1901 kl_weight=0.0000
2026-05-01 10:57:34 | INFO    | resistancemap.models.vae | [vae_pretrained] Epoch 52/200 — train_loss=0.6248 val_loss=1.0268 recon=0.6166 kl=0.2038 kl_weight=0.0400
2026-05-01 10:57:34 | INFO    | resistancemap.models.vae | [vae_pretrained] Epoch 53/200 — train_loss=0.6116 val_loss=1.0403 recon=0.5935 kl=0.2263 kl_weight=0.0800
2026-05-01 10:57:35 | INFO    | resistancemap.models.vae | [vae_pretrained] Epoch 54/200 — train_loss=0.6114 val_loss=1.0445 recon=0.5807 kl=0.2554 kl_weight=0.1200
2026-05-01 10:57:35 | INFO    | resistancemap.models.vae | [vae_pretrained] Epoch 55/200 — train_loss=0.6046 val_loss=1.0502 recon=0.5590 kl=0.2851 kl_weight=0.1600
2026-05-01 10:57:36 | INFO    | resistancemap.models.vae | [vae_pretrained] Epoch 56/200 — train_loss=0.6069 val_loss=1.0633 recon=0.5408 kl=0.3305 kl_weight=0.2000
2026-05-01 10:57:36 | INFO    | resistancemap.models.vae | [vae_pretrained] Epoch 57/200 — train_loss=0.6155 val_loss=1.0782 recon=0.5263 kl=0.3716 kl_weight=0.2400
2026-05-01 10:57:36 | INFO    | resistancemap.models.vae | [vae_pretrained] Epoch 58/200 — train_loss=0.6368 val_loss=1.0892 recon=0.5143 kl=0.4375 kl_weight=0.2800
2026-05-01 10:57:37 | INFO    | resistancemap.models.vae | [vae_pretrained] Epoch 59/200 — train_loss=0.6389 val_loss=1.0952 recon=0.4980 kl=0.4404 kl_weight=0.3200
2026-05-01 10:57:37 | INFO    | resistancemap.models.vae | [vae_pretrained] Epoch 60/200 — train_loss=0.6513 val_loss=1.1016 recon=0.4777 kl=0.4824 kl_weight=0.3600
2026-05-01 10:57:38 | INFO    | resistancemap.models.vae | [vae_pretrained] Epoch 61/200 — train_loss=0.6769 val_loss=1.1102 recon=0.4739 kl=0.5077 kl_weight=0.4000
2026-05-01 10:57:38 | INFO    | resistancemap.models.vae | [vae_pretrained] Epoch 62/200 — train_loss=0.6750 val_loss=1.1115 recon=0.4729 kl=0.4592 kl_weight=0.4400
2026-05-01 10:57:39 | INFO    | resistancemap.models.vae | [vae_pretrained] Epoch 63/200 — train_loss=0.6878 val_loss=1.1081 recon=0.4725 kl=0.4486 kl_weight=0.4800
2026-05-01 10:57:39 | INFO    | resistancemap.models.vae | [vae_pretrained] Epoch 64/200 — train_loss=0.6944 val_loss=1.1020 recon=0.4732 kl=0.4253 kl_weight=0.5200
2026-05-01 10:57:39 | INFO    | resistancemap.models.vae | Early stopping at epoch 64
2026-05-01 10:57:39 | INFO    | resistancemap | <<< STAGE END: vae_pretrain (1.2 min) | best_val_loss=1.0213 final_epoch=64 total_steps=64
2026-05-01 10:57:39 | INFO    | resistancemap | Checkpoint loaded: checkpoints/vae_pretrained.pt (saved 2026-05-01T15:57:29.642870+00:00)
2026-05-01 10:57:40 | INFO    | resistancemap.agents.base | vae_pretrain: Execution complete (status=completed)
2026-05-01 10:57:40 | INFO    | resistancemap.agents.orchestrator |   vae_pretrain: COMPLETED (hash=96937bb0...)
2026-05-01 10:57:40 | INFO    | resistancemap.agents.orchestrator |   esm2_embed: COMPLETED (hash=a10dd06d...)
2026-05-01 10:57:40 | INFO    | resistancemap.agents.orchestrator | Orchestrator: Layer 3 (1 agents)
2026-05-01 10:57:40 | INFO    | resistancemap.agents.base | vae_finetune: Starting execution
2026-05-01 10:57:40 | INFO    | resistancemap | >>> STAGE START: vae_finetune
2026-05-01 10:57:40 | INFO    | resistancemap | Checkpoint loaded: checkpoints/data_ready.pt (saved 2026-05-01T15:56:27.149004+00:00)
2026-05-01 10:57:40 | INFO    | resistancemap | Checkpoint loaded: checkpoints/vae_pretrained.pt (saved 2026-05-01T15:57:29.642870+00:00)
2026-05-01 10:57:45 | INFO    | resistancemap.models.vae | [vae_finetuned] Epoch 1/100 — train_loss=0.9163 val_loss=1.1615 recon=0.9163 kl=0.2520 kl_weight=0.0000
2026-05-01 10:57:46 | INFO    | resistancemap | Checkpoint saved: checkpoints/vae_finetuned.pt
2026-05-01 10:57:48 | INFO    | resistancemap.models.vae | [vae_finetuned] Epoch 2/100 — train_loss=0.8994 val_loss=1.1601 recon=0.8774 kl=0.2648 kl_weight=0.0833
2026-05-01 10:57:49 | INFO    | resistancemap | Checkpoint saved: checkpoints/vae_finetuned.pt
2026-05-01 10:57:50 | INFO    | resistancemap.models.vae | [vae_finetuned] Epoch 3/100 — train_loss=0.7948 val_loss=1.1638 recon=0.7491 kl=0.2742 kl_weight=0.1667
2026-05-01 10:57:50 | INFO    | resistancemap.models.vae | [vae_finetuned] Epoch 4/100 — train_loss=0.8092 val_loss=1.1764 recon=0.7383 kl=0.2837 kl_weight=0.2500
2026-05-01 10:57:51 | INFO    | resistancemap.models.vae | [vae_finetuned] Epoch 5/100 — train_loss=0.7830 val_loss=1.1972 recon=0.6827 kl=0.3010 kl_weight=0.3333
2026-05-01 10:57:51 | INFO    | resistancemap.models.vae | [vae_finetuned] Epoch 6/100 — train_loss=0.7865 val_loss=1.2171 recon=0.6562 kl=0.3128 kl_weight=0.4167
2026-05-01 10:57:51 | INFO    | resistancemap.models.vae | [vae_finetuned] Epoch 7/100 — train_loss=0.7980 val_loss=1.2398 recon=0.6306 kl=0.3347 kl_weight=0.5000
2026-05-01 10:57:52 | INFO    | resistancemap.models.vae | [vae_finetuned] Epoch 8/100 — train_loss=0.8054 val_loss=1.2607 recon=0.6108 kl=0.3335 kl_weight=0.5833
2026-05-01 10:57:52 | INFO    | resistancemap.models.vae | [vae_finetuned] Epoch 9/100 — train_loss=0.8332 val_loss=1.2807 recon=0.6044 kl=0.3431 kl_weight=0.6667
2026-05-01 10:57:53 | INFO    | resistancemap.models.vae | [vae_finetuned] Epoch 10/100 — train_loss=0.8675 val_loss=1.2920 recon=0.6063 kl=0.3482 kl_weight=0.7500
2026-05-01 10:57:53 | INFO    | resistancemap.models.vae | [vae_finetuned] Epoch 11/100 — train_loss=0.8694 val_loss=1.2995 recon=0.5760 kl=0.3520 kl_weight=0.8333
2026-05-01 10:57:54 | INFO    | resistancemap.models.vae | [vae_finetuned] Epoch 12/100 — train_loss=0.8896 val_loss=1.3069 recon=0.5725 kl=0.3459 kl_weight=0.9167
2026-05-01 10:57:54 | INFO    | resistancemap.models.vae | [vae_finetuned] Epoch 13/100 — train_loss=0.8976 val_loss=1.3050 recon=0.5667 kl=0.3309 kl_weight=1.0000
2026-05-01 10:57:55 | INFO    | resistancemap.models.vae | [vae_finetuned] Epoch 14/100 — train_loss=0.8775 val_loss=1.3054 recon=0.5516 kl=0.3259 kl_weight=1.0000
2026-05-01 10:57:55 | INFO    | resistancemap.models.vae | [vae_finetuned] Epoch 15/100 — train_loss=0.8775 val_loss=1.3039 recon=0.5624 kl=0.3151 kl_weight=1.0000
2026-05-01 10:57:56 | INFO    | resistancemap.models.vae | [vae_finetuned] Epoch 16/100 — train_loss=0.8703 val_loss=1.3063 recon=0.5750 kl=0.2952 kl_weight=1.0000
2026-05-01 10:57:56 | INFO    | resistancemap.models.vae | [vae_finetuned] Epoch 17/100 — train_loss=0.8583 val_loss=1.2976 recon=0.5576 kl=0.3006 kl_weight=1.0000
2026-05-01 10:57:57 | INFO    | resistancemap.models.vae | [vae_finetuned] Epoch 18/100 — train_loss=0.8383 val_loss=1.2895 recon=0.5583 kl=0.2800 kl_weight=1.0000
2026-05-01 10:57:57 | INFO    | resistancemap.models.vae | [vae_finetuned] Epoch 19/100 — train_loss=0.8339 val_loss=1.2780 recon=0.5632 kl=0.2706 kl_weight=1.0000
2026-05-01 10:57:58 | INFO    | resistancemap.models.vae | [vae_finetuned] Epoch 20/100 — train_loss=0.7985 val_loss=1.2666 recon=0.5410 kl=0.2575 kl_weight=1.0000
2026-05-01 10:57:58 | INFO    | resistancemap.models.vae | [vae_finetuned] Epoch 21/100 — train_loss=0.8092 val_loss=1.2597 recon=0.5540 kl=0.2552 kl_weight=1.0000
2026-05-01 10:57:59 | INFO    | resistancemap.models.vae | [vae_finetuned] Epoch 22/100 — train_loss=0.8110 val_loss=1.2484 recon=0.5699 kl=0.2411 kl_weight=1.0000
2026-05-01 10:57:59 | INFO    | resistancemap.models.vae | Early stopping at epoch 22
2026-05-01 10:57:59 | INFO    | resistancemap | <<< STAGE END: vae_finetune (0.3 min) | best_val_loss=1.1601 final_epoch=22 total_steps=22
2026-05-01 10:57:59 | INFO    | resistancemap | Checkpoint loaded: checkpoints/vae_finetuned.pt (saved 2026-05-01T15:57:48.590959+00:00)
2026-05-01 10:57:59 | INFO    | resistancemap.agents.base | vae_finetune: Execution complete (status=completed)
2026-05-01 10:57:59 | INFO    | resistancemap.agents.orchestrator |   vae_finetune: COMPLETED (hash=717b5097...)
2026-05-01 10:57:59 | INFO    | resistancemap.agents.orchestrator | Orchestrator: Layer 4 (1 agents)
2026-05-01 10:57:59 | INFO    | resistancemap.agents.base | trajectory: Starting execution
2026-05-01 10:57:59 | INFO    | resistancemap | >>> STAGE START: trajectory_calibrate
2026-05-01 10:57:59 | INFO    | resistancemap | Checkpoint loaded: checkpoints/data_ready.pt (saved 2026-05-01T15:56:27.149004+00:00)
2026-05-01 10:57:59 | INFO    | resistancemap | Checkpoint loaded: checkpoints/vae_finetuned.pt (saved 2026-05-01T15:57:48.590959+00:00)
2026-05-01 10:58:00 | INFO    | resistancemap | Checkpoint saved: checkpoints/stability_calibrated.pt
2026-05-01 10:58:01 | INFO    | resistancemap | Checkpoint saved: checkpoints/stability_calibrated.pt
2026-05-01 10:58:02 | INFO    | resistancemap | Checkpoint saved: checkpoints/stability_calibrated.pt
2026-05-01 10:58:07 | INFO    | resistancemap | Checkpoint saved: checkpoints/stability_calibrated.pt
2026-05-01 10:58:08 | INFO    | resistancemap | Checkpoint saved: checkpoints/stability_calibrated.pt
2026-05-01 10:58:10 | INFO    | resistancemap | Checkpoint saved: checkpoints/stability_calibrated.pt
2026-05-01 10:58:12 | INFO    | resistancemap | Checkpoint saved: checkpoints/stability_calibrated.pt
2026-05-01 10:58:12 | INFO    | resistancemap | Checkpoint saved: checkpoints/stability_calibrated.pt
2026-05-01 10:58:13 | INFO    | resistancemap | Checkpoint saved: checkpoints/stability_calibrated.pt
2026-05-01 10:58:14 | INFO    | resistancemap | Checkpoint saved: checkpoints/stability_calibrated.pt
2026-05-01 10:58:16 | INFO    | resistancemap | Checkpoint saved: checkpoints/stability_calibrated.pt
2026-05-01 10:58:16 | INFO    | resistancemap | Checkpoint saved: checkpoints/stability_calibrated.pt
2026-05-01 10:58:18 | INFO    | resistancemap | Checkpoint saved: checkpoints/stability_calibrated.pt
2026-05-01 10:58:19 | INFO    | resistancemap | Checkpoint saved: checkpoints/stability_calibrated.pt
2026-05-01 10:58:20 | INFO    | resistancemap | Checkpoint saved: checkpoints/stability_calibrated.pt
2026-05-01 10:58:20 | INFO    | resistancemap | Checkpoint saved: checkpoints/stability_calibrated.pt
2026-05-01 10:58:21 | INFO    | resistancemap | Checkpoint saved: checkpoints/stability_calibrated.pt
2026-05-01 10:58:22 | INFO    | resistancemap | Checkpoint saved: checkpoints/stability_calibrated.pt
2026-05-01 10:58:23 | INFO    | resistancemap | Checkpoint saved: checkpoints/stability_calibrated.pt
2026-05-01 10:58:23 | INFO    | resistancemap | Checkpoint saved: checkpoints/stability_calibrated.pt
2026-05-01 10:58:25 | INFO    | resistancemap | Checkpoint saved: checkpoints/stability_calibrated.pt
2026-05-01 10:58:26 | INFO    | resistancemap | Checkpoint saved: checkpoints/stability_calibrated.pt
2026-05-01 10:58:26 | INFO    | resistancemap | Checkpoint saved: checkpoints/stability_calibrated.pt
2026-05-01 10:58:27 | INFO    | resistancemap | Checkpoint saved: checkpoints/stability_calibrated.pt
2026-05-01 10:58:28 | INFO    | resistancemap.models.trajectory | [stability_calibrate] Epoch 50/500 loss=0.3060 basin_center=1.4789 basin_scale=1.5128
2026-05-01 10:58:28 | INFO    | resistancemap | Checkpoint saved: checkpoints/stability_calibrated.pt
2026-05-01 10:58:29 | INFO    | resistancemap | Checkpoint saved: checkpoints/stability_calibrated.pt
2026-05-01 10:58:30 | INFO    | resistancemap | Checkpoint saved: checkpoints/stability_calibrated.pt
2026-05-01 10:58:31 | INFO    | resistancemap | Checkpoint saved: checkpoints/stability_calibrated.pt
2026-05-01 10:58:31 | INFO    | resistancemap | Checkpoint saved: checkpoints/stability_calibrated.pt
2026-05-01 10:58:34 | INFO    | resistancemap | Checkpoint saved: checkpoints/stability_calibrated.pt
2026-05-01 10:58:35 | INFO    | resistancemap | Checkpoint saved: checkpoints/stability_calibrated.pt
2026-05-01 10:58:35 | INFO    | resistancemap | Checkpoint saved: checkpoints/stability_calibrated.pt
2026-05-01 10:58:36 | INFO    | resistancemap | Checkpoint saved: checkpoints/stability_calibrated.pt
2026-05-01 10:58:37 | INFO    | resistancemap | Checkpoint saved: checkpoints/stability_calibrated.pt
2026-05-01 10:58:39 | INFO    | resistancemap | Checkpoint saved: checkpoints/stability_calibrated.pt
2026-05-01 10:58:41 | INFO    | resistancemap | Checkpoint saved: checkpoints/stability_calibrated.pt
2026-05-01 10:58:42 | INFO    | resistancemap | Checkpoint saved: checkpoints/stability_calibrated.pt
2026-05-01 10:58:42 | INFO    | resistancemap | Checkpoint saved: checkpoints/stability_calibrated.pt
2026-05-01 10:58:44 | INFO    | resistancemap | Checkpoint saved: checkpoints/stability_calibrated.pt
2026-05-01 10:58:46 | INFO    | resistancemap | Checkpoint saved: checkpoints/stability_calibrated.pt
2026-05-01 10:58:46 | INFO    | resistancemap | Checkpoint saved: checkpoints/stability_calibrated.pt
2026-05-01 10:58:48 | INFO    | resistancemap | Checkpoint saved: checkpoints/stability_calibrated.pt
2026-05-01 10:58:49 | INFO    | resistancemap | Checkpoint saved: checkpoints/stability_calibrated.pt
2026-05-01 10:58:49 | INFO    | resistancemap | Checkpoint saved: checkpoints/stability_calibrated.pt
2026-05-01 10:58:50 | INFO    | resistancemap | Checkpoint saved: checkpoints/stability_calibrated.pt
2026-05-01 10:58:51 | INFO    | resistancemap | Checkpoint saved: checkpoints/stability_calibrated.pt
2026-05-01 10:58:54 | INFO    | resistancemap | Checkpoint saved: checkpoints/stability_calibrated.pt
2026-05-01 10:58:55 | INFO    | resistancemap.models.trajectory | [stability_calibrate] Epoch 100/500 loss=0.0102 basin_center=1.4509 basin_scale=1.5057
2026-05-01 10:58:57 | INFO    | resistancemap | Checkpoint saved: checkpoints/stability_calibrated.pt
2026-05-01 10:58:58 | INFO    | resistancemap | Checkpoint saved: checkpoints/stability_calibrated.pt
2026-05-01 10:59:06 | INFO    | resistancemap | Checkpoint saved: checkpoints/stability_calibrated.pt
2026-05-01 10:59:09 | INFO    | resistancemap | Checkpoint saved: checkpoints/stability_calibrated.pt
2026-05-01 10:59:18 | INFO    | resistancemap | Checkpoint saved: checkpoints/stability_calibrated.pt
2026-05-01 10:59:23 | INFO    | resistancemap | Checkpoint saved: checkpoints/stability_calibrated.pt
2026-05-01 10:59:23 | INFO    | resistancemap.models.trajectory | [stability_calibrate] Epoch 150/500 loss=0.0032 basin_center=1.4477 basin_scale=1.5086
2026-05-01 10:59:29 | INFO    | resistancemap | Checkpoint saved: checkpoints/stability_calibrated.pt
2026-05-01 10:59:31 | INFO    | resistancemap | Checkpoint saved: checkpoints/stability_calibrated.pt
2026-05-01 10:59:38 | INFO    | resistancemap | Checkpoint saved: checkpoints/stability_calibrated.pt
2026-05-01 10:59:40 | INFO    | resistancemap | Checkpoint saved: checkpoints/stability_calibrated.pt
2026-05-01 10:59:51 | INFO    | resistancemap.models.trajectory | [stability_calibrate] Epoch 200/500 loss=0.0009 basin_center=1.4468 basin_scale=1.5101
2026-05-01 10:59:57 | INFO    | resistancemap | Checkpoint saved: checkpoints/stability_calibrated.pt
2026-05-01 11:00:19 | INFO    | resistancemap.models.trajectory | [stability_calibrate] Epoch 250/500 loss=0.0030 basin_center=1.4463 basin_scale=1.5114
2026-05-01 11:00:34 | INFO    | resistancemap | Checkpoint saved: checkpoints/stability_calibrated.pt
2026-05-01 11:00:42 | INFO    | resistancemap | Checkpoint saved: checkpoints/stability_calibrated.pt
2026-05-01 11:00:45 | INFO    | resistancemap | Checkpoint saved: checkpoints/stability_calibrated.pt
2026-05-01 11:00:47 | INFO    | resistancemap.models.trajectory | [stability_calibrate] Epoch 300/500 loss=0.0007 basin_center=1.4458 basin_scale=1.5126
2026-05-01 11:01:15 | INFO    | resistancemap.models.trajectory | [stability_calibrate] Epoch 350/500 loss=0.0094 basin_center=1.4456 basin_scale=1.5136
2026-05-01 11:01:43 | INFO    | resistancemap.models.trajectory | [stability_calibrate] Epoch 400/500 loss=0.0022 basin_center=1.4453 basin_scale=1.5144
2026-05-01 11:02:10 | INFO    | resistancemap.models.trajectory | [stability_calibrate] Epoch 450/500 loss=0.0001 basin_center=1.4452 basin_scale=1.5150
2026-05-01 11:02:38 | INFO    | resistancemap.models.trajectory | [stability_calibrate] Epoch 500/500 loss=0.0112 basin_center=1.4451 basin_scale=1.5155
2026-05-01 11:02:38 | INFO    | resistancemap | <<< STAGE END: trajectory_calibrate (4.7 min) | best_calibration_loss=0.0001 n_valid_samples=498
2026-05-01 11:02:38 | INFO    | resistancemap | Checkpoint loaded: checkpoints/stability_calibrated.pt (saved 2026-05-01T16:00:45.006057+00:00)
2026-05-01 11:02:38 | INFO    | resistancemap.agents.base | trajectory: Execution complete (status=completed)
2026-05-01 11:02:38 | INFO    | resistancemap.agents.orchestrator |   trajectory: COMPLETED (hash=f775403a...)
2026-05-01 11:02:38 | INFO    | resistancemap.agents.orchestrator | Orchestrator: Layer 5 (1 agents)
2026-05-01 11:02:38 | INFO    | resistancemap.agents.base | protein_net: Starting execution
2026-05-01 11:02:40 | INFO    | resistancemap | >>> STAGE START: protein_net_train
2026-05-01 11:02:40 | INFO    | resistancemap | Checkpoint loaded: checkpoints/data_ready.pt (saved 2026-05-01T15:56:27.149004+00:00)
2026-05-01 11:02:40 | INFO    | resistancemap | Checkpoint loaded: checkpoints/vae_finetuned.pt (saved 2026-05-01T15:57:48.590959+00:00)
2026-05-01 11:02:40 | INFO    | resistancemap | Checkpoint loaded: checkpoints/stability_calibrated.pt (saved 2026-05-01T16:00:45.006057+00:00)
2026-05-01 11:02:41 | INFO    | resistancemap.main | Pre-computing VAE latent states and stability scores...
2026-05-01 11:08:21 | INFO    | resistancemap.main | Pre-computed: latents torch.Size([886, 64]), stability torch.Size([886])
2026-05-01 11:08:21 | INFO    | resistancemap.main | No protein sequences available; using abundance-only node features
2026-05-01 11:08:21 | INFO    | resistancemap.main | PPI graph: 19177 nodes, 929520 edges
2026-05-01 11:08:44 | INFO    | resistancemap | Checkpoint saved: checkpoints/protein_net_trained.pt
2026-05-01 11:10:17 | INFO    | resistancemap | Checkpoint saved: checkpoints/protein_net_trained.pt
2026-05-01 11:12:13 | INFO    | resistancemap.main | [protein_net] Epoch 10/100 train=0.8319 val=1.8462
2026-05-01 11:16:04 | INFO    | resistancemap.main | [protein_net] Epoch 20/100 train=0.8174 val=1.8381
2026-05-01 11:16:04 | INFO    | resistancemap.main | [protein_net] Early stopping at epoch 20
2026-05-01 11:16:04 | INFO    | resistancemap | <<< STAGE END: protein_net_train (13.4 min) | protein_net_val_loss=1.8245
2026-05-01 11:16:05 | INFO    | resistancemap | Checkpoint loaded: checkpoints/protein_net_trained.pt (saved 2026-05-01T16:10:17.427886+00:00)
2026-05-01 11:16:05 | INFO    | resistancemap.agents.base | protein_net: Execution complete (status=completed)
2026-05-01 11:16:05 | INFO    | resistancemap.agents.orchestrator |   protein_net: COMPLETED (hash=8dd96d02...)
2026-05-01 11:16:05 | INFO    | resistancemap.agents.orchestrator | Orchestrator: Layer 6 (1 agents)
2026-05-01 11:16:05 | INFO    | resistancemap.agents.base | fusion: Starting execution
2026-05-01 11:16:05 | INFO    | resistancemap | >>> STAGE START: fusion_train
2026-05-01 11:16:05 | INFO    | resistancemap | Checkpoint loaded: checkpoints/data_ready.pt (saved 2026-05-01T15:56:27.149004+00:00)
2026-05-01 11:16:05 | INFO    | resistancemap | Checkpoint loaded: checkpoints/vae_finetuned.pt (saved 2026-05-01T15:57:48.590959+00:00)
2026-05-01 11:16:05 | INFO    | resistancemap | Checkpoint loaded: checkpoints/stability_calibrated.pt (saved 2026-05-01T16:00:45.006057+00:00)
2026-05-01 11:16:05 | ERROR   | resistancemap.agents.specialized | FusionAgent failed
Traceback (most recent call last):
  File "/home/aj0486@students.ad.unt.edu/pipeline3/ResistanceMap/resistancemap/agents/specialized.py", line 363, in execute
    result_path = await asyncio.to_thread(train_fusion, config, ckpt_mgr)
                  ^^^^^^^^^^^^^^^^^^^^^^^^^^^^^^^^^^^^^^^^^^^^^^^^^^^^^^^
  File "/usr/lib/python3.12/asyncio/threads.py", line 25, in to_thread
    return await loop.run_in_executor(None, func_call)
           ^^^^^^^^^^^^^^^^^^^^^^^^^^^^^^^^^^^^^^^^^^^
  File "/usr/lib/python3.12/concurrent/futures/thread.py", line 58, in run
    result = self.fn(*self.args, **self.kwargs)
             ^^^^^^^^^^^^^^^^^^^^^^^^^^^^^^^^^^
  File "/home/aj0486@students.ad.unt.edu/pipeline3/ResistanceMap/resistancemap/main.py", line 910, in train_fusion
    forecaster_ckpt = ckpt_mgr.load("trajectory_forecaster_trained")
                      ^^^^^^^^^^^^^^^^^^^^^^^^^^^^^^^^^^^^^^^^^^^^^^
  File "/home/aj0486@students.ad.unt.edu/pipeline3/ResistanceMap/resistancemap/utils/checkpoint.py", line 119, in load
    raise FileNotFoundError(
FileNotFoundError: No checkpoint found for stage 'trajectory_forecaster_trained' at checkpoints/trajectory_forecaster_trained.pt. Run the 'trajectory_forecaster_trained' stage first.
2026-05-01 11:16:05 | INFO    | resistancemap.agents.base | fusion: Execution complete (status=failed)
2026-05-01 11:16:05 | ERROR   | resistancemap.agents.orchestrator |   fusion: FAILED (Fusion training failed: No checkpoint found for stage 'trajectory_forecaster_trained' at checkpoints/trajectory_forecaster_trained.pt. Run the 'trajectory_forecaster_trained' stage first.)
2026-05-01 11:16:05 | INFO    | resistancemap.agents.orchestrator | Orchestrator: Layer 7 (1 agents)
2026-05-01 11:16:05 | ERROR   | resistancemap.agents.orchestrator |   landscape: FAILED (Dependency fusion failed: Fusion training failed: No checkpoint found for stage 'trajectory_forecaster_trained' at checkpoints/trajectory_forecaster_trained.pt. Run the 'trajectory_forecaster_trained' stage first.)
2026-05-01 11:16:05 | INFO    | resistancemap.agents.orchestrator | Orchestrator: Layer 8 (1 agents)
2026-05-01 11:16:05 | ERROR   | resistancemap.agents.orchestrator |   validation: FAILED (Dependency landscape failed: Dependency fusion failed: Fusion training failed: No checkpoint found for stage 'trajectory_forecaster_trained' at checkpoints/trajectory_forecaster_trained.pt. Run the 'trajectory_forecaster_trained' stage first.)
2026-05-01 11:16:05 | INFO    | resistancemap.agents.orchestrator | Orchestrator: Execution complete in 1252.9s. Completed: 7/10
2026-05-01 11:16:05 | INFO    | resistancemap.main | ========================================================================
2026-05-01 11:16:05 | INFO    | resistancemap.main | PIPELINE COMPLETE
2026-05-01 11:16:05 | INFO    | resistancemap.main |   Total time: 1253.1s
2026-05-01 11:16:05 | INFO    | resistancemap.main |   Agents completed: 7/10
2026-05-01 11:16:05 | INFO    | resistancemap.main |   Verification chain: 10 hashes
2026-05-01 11:16:05 | WARNING | resistancemap.main |   Failed agents: ['fusion', 'landscape', 'validation']
2026-05-01 11:16:05 | INFO    | resistancemap.main | ========================================================================
2026-05-01 11:16:05 | INFO    | resistancemap.main | AgentOps dashboard exported: logs/agentops_dashboard.json
2026-05-01 11:18:09 | INFO    | resistancemap | Logging to logs/pipeline.log
2026-05-01 11:18:09 | WARNING | resistancemap | W&B init failed (continuing without): No API key configured. Use `wandb login` to log in.
2026-05-01 11:18:09 | INFO    | resistancemap.main | Agentic pipeline: 10 agents in 9 parallel layers
2026-05-01 11:18:09 | INFO    | resistancemap.main |   Layer 0: ['data_validation']
2026-05-01 11:18:09 | INFO    | resistancemap.main |   Layer 1: ['data_prep']
2026-05-01 11:18:09 | INFO    | resistancemap.main |   Layer 2: ['vae_pretrain', 'esm2_embed']
2026-05-01 11:18:09 | INFO    | resistancemap.main |   Layer 3: ['vae_finetune']
2026-05-01 11:18:09 | INFO    | resistancemap.main |   Layer 4: ['trajectory']
2026-05-01 11:18:09 | INFO    | resistancemap.main |   Layer 5: ['protein_net']
2026-05-01 11:18:09 | INFO    | resistancemap.main |   Layer 6: ['fusion']
2026-05-01 11:18:09 | INFO    | resistancemap.main |   Layer 7: ['landscape']
2026-05-01 11:18:09 | INFO    | resistancemap.main |   Layer 8: ['validation']
2026-05-01 11:18:09 | INFO    | resistancemap.main | AgentOps initialized: Tracer + Evaluator + Optimizer
2026-05-01 11:18:09 | INFO    | resistancemap.main | Zero-trust verification active: 8 guardrails loaded
2026-05-01 11:18:09 | INFO    | resistancemap.main | Data quality profiler ready (SOTA benchmarks loaded)
2026-05-01 11:18:09 | INFO    | resistancemap.main | Latent compute scheduler: GPU budget=24GB, max_concurrent=2
2026-05-01 11:18:09 | INFO    | resistancemap.main | ========================================================================
2026-05-01 11:18:09 | INFO    | resistancemap.main | EXECUTING AGENTIC PIPELINE
2026-05-01 11:18:09 | INFO    | resistancemap.main | ========================================================================
2026-05-01 11:18:09 | INFO    | resistancemap.agents.orchestrator | Orchestrator: Starting execution of 10 agents in 9 layers
2026-05-01 11:18:09 | INFO    | resistancemap.agents.orchestrator | Orchestrator: Layer 0 (1 agents)
2026-05-01 11:18:09 | INFO    | resistancemap.agents.base | data_validation: Starting execution
2026-05-01 11:18:09 | INFO    | resistancemap | >>> STAGE START: data_validate
2026-05-01 11:18:09 | INFO    | resistancemap | <<< STAGE END: data_validate (0.0 min)
2026-05-01 11:18:09 | INFO    | resistancemap.agents.base | data_validation: Execution complete (status=completed)
2026-05-01 11:18:09 | INFO    | resistancemap.agents.orchestrator |   data_validation: COMPLETED (hash=c756ad01...)
2026-05-01 11:18:09 | INFO    | resistancemap.agents.orchestrator | Orchestrator: Layer 1 (1 agents)
2026-05-01 11:18:09 | INFO    | resistancemap.agents.base | data_prep: Starting execution
2026-05-01 11:18:09 | INFO    | resistancemap | Checkpoint loaded: checkpoints/data_ready.pt (saved 2026-05-01T15:56:27.149004+00:00)
2026-05-01 11:18:09 | INFO    | resistancemap.agents.base | data_prep: Execution complete (status=completed)
2026-05-01 11:18:09 | INFO    | resistancemap.agents.orchestrator |   data_prep: COMPLETED (hash=6729f7bf...)
2026-05-01 11:18:09 | INFO    | resistancemap.agents.orchestrator | Orchestrator: Layer 2 (2 agents)
2026-05-01 11:18:09 | INFO    | resistancemap.agents.base | vae_pretrain: Starting execution
2026-05-01 11:18:09 | INFO    | resistancemap.agents.base | esm2_embed: Starting execution
2026-05-01 11:18:09 | INFO    | resistancemap | >>> STAGE START: esm2_embed
2026-05-01 11:18:10 | INFO    | resistancemap | Checkpoint loaded: checkpoints/data_ready.pt (saved 2026-05-01T15:56:27.149004+00:00)
2026-05-01 11:18:10 | INFO    | resistancemap.agents.specialized | ESM-2 embed: validated 19177 proteins for model facebook/esm2_t33_650M_UR50D
2026-05-01 11:18:10 | INFO    | resistancemap | <<< STAGE END: esm2_embed (0.0 min) | n_proteins=19177 esm2_model=facebook/esm2_t33_650M_UR50D embedding_dim=1280
2026-05-01 11:18:10 | INFO    | resistancemap.agents.base | esm2_embed: Execution complete (status=completed)
2026-05-01 11:18:10 | INFO    | resistancemap | Checkpoint loaded: checkpoints/vae_pretrained.pt (saved 2026-05-01T15:57:29.642870+00:00)
2026-05-01 11:18:10 | INFO    | resistancemap.agents.base | vae_pretrain: Execution complete (status=completed)
2026-05-01 11:18:10 | INFO    | resistancemap.agents.orchestrator |   vae_pretrain: COMPLETED (hash=96937bb0...)
2026-05-01 11:18:10 | INFO    | resistancemap.agents.orchestrator |   esm2_embed: COMPLETED (hash=a10dd06d...)
2026-05-01 11:18:10 | INFO    | resistancemap.agents.orchestrator | Orchestrator: Layer 3 (1 agents)
2026-05-01 11:18:10 | INFO    | resistancemap.agents.base | vae_finetune: Starting execution
2026-05-01 11:18:10 | INFO    | resistancemap | Checkpoint loaded: checkpoints/vae_finetuned.pt (saved 2026-05-01T15:57:48.590959+00:00)
2026-05-01 11:18:10 | INFO    | resistancemap.agents.base | vae_finetune: Execution complete (status=completed)
2026-05-01 11:18:10 | INFO    | resistancemap.agents.orchestrator |   vae_finetune: COMPLETED (hash=717b5097...)
2026-05-01 11:18:10 | INFO    | resistancemap.agents.orchestrator | Orchestrator: Layer 4 (1 agents)
2026-05-01 11:18:10 | INFO    | resistancemap.agents.base | trajectory: Starting execution
2026-05-01 11:18:10 | INFO    | resistancemap | >>> STAGE START: trajectory_forecast
2026-05-01 11:18:10 | INFO    | resistancemap | Checkpoint loaded: checkpoints/data_ready.pt (saved 2026-05-01T15:56:27.149004+00:00)
2026-05-01 11:18:11 | INFO    | resistancemap | Checkpoint loaded: checkpoints/vae_finetuned.pt (saved 2026-05-01T15:57:48.590959+00:00)
2026-05-01 11:18:11 | INFO    | resistancemap | Checkpoint loaded: checkpoints/stability_calibrated.pt (saved 2026-05-01T16:00:45.006057+00:00)
2026-05-01 11:18:12 | INFO    | resistancemap.models.trajectory | Initialized TrajectoryForecaster with latent_dim=64 (deterministic ODE mode)
2026-05-01 11:18:12 | INFO    | resistancemap.main | Transferred calibrated ODE weights from MemoryStabilityScorer to TrajectoryForecaster
2026-05-01 11:18:12 | INFO    | resistancemap.main | Pre-computing VAE latents and reader/writer levels for trajectory training...
2026-05-01 11:18:13 | INFO    | resistancemap.main | Pre-computed: latents torch.Size([886, 64]), rw_levels torch.Size([886, 20])
2026-05-01 11:18:13 | ERROR   | resistancemap.agents.specialized | TrajectoryAgent failed
Traceback (most recent call last):
  File "/home/aj0486@students.ad.unt.edu/pipeline3/ResistanceMap/resistancemap/agents/specialized.py", line 279, in execute
    forecaster_path = await asyncio.to_thread(train_trajectory_forecaster, config, ckpt_mgr)
                      ^^^^^^^^^^^^^^^^^^^^^^^^^^^^^^^^^^^^^^^^^^^^^^^^^^^^^^^^^^^^^^^^^^^^^^
  File "/usr/lib/python3.12/asyncio/threads.py", line 25, in to_thread
    return await loop.run_in_executor(None, func_call)
           ^^^^^^^^^^^^^^^^^^^^^^^^^^^^^^^^^^^^^^^^^^^
  File "/usr/lib/python3.12/concurrent/futures/thread.py", line 58, in run
    result = self.fn(*self.args, **self.kwargs)
             ^^^^^^^^^^^^^^^^^^^^^^^^^^^^^^^^^^
  File "/home/aj0486@students.ad.unt.edu/pipeline3/ResistanceMap/resistancemap/main.py", line 507, in train_trajectory_forecaster
    {"params": forecaster.latent_to_params.parameters(), "lr": 1e-3},
               ^^^^^^^^^^^^^^^^^^^^^^^^^^^
  File "/home/aj0486@students.ad.unt.edu/pipeline3/venv/lib/python3.12/site-packages/torch/nn/modules/module.py", line 1931, in __getattr__
    raise AttributeError(
AttributeError: 'TrajectoryForecaster' object has no attribute 'latent_to_params'. Did you mean: '_latent_to_ode_params'?
2026-05-01 11:18:13 | INFO    | resistancemap.agents.base | trajectory: Execution complete (status=failed)
2026-05-01 11:18:14 | ERROR   | resistancemap.agents.orchestrator |   trajectory: FAILED (Trajectory calibration/forecaster failed: 'TrajectoryForecaster' object has no attribute 'latent_to_params')
2026-05-01 11:18:14 | INFO    | resistancemap.agents.orchestrator | Orchestrator: Layer 5 (1 agents)
2026-05-01 11:18:14 | ERROR   | resistancemap.agents.orchestrator |   protein_net: FAILED (Dependency trajectory failed: Trajectory calibration/forecaster failed: 'TrajectoryForecaster' object has no attribute 'latent_to_params')
2026-05-01 11:18:14 | INFO    | resistancemap.agents.orchestrator | Orchestrator: Layer 6 (1 agents)
2026-05-01 11:18:14 | ERROR   | resistancemap.agents.orchestrator |   fusion: FAILED (Dependency trajectory failed: Trajectory calibration/forecaster failed: 'TrajectoryForecaster' object has no attribute 'latent_to_params')
2026-05-01 11:18:14 | INFO    | resistancemap.agents.orchestrator | Orchestrator: Layer 7 (1 agents)
2026-05-01 11:18:14 | ERROR   | resistancemap.agents.orchestrator |   landscape: FAILED (Dependency fusion failed: Dependency trajectory failed: Trajectory calibration/forecaster failed: 'TrajectoryForecaster' object has no attribute 'latent_to_params')
2026-05-01 11:18:14 | INFO    | resistancemap.agents.orchestrator | Orchestrator: Layer 8 (1 agents)
2026-05-01 11:18:14 | ERROR   | resistancemap.agents.orchestrator |   validation: FAILED (Dependency landscape failed: Dependency fusion failed: Dependency trajectory failed: Trajectory calibration/forecaster failed: 'TrajectoryForecaster' object has no attribute 'latent_to_params')
2026-05-01 11:18:14 | INFO    | resistancemap.agents.orchestrator | Orchestrator: Execution complete in 4.4s. Completed: 5/10
2026-05-01 11:18:14 | INFO    | resistancemap.main | ========================================================================
2026-05-01 11:18:14 | INFO    | resistancemap.main | PIPELINE COMPLETE
2026-05-01 11:18:14 | INFO    | resistancemap.main |   Total time: 4.6s
2026-05-01 11:18:14 | INFO    | resistancemap.main |   Agents completed: 5/10
2026-05-01 11:18:14 | INFO    | resistancemap.main |   Verification chain: 10 hashes
2026-05-01 11:18:14 | WARNING | resistancemap.main |   Failed agents: ['trajectory', 'protein_net', 'fusion', 'landscape', 'validation']
2026-05-01 11:18:14 | INFO    | resistancemap.main | ========================================================================
2026-05-01 11:18:14 | INFO    | resistancemap.main | AgentOps dashboard exported: logs/agentops_dashboard.json
2026-05-01 11:19:13 | INFO    | resistancemap | Logging to logs/pipeline.log
2026-05-01 11:19:13 | WARNING | resistancemap | W&B init failed (continuing without): No API key configured. Use `wandb login` to log in.
2026-05-01 11:19:13 | INFO    | resistancemap.main | Agentic pipeline: 10 agents in 9 parallel layers
2026-05-01 11:19:13 | INFO    | resistancemap.main |   Layer 0: ['data_validation']
2026-05-01 11:19:13 | INFO    | resistancemap.main |   Layer 1: ['data_prep']
2026-05-01 11:19:13 | INFO    | resistancemap.main |   Layer 2: ['vae_pretrain', 'esm2_embed']
2026-05-01 11:19:13 | INFO    | resistancemap.main |   Layer 3: ['vae_finetune']
2026-05-01 11:19:13 | INFO    | resistancemap.main |   Layer 4: ['trajectory']
2026-05-01 11:19:13 | INFO    | resistancemap.main |   Layer 5: ['protein_net']
2026-05-01 11:19:13 | INFO    | resistancemap.main |   Layer 6: ['fusion']
2026-05-01 11:19:13 | INFO    | resistancemap.main |   Layer 7: ['landscape']
2026-05-01 11:19:13 | INFO    | resistancemap.main |   Layer 8: ['validation']
2026-05-01 11:19:13 | INFO    | resistancemap.main | AgentOps initialized: Tracer + Evaluator + Optimizer
2026-05-01 11:19:13 | INFO    | resistancemap.main | Zero-trust verification active: 8 guardrails loaded
2026-05-01 11:19:13 | INFO    | resistancemap.main | Data quality profiler ready (SOTA benchmarks loaded)
2026-05-01 11:19:13 | INFO    | resistancemap.main | Latent compute scheduler: GPU budget=24GB, max_concurrent=2
2026-05-01 11:19:13 | INFO    | resistancemap.main | ========================================================================
2026-05-01 11:19:13 | INFO    | resistancemap.main | EXECUTING AGENTIC PIPELINE
2026-05-01 11:19:13 | INFO    | resistancemap.main | ========================================================================
2026-05-01 11:19:13 | INFO    | resistancemap.agents.orchestrator | Orchestrator: Starting execution of 10 agents in 9 layers
2026-05-01 11:19:13 | INFO    | resistancemap.agents.orchestrator | Orchestrator: Layer 0 (1 agents)
2026-05-01 11:19:13 | INFO    | resistancemap.agents.base | data_validation: Starting execution
2026-05-01 11:19:13 | INFO    | resistancemap | >>> STAGE START: data_validate
2026-05-01 11:19:13 | INFO    | resistancemap | <<< STAGE END: data_validate (0.0 min)
2026-05-01 11:19:13 | INFO    | resistancemap.agents.base | data_validation: Execution complete (status=completed)
2026-05-01 11:19:13 | INFO    | resistancemap.agents.orchestrator |   data_validation: COMPLETED (hash=c756ad01...)
2026-05-01 11:19:13 | INFO    | resistancemap.agents.orchestrator | Orchestrator: Layer 1 (1 agents)
2026-05-01 11:19:13 | INFO    | resistancemap.agents.base | data_prep: Starting execution
2026-05-01 11:19:13 | INFO    | resistancemap | Checkpoint loaded: checkpoints/data_ready.pt (saved 2026-05-01T15:56:27.149004+00:00)
2026-05-01 11:19:13 | INFO    | resistancemap.agents.base | data_prep: Execution complete (status=completed)
2026-05-01 11:19:13 | INFO    | resistancemap.agents.orchestrator |   data_prep: COMPLETED (hash=6729f7bf...)
2026-05-01 11:19:13 | INFO    | resistancemap.agents.orchestrator | Orchestrator: Layer 2 (2 agents)
2026-05-01 11:19:13 | INFO    | resistancemap.agents.base | vae_pretrain: Starting execution
2026-05-01 11:19:13 | INFO    | resistancemap.agents.base | esm2_embed: Starting execution
2026-05-01 11:19:13 | INFO    | resistancemap | >>> STAGE START: esm2_embed
2026-05-01 11:19:13 | INFO    | resistancemap | Checkpoint loaded: checkpoints/data_ready.pt (saved 2026-05-01T15:56:27.149004+00:00)
2026-05-01 11:19:13 | INFO    | resistancemap.agents.specialized | ESM-2 embed: validated 19177 proteins for model facebook/esm2_t33_650M_UR50D
2026-05-01 11:19:13 | INFO    | resistancemap | <<< STAGE END: esm2_embed (0.0 min) | n_proteins=19177 esm2_model=facebook/esm2_t33_650M_UR50D embedding_dim=1280
2026-05-01 11:19:13 | INFO    | resistancemap.agents.base | esm2_embed: Execution complete (status=completed)
2026-05-01 11:19:14 | INFO    | resistancemap | Checkpoint loaded: checkpoints/vae_pretrained.pt (saved 2026-05-01T15:57:29.642870+00:00)
2026-05-01 11:19:14 | INFO    | resistancemap.agents.base | vae_pretrain: Execution complete (status=completed)
2026-05-01 11:19:14 | INFO    | resistancemap.agents.orchestrator |   vae_pretrain: COMPLETED (hash=96937bb0...)
2026-05-01 11:19:14 | INFO    | resistancemap.agents.orchestrator |   esm2_embed: COMPLETED (hash=a10dd06d...)
2026-05-01 11:19:14 | INFO    | resistancemap.agents.orchestrator | Orchestrator: Layer 3 (1 agents)
2026-05-01 11:19:14 | INFO    | resistancemap.agents.base | vae_finetune: Starting execution
2026-05-01 11:19:14 | INFO    | resistancemap | Checkpoint loaded: checkpoints/vae_finetuned.pt (saved 2026-05-01T15:57:48.590959+00:00)
2026-05-01 11:19:14 | INFO    | resistancemap.agents.base | vae_finetune: Execution complete (status=completed)
2026-05-01 11:19:14 | INFO    | resistancemap.agents.orchestrator |   vae_finetune: COMPLETED (hash=717b5097...)
2026-05-01 11:19:14 | INFO    | resistancemap.agents.orchestrator | Orchestrator: Layer 4 (1 agents)
2026-05-01 11:19:14 | INFO    | resistancemap.agents.base | trajectory: Starting execution
2026-05-01 11:19:14 | INFO    | resistancemap | >>> STAGE START: trajectory_forecast
2026-05-01 11:19:14 | INFO    | resistancemap | Checkpoint loaded: checkpoints/data_ready.pt (saved 2026-05-01T15:56:27.149004+00:00)
2026-05-01 11:19:15 | INFO    | resistancemap | Checkpoint loaded: checkpoints/vae_finetuned.pt (saved 2026-05-01T15:57:48.590959+00:00)
2026-05-01 11:19:15 | INFO    | resistancemap | Checkpoint loaded: checkpoints/stability_calibrated.pt (saved 2026-05-01T16:00:45.006057+00:00)
2026-05-01 11:19:15 | INFO    | resistancemap.models.trajectory | Initialized TrajectoryForecaster with latent_dim=64 (deterministic ODE mode)
2026-05-01 11:19:15 | INFO    | resistancemap.main | Transferred calibrated ODE weights from MemoryStabilityScorer to TrajectoryForecaster
2026-05-01 11:19:15 | INFO    | resistancemap.main | Pre-computing VAE latents and reader/writer levels for trajectory training...
2026-05-01 11:19:17 | INFO    | resistancemap.main | Pre-computed: latents torch.Size([886, 64]), rw_levels torch.Size([886, 20])
2026-05-01 11:19:20 | INFO    | resistancemap | Checkpoint saved: checkpoints/trajectory_forecaster_trained.pt
2026-05-01 11:19:57 | INFO    | resistancemap.main | [trajectory_forecast] Early stopping at epoch 21
2026-05-01 11:19:57 | INFO    | resistancemap | <<< STAGE END: trajectory_forecast (0.7 min) | trajectory_forecast_val_loss=0.0122
2026-05-01 11:19:57 | INFO    | resistancemap | Checkpoint loaded: checkpoints/stability_calibrated.pt (saved 2026-05-01T16:00:45.006057+00:00)
2026-05-01 11:19:57 | INFO    | resistancemap | Checkpoint loaded: checkpoints/trajectory_forecaster_trained.pt (saved 2026-05-01T16:19:20.463581+00:00)
2026-05-01 11:19:57 | INFO    | resistancemap.agents.base | trajectory: Execution complete (status=completed)
2026-05-01 11:19:57 | INFO    | resistancemap.agents.orchestrator |   trajectory: COMPLETED (hash=ca726349...)
2026-05-01 11:19:57 | INFO    | resistancemap.agents.orchestrator | Orchestrator: Layer 5 (1 agents)
2026-05-01 11:19:57 | INFO    | resistancemap.agents.base | protein_net: Starting execution
2026-05-01 11:19:58 | INFO    | resistancemap | Checkpoint loaded: checkpoints/protein_net_trained.pt (saved 2026-05-01T16:10:17.427886+00:00)
2026-05-01 11:19:58 | INFO    | resistancemap.agents.base | protein_net: Execution complete (status=completed)
2026-05-01 11:19:58 | INFO    | resistancemap.agents.orchestrator |   protein_net: COMPLETED (hash=8dd96d02...)
2026-05-01 11:19:58 | INFO    | resistancemap.agents.orchestrator | Orchestrator: Layer 6 (1 agents)
2026-05-01 11:19:58 | INFO    | resistancemap.agents.base | fusion: Starting execution
2026-05-01 11:19:58 | INFO    | resistancemap | >>> STAGE START: fusion_train
2026-05-01 11:19:59 | INFO    | resistancemap | Checkpoint loaded: checkpoints/data_ready.pt (saved 2026-05-01T15:56:27.149004+00:00)
2026-05-01 11:19:59 | INFO    | resistancemap | Checkpoint loaded: checkpoints/vae_finetuned.pt (saved 2026-05-01T15:57:48.590959+00:00)
2026-05-01 11:19:59 | INFO    | resistancemap | Checkpoint loaded: checkpoints/stability_calibrated.pt (saved 2026-05-01T16:00:45.006057+00:00)
2026-05-01 11:19:59 | INFO    | resistancemap | Checkpoint loaded: checkpoints/trajectory_forecaster_trained.pt (saved 2026-05-01T16:19:20.463581+00:00)
2026-05-01 11:19:59 | INFO    | resistancemap | Checkpoint loaded: checkpoints/protein_net_trained.pt (saved 2026-05-01T16:10:17.427886+00:00)
2026-05-01 11:19:59 | INFO    | resistancemap.models.trajectory | Initialized TrajectoryForecaster with latent_dim=64 (deterministic ODE mode)
2026-05-01 11:19:59 | INFO    | resistancemap.main | Pre-computing modality embeddings for fusion training...
2026-05-01 11:27:28 | INFO    | resistancemap.main | Embeddings: epi=torch.Size([886, 64]), traj_raw=torch.Size([886, 10]), pnet=torch.Size([886, 256]), stab=torch.Size([886, 1])
2026-05-01 11:27:28 | INFO    | resistancemap.models.fusion | Initialized CrossModalFusionNet: modalities=['epigenetic', 'trajectory', 'protein_network', 'stability'], hidden_dim=128, output_dim=128
2026-05-01 11:27:28 | INFO    | resistancemap | Checkpoint saved: checkpoints/fusion_trained.pt
2026-05-01 11:27:30 | INFO    | resistancemap.main | [fusion] Early stopping at epoch 16
2026-05-01 11:27:30 | INFO    | resistancemap | <<< STAGE END: fusion_train (7.5 min) | fusion_val_loss=1.2420
2026-05-01 11:27:30 | INFO    | resistancemap | Checkpoint loaded: checkpoints/fusion_trained.pt (saved 2026-05-01T16:27:28.843438+00:00)
2026-05-01 11:27:30 | INFO    | resistancemap.agents.base | fusion: Execution complete (status=completed)
2026-05-01 11:27:30 | INFO    | resistancemap.agents.orchestrator |   fusion: COMPLETED (hash=0ef436cc...)
2026-05-01 11:27:30 | INFO    | resistancemap.agents.orchestrator | Orchestrator: Layer 7 (1 agents)
2026-05-01 11:27:30 | INFO    | resistancemap.agents.base | landscape: Starting execution
2026-05-01 11:27:30 | INFO    | resistancemap | >>> STAGE START: landscape_train
2026-05-01 11:27:30 | INFO    | resistancemap | Checkpoint loaded: checkpoints/data_ready.pt (saved 2026-05-01T15:56:27.149004+00:00)
2026-05-01 11:27:30 | INFO    | resistancemap | Checkpoint loaded: checkpoints/fusion_trained.pt (saved 2026-05-01T16:27:28.843438+00:00)
2026-05-01 11:27:30 | INFO    | resistancemap.models.fusion | Initialized CrossModalFusionNet: modalities=['epigenetic', 'trajectory', 'protein_network', 'stability'], hidden_dim=128, output_dim=128
2026-05-01 11:27:30 | INFO    | resistancemap.main | Computing fused representations for landscape training...
2026-05-01 11:27:32 | INFO    | resistancemap.main | Fused representations: torch.Size([886, 128])
2026-05-01 11:27:32 | INFO    | resistancemap | Checkpoint saved: checkpoints/landscape_trained.pt
2026-05-01 11:27:32 | INFO    | resistancemap | Checkpoint saved: checkpoints/landscape_trained.pt
2026-05-01 11:27:32 | INFO    | resistancemap | Checkpoint saved: checkpoints/landscape_trained.pt
2026-05-01 11:27:32 | INFO    | resistancemap | Checkpoint saved: checkpoints/landscape_trained.pt
2026-05-01 11:27:32 | INFO    | resistancemap | Checkpoint saved: checkpoints/landscape_trained.pt
2026-05-01 11:27:32 | INFO    | resistancemap | Checkpoint saved: checkpoints/landscape_trained.pt
2026-05-01 11:27:32 | INFO    | resistancemap | Checkpoint saved: checkpoints/landscape_trained.pt
2026-05-01 11:27:32 | INFO    | resistancemap | Checkpoint saved: checkpoints/landscape_trained.pt
2026-05-01 11:27:32 | INFO    | resistancemap | Checkpoint saved: checkpoints/landscape_trained.pt
2026-05-01 11:27:32 | INFO    | resistancemap | Checkpoint saved: checkpoints/landscape_trained.pt
2026-05-01 11:27:33 | INFO    | resistancemap | Checkpoint saved: checkpoints/landscape_trained.pt
2026-05-01 11:27:33 | INFO    | resistancemap | Checkpoint saved: checkpoints/landscape_trained.pt
2026-05-01 11:27:33 | INFO    | resistancemap.main | [landscape] Epoch 20/100 train=0.8928 val=1.2481
2026-05-01 11:27:33 | INFO    | resistancemap | Checkpoint saved: checkpoints/landscape_trained.pt
2026-05-01 11:27:33 | INFO    | resistancemap | Checkpoint saved: checkpoints/landscape_trained.pt
2026-05-01 11:27:33 | INFO    | resistancemap | Checkpoint saved: checkpoints/landscape_trained.pt
2026-05-01 11:27:33 | INFO    | resistancemap.main | [landscape] Epoch 40/100 train=0.8470 val=1.2570
2026-05-01 11:27:34 | INFO    | resistancemap.main | [landscape] Early stopping at epoch 44
2026-05-01 11:27:34 | INFO    | resistancemap | <<< STAGE END: landscape_train (0.1 min) | landscape_val_loss=1.2434
2026-05-01 11:27:34 | INFO    | resistancemap | Checkpoint loaded: checkpoints/landscape_trained.pt (saved 2026-05-01T16:27:33.558718+00:00)
2026-05-01 11:27:34 | INFO    | resistancemap.agents.base | landscape: Execution complete (status=completed)
2026-05-01 11:27:34 | INFO    | resistancemap.agents.orchestrator |   landscape: COMPLETED (hash=fc00a67d...)
2026-05-01 11:27:34 | INFO    | resistancemap.agents.orchestrator | Orchestrator: Layer 8 (1 agents)
2026-05-01 11:27:34 | INFO    | resistancemap.agents.base | validation: Starting execution
2026-05-01 11:27:34 | INFO    | resistancemap | >>> STAGE START: validate
2026-05-01 11:27:34 | INFO    | resistancemap | Checkpoint loaded: checkpoints/data_ready.pt (saved 2026-05-01T15:56:27.149004+00:00)
2026-05-01 11:27:34 | INFO    | resistancemap | Checkpoint loaded: checkpoints/fusion_trained.pt (saved 2026-05-01T16:27:28.843438+00:00)
2026-05-01 11:27:34 | INFO    | resistancemap | Checkpoint loaded: checkpoints/landscape_trained.pt (saved 2026-05-01T16:27:33.558718+00:00)
2026-05-01 11:27:34 | INFO    | resistancemap.models.fusion | Initialized CrossModalFusionNet: modalities=['epigenetic', 'trajectory', 'protein_network', 'stability'], hidden_dim=128, output_dim=128
2026-05-01 11:27:34 | INFO    | resistancemap.main | Validation: test_mse=2.3731 on 132 samples
2026-05-01 11:27:34 | INFO    | resistancemap | Checkpoint saved: checkpoints/pipeline_validated.pt
2026-05-01 11:27:34 | INFO    | resistancemap | <<< STAGE END: validate (0.0 min) | test_mse=2.3731 n_test_samples=132 n_drugs=11 split=test
2026-05-01 11:27:34 | INFO    | resistancemap | Checkpoint loaded: checkpoints/pipeline_validated.pt (saved 2026-05-01T16:27:34.624934+00:00)
2026-05-01 11:27:34 | INFO    | resistancemap.agents.base | validation: Execution complete (status=completed)
2026-05-01 11:27:34 | INFO    | resistancemap.agents.orchestrator |   validation: COMPLETED (hash=db77f8ed...)
2026-05-01 11:27:34 | INFO    | resistancemap.agents.orchestrator | Orchestrator: Execution complete in 501.3s. Completed: 10/10
2026-05-01 11:27:34 | INFO    | resistancemap.main | ========================================================================
2026-05-01 11:27:34 | INFO    | resistancemap.main | PIPELINE COMPLETE
2026-05-01 11:27:34 | INFO    | resistancemap.main |   Total time: 501.4s
2026-05-01 11:27:34 | INFO    | resistancemap.main |   Agents completed: 10/10
2026-05-01 11:27:34 | INFO    | resistancemap.main |   Verification chain: 10 hashes
2026-05-01 11:27:34 | INFO    | resistancemap.main | ========================================================================
2026-05-01 11:27:34 | INFO    | resistancemap.main | AgentOps dashboard exported: logs/agentops_dashboard.json
2026-05-02 14:00:39 | INFO    | resistancemap | Logging to logs/pipeline.log
2026-05-02 14:00:39 | WARNING | resistancemap | W&B init failed (continuing without): No API key configured. Use `wandb login` to log in.
2026-05-02 14:00:39 | INFO    | resistancemap.main | Agentic pipeline: 10 agents in 9 parallel layers
2026-05-02 14:00:39 | INFO    | resistancemap.main |   Layer 0: ['data_validation']
2026-05-02 14:00:39 | INFO    | resistancemap.main |   Layer 1: ['data_prep']
2026-05-02 14:00:39 | INFO    | resistancemap.main |   Layer 2: ['vae_pretrain', 'esm2_embed']
2026-05-02 14:00:39 | INFO    | resistancemap.main |   Layer 3: ['vae_finetune']
2026-05-02 14:00:39 | INFO    | resistancemap.main |   Layer 4: ['trajectory']
2026-05-02 14:00:39 | INFO    | resistancemap.main |   Layer 5: ['protein_net']
2026-05-02 14:00:39 | INFO    | resistancemap.main |   Layer 6: ['fusion']
2026-05-02 14:00:39 | INFO    | resistancemap.main |   Layer 7: ['landscape']
2026-05-02 14:00:39 | INFO    | resistancemap.main |   Layer 8: ['validation']
2026-05-02 14:00:39 | INFO    | resistancemap.main | AgentOps initialized: Tracer + Evaluator + Optimizer
2026-05-02 14:00:39 | INFO    | resistancemap.main | Zero-trust verification active: 8 guardrails loaded
2026-05-02 14:00:39 | INFO    | resistancemap.main | Data quality profiler ready (SOTA benchmarks loaded)
2026-05-02 14:00:39 | INFO    | resistancemap.main | Latent compute scheduler: GPU budget=24GB, max_concurrent=2
2026-05-02 14:00:39 | INFO    | resistancemap.main | ========================================================================
2026-05-02 14:00:39 | INFO    | resistancemap.main | EXECUTING AGENTIC PIPELINE
2026-05-02 14:00:39 | INFO    | resistancemap.main | ========================================================================
2026-05-02 14:00:39 | INFO    | resistancemap.agents.orchestrator | Orchestrator: Starting execution of 10 agents in 9 layers
2026-05-02 14:00:39 | INFO    | resistancemap.agents.orchestrator | Orchestrator: Layer 0 (1 agents)
2026-05-02 14:00:39 | INFO    | resistancemap.agents.base | data_validation: Starting execution
2026-05-02 14:00:39 | INFO    | resistancemap | >>> STAGE START: data_validate
2026-05-02 14:00:39 | INFO    | resistancemap | <<< STAGE END: data_validate (0.0 min)
2026-05-02 14:00:39 | INFO    | resistancemap.agents.base | data_validation: Execution complete (status=completed)
2026-05-02 14:00:39 | INFO    | resistancemap.agents.orchestrator |   data_validation: COMPLETED (hash=c756ad01...)
2026-05-02 14:00:39 | INFO    | resistancemap.agents.orchestrator | Orchestrator: Layer 1 (1 agents)
2026-05-02 14:00:39 | INFO    | resistancemap.agents.base | data_prep: Starting execution
2026-05-02 14:00:40 | INFO    | resistancemap | Checkpoint loaded: checkpoints/data_ready.pt (saved 2026-05-01T15:56:27.149004+00:00)
2026-05-02 14:00:40 | INFO    | resistancemap.agents.base | data_prep: Execution complete (status=completed)
2026-05-02 14:00:40 | INFO    | resistancemap.agents.orchestrator |   data_prep: COMPLETED (hash=6729f7bf...)
2026-05-02 14:00:40 | INFO    | resistancemap.agents.orchestrator | Orchestrator: Layer 2 (2 agents)
2026-05-02 14:00:40 | INFO    | resistancemap.agents.base | vae_pretrain: Starting execution
2026-05-02 14:00:40 | INFO    | resistancemap.agents.base | esm2_embed: Starting execution
2026-05-02 14:00:40 | INFO    | resistancemap | >>> STAGE START: esm2_embed
2026-05-02 14:00:40 | INFO    | resistancemap | Checkpoint loaded: checkpoints/data_ready.pt (saved 2026-05-01T15:56:27.149004+00:00)
2026-05-02 14:00:40 | INFO    | resistancemap.agents.specialized | ESM-2 embed: validated 19177 proteins for model facebook/esm2_t33_650M_UR50D
2026-05-02 14:00:40 | INFO    | resistancemap | <<< STAGE END: esm2_embed (0.0 min) | n_proteins=19177 esm2_model=facebook/esm2_t33_650M_UR50D embedding_dim=1280
2026-05-02 14:00:40 | INFO    | resistancemap.agents.base | esm2_embed: Execution complete (status=completed)
2026-05-02 14:00:40 | INFO    | resistancemap | Checkpoint loaded: checkpoints/vae_pretrained.pt (saved 2026-05-01T15:57:29.642870+00:00)
2026-05-02 14:00:40 | INFO    | resistancemap.agents.base | vae_pretrain: Execution complete (status=completed)
2026-05-02 14:00:40 | INFO    | resistancemap.agents.orchestrator |   vae_pretrain: COMPLETED (hash=96937bb0...)
2026-05-02 14:00:40 | INFO    | resistancemap.agents.orchestrator |   esm2_embed: COMPLETED (hash=a10dd06d...)
2026-05-02 14:00:40 | INFO    | resistancemap.agents.orchestrator | Orchestrator: Layer 3 (1 agents)
2026-05-02 14:00:40 | INFO    | resistancemap.agents.base | vae_finetune: Starting execution
2026-05-02 14:00:40 | INFO    | resistancemap | Checkpoint loaded: checkpoints/vae_finetuned.pt (saved 2026-05-01T15:57:48.590959+00:00)
2026-05-02 14:00:40 | INFO    | resistancemap.agents.base | vae_finetune: Execution complete (status=completed)
2026-05-02 14:00:40 | INFO    | resistancemap.agents.orchestrator |   vae_finetune: COMPLETED (hash=717b5097...)
2026-05-02 14:00:40 | INFO    | resistancemap.agents.orchestrator | Orchestrator: Layer 4 (1 agents)
2026-05-02 14:00:40 | INFO    | resistancemap.agents.base | trajectory: Starting execution
2026-05-02 14:00:40 | INFO    | resistancemap | Checkpoint loaded: checkpoints/stability_calibrated.pt (saved 2026-05-01T16:00:45.006057+00:00)
2026-05-02 14:00:40 | INFO    | resistancemap | Checkpoint loaded: checkpoints/trajectory_forecaster_trained.pt (saved 2026-05-01T16:19:20.463581+00:00)
2026-05-02 14:00:40 | INFO    | resistancemap.agents.base | trajectory: Execution complete (status=completed)
2026-05-02 14:00:40 | INFO    | resistancemap.agents.orchestrator |   trajectory: COMPLETED (hash=ca726349...)
2026-05-02 14:00:40 | INFO    | resistancemap.agents.orchestrator | Orchestrator: Layer 5 (1 agents)
2026-05-02 14:00:40 | INFO    | resistancemap.agents.base | protein_net: Starting execution
2026-05-02 14:00:43 | INFO    | resistancemap | Checkpoint loaded: checkpoints/protein_net_trained.pt (saved 2026-05-01T16:10:17.427886+00:00)
2026-05-02 14:00:43 | INFO    | resistancemap.agents.base | protein_net: Execution complete (status=completed)
2026-05-02 14:00:43 | INFO    | resistancemap.agents.orchestrator |   protein_net: COMPLETED (hash=8dd96d02...)
2026-05-02 14:00:43 | INFO    | resistancemap.agents.orchestrator | Orchestrator: Layer 6 (1 agents)
2026-05-02 14:00:43 | INFO    | resistancemap.agents.base | fusion: Starting execution
2026-05-02 14:00:43 | INFO    | resistancemap | Checkpoint loaded: checkpoints/fusion_trained.pt (saved 2026-05-01T16:27:28.843438+00:00)
2026-05-02 14:00:43 | INFO    | resistancemap.agents.base | fusion: Execution complete (status=completed)
2026-05-02 14:00:43 | INFO    | resistancemap.agents.orchestrator |   fusion: COMPLETED (hash=0ef436cc...)
2026-05-02 14:00:43 | INFO    | resistancemap.agents.orchestrator | Orchestrator: Layer 7 (1 agents)
2026-05-02 14:00:43 | INFO    | resistancemap.agents.base | landscape: Starting execution
2026-05-02 14:00:43 | INFO    | resistancemap | Checkpoint loaded: checkpoints/landscape_trained.pt (saved 2026-05-01T16:27:33.558718+00:00)
2026-05-02 14:00:43 | INFO    | resistancemap.agents.base | landscape: Execution complete (status=completed)
2026-05-02 14:00:43 | INFO    | resistancemap.agents.orchestrator |   landscape: COMPLETED (hash=fc00a67d...)
2026-05-02 14:00:43 | INFO    | resistancemap.agents.orchestrator | Orchestrator: Layer 8 (1 agents)
2026-05-02 14:00:43 | INFO    | resistancemap.agents.base | validation: Starting execution
2026-05-02 14:00:43 | INFO    | resistancemap | Checkpoint loaded: checkpoints/pipeline_validated.pt (saved 2026-05-01T16:27:34.624934+00:00)
2026-05-02 14:00:43 | INFO    | resistancemap.agents.base | validation: Execution complete (status=completed)
2026-05-02 14:00:43 | INFO    | resistancemap.agents.orchestrator |   validation: COMPLETED (hash=db77f8ed...)
2026-05-02 14:00:43 | INFO    | resistancemap.agents.orchestrator | Orchestrator: Execution complete in 3.2s. Completed: 10/10
2026-05-02 14:00:43 | INFO    | resistancemap.main | ========================================================================
2026-05-02 14:00:43 | INFO    | resistancemap.main | PIPELINE COMPLETE
2026-05-02 14:00:43 | INFO    | resistancemap.main |   Total time: 3.3s
2026-05-02 14:00:43 | INFO    | resistancemap.main |   Agents completed: 10/10
2026-05-02 14:00:43 | INFO    | resistancemap.main |   Verification chain: 10 hashes
2026-05-02 14:00:43 | INFO    | resistancemap.main | ========================================================================
2026-05-02 14:00:43 | INFO    | resistancemap.main | AgentOps dashboard exported: logs/agentops_dashboard.json
2026-05-02 14:19:53 | INFO    | resistancemap | Logging to logs/pipeline.log
2026-05-02 14:19:53 | WARNING | resistancemap | W&B init failed (continuing without): No API key configured. Use `wandb login` to log in.
2026-05-02 14:19:53 | INFO    | resistancemap.main | AgentOps initialized: Tracer + Evaluator + Optimizer
2026-05-02 14:19:53 | INFO    | resistancemap.main | Zero-trust verification active: 8 guardrails loaded
2026-05-02 14:19:53 | INFO    | resistancemap.main | Agentic pipeline: 10 agents in 9 parallel layers
2026-05-02 14:19:53 | INFO    | resistancemap.main |   Layer 0: ['data_validation']
2026-05-02 14:19:53 | INFO    | resistancemap.main |   Layer 1: ['data_prep']
2026-05-02 14:19:53 | INFO    | resistancemap.main |   Layer 2: ['vae_pretrain', 'esm2_embed']
2026-05-02 14:19:53 | INFO    | resistancemap.main |   Layer 3: ['vae_finetune']
2026-05-02 14:19:53 | INFO    | resistancemap.main |   Layer 4: ['trajectory']
2026-05-02 14:19:53 | INFO    | resistancemap.main |   Layer 5: ['protein_net']
2026-05-02 14:19:53 | INFO    | resistancemap.main |   Layer 6: ['fusion']
2026-05-02 14:19:53 | INFO    | resistancemap.main |   Layer 7: ['landscape']
2026-05-02 14:19:53 | INFO    | resistancemap.main |   Layer 8: ['validation']
2026-05-02 14:19:53 | INFO    | resistancemap.main | Data quality profiler ready (SOTA benchmarks loaded)
2026-05-02 14:19:53 | INFO    | resistancemap.main | Latent compute scheduler: GPU budget=24GB, max_concurrent=2
2026-05-02 14:19:53 | INFO    | resistancemap.main | ========================================================================
2026-05-02 14:19:53 | INFO    | resistancemap.main | EXECUTING AGENTIC PIPELINE
2026-05-02 14:19:53 | INFO    | resistancemap.main | ========================================================================
2026-05-02 14:19:53 | INFO    | resistancemap.agents.orchestrator | Orchestrator: Starting execution of 10 agents in 9 layers
2026-05-02 14:19:53 | INFO    | resistancemap.agents.orchestrator | Orchestrator: trace_id=6417e184-4570-4038-923c-a851f49a09b3
2026-05-02 14:19:53 | INFO    | resistancemap.agents.orchestrator | Orchestrator: Layer 0 (1 agents)
2026-05-02 14:19:53 | INFO    | resistancemap.agents.base | data_validation: Starting execution
2026-05-02 14:19:53 | INFO    | resistancemap | >>> STAGE START: data_validate
2026-05-02 14:19:53 | INFO    | resistancemap | <<< STAGE END: data_validate (0.0 min)
2026-05-02 14:19:53 | INFO    | resistancemap.agents.base | data_validation: Execution complete (status=completed)
2026-05-02 14:19:53 | INFO    | resistancemap.agents.orchestrator |   data_validation: COMPLETED (hash=c756ad01...)
2026-05-02 14:19:53 | INFO    | resistancemap.agents.orchestrator | Orchestrator: Layer 1 (1 agents)
2026-05-02 14:19:53 | INFO    | resistancemap.agents.base | data_prep: Starting execution
2026-05-02 14:19:54 | INFO    | resistancemap | Checkpoint loaded: checkpoints/data_ready.pt (saved 2026-05-01T15:56:27.149004+00:00)
2026-05-02 14:19:54 | INFO    | resistancemap.agents.base | data_prep: Execution complete (status=completed)
2026-05-02 14:19:54 | INFO    | resistancemap.agents.orchestrator |   data_prep: COMPLETED (hash=6729f7bf...)
2026-05-02 14:19:54 | INFO    | resistancemap.agents.orchestrator | Orchestrator: Layer 2 (2 agents)
2026-05-02 14:19:54 | INFO    | resistancemap.agents.base | vae_pretrain: Starting execution
2026-05-02 14:19:54 | INFO    | resistancemap.agents.base | esm2_embed: Starting execution
2026-05-02 14:19:54 | INFO    | resistancemap | >>> STAGE START: esm2_embed
2026-05-02 14:19:54 | INFO    | resistancemap | Checkpoint loaded: checkpoints/data_ready.pt (saved 2026-05-01T15:56:27.149004+00:00)
2026-05-02 14:19:54 | WARNING | resistancemap.agents.specialized | ESM-2 embed: 19177 proteins validated, but dataset.protein_sequences is empty. ProteinNetAgent will fall back to abundance/latent/stability features (no real ESM-2 forward pass). To enable, populate dataset.protein_sequences with FASTA sequences during data_prep.
2026-05-02 14:19:54 | INFO    | resistancemap | <<< STAGE END: esm2_embed (0.0 min) | n_proteins=19177 esm2_model=facebook/esm2_t33_650M_UR50D embedding_dim=1280 has_sequences=False embeddings_produced_here=False
2026-05-02 14:19:54 | INFO    | resistancemap.agents.base | esm2_embed: Execution complete (status=completed)
2026-05-02 14:19:54 | INFO    | resistancemap | Checkpoint loaded: checkpoints/vae_pretrained.pt (saved 2026-05-01T15:57:29.642870+00:00)
2026-05-02 14:19:54 | INFO    | resistancemap.agents.base | vae_pretrain: Execution complete (status=completed)
2026-05-02 14:19:54 | INFO    | resistancemap.agents.orchestrator |   vae_pretrain: COMPLETED (hash=96937bb0...)
2026-05-02 14:19:54 | INFO    | resistancemap.agents.orchestrator |   esm2_embed: COMPLETED (hash=19ae8665...)
2026-05-02 14:19:54 | INFO    | resistancemap.agents.orchestrator | Orchestrator: Layer 3 (1 agents)
2026-05-02 14:19:54 | INFO    | resistancemap.agents.base | vae_finetune: Starting execution
2026-05-02 14:19:55 | INFO    | resistancemap | Checkpoint loaded: checkpoints/vae_finetuned.pt (saved 2026-05-01T15:57:48.590959+00:00)
2026-05-02 14:19:55 | INFO    | resistancemap.agents.base | vae_finetune: Execution complete (status=completed)
2026-05-02 14:19:55 | INFO    | resistancemap.agents.orchestrator |   vae_finetune: COMPLETED (hash=717b5097...)
2026-05-02 14:19:55 | INFO    | resistancemap.agents.orchestrator | Orchestrator: Layer 4 (1 agents)
2026-05-02 14:19:55 | INFO    | resistancemap.agents.base | trajectory: Starting execution
2026-05-02 14:19:55 | INFO    | resistancemap | Checkpoint loaded: checkpoints/stability_calibrated.pt (saved 2026-05-01T16:00:45.006057+00:00)
2026-05-02 14:19:55 | INFO    | resistancemap | Checkpoint loaded: checkpoints/trajectory_forecaster_trained.pt (saved 2026-05-01T16:19:20.463581+00:00)
2026-05-02 14:19:55 | INFO    | resistancemap.agents.base | trajectory: Execution complete (status=completed)
2026-05-02 14:19:55 | INFO    | resistancemap.agents.orchestrator |   trajectory: COMPLETED (hash=ca726349...)
2026-05-02 14:19:55 | INFO    | resistancemap.agents.orchestrator | Orchestrator: Layer 5 (1 agents)
2026-05-02 14:19:55 | INFO    | resistancemap.agents.base | protein_net: Starting execution
2026-05-02 14:19:56 | INFO    | resistancemap | Checkpoint loaded: checkpoints/protein_net_trained.pt (saved 2026-05-01T16:10:17.427886+00:00)
2026-05-02 14:19:57 | INFO    | resistancemap.agents.base | protein_net: Execution complete (status=completed)
2026-05-02 14:19:57 | INFO    | resistancemap.agents.orchestrator |   protein_net: COMPLETED (hash=8dd96d02...)
2026-05-02 14:19:57 | INFO    | resistancemap.agents.orchestrator | Orchestrator: Layer 6 (1 agents)
2026-05-02 14:19:57 | INFO    | resistancemap.agents.base | fusion: Starting execution
2026-05-02 14:19:57 | INFO    | resistancemap | Checkpoint loaded: checkpoints/fusion_trained.pt (saved 2026-05-01T16:27:28.843438+00:00)
2026-05-02 14:19:57 | INFO    | resistancemap.agents.base | fusion: Execution complete (status=completed)
2026-05-02 14:19:57 | INFO    | resistancemap.agents.orchestrator |   fusion: COMPLETED (hash=0ef436cc...)
2026-05-02 14:19:57 | INFO    | resistancemap.agents.orchestrator | Orchestrator: Layer 7 (1 agents)
2026-05-02 14:19:57 | INFO    | resistancemap.agents.base | landscape: Starting execution
2026-05-02 14:19:57 | INFO    | resistancemap | Checkpoint loaded: checkpoints/landscape_trained.pt (saved 2026-05-01T16:27:33.558718+00:00)
2026-05-02 14:19:57 | INFO    | resistancemap.agents.base | landscape: Execution complete (status=completed)
2026-05-02 14:19:57 | INFO    | resistancemap.agents.orchestrator |   landscape: COMPLETED (hash=fc00a67d...)
2026-05-02 14:19:57 | INFO    | resistancemap.agents.orchestrator | Orchestrator: Layer 8 (1 agents)
2026-05-02 14:19:57 | INFO    | resistancemap.agents.base | validation: Starting execution
2026-05-02 14:19:57 | INFO    | resistancemap | >>> STAGE START: validate
2026-05-02 14:19:57 | INFO    | resistancemap | Checkpoint loaded: checkpoints/data_ready.pt (saved 2026-05-01T15:56:27.149004+00:00)
2026-05-02 14:19:57 | INFO    | resistancemap | Checkpoint loaded: checkpoints/fusion_trained.pt (saved 2026-05-01T16:27:28.843438+00:00)
2026-05-02 14:19:57 | INFO    | resistancemap | Checkpoint loaded: checkpoints/landscape_trained.pt (saved 2026-05-01T16:27:33.558718+00:00)
2026-05-02 14:19:57 | INFO    | resistancemap.models.fusion | Initialized CrossModalFusionNet: modalities=['epigenetic', 'trajectory', 'protein_network', 'stability'], hidden_dim=128, output_dim=128
2026-05-02 14:19:58 | INFO    | resistancemap.main | Per-drug metrics CSV: logs/per_drug_metrics.csv
2026-05-02 14:21:40 | INFO    | resistancemap.main | Baselines: 11 models compared; best=Zero (z-scored target floor) (2.3678); ResistanceMap rank=11/11
2026-05-02 14:21:40 | INFO    | resistancemap.main | Validation: test_mse=2.3731 on 132 samples (11 drugs)
2026-05-02 14:21:40 | INFO    | resistancemap | Checkpoint saved: checkpoints/pipeline_validated.pt
2026-05-02 14:21:40 | INFO    | resistancemap | <<< STAGE END: validate (1.7 min) | test_mse=2.3731 n_test_samples=132 n_drugs=11 split=test per_drug_metrics=[{'drug': 'Bortezomib', 'n_obs': 69, 'mse': 0.03249834477901459, 'mae': 0.14038798213005066, 'spearman': 0.3379247351114359, 'reliable': True}, {'drug': 'Cyclophosphamide', 'n_obs': 68, 'mse': 0.2788302004337311, 'mae': 0.3900873363018036, 'spearman': 0.357750887506203, 'reliable': True}, {'drug': 'Dinaciclib', 'n_obs': 66, 'mse': 0.1561090499162674, 'mae': 0.24797691404819489, 'spearman': 0.3726333368124414, 'reliable': True}, {'drug': 'Doxorubicin', 'n_obs': 69, 'mse': 1.6656914949417114, 'mae': 0.6344119906425476, 'spearman': 0.33858238947753017, 'reliable': True}, {'drug': 'Etoposide', 'n_obs': 67, 'mse': 0.5306088924407959, 'mae': 0.5180210471153259, 'spearman': 0.32803894963684255, 'reliable': True}, {'drug': 'Lenalidomide', 'n_obs': 69, 'mse': 0.4987683594226837, 'mae': 0.4921649396419525, 'spearman': 0.3962002192181221, 'reliable': True}, {'drug': 'Palbociclib', 'n_obs': 69, 'mse': 0.196753591299057, 'mae': 0.35552695393562317, 'spearman': 0.3052246985750822, 'reliable': True}, {'drug': 'Panobinostat', 'n_obs': 66, 'mse': 22.33546257019043, 'mae': 1.0693504810333252, 'spearman': 0.04460912222106253, 'reliable': True}, {'drug': 'Romidepsin', 'n_obs': 56, 'mse': 0.23683609068393707, 'mae': 0.2920856475830078, 'spearman': 0.2395762132604238, 'reliable': True}, {'drug': 'Venetoclax', 'n_obs': 68, 'mse': 0.010461623780429363, 'mae': 0.08557890355587006, 'spearman': 0.32809100278657854, 'reliable': True}, {'drug': 'Vorinostat', 'n_obs': 69, 'mse': 0.41310399770736694, 'mae': 0.46686574816703796, 'spearman': 0.31012056996711734, 'reliable': True}] baseline_summary={'n_models': 11, 'best_model': 'Zero (z-scored target floor)', 'best_test_mse': 2.367814540863037, 'resistancemap_rank': 11, 'comparison_path': '/home/aj0486@students.ad.unt.edu/pipeline3/ResistanceMap/paper/tables/baseline_comparison.json'}
2026-05-02 14:21:40 | INFO    | resistancemap | Checkpoint loaded: checkpoints/pipeline_validated.pt (saved 2026-05-02T19:21:40.816245+00:00)
2026-05-02 14:21:40 | INFO    | resistancemap.agents.base | validation: Execution complete (status=completed)
2026-05-02 14:21:40 | INFO    | resistancemap.agents.orchestrator |   validation: COMPLETED (hash=047f8b89...)
2026-05-02 14:21:40 | INFO    | resistancemap.agents.orchestrator | Orchestrator: Execution complete in 106.9s. Completed: 10/10
2026-05-02 14:21:40 | INFO    | resistancemap.main | ========================================================================
2026-05-02 14:21:40 | INFO    | resistancemap.main | PIPELINE COMPLETE
2026-05-02 14:21:40 | INFO    | resistancemap.main |   Total time: 107.0s
2026-05-02 14:21:40 | INFO    | resistancemap.main |   Agents completed: 10/10
2026-05-02 14:21:40 | INFO    | resistancemap.main |   Verification chain: 10 hashes
2026-05-02 14:21:40 | INFO    | resistancemap.main | ========================================================================
2026-05-02 14:21:40 | INFO    | resistancemap.main | AgentOps dashboard exported: logs/agentops_dashboard.json
2026-05-02 14:21:40 | INFO    | resistancemap.main | Starting ResistanceMap evaluation governance run
2026-05-02 14:21:40 | INFO    | resistancemap.evaluation.orchestrator | EvalOrchestrator: tier A (3 agents)
2026-05-02 14:21:40 | INFO    | resistancemap.agents.base | eval_data_adequacy: Starting execution
2026-05-02 14:21:40 | INFO    | resistancemap.agents.base | eval_data_adequacy: Execution complete (status=completed)
2026-05-02 14:21:40 | INFO    | resistancemap.agents.base | eval_measurement_integration: Starting execution
2026-05-02 14:21:51 | INFO    | resistancemap.agents.base | eval_measurement_integration: Execution complete (status=completed)
2026-05-02 14:21:51 | INFO    | resistancemap.agents.base | eval_bias_fairness_shift: Starting execution
2026-05-02 14:21:51 | INFO    | resistancemap.agents.base | eval_bias_fairness_shift: Execution complete (status=completed)
2026-05-02 14:21:51 | INFO    | resistancemap.evaluation.orchestrator | EvalOrchestrator: eval_data_adequacy -> conditional (score=0.214, hash=f0ad72f1)
2026-05-02 14:21:51 | INFO    | resistancemap.evaluation.orchestrator | EvalOrchestrator: eval_measurement_integration -> conditional (score=0.000, hash=f6d43a75)
2026-05-02 14:21:51 | INFO    | resistancemap.evaluation.orchestrator | EvalOrchestrator: eval_bias_fairness_shift -> skipped (score=0.000, hash=864ce7e4)
2026-05-02 14:21:51 | INFO    | resistancemap.evaluation.orchestrator | EvalOrchestrator: tier B (3 agents)
2026-05-02 14:21:51 | INFO    | resistancemap.agents.base | architecture_auditor: Starting execution
2026-05-02 14:21:51 | INFO    | resistancemap.evaluation.tier_b.architecture_auditor | ArchitectureAuditorAgent: starting structured audit
2026-05-02 14:21:51 | INFO    | resistancemap.evaluation.tier_b.architecture_auditor | ArchitectureAuditorAgent: verdict=EvalVerdict.FAIL score=0.00 modules=4
2026-05-02 14:21:51 | INFO    | resistancemap.agents.base | architecture_auditor: Execution complete (status=completed)
2026-05-02 14:21:51 | INFO    | resistancemap.agents.base | cell_state_trajectory: Starting execution
2026-05-02 14:21:51 | INFO    | resistancemap.evaluation.tier_b.cell_state_specialist | CellStateTrajectoryAgent: starting biological-coherence audit
2026-05-02 14:21:51 | WARNING | resistancemap.evaluation.tier_b.cell_state_specialist | CellStateTrajectoryAgent: SKIPPED -- Required upstream artefacts are missing from intake: ['vae_latents', 'cell_metadata', 'state_assignments', 'program_scores']. This agent does NOT fabricate latents or state assignments; rerun the VAE + trajectory stages and re-supply.
2026-05-02 14:21:51 | INFO    | resistancemap.agents.base | cell_state_trajectory: Execution complete (status=completed)
2026-05-02 14:21:51 | INFO    | resistancemap.agents.base | pathway_ppi_reasoning: Starting execution
2026-05-02 14:21:51 | INFO    | resistancemap.evaluation.tier_b.pathway_ppi | PathwayPPIReasoningAgent: starting pathway grounding audit (ppi_proteins=7853, ppi_confidence=0.70)
2026-05-02 14:21:51 | WARNING | resistancemap.evaluation.tier_b.pathway_ppi | PathwayPPIReasoningAgent: SKIPPED -- Required upstream artefacts missing: ['ppi_edges', 'attribute_fn', 'baseline_attribution', 'alternative_attribution', 'heldout_pathway_ids', 'heldout_predictions', 'heldout_model_fn']. This agent does NOT fabricate PPI edges, attributions, or heldout sets; rerun the protein-net stage and re-supply.
2026-05-02 14:21:51 | INFO    | resistancemap.agents.base | pathway_ppi_reasoning: Execution complete (status=completed)
2026-05-02 14:21:51 | INFO    | resistancemap.evaluation.orchestrator | EvalOrchestrator: architecture_auditor -> fail (score=0.000, hash=5236d434)
2026-05-02 14:21:51 | INFO    | resistancemap.evaluation.orchestrator | EvalOrchestrator: cell_state_trajectory -> skipped (score=0.000, hash=52343866)
2026-05-02 14:21:51 | INFO    | resistancemap.evaluation.orchestrator | EvalOrchestrator: pathway_ppi_reasoning -> skipped (score=0.000, hash=aaf9a2ca)
2026-05-02 14:21:51 | INFO    | resistancemap.evaluation.orchestrator | EvalOrchestrator: tier C (3 agents)
2026-05-02 14:21:51 | INFO    | resistancemap.agents.base | forecasting_uncertainty_agent: Starting execution
2026-05-02 14:21:51 | INFO    | resistancemap.evaluation.tier_c.forecasting_uncertainty | ForecastingUncertaintyAgent: no prediction tensors in intake; emitting SKIP verdict.
2026-05-02 14:21:51 | INFO    | resistancemap.agents.base | forecasting_uncertainty_agent: Execution complete (status=completed)
2026-05-02 14:21:51 | INFO    | resistancemap.agents.base | baseline_adversary_agent: Starting execution
2026-05-02 14:21:51 | INFO    | resistancemap.agents.base | baseline_adversary_agent: Execution complete (status=completed)
2026-05-02 14:21:51 | INFO    | resistancemap.agents.base | clinical_translation_safety_agent: Starting execution
2026-05-02 14:21:51 | INFO    | resistancemap.agents.base | clinical_translation_safety_agent: Execution complete (status=completed)
2026-05-02 14:21:51 | INFO    | resistancemap.evaluation.orchestrator | EvalOrchestrator: forecasting_uncertainty_agent -> skipped (score=0.000, hash=caa7571c)
2026-05-02 14:21:51 | INFO    | resistancemap.evaluation.orchestrator | EvalOrchestrator: baseline_adversary_agent -> skipped (score=0.000, hash=32700af2)
2026-05-02 14:21:51 | INFO    | resistancemap.evaluation.orchestrator | EvalOrchestrator: clinical_translation_safety_agent -> fail (score=0.000, hash=4d1b1265)
2026-05-02 14:21:51 | INFO    | resistancemap.evaluation.orchestrator | EvalOrchestrator: tier D (1 agents)
2026-05-02 14:21:51 | INFO    | resistancemap.agents.base | principal_integrator_agent: Starting execution
2026-05-02 14:21:51 | INFO    | resistancemap.agents.base | principal_integrator_agent: Execution complete (status=completed)
2026-05-02 14:21:51 | INFO    | resistancemap.evaluation.orchestrator | EvalOrchestrator: principal_integrator_agent -> conditional (score=0.333, hash=037e78cb)
2026-05-02 14:21:51 | INFO    | resistancemap.evaluation.orchestrator | EvalOrchestrator: wrote audit trail to logs/evaluation/20260502T192140Z
2026-05-02 14:23:20 | INFO    | resistancemap | Logging to logs/pipeline.log
2026-05-02 14:23:20 | WARNING | resistancemap | W&B init failed (continuing without): No API key configured. Use `wandb login` to log in.
2026-05-02 14:23:20 | INFO    | resistancemap.main | AgentOps initialized: Tracer + Evaluator + Optimizer
2026-05-02 14:23:20 | INFO    | resistancemap.main | Zero-trust verification active: 8 guardrails loaded
2026-05-02 14:23:20 | INFO    | resistancemap.main | Agentic pipeline: 10 agents in 9 parallel layers
2026-05-02 14:23:20 | INFO    | resistancemap.main |   Layer 0: ['data_validation']
2026-05-02 14:23:20 | INFO    | resistancemap.main |   Layer 1: ['data_prep']
2026-05-02 14:23:20 | INFO    | resistancemap.main |   Layer 2: ['vae_pretrain', 'esm2_embed']
2026-05-02 14:23:20 | INFO    | resistancemap.main |   Layer 3: ['vae_finetune']
2026-05-02 14:23:20 | INFO    | resistancemap.main |   Layer 4: ['trajectory']
2026-05-02 14:23:20 | INFO    | resistancemap.main |   Layer 5: ['protein_net']
2026-05-02 14:23:20 | INFO    | resistancemap.main |   Layer 6: ['fusion']
2026-05-02 14:23:20 | INFO    | resistancemap.main |   Layer 7: ['landscape']
2026-05-02 14:23:20 | INFO    | resistancemap.main |   Layer 8: ['validation']
2026-05-02 14:23:20 | INFO    | resistancemap.main | Data quality profiler ready (SOTA benchmarks loaded)
2026-05-02 14:23:20 | INFO    | resistancemap.main | Latent compute scheduler: GPU budget=24GB, max_concurrent=2
2026-05-02 14:23:20 | INFO    | resistancemap.main | ========================================================================
2026-05-02 14:23:20 | INFO    | resistancemap.main | EXECUTING AGENTIC PIPELINE
2026-05-02 14:23:20 | INFO    | resistancemap.main | ========================================================================
2026-05-02 14:23:20 | INFO    | resistancemap.agents.orchestrator | Orchestrator: Starting execution of 10 agents in 9 layers
2026-05-02 14:23:20 | INFO    | resistancemap.agents.orchestrator | Orchestrator: trace_id=b5cd8a3a-3d8d-4d7c-958c-cc0188c62dbb
2026-05-02 14:23:20 | INFO    | resistancemap.agents.orchestrator | Orchestrator: Layer 0 (1 agents)
2026-05-02 14:23:20 | INFO    | resistancemap.agents.base | data_validation: Starting execution
2026-05-02 14:23:20 | INFO    | resistancemap | >>> STAGE START: data_validate
2026-05-02 14:23:20 | INFO    | resistancemap | <<< STAGE END: data_validate (0.0 min)
2026-05-02 14:23:20 | INFO    | resistancemap.agents.base | data_validation: Execution complete (status=completed)
2026-05-02 14:23:20 | INFO    | resistancemap.agents.orchestrator |   data_validation: COMPLETED (hash=c756ad01...)
2026-05-02 14:23:20 | INFO    | resistancemap.agents.orchestrator | Orchestrator: Layer 1 (1 agents)
2026-05-02 14:23:20 | INFO    | resistancemap.agents.base | data_prep: Starting execution
2026-05-02 14:23:20 | INFO    | resistancemap | Checkpoint loaded: checkpoints/data_ready.pt (saved 2026-05-01T15:56:27.149004+00:00)
2026-05-02 14:23:20 | INFO    | resistancemap.agents.base | data_prep: Execution complete (status=completed)
2026-05-02 14:23:20 | INFO    | resistancemap.agents.orchestrator |   data_prep: COMPLETED (hash=6729f7bf...)
2026-05-02 14:23:20 | INFO    | resistancemap.agents.orchestrator | Orchestrator: Layer 2 (2 agents)
2026-05-02 14:23:20 | INFO    | resistancemap.agents.base | vae_pretrain: Starting execution
2026-05-02 14:23:20 | INFO    | resistancemap.agents.base | esm2_embed: Starting execution
2026-05-02 14:23:20 | INFO    | resistancemap | >>> STAGE START: esm2_embed
2026-05-02 14:23:20 | INFO    | resistancemap | Checkpoint loaded: checkpoints/data_ready.pt (saved 2026-05-01T15:56:27.149004+00:00)
2026-05-02 14:23:20 | WARNING | resistancemap.agents.specialized | ESM-2 embed: 19177 proteins validated, but dataset.protein_sequences is empty. ProteinNetAgent will fall back to abundance/latent/stability features (no real ESM-2 forward pass). To enable, populate dataset.protein_sequences with FASTA sequences during data_prep.
2026-05-02 14:23:20 | INFO    | resistancemap | <<< STAGE END: esm2_embed (0.0 min) | n_proteins=19177 esm2_model=facebook/esm2_t33_650M_UR50D embedding_dim=1280 has_sequences=False embeddings_produced_here=False
2026-05-02 14:23:20 | INFO    | resistancemap.agents.base | esm2_embed: Execution complete (status=completed)
2026-05-02 14:23:21 | INFO    | resistancemap | Checkpoint loaded: checkpoints/vae_pretrained.pt (saved 2026-05-01T15:57:29.642870+00:00)
2026-05-02 14:23:21 | INFO    | resistancemap.agents.base | vae_pretrain: Execution complete (status=completed)
2026-05-02 14:23:21 | INFO    | resistancemap.agents.orchestrator |   vae_pretrain: COMPLETED (hash=96937bb0...)
2026-05-02 14:23:21 | INFO    | resistancemap.agents.orchestrator |   esm2_embed: COMPLETED (hash=19ae8665...)
2026-05-02 14:23:21 | INFO    | resistancemap.agents.orchestrator | Orchestrator: Layer 3 (1 agents)
2026-05-02 14:23:21 | INFO    | resistancemap.agents.base | vae_finetune: Starting execution
2026-05-02 14:23:21 | INFO    | resistancemap | Checkpoint loaded: checkpoints/vae_finetuned.pt (saved 2026-05-01T15:57:48.590959+00:00)
2026-05-02 14:23:21 | INFO    | resistancemap.agents.base | vae_finetune: Execution complete (status=completed)
2026-05-02 14:23:21 | INFO    | resistancemap.agents.orchestrator |   vae_finetune: COMPLETED (hash=717b5097...)
2026-05-02 14:23:21 | INFO    | resistancemap.agents.orchestrator | Orchestrator: Layer 4 (1 agents)
2026-05-02 14:23:21 | INFO    | resistancemap.agents.base | trajectory: Starting execution
2026-05-02 14:23:21 | INFO    | resistancemap | Checkpoint loaded: checkpoints/stability_calibrated.pt (saved 2026-05-01T16:00:45.006057+00:00)
2026-05-02 14:23:21 | INFO    | resistancemap | Checkpoint loaded: checkpoints/trajectory_forecaster_trained.pt (saved 2026-05-01T16:19:20.463581+00:00)
2026-05-02 14:23:21 | INFO    | resistancemap.agents.base | trajectory: Execution complete (status=completed)
2026-05-02 14:23:21 | INFO    | resistancemap.agents.orchestrator |   trajectory: COMPLETED (hash=ca726349...)
2026-05-02 14:23:21 | INFO    | resistancemap.agents.orchestrator | Orchestrator: Layer 5 (1 agents)
2026-05-02 14:23:21 | INFO    | resistancemap.agents.base | protein_net: Starting execution
2026-05-02 14:23:23 | INFO    | resistancemap | Checkpoint loaded: checkpoints/protein_net_trained.pt (saved 2026-05-01T16:10:17.427886+00:00)
2026-05-02 14:23:23 | INFO    | resistancemap.agents.base | protein_net: Execution complete (status=completed)
2026-05-02 14:23:23 | INFO    | resistancemap.agents.orchestrator |   protein_net: COMPLETED (hash=8dd96d02...)
2026-05-02 14:23:23 | INFO    | resistancemap.agents.orchestrator | Orchestrator: Layer 6 (1 agents)
2026-05-02 14:23:23 | INFO    | resistancemap.agents.base | fusion: Starting execution
2026-05-02 14:23:23 | INFO    | resistancemap | Checkpoint loaded: checkpoints/fusion_trained.pt (saved 2026-05-01T16:27:28.843438+00:00)
2026-05-02 14:23:23 | INFO    | resistancemap.agents.base | fusion: Execution complete (status=completed)
2026-05-02 14:23:23 | INFO    | resistancemap.agents.orchestrator |   fusion: COMPLETED (hash=0ef436cc...)
2026-05-02 14:23:23 | INFO    | resistancemap.agents.orchestrator | Orchestrator: Layer 7 (1 agents)
2026-05-02 14:23:23 | INFO    | resistancemap.agents.base | landscape: Starting execution
2026-05-02 14:23:23 | INFO    | resistancemap | Checkpoint loaded: checkpoints/landscape_trained.pt (saved 2026-05-01T16:27:33.558718+00:00)
2026-05-02 14:23:23 | INFO    | resistancemap.agents.base | landscape: Execution complete (status=completed)
2026-05-02 14:23:23 | INFO    | resistancemap.agents.orchestrator |   landscape: COMPLETED (hash=fc00a67d...)
2026-05-02 14:23:23 | INFO    | resistancemap.agents.orchestrator | Orchestrator: Layer 8 (1 agents)
2026-05-02 14:23:23 | INFO    | resistancemap.agents.base | validation: Starting execution
2026-05-02 14:23:23 | INFO    | resistancemap | >>> STAGE START: validate
2026-05-02 14:23:23 | INFO    | resistancemap | Checkpoint loaded: checkpoints/data_ready.pt (saved 2026-05-01T15:56:27.149004+00:00)
2026-05-02 14:23:23 | INFO    | resistancemap | Checkpoint loaded: checkpoints/fusion_trained.pt (saved 2026-05-01T16:27:28.843438+00:00)
2026-05-02 14:23:23 | INFO    | resistancemap | Checkpoint loaded: checkpoints/landscape_trained.pt (saved 2026-05-01T16:27:33.558718+00:00)
2026-05-02 14:23:23 | INFO    | resistancemap.models.fusion | Initialized CrossModalFusionNet: modalities=['epigenetic', 'trajectory', 'protein_network', 'stability'], hidden_dim=128, output_dim=128
2026-05-02 14:23:24 | INFO    | resistancemap.main | Per-drug metrics CSV: logs/per_drug_metrics.csv
2026-05-02 14:23:24 | INFO    | resistancemap | Checkpoint saved: checkpoints/pipeline_validated.pt
2026-05-02 14:25:08 | INFO    | resistancemap.main | Baselines: 11 models compared; best=Zero (z-scored target floor) (2.3678); ResistanceMap rank=4/11
2026-05-02 14:25:08 | INFO    | resistancemap.main | Validation: test_mse=2.3731 on 132 samples (11 drugs)
2026-05-02 14:25:08 | INFO    | resistancemap | Checkpoint saved: checkpoints/pipeline_validated.pt
2026-05-02 14:25:08 | INFO    | resistancemap | <<< STAGE END: validate (1.8 min) | test_mse=2.3731 n_test_samples=132 n_drugs=11 split=test per_drug_metrics=[{'drug': 'Bortezomib', 'n_obs': 69, 'mse': 0.03249834477901459, 'mae': 0.14038798213005066, 'spearman': 0.3379247351114359, 'reliable': True}, {'drug': 'Cyclophosphamide', 'n_obs': 68, 'mse': 0.2788302004337311, 'mae': 0.3900873363018036, 'spearman': 0.357750887506203, 'reliable': True}, {'drug': 'Dinaciclib', 'n_obs': 66, 'mse': 0.1561090499162674, 'mae': 0.24797691404819489, 'spearman': 0.3726333368124414, 'reliable': True}, {'drug': 'Doxorubicin', 'n_obs': 69, 'mse': 1.6656914949417114, 'mae': 0.6344119906425476, 'spearman': 0.33858238947753017, 'reliable': True}, {'drug': 'Etoposide', 'n_obs': 67, 'mse': 0.5306088924407959, 'mae': 0.5180210471153259, 'spearman': 0.32803894963684255, 'reliable': True}, {'drug': 'Lenalidomide', 'n_obs': 69, 'mse': 0.4987683594226837, 'mae': 0.4921649396419525, 'spearman': 0.3962002192181221, 'reliable': True}, {'drug': 'Palbociclib', 'n_obs': 69, 'mse': 0.196753591299057, 'mae': 0.35552695393562317, 'spearman': 0.3052246985750822, 'reliable': True}, {'drug': 'Panobinostat', 'n_obs': 66, 'mse': 22.33546257019043, 'mae': 1.0693504810333252, 'spearman': 0.04460912222106253, 'reliable': True}, {'drug': 'Romidepsin', 'n_obs': 56, 'mse': 0.23683609068393707, 'mae': 0.2920856475830078, 'spearman': 0.2395762132604238, 'reliable': True}, {'drug': 'Venetoclax', 'n_obs': 68, 'mse': 0.010461623780429363, 'mae': 0.08557890355587006, 'spearman': 0.32809100278657854, 'reliable': True}, {'drug': 'Vorinostat', 'n_obs': 69, 'mse': 0.41310399770736694, 'mae': 0.46686574816703796, 'spearman': 0.31012056996711734, 'reliable': True}] baseline_summary={'n_models': 11, 'best_model': 'Zero (z-scored target floor)', 'best_test_mse': 2.367814540863037, 'resistancemap_rank': 4, 'comparison_path': '/home/aj0486@students.ad.unt.edu/pipeline3/ResistanceMap/paper/tables/baseline_comparison.json'}
2026-05-02 14:25:08 | INFO    | resistancemap | Checkpoint loaded: checkpoints/pipeline_validated.pt (saved 2026-05-02T19:25:08.393178+00:00)
2026-05-02 14:25:08 | INFO    | resistancemap.agents.base | validation: Execution complete (status=completed)
2026-05-02 14:25:08 | INFO    | resistancemap.agents.orchestrator |   validation: COMPLETED (hash=4dfa2a8b...)
2026-05-02 14:25:08 | INFO    | resistancemap.agents.orchestrator | Orchestrator: Execution complete in 108.2s. Completed: 10/10
2026-05-02 14:25:08 | INFO    | resistancemap.main | ========================================================================
2026-05-02 14:25:08 | INFO    | resistancemap.main | PIPELINE COMPLETE
2026-05-02 14:25:08 | INFO    | resistancemap.main |   Total time: 108.3s
2026-05-02 14:25:08 | INFO    | resistancemap.main |   Agents completed: 10/10
2026-05-02 14:25:08 | INFO    | resistancemap.main |   Verification chain: 10 hashes
2026-05-02 14:25:08 | INFO    | resistancemap.main | ========================================================================
2026-05-02 14:25:08 | INFO    | resistancemap.main | AgentOps dashboard exported: logs/agentops_dashboard.json
2026-05-02 14:25:08 | INFO    | resistancemap.main | Starting ResistanceMap evaluation governance run
2026-05-02 14:25:08 | INFO    | resistancemap.evaluation.orchestrator | EvalOrchestrator: tier A (3 agents)
2026-05-02 14:25:08 | INFO    | resistancemap.agents.base | eval_data_adequacy: Starting execution
2026-05-02 14:25:08 | INFO    | resistancemap.agents.base | eval_data_adequacy: Execution complete (status=completed)
2026-05-02 14:25:08 | INFO    | resistancemap.agents.base | eval_measurement_integration: Starting execution
2026-05-02 14:25:19 | INFO    | resistancemap.agents.base | eval_measurement_integration: Execution complete (status=completed)
2026-05-02 14:25:19 | INFO    | resistancemap.agents.base | eval_bias_fairness_shift: Starting execution
2026-05-02 14:25:19 | INFO    | resistancemap.agents.base | eval_bias_fairness_shift: Execution complete (status=completed)
2026-05-02 14:25:19 | INFO    | resistancemap.evaluation.orchestrator | EvalOrchestrator: eval_data_adequacy -> conditional (score=0.214, hash=f0ad72f1)
2026-05-02 14:25:19 | INFO    | resistancemap.evaluation.orchestrator | EvalOrchestrator: eval_measurement_integration -> conditional (score=0.000, hash=f6d43a75)
2026-05-02 14:25:19 | INFO    | resistancemap.evaluation.orchestrator | EvalOrchestrator: eval_bias_fairness_shift -> skipped (score=0.000, hash=864ce7e4)
2026-05-02 14:25:19 | INFO    | resistancemap.evaluation.orchestrator | EvalOrchestrator: tier B (3 agents)
2026-05-02 14:25:19 | INFO    | resistancemap.agents.base | architecture_auditor: Starting execution
2026-05-02 14:25:19 | INFO    | resistancemap.evaluation.tier_b.architecture_auditor | ArchitectureAuditorAgent: starting structured audit
2026-05-02 14:25:19 | INFO    | resistancemap.evaluation.tier_b.architecture_auditor | ArchitectureAuditorAgent: verdict=EvalVerdict.FAIL score=0.00 modules=4
2026-05-02 14:25:19 | INFO    | resistancemap.agents.base | architecture_auditor: Execution complete (status=completed)
2026-05-02 14:25:19 | INFO    | resistancemap.agents.base | cell_state_trajectory: Starting execution
2026-05-02 14:25:19 | INFO    | resistancemap.evaluation.tier_b.cell_state_specialist | CellStateTrajectoryAgent: starting biological-coherence audit
2026-05-02 14:25:19 | WARNING | resistancemap.evaluation.tier_b.cell_state_specialist | CellStateTrajectoryAgent: SKIPPED -- Required upstream artefacts are missing from intake: ['vae_latents', 'cell_metadata', 'state_assignments', 'program_scores']. This agent does NOT fabricate latents or state assignments; rerun the VAE + trajectory stages and re-supply.
2026-05-02 14:25:19 | INFO    | resistancemap.agents.base | cell_state_trajectory: Execution complete (status=completed)
2026-05-02 14:25:19 | INFO    | resistancemap.agents.base | pathway_ppi_reasoning: Starting execution
2026-05-02 14:25:19 | INFO    | resistancemap.evaluation.tier_b.pathway_ppi | PathwayPPIReasoningAgent: starting pathway grounding audit (ppi_proteins=7853, ppi_confidence=0.70)
2026-05-02 14:25:19 | WARNING | resistancemap.evaluation.tier_b.pathway_ppi | PathwayPPIReasoningAgent: SKIPPED -- Required upstream artefacts missing: ['ppi_edges', 'attribute_fn', 'baseline_attribution', 'alternative_attribution', 'heldout_pathway_ids', 'heldout_predictions', 'heldout_model_fn']. This agent does NOT fabricate PPI edges, attributions, or heldout sets; rerun the protein-net stage and re-supply.
2026-05-02 14:25:19 | INFO    | resistancemap.agents.base | pathway_ppi_reasoning: Execution complete (status=completed)
2026-05-02 14:25:19 | INFO    | resistancemap.evaluation.orchestrator | EvalOrchestrator: architecture_auditor -> fail (score=0.000, hash=5236d434)
2026-05-02 14:25:19 | INFO    | resistancemap.evaluation.orchestrator | EvalOrchestrator: cell_state_trajectory -> skipped (score=0.000, hash=52343866)
2026-05-02 14:25:19 | INFO    | resistancemap.evaluation.orchestrator | EvalOrchestrator: pathway_ppi_reasoning -> skipped (score=0.000, hash=aaf9a2ca)
2026-05-02 14:25:19 | INFO    | resistancemap.evaluation.orchestrator | EvalOrchestrator: tier C (3 agents)
2026-05-02 14:25:19 | INFO    | resistancemap.agents.base | forecasting_uncertainty_agent: Starting execution
2026-05-02 14:25:19 | INFO    | resistancemap.evaluation.tier_c.forecasting_uncertainty | ForecastingUncertaintyAgent: no prediction tensors in intake; emitting SKIP verdict.
2026-05-02 14:25:19 | INFO    | resistancemap.agents.base | forecasting_uncertainty_agent: Execution complete (status=completed)
2026-05-02 14:25:19 | INFO    | resistancemap.agents.base | baseline_adversary_agent: Starting execution
2026-05-02 14:25:19 | INFO    | resistancemap.agents.base | baseline_adversary_agent: Execution complete (status=completed)
2026-05-02 14:25:19 | INFO    | resistancemap.agents.base | clinical_translation_safety_agent: Starting execution
2026-05-02 14:25:19 | INFO    | resistancemap.agents.base | clinical_translation_safety_agent: Execution complete (status=completed)
2026-05-02 14:25:19 | INFO    | resistancemap.evaluation.orchestrator | EvalOrchestrator: forecasting_uncertainty_agent -> skipped (score=0.000, hash=caa7571c)
2026-05-02 14:25:19 | INFO    | resistancemap.evaluation.orchestrator | EvalOrchestrator: baseline_adversary_agent -> skipped (score=0.000, hash=32700af2)
2026-05-02 14:25:19 | INFO    | resistancemap.evaluation.orchestrator | EvalOrchestrator: clinical_translation_safety_agent -> fail (score=0.000, hash=4d1b1265)
2026-05-02 14:25:19 | INFO    | resistancemap.evaluation.orchestrator | EvalOrchestrator: tier D (1 agents)
2026-05-02 14:25:19 | INFO    | resistancemap.agents.base | principal_integrator_agent: Starting execution
2026-05-02 14:25:19 | INFO    | resistancemap.agents.base | principal_integrator_agent: Execution complete (status=completed)
2026-05-02 14:25:19 | INFO    | resistancemap.evaluation.orchestrator | EvalOrchestrator: principal_integrator_agent -> conditional (score=0.333, hash=037e78cb)
2026-05-02 14:25:19 | INFO    | resistancemap.evaluation.orchestrator | EvalOrchestrator: wrote audit trail to logs/evaluation/20260502T192508Z
2026-05-02 15:11:12 | INFO    | resistancemap | Logging to logs/pipeline.log
2026-05-02 15:11:12 | WARNING | resistancemap | W&B init failed (continuing without): No API key configured. Use `wandb login` to log in.
2026-05-02 15:11:12 | INFO    | resistancemap.main | AgentOps initialized: Tracer + Evaluator + Optimizer
2026-05-02 15:11:12 | INFO    | resistancemap.main | Zero-trust verification active: 8 guardrails loaded
2026-05-02 15:11:12 | INFO    | resistancemap.main | Agentic pipeline: 10 agents in 9 parallel layers
2026-05-02 15:11:12 | INFO    | resistancemap.main |   Layer 0: ['data_validation']
2026-05-02 15:11:12 | INFO    | resistancemap.main |   Layer 1: ['data_prep']
2026-05-02 15:11:12 | INFO    | resistancemap.main |   Layer 2: ['vae_pretrain', 'esm2_embed']
2026-05-02 15:11:12 | INFO    | resistancemap.main |   Layer 3: ['vae_finetune']
2026-05-02 15:11:12 | INFO    | resistancemap.main |   Layer 4: ['trajectory']
2026-05-02 15:11:12 | INFO    | resistancemap.main |   Layer 5: ['protein_net']
2026-05-02 15:11:12 | INFO    | resistancemap.main |   Layer 6: ['fusion']
2026-05-02 15:11:12 | INFO    | resistancemap.main |   Layer 7: ['landscape']
2026-05-02 15:11:12 | INFO    | resistancemap.main |   Layer 8: ['validation']
2026-05-02 15:11:12 | INFO    | resistancemap.main | Data quality profiler ready (SOTA benchmarks loaded)
2026-05-02 15:11:12 | INFO    | resistancemap.main | Latent compute scheduler: GPU budget=24GB, max_concurrent=2
2026-05-02 15:11:12 | INFO    | resistancemap.main | ========================================================================
2026-05-02 15:11:12 | INFO    | resistancemap.main | EXECUTING AGENTIC PIPELINE
2026-05-02 15:11:12 | INFO    | resistancemap.main | ========================================================================
2026-05-02 15:11:12 | INFO    | resistancemap.agents.orchestrator | Orchestrator: Starting execution of 10 agents in 9 layers
2026-05-02 15:11:12 | INFO    | resistancemap.agents.orchestrator | Orchestrator: trace_id=237aec5a-3df6-433c-a613-c9ebae9a165e
2026-05-02 15:11:12 | INFO    | resistancemap.agents.orchestrator | Orchestrator: Layer 0 (1 agents)
2026-05-02 15:11:12 | INFO    | resistancemap.agents.base | data_validation: Starting execution
2026-05-02 15:11:12 | INFO    | resistancemap | >>> STAGE START: data_validate
2026-05-02 15:11:12 | INFO    | resistancemap | <<< STAGE END: data_validate (0.0 min)
2026-05-02 15:11:12 | INFO    | resistancemap.agents.base | data_validation: Execution complete (status=completed)
2026-05-02 15:11:12 | INFO    | resistancemap.agents.orchestrator |   data_validation: COMPLETED (hash=c756ad01...)
2026-05-02 15:11:12 | INFO    | resistancemap.agents.orchestrator | Orchestrator: Layer 1 (1 agents)
2026-05-02 15:11:12 | INFO    | resistancemap.agents.base | data_prep: Starting execution
2026-05-02 15:11:13 | INFO    | resistancemap | Checkpoint loaded: checkpoints/data_ready.pt (saved 2026-05-01T15:56:27.149004+00:00)
2026-05-02 15:11:13 | INFO    | resistancemap.agents.base | data_prep: Execution complete (status=completed)
2026-05-02 15:11:13 | INFO    | resistancemap.agents.orchestrator |   data_prep: COMPLETED (hash=6729f7bf...)
2026-05-02 15:11:13 | INFO    | resistancemap.agents.orchestrator | Orchestrator: Layer 2 (2 agents)
2026-05-02 15:11:13 | INFO    | resistancemap.agents.base | vae_pretrain: Starting execution
2026-05-02 15:11:13 | INFO    | resistancemap.agents.base | esm2_embed: Starting execution
2026-05-02 15:11:13 | INFO    | resistancemap | >>> STAGE START: esm2_embed
2026-05-02 15:11:13 | INFO    | resistancemap | Checkpoint loaded: checkpoints/data_ready.pt (saved 2026-05-01T15:56:27.149004+00:00)
2026-05-02 15:11:13 | WARNING | resistancemap.agents.specialized | ESM-2 embed: 19177 proteins validated, but dataset.protein_sequences is empty. ProteinNetAgent will fall back to abundance/latent/stability features (no real ESM-2 forward pass). To enable, populate dataset.protein_sequences with FASTA sequences during data_prep.
2026-05-02 15:11:13 | INFO    | resistancemap | <<< STAGE END: esm2_embed (0.0 min) | n_proteins=19177 esm2_model=facebook/esm2_t33_650M_UR50D embedding_dim=1280 has_sequences=False embeddings_produced_here=False
2026-05-02 15:11:13 | INFO    | resistancemap.agents.base | esm2_embed: Execution complete (status=completed)
2026-05-02 15:11:13 | INFO    | resistancemap | Checkpoint loaded: checkpoints/vae_pretrained.pt (saved 2026-05-01T15:57:29.642870+00:00)
2026-05-02 15:11:13 | INFO    | resistancemap.agents.base | vae_pretrain: Execution complete (status=completed)
2026-05-02 15:11:13 | INFO    | resistancemap.agents.orchestrator |   vae_pretrain: COMPLETED (hash=96937bb0...)
2026-05-02 15:11:13 | INFO    | resistancemap.agents.orchestrator |   esm2_embed: COMPLETED (hash=19ae8665...)
2026-05-02 15:11:13 | INFO    | resistancemap.agents.orchestrator | Orchestrator: Layer 3 (1 agents)
2026-05-02 15:11:13 | INFO    | resistancemap.agents.base | vae_finetune: Starting execution
2026-05-02 15:11:14 | INFO    | resistancemap | Checkpoint loaded: checkpoints/vae_finetuned.pt (saved 2026-05-01T15:57:48.590959+00:00)
2026-05-02 15:11:14 | INFO    | resistancemap.agents.base | vae_finetune: Execution complete (status=completed)
2026-05-02 15:11:14 | INFO    | resistancemap.agents.orchestrator |   vae_finetune: COMPLETED (hash=717b5097...)
2026-05-02 15:11:14 | INFO    | resistancemap.agents.orchestrator | Orchestrator: Layer 4 (1 agents)
2026-05-02 15:11:14 | INFO    | resistancemap.agents.base | trajectory: Starting execution
2026-05-02 15:11:14 | INFO    | resistancemap | Checkpoint loaded: checkpoints/stability_calibrated.pt (saved 2026-05-01T16:00:45.006057+00:00)
2026-05-02 15:11:14 | INFO    | resistancemap | Checkpoint loaded: checkpoints/trajectory_forecaster_trained.pt (saved 2026-05-01T16:19:20.463581+00:00)
2026-05-02 15:11:14 | INFO    | resistancemap.agents.base | trajectory: Execution complete (status=completed)
2026-05-02 15:11:14 | INFO    | resistancemap.agents.orchestrator |   trajectory: COMPLETED (hash=ca726349...)
2026-05-02 15:11:14 | INFO    | resistancemap.agents.orchestrator | Orchestrator: Layer 5 (1 agents)
2026-05-02 15:11:14 | INFO    | resistancemap.agents.base | protein_net: Starting execution
2026-05-02 15:11:16 | INFO    | resistancemap | Checkpoint loaded: checkpoints/protein_net_trained.pt (saved 2026-05-01T16:10:17.427886+00:00)
2026-05-02 15:11:16 | INFO    | resistancemap.agents.base | protein_net: Execution complete (status=completed)
2026-05-02 15:11:16 | INFO    | resistancemap.agents.orchestrator |   protein_net: COMPLETED (hash=8dd96d02...)
2026-05-02 15:11:16 | INFO    | resistancemap.agents.orchestrator | Orchestrator: Layer 6 (1 agents)
2026-05-02 15:11:16 | INFO    | resistancemap.agents.base | fusion: Starting execution
2026-05-02 15:11:16 | INFO    | resistancemap | Checkpoint loaded: checkpoints/fusion_trained.pt (saved 2026-05-01T16:27:28.843438+00:00)
2026-05-02 15:11:16 | INFO    | resistancemap.agents.base | fusion: Execution complete (status=completed)
2026-05-02 15:11:16 | INFO    | resistancemap.agents.orchestrator |   fusion: COMPLETED (hash=0ef436cc...)
2026-05-02 15:11:16 | INFO    | resistancemap.agents.orchestrator | Orchestrator: Layer 7 (1 agents)
2026-05-02 15:11:16 | INFO    | resistancemap.agents.base | landscape: Starting execution
2026-05-02 15:11:16 | INFO    | resistancemap | Checkpoint loaded: checkpoints/landscape_trained.pt (saved 2026-05-01T16:27:33.558718+00:00)
2026-05-02 15:11:16 | INFO    | resistancemap.agents.base | landscape: Execution complete (status=completed)
2026-05-02 15:11:16 | INFO    | resistancemap.agents.orchestrator |   landscape: COMPLETED (hash=fc00a67d...)
2026-05-02 15:11:16 | INFO    | resistancemap.agents.orchestrator | Orchestrator: Layer 8 (1 agents)
2026-05-02 15:11:16 | INFO    | resistancemap.agents.base | validation: Starting execution
2026-05-02 15:11:16 | INFO    | resistancemap | >>> STAGE START: validate
2026-05-02 15:11:16 | INFO    | resistancemap | Checkpoint loaded: checkpoints/data_ready.pt (saved 2026-05-01T15:56:27.149004+00:00)
2026-05-02 15:11:16 | INFO    | resistancemap | Checkpoint loaded: checkpoints/fusion_trained.pt (saved 2026-05-01T16:27:28.843438+00:00)
2026-05-02 15:11:16 | INFO    | resistancemap | Checkpoint loaded: checkpoints/landscape_trained.pt (saved 2026-05-01T16:27:33.558718+00:00)
2026-05-02 15:11:16 | INFO    | resistancemap.models.fusion | Initialized CrossModalFusionNet: modalities=['epigenetic', 'trajectory', 'protein_network', 'stability'], hidden_dim=128, output_dim=128
2026-05-02 15:11:17 | INFO    | resistancemap.main | Per-drug metrics CSV: logs/per_drug_metrics.csv
2026-05-02 15:11:17 | INFO    | resistancemap | Checkpoint saved: checkpoints/pipeline_validated.pt
2026-05-02 15:13:00 | INFO    | resistancemap.main | Baselines: 11 models compared; best=Zero (z-scored target floor) (2.3678); ResistanceMap rank=4/11
2026-05-02 15:13:00 | INFO    | resistancemap.main | Actionability: 9/11 drugs actionable for screening (8 well-calibrated). Failures: ['Panobinostat', 'Romidepsin']
2026-05-02 15:13:00 | INFO    | resistancemap.main | Validation: test_mse=2.3731 on 132 samples (11 drugs)
2026-05-02 15:13:00 | INFO    | resistancemap | Checkpoint saved: checkpoints/pipeline_validated.pt
2026-05-02 15:13:00 | INFO    | resistancemap | <<< STAGE END: validate (1.7 min) | test_mse=2.3731 n_test_samples=132 n_drugs=11 split=test per_drug_metrics=[{'drug': 'Bortezomib', 'n_obs': 69, 'mse': 0.03249834477901459, 'mae': 0.14038798213005066, 'spearman': 0.3379247351114359, 'reliable': True, 'drug_class': 'Proteasome', 'actionable_for_screening': True, 'well_calibrated': True, 'failure_mode': False}, {'drug': 'Cyclophosphamide', 'n_obs': 68, 'mse': 0.2788302004337311, 'mae': 0.3900873363018036, 'spearman': 0.357750887506203, 'reliable': True, 'drug_class': 'DNA-damage', 'actionable_for_screening': True, 'well_calibrated': True, 'failure_mode': False}, {'drug': 'Dinaciclib', 'n_obs': 66, 'mse': 0.1561090499162674, 'mae': 0.24797691404819489, 'spearman': 0.3726333368124414, 'reliable': True, 'drug_class': 'CDK', 'actionable_for_screening': True, 'well_calibrated': True, 'failure_mode': False}, {'drug': 'Doxorubicin', 'n_obs': 69, 'mse': 1.6656914949417114, 'mae': 0.6344119906425476, 'spearman': 0.33858238947753017, 'reliable': True, 'drug_class': 'DNA-damage', 'actionable_for_screening': True, 'well_calibrated': False, 'failure_mode': False}, {'drug': 'Etoposide', 'n_obs': 67, 'mse': 0.5306088924407959, 'mae': 0.5180210471153259, 'spearman': 0.32803894963684255, 'reliable': True, 'drug_class': 'DNA-damage', 'actionable_for_screening': True, 'well_calibrated': True, 'failure_mode': False}, {'drug': 'Lenalidomide', 'n_obs': 69, 'mse': 0.4987683594226837, 'mae': 0.4921649396419525, 'spearman': 0.3962002192181221, 'reliable': True, 'drug_class': 'IMiD', 'actionable_for_screening': True, 'well_calibrated': True, 'failure_mode': False}, {'drug': 'Palbociclib', 'n_obs': 69, 'mse': 0.196753591299057, 'mae': 0.35552695393562317, 'spearman': 0.3052246985750822, 'reliable': True, 'drug_class': 'CDK', 'actionable_for_screening': True, 'well_calibrated': True, 'failure_mode': False}, {'drug': 'Panobinostat', 'n_obs': 66, 'mse': 22.33546257019043, 'mae': 1.0693504810333252, 'spearman': 0.04460912222106253, 'reliable': True, 'drug_class': 'HDAC', 'actionable_for_screening': False, 'well_calibrated': False, 'failure_mode': True}, {'drug': 'Romidepsin', 'n_obs': 56, 'mse': 0.23683609068393707, 'mae': 0.2920856475830078, 'spearman': 0.2395762132604238, 'reliable': True, 'drug_class': 'HDAC', 'actionable_for_screening': False, 'well_calibrated': False, 'failure_mode': True}, {'drug': 'Venetoclax', 'n_obs': 68, 'mse': 0.010461623780429363, 'mae': 0.08557890355587006, 'spearman': 0.32809100278657854, 'reliable': True, 'drug_class': 'BCL2', 'actionable_for_screening': True, 'well_calibrated': True, 'failure_mode': False}, {'drug': 'Vorinostat', 'n_obs': 69, 'mse': 0.41310399770736694, 'mae': 0.46686574816703796, 'spearman': 0.31012056996711734, 'reliable': True, 'drug_class': 'HDAC', 'actionable_for_screening': True, 'well_calibrated': True, 'failure_mode': False}] baseline_summary={'n_models': 11, 'best_model': 'Zero (z-scored target floor)', 'best_test_mse': 2.367814540863037, 'resistancemap_rank': 4, 'comparison_path': '/home/aj0486@students.ad.unt.edu/pipeline3/ResistanceMap/paper/tables/baseline_comparison.json'} actionability_summary={'n_drugs_total': 11, 'n_actionable_for_screening': 9, 'n_well_calibrated': 8, 'n_failure_modes': 2, 'actionable_drugs': ['Bortezomib', 'Cyclophosphamide', 'Dinaciclib', 'Doxorubicin', 'Etoposide', 'Lenalidomide', 'Palbociclib', 'Venetoclax', 'Vorinostat'], 'well_calibrated_drugs': ['Bortezomib', 'Cyclophosphamide', 'Dinaciclib', 'Etoposide', 'Lenalidomide', 'Palbociclib', 'Venetoclax', 'Vorinostat'], 'failure_drugs': ['Panobinostat', 'Romidepsin'], 'by_class': {'Proteasome': {'n_drugs': 1, 'mean_mse': 0.03249834477901459, 'mean_spearman': 0.3379247351114359, 'n_actionable': 1, 'drugs': ['Bortezomib']}, 'DNA-damage': {'n_drugs': 3, 'mean_mse': 0.8250435292720795, 'mean_spearman': 0.3414574088735252, 'n_actionable': 3, 'drugs': ['Cyclophosphamide', 'Doxorubicin', 'Etoposide']}, 'CDK': {'n_drugs': 2, 'mean_mse': 0.1764313206076622, 'mean_spearman': 0.3389290176937618, 'n_actionable': 2, 'drugs': ['Dinaciclib', 'Palbociclib']}, 'IMiD': {'n_drugs': 1, 'mean_mse': 0.4987683594226837, 'mean_spearman': 0.3962002192181221, 'n_actionable': 1, 'drugs': ['Lenalidomide']}, 'HDAC': {'n_drugs': 3, 'mean_mse': 7.6618008861939115, 'mean_spearman': 0.1981019684828679, 'n_actionable': 1, 'drugs': ['Panobinostat', 'Romidepsin', 'Vorinostat']}, 'BCL2': {'n_drugs': 1, 'mean_mse': 0.010461623780429363, 'mean_spearman': 0.32809100278657854, 'n_actionable': 1, 'drugs': ['Venetoclax']}}, 'thresholds': {'actionable_min_spearman': 0.25, 'actionable_min_n_obs': 30, 'well_calibrated_max_mse': 1.0}, 'interpretation': "ResistanceMap rank-prioritizes compounds for 9/11 drugs (82%). 8/11 are also well-calibrated for absolute IC50 prediction. Known failure modes: ['Panobinostat', 'Romidepsin']."}
2026-05-02 15:13:00 | INFO    | resistancemap | Checkpoint loaded: checkpoints/pipeline_validated.pt (saved 2026-05-02T20:13:00.519598+00:00)
2026-05-02 15:13:00 | INFO    | resistancemap.agents.base | validation: Execution complete (status=completed)
2026-05-02 15:13:00 | INFO    | resistancemap.agents.orchestrator |   validation: COMPLETED (hash=749c44c4...)
2026-05-02 15:13:00 | INFO    | resistancemap.agents.orchestrator | Orchestrator: Execution complete in 107.6s. Completed: 10/10
2026-05-02 15:13:00 | INFO    | resistancemap.main | ========================================================================
2026-05-02 15:13:00 | INFO    | resistancemap.main | PIPELINE COMPLETE
2026-05-02 15:13:00 | INFO    | resistancemap.main |   Total time: 107.7s
2026-05-02 15:13:00 | INFO    | resistancemap.main |   Agents completed: 10/10
2026-05-02 15:13:00 | INFO    | resistancemap.main |   Verification chain: 10 hashes
2026-05-02 15:13:00 | INFO    | resistancemap.main | ========================================================================
2026-05-02 15:13:00 | INFO    | resistancemap.main | AgentOps dashboard exported: logs/agentops_dashboard.json
2026-05-02 15:13:00 | INFO    | resistancemap.main | Starting ResistanceMap evaluation governance run
2026-05-02 15:13:00 | INFO    | resistancemap.evaluation.orchestrator | EvalOrchestrator: tier A (3 agents)
2026-05-02 15:13:00 | INFO    | resistancemap.agents.base | eval_data_adequacy: Starting execution
2026-05-02 15:13:00 | INFO    | resistancemap.agents.base | eval_data_adequacy: Execution complete (status=completed)
2026-05-02 15:13:00 | INFO    | resistancemap.agents.base | eval_measurement_integration: Starting execution
2026-05-02 15:13:11 | INFO    | resistancemap.agents.base | eval_measurement_integration: Execution complete (status=completed)
2026-05-02 15:13:11 | INFO    | resistancemap.agents.base | eval_bias_fairness_shift: Starting execution
2026-05-02 15:13:11 | INFO    | resistancemap.agents.base | eval_bias_fairness_shift: Execution complete (status=completed)
2026-05-02 15:13:11 | INFO    | resistancemap.evaluation.orchestrator | EvalOrchestrator: eval_data_adequacy -> conditional (score=0.214, hash=f0ad72f1)
2026-05-02 15:13:11 | INFO    | resistancemap.evaluation.orchestrator | EvalOrchestrator: eval_measurement_integration -> conditional (score=0.000, hash=f6d43a75)
2026-05-02 15:13:11 | INFO    | resistancemap.evaluation.orchestrator | EvalOrchestrator: eval_bias_fairness_shift -> skipped (score=0.000, hash=864ce7e4)
2026-05-02 15:13:11 | INFO    | resistancemap.evaluation.orchestrator | EvalOrchestrator: tier B (3 agents)
2026-05-02 15:13:11 | INFO    | resistancemap.agents.base | architecture_auditor: Starting execution
2026-05-02 15:13:11 | INFO    | resistancemap.evaluation.tier_b.architecture_auditor | ArchitectureAuditorAgent: starting structured audit
2026-05-02 15:13:11 | INFO    | resistancemap.evaluation.tier_b.architecture_auditor | ArchitectureAuditorAgent: verdict=EvalVerdict.FAIL score=0.00 modules=4
2026-05-02 15:13:11 | INFO    | resistancemap.agents.base | architecture_auditor: Execution complete (status=completed)
2026-05-02 15:13:11 | INFO    | resistancemap.agents.base | cell_state_trajectory: Starting execution
2026-05-02 15:13:11 | INFO    | resistancemap.evaluation.tier_b.cell_state_specialist | CellStateTrajectoryAgent: starting biological-coherence audit
2026-05-02 15:13:11 | WARNING | resistancemap.evaluation.tier_b.cell_state_specialist | CellStateTrajectoryAgent: SKIPPED -- Required upstream artefacts are missing from intake: ['vae_latents', 'cell_metadata', 'state_assignments', 'program_scores']. This agent does NOT fabricate latents or state assignments; rerun the VAE + trajectory stages and re-supply.
2026-05-02 15:13:11 | INFO    | resistancemap.agents.base | cell_state_trajectory: Execution complete (status=completed)
2026-05-02 15:13:11 | INFO    | resistancemap.agents.base | pathway_ppi_reasoning: Starting execution
2026-05-02 15:13:11 | INFO    | resistancemap.evaluation.tier_b.pathway_ppi | PathwayPPIReasoningAgent: starting pathway grounding audit (ppi_proteins=7853, ppi_confidence=0.70)
2026-05-02 15:13:11 | WARNING | resistancemap.evaluation.tier_b.pathway_ppi | PathwayPPIReasoningAgent: SKIPPED -- Required upstream artefacts missing: ['ppi_edges', 'attribute_fn', 'baseline_attribution', 'alternative_attribution', 'heldout_pathway_ids', 'heldout_predictions', 'heldout_model_fn']. This agent does NOT fabricate PPI edges, attributions, or heldout sets; rerun the protein-net stage and re-supply.
2026-05-02 15:13:11 | INFO    | resistancemap.agents.base | pathway_ppi_reasoning: Execution complete (status=completed)
2026-05-02 15:13:11 | INFO    | resistancemap.evaluation.orchestrator | EvalOrchestrator: architecture_auditor -> fail (score=0.000, hash=5236d434)
2026-05-02 15:13:11 | INFO    | resistancemap.evaluation.orchestrator | EvalOrchestrator: cell_state_trajectory -> skipped (score=0.000, hash=52343866)
2026-05-02 15:13:11 | INFO    | resistancemap.evaluation.orchestrator | EvalOrchestrator: pathway_ppi_reasoning -> skipped (score=0.000, hash=aaf9a2ca)
2026-05-02 15:13:11 | INFO    | resistancemap.evaluation.orchestrator | EvalOrchestrator: tier C (3 agents)
2026-05-02 15:13:11 | INFO    | resistancemap.agents.base | forecasting_uncertainty_agent: Starting execution
2026-05-02 15:13:11 | INFO    | resistancemap.evaluation.tier_c.forecasting_uncertainty | ForecastingUncertaintyAgent: no prediction tensors in intake; emitting SKIP verdict.
2026-05-02 15:13:11 | INFO    | resistancemap.agents.base | forecasting_uncertainty_agent: Execution complete (status=completed)
2026-05-02 15:13:11 | INFO    | resistancemap.agents.base | baseline_adversary_agent: Starting execution
2026-05-02 15:13:11 | INFO    | resistancemap.agents.base | baseline_adversary_agent: Execution complete (status=completed)
2026-05-02 15:13:11 | INFO    | resistancemap.agents.base | clinical_translation_safety_agent: Starting execution
2026-05-02 15:13:11 | INFO    | resistancemap.agents.base | clinical_translation_safety_agent: Execution complete (status=completed)
2026-05-02 15:13:11 | INFO    | resistancemap.evaluation.orchestrator | EvalOrchestrator: forecasting_uncertainty_agent -> skipped (score=0.000, hash=caa7571c)
2026-05-02 15:13:11 | INFO    | resistancemap.evaluation.orchestrator | EvalOrchestrator: baseline_adversary_agent -> skipped (score=0.000, hash=32700af2)
2026-05-02 15:13:11 | INFO    | resistancemap.evaluation.orchestrator | EvalOrchestrator: clinical_translation_safety_agent -> fail (score=0.000, hash=4d1b1265)
2026-05-02 15:13:11 | INFO    | resistancemap.evaluation.orchestrator | EvalOrchestrator: tier D (1 agents)
2026-05-02 15:13:11 | INFO    | resistancemap.agents.base | principal_integrator_agent: Starting execution
2026-05-02 15:13:11 | INFO    | resistancemap.agents.base | principal_integrator_agent: Execution complete (status=completed)
2026-05-02 15:13:11 | INFO    | resistancemap.evaluation.orchestrator | EvalOrchestrator: principal_integrator_agent -> conditional (score=0.333, hash=037e78cb)
2026-05-02 15:13:11 | INFO    | resistancemap.evaluation.orchestrator | EvalOrchestrator: wrote audit trail to logs/evaluation/20260502T201300Z
2026-05-03 03:57:37 | INFO    | resistancemap | Logging to logs/pipeline.log
2026-05-03 03:57:37 | WARNING | resistancemap | W&B init failed (continuing without): No API key configured. Use `wandb login` to log in.
2026-05-03 03:57:37 | INFO    | resistancemap.main | AgentOps initialized: Tracer + Evaluator + Optimizer
2026-05-03 03:57:37 | INFO    | resistancemap.main | Zero-trust verification active: 8 guardrails loaded
2026-05-03 03:57:37 | INFO    | resistancemap.main | Agentic pipeline: 10 agents in 9 parallel layers
2026-05-03 03:57:37 | INFO    | resistancemap.main |   Layer 0: ['data_validation']
2026-05-03 03:57:37 | INFO    | resistancemap.main |   Layer 1: ['data_prep']
2026-05-03 03:57:37 | INFO    | resistancemap.main |   Layer 2: ['vae_pretrain', 'esm2_embed']
2026-05-03 03:57:37 | INFO    | resistancemap.main |   Layer 3: ['vae_finetune']
2026-05-03 03:57:37 | INFO    | resistancemap.main |   Layer 4: ['trajectory']
2026-05-03 03:57:37 | INFO    | resistancemap.main |   Layer 5: ['protein_net']
2026-05-03 03:57:37 | INFO    | resistancemap.main |   Layer 6: ['fusion']
2026-05-03 03:57:37 | INFO    | resistancemap.main |   Layer 7: ['landscape']
2026-05-03 03:57:37 | INFO    | resistancemap.main |   Layer 8: ['validation']
2026-05-03 03:57:37 | INFO    | resistancemap.main | Data quality profiler ready (SOTA benchmarks loaded)
2026-05-03 03:57:37 | INFO    | resistancemap.main | Latent compute scheduler: GPU budget=24GB, max_concurrent=2
2026-05-03 03:57:37 | INFO    | resistancemap.main | ========================================================================
2026-05-03 03:57:37 | INFO    | resistancemap.main | EXECUTING AGENTIC PIPELINE
2026-05-03 03:57:37 | INFO    | resistancemap.main | ========================================================================
2026-05-03 03:57:37 | INFO    | resistancemap.agents.orchestrator | Orchestrator: Starting execution of 10 agents in 9 layers
2026-05-03 03:57:37 | INFO    | resistancemap.agents.orchestrator | Orchestrator: trace_id=f1c39eff-c993-494c-ab09-0aac7f612f3e
2026-05-03 03:57:37 | INFO    | resistancemap.agents.orchestrator | Orchestrator: Layer 0 (1 agents)
2026-05-03 03:57:37 | INFO    | resistancemap.agents.base | data_validation: Starting execution
2026-05-03 03:57:37 | INFO    | resistancemap | >>> STAGE START: data_validate
2026-05-03 03:57:37 | INFO    | resistancemap | <<< STAGE END: data_validate (0.0 min)
2026-05-03 03:57:37 | INFO    | resistancemap.agents.base | data_validation: Execution complete (status=completed)
2026-05-03 03:57:37 | INFO    | resistancemap.agents.orchestrator |   data_validation: COMPLETED (hash=c756ad01...)
2026-05-03 03:57:37 | INFO    | resistancemap.agents.orchestrator | Orchestrator: Layer 1 (1 agents)
2026-05-03 03:57:37 | INFO    | resistancemap.agents.base | data_prep: Starting execution
2026-05-03 03:57:38 | INFO    | resistancemap | Checkpoint loaded: checkpoints/data_ready.pt (saved 2026-05-01T15:56:27.149004+00:00)
2026-05-03 03:57:38 | INFO    | resistancemap.agents.base | data_prep: Execution complete (status=completed)
2026-05-03 03:57:38 | INFO    | resistancemap.agents.orchestrator |   data_prep: COMPLETED (hash=6729f7bf...)
2026-05-03 03:57:38 | INFO    | resistancemap.agents.orchestrator | Orchestrator: Layer 2 (2 agents)
2026-05-03 03:57:38 | INFO    | resistancemap.agents.base | vae_pretrain: Starting execution
2026-05-03 03:57:38 | INFO    | resistancemap.agents.base | esm2_embed: Starting execution
2026-05-03 03:57:38 | INFO    | resistancemap | >>> STAGE START: esm2_embed
2026-05-03 03:57:38 | INFO    | resistancemap | Checkpoint loaded: checkpoints/data_ready.pt (saved 2026-05-01T15:56:27.149004+00:00)
2026-05-03 03:57:38 | WARNING | resistancemap.agents.specialized | ESM-2 embed: 19177 proteins validated, but dataset.protein_sequences is empty. ProteinNetAgent will fall back to abundance/latent/stability features (no real ESM-2 forward pass). To enable, populate dataset.protein_sequences with FASTA sequences during data_prep.
2026-05-03 03:57:38 | INFO    | resistancemap | <<< STAGE END: esm2_embed (0.0 min) | n_proteins=19177 esm2_model=facebook/esm2_t33_650M_UR50D embedding_dim=1280 has_sequences=False embeddings_produced_here=False
2026-05-03 03:57:38 | INFO    | resistancemap.agents.base | esm2_embed: Execution complete (status=completed)
2026-05-03 03:57:38 | INFO    | resistancemap | Checkpoint loaded: checkpoints/vae_pretrained.pt (saved 2026-05-01T15:57:29.642870+00:00)
2026-05-03 03:57:38 | INFO    | resistancemap.agents.base | vae_pretrain: Execution complete (status=completed)
2026-05-03 03:57:38 | INFO    | resistancemap.agents.orchestrator |   vae_pretrain: COMPLETED (hash=96937bb0...)
2026-05-03 03:57:38 | INFO    | resistancemap.agents.orchestrator |   esm2_embed: COMPLETED (hash=19ae8665...)
2026-05-03 03:57:38 | INFO    | resistancemap.agents.orchestrator | Orchestrator: Layer 3 (1 agents)
2026-05-03 03:57:38 | INFO    | resistancemap.agents.base | vae_finetune: Starting execution
2026-05-03 03:57:39 | INFO    | resistancemap | Checkpoint loaded: checkpoints/vae_finetuned.pt (saved 2026-05-01T15:57:48.590959+00:00)
2026-05-03 03:57:39 | INFO    | resistancemap.agents.base | vae_finetune: Execution complete (status=completed)
2026-05-03 03:57:39 | INFO    | resistancemap.agents.orchestrator |   vae_finetune: COMPLETED (hash=717b5097...)
2026-05-03 03:57:39 | INFO    | resistancemap.agents.orchestrator | Orchestrator: Layer 4 (1 agents)
2026-05-03 03:57:39 | INFO    | resistancemap.agents.base | trajectory: Starting execution
2026-05-03 03:57:39 | INFO    | resistancemap | Checkpoint loaded: checkpoints/stability_calibrated.pt (saved 2026-05-01T16:00:45.006057+00:00)
2026-05-03 03:57:39 | INFO    | resistancemap | Checkpoint loaded: checkpoints/trajectory_forecaster_trained.pt (saved 2026-05-01T16:19:20.463581+00:00)
2026-05-03 03:57:39 | INFO    | resistancemap.agents.base | trajectory: Execution complete (status=completed)
2026-05-03 03:57:39 | INFO    | resistancemap.agents.orchestrator |   trajectory: COMPLETED (hash=ca726349...)
2026-05-03 03:57:39 | INFO    | resistancemap.agents.orchestrator | Orchestrator: Layer 5 (1 agents)
2026-05-03 03:57:39 | INFO    | resistancemap.agents.base | protein_net: Starting execution
2026-05-03 03:57:41 | INFO    | resistancemap | Checkpoint loaded: checkpoints/protein_net_trained.pt (saved 2026-05-01T16:10:17.427886+00:00)
2026-05-03 03:57:41 | INFO    | resistancemap.agents.base | protein_net: Execution complete (status=completed)
2026-05-03 03:57:41 | INFO    | resistancemap.agents.orchestrator |   protein_net: COMPLETED (hash=8dd96d02...)
2026-05-03 03:57:41 | INFO    | resistancemap.agents.orchestrator | Orchestrator: Layer 6 (1 agents)
2026-05-03 03:57:41 | INFO    | resistancemap.agents.base | fusion: Starting execution
2026-05-03 03:57:41 | INFO    | resistancemap | Checkpoint loaded: checkpoints/fusion_trained.pt (saved 2026-05-01T16:27:28.843438+00:00)
2026-05-03 03:57:41 | INFO    | resistancemap.agents.base | fusion: Execution complete (status=completed)
2026-05-03 03:57:41 | INFO    | resistancemap.agents.orchestrator |   fusion: COMPLETED (hash=0ef436cc...)
2026-05-03 03:57:41 | INFO    | resistancemap.agents.orchestrator | Orchestrator: Layer 7 (1 agents)
2026-05-03 03:57:41 | INFO    | resistancemap.agents.base | landscape: Starting execution
2026-05-03 03:57:41 | INFO    | resistancemap | Checkpoint loaded: checkpoints/landscape_trained.pt (saved 2026-05-01T16:27:33.558718+00:00)
2026-05-03 03:57:41 | INFO    | resistancemap.agents.base | landscape: Execution complete (status=completed)
2026-05-03 03:57:41 | INFO    | resistancemap.agents.orchestrator |   landscape: COMPLETED (hash=fc00a67d...)
2026-05-03 03:57:41 | INFO    | resistancemap.agents.orchestrator | Orchestrator: Layer 8 (1 agents)
2026-05-03 03:57:41 | INFO    | resistancemap.agents.base | validation: Starting execution
2026-05-03 03:57:41 | INFO    | resistancemap | Checkpoint loaded: checkpoints/pipeline_validated.pt (saved 2026-05-02T20:13:00.519598+00:00)
2026-05-03 03:57:41 | INFO    | resistancemap.agents.base | validation: Execution complete (status=completed)
2026-05-03 03:57:41 | INFO    | resistancemap.agents.orchestrator |   validation: COMPLETED (hash=749c44c4...)
2026-05-03 03:57:41 | INFO    | resistancemap.agents.orchestrator | Orchestrator: Execution complete in 3.2s. Completed: 10/10
2026-05-03 03:57:41 | INFO    | resistancemap.main | ========================================================================
2026-05-03 03:57:41 | INFO    | resistancemap.main | PIPELINE COMPLETE
2026-05-03 03:57:41 | INFO    | resistancemap.main |   Total time: 3.2s
2026-05-03 03:57:41 | INFO    | resistancemap.main |   Agents completed: 10/10
2026-05-03 03:57:41 | INFO    | resistancemap.main |   Verification chain: 10 hashes
2026-05-03 03:57:41 | INFO    | resistancemap.main | ========================================================================
2026-05-03 03:57:41 | INFO    | resistancemap.main | AgentOps dashboard exported: logs/agentops_dashboard.json
2026-05-03 03:57:41 | INFO    | resistancemap.main | Starting ResistanceMap evaluation governance run
2026-05-03 03:57:41 | INFO    | resistancemap.evaluation.orchestrator | EvalOrchestrator: tier A (3 agents)
2026-05-03 03:57:41 | INFO    | resistancemap.agents.base | eval_data_adequacy: Starting execution
2026-05-03 03:57:41 | INFO    | resistancemap.agents.base | eval_data_adequacy: Execution complete (status=completed)
2026-05-03 03:57:41 | INFO    | resistancemap.agents.base | eval_measurement_integration: Starting execution
2026-05-03 03:57:51 | INFO    | resistancemap.agents.base | eval_measurement_integration: Execution complete (status=completed)
2026-05-03 03:57:51 | INFO    | resistancemap.agents.base | eval_bias_fairness_shift: Starting execution
2026-05-03 03:57:51 | INFO    | resistancemap.agents.base | eval_bias_fairness_shift: Execution complete (status=completed)
2026-05-03 03:57:51 | INFO    | resistancemap.evaluation.orchestrator | EvalOrchestrator: eval_data_adequacy -> conditional (score=0.214, hash=f0ad72f1)
2026-05-03 03:57:51 | INFO    | resistancemap.evaluation.orchestrator | EvalOrchestrator: eval_measurement_integration -> conditional (score=0.000, hash=f6d43a75)
2026-05-03 03:57:51 | INFO    | resistancemap.evaluation.orchestrator | EvalOrchestrator: eval_bias_fairness_shift -> skipped (score=0.000, hash=864ce7e4)
2026-05-03 03:57:51 | INFO    | resistancemap.evaluation.orchestrator | EvalOrchestrator: tier B (3 agents)
2026-05-03 03:57:51 | INFO    | resistancemap.agents.base | architecture_auditor: Starting execution
2026-05-03 03:57:51 | INFO    | resistancemap.evaluation.tier_b.architecture_auditor | ArchitectureAuditorAgent: starting structured audit
2026-05-03 03:57:51 | INFO    | resistancemap.evaluation.tier_b.architecture_auditor | ArchitectureAuditorAgent: verdict=EvalVerdict.FAIL score=0.00 modules=4
2026-05-03 03:57:51 | INFO    | resistancemap.agents.base | architecture_auditor: Execution complete (status=completed)
2026-05-03 03:57:51 | INFO    | resistancemap.agents.base | cell_state_trajectory: Starting execution
2026-05-03 03:57:51 | INFO    | resistancemap.evaluation.tier_b.cell_state_specialist | CellStateTrajectoryAgent: starting biological-coherence audit
2026-05-03 03:57:51 | WARNING | resistancemap.evaluation.tier_b.cell_state_specialist | CellStateTrajectoryAgent: SKIPPED -- Required upstream artefacts are missing from intake: ['vae_latents', 'cell_metadata', 'state_assignments', 'program_scores']. This agent does NOT fabricate latents or state assignments; rerun the VAE + trajectory stages and re-supply.
2026-05-03 03:57:51 | INFO    | resistancemap.agents.base | cell_state_trajectory: Execution complete (status=completed)
2026-05-03 03:57:51 | INFO    | resistancemap.agents.base | pathway_ppi_reasoning: Starting execution
2026-05-03 03:57:51 | INFO    | resistancemap.evaluation.tier_b.pathway_ppi | PathwayPPIReasoningAgent: starting pathway grounding audit (ppi_proteins=7853, ppi_confidence=0.70)
2026-05-03 03:57:51 | WARNING | resistancemap.evaluation.tier_b.pathway_ppi | PathwayPPIReasoningAgent: SKIPPED -- Required upstream artefacts missing: ['ppi_edges', 'attribute_fn', 'baseline_attribution', 'alternative_attribution', 'heldout_pathway_ids', 'heldout_predictions', 'heldout_model_fn']. This agent does NOT fabricate PPI edges, attributions, or heldout sets; rerun the protein-net stage and re-supply.
2026-05-03 03:57:51 | INFO    | resistancemap.agents.base | pathway_ppi_reasoning: Execution complete (status=completed)
2026-05-03 03:57:51 | INFO    | resistancemap.evaluation.orchestrator | EvalOrchestrator: architecture_auditor -> fail (score=0.000, hash=5236d434)
2026-05-03 03:57:51 | INFO    | resistancemap.evaluation.orchestrator | EvalOrchestrator: cell_state_trajectory -> skipped (score=0.000, hash=52343866)
2026-05-03 03:57:51 | INFO    | resistancemap.evaluation.orchestrator | EvalOrchestrator: pathway_ppi_reasoning -> skipped (score=0.000, hash=aaf9a2ca)
2026-05-03 03:57:51 | INFO    | resistancemap.evaluation.orchestrator | EvalOrchestrator: tier C (3 agents)
2026-05-03 03:57:51 | INFO    | resistancemap.agents.base | forecasting_uncertainty_agent: Starting execution
2026-05-03 03:57:51 | INFO    | resistancemap.evaluation.tier_c.forecasting_uncertainty | ForecastingUncertaintyAgent: no prediction tensors in intake; emitting SKIP verdict.
2026-05-03 03:57:51 | INFO    | resistancemap.agents.base | forecasting_uncertainty_agent: Execution complete (status=completed)
2026-05-03 03:57:51 | INFO    | resistancemap.agents.base | baseline_adversary_agent: Starting execution
2026-05-03 03:57:51 | INFO    | resistancemap.agents.base | baseline_adversary_agent: Execution complete (status=completed)
2026-05-03 03:57:51 | INFO    | resistancemap.agents.base | clinical_translation_safety_agent: Starting execution
2026-05-03 03:57:51 | INFO    | resistancemap.agents.base | clinical_translation_safety_agent: Execution complete (status=completed)
2026-05-03 03:57:51 | INFO    | resistancemap.evaluation.orchestrator | EvalOrchestrator: forecasting_uncertainty_agent -> skipped (score=0.000, hash=caa7571c)
2026-05-03 03:57:51 | INFO    | resistancemap.evaluation.orchestrator | EvalOrchestrator: baseline_adversary_agent -> skipped (score=0.000, hash=32700af2)
2026-05-03 03:57:51 | INFO    | resistancemap.evaluation.orchestrator | EvalOrchestrator: clinical_translation_safety_agent -> fail (score=0.000, hash=4d1b1265)
2026-05-03 03:57:51 | INFO    | resistancemap.evaluation.orchestrator | EvalOrchestrator: tier D (1 agents)
2026-05-03 03:57:51 | INFO    | resistancemap.agents.base | principal_integrator_agent: Starting execution
2026-05-03 03:57:52 | INFO    | resistancemap.agents.base | principal_integrator_agent: Execution complete (status=completed)
2026-05-03 03:57:52 | INFO    | resistancemap.evaluation.orchestrator | EvalOrchestrator: principal_integrator_agent -> conditional (score=0.333, hash=037e78cb)
2026-05-03 03:57:52 | INFO    | resistancemap.evaluation.orchestrator | EvalOrchestrator: wrote audit trail to logs/evaluation/20260503T085741Z
2026-05-03 04:01:21 | INFO    | resistancemap | Logging to logs/pipeline.log
2026-05-03 04:01:21 | WARNING | resistancemap | W&B init failed (continuing without): No API key configured. Use `wandb login` to log in.
2026-05-03 04:01:21 | INFO    | resistancemap.main | AgentOps initialized: Tracer + Evaluator + Optimizer
2026-05-03 04:01:21 | INFO    | resistancemap.main | Zero-trust verification active: 8 guardrails loaded
2026-05-03 04:01:21 | INFO    | resistancemap.main | Agentic pipeline: 10 agents in 9 parallel layers
2026-05-03 04:01:21 | INFO    | resistancemap.main |   Layer 0: ['data_validation']
2026-05-03 04:01:21 | INFO    | resistancemap.main |   Layer 1: ['data_prep']
2026-05-03 04:01:21 | INFO    | resistancemap.main |   Layer 2: ['vae_pretrain', 'esm2_embed']
2026-05-03 04:01:21 | INFO    | resistancemap.main |   Layer 3: ['vae_finetune']
2026-05-03 04:01:21 | INFO    | resistancemap.main |   Layer 4: ['trajectory']
2026-05-03 04:01:21 | INFO    | resistancemap.main |   Layer 5: ['protein_net']
2026-05-03 04:01:21 | INFO    | resistancemap.main |   Layer 6: ['fusion']
2026-05-03 04:01:21 | INFO    | resistancemap.main |   Layer 7: ['landscape']
2026-05-03 04:01:21 | INFO    | resistancemap.main |   Layer 8: ['validation']
2026-05-03 04:01:21 | INFO    | resistancemap.main | Data quality profiler ready (SOTA benchmarks loaded)
2026-05-03 04:01:21 | INFO    | resistancemap.main | Latent compute scheduler: GPU budget=24GB, max_concurrent=2
2026-05-03 04:01:21 | INFO    | resistancemap.main | ========================================================================
2026-05-03 04:01:21 | INFO    | resistancemap.main | EXECUTING AGENTIC PIPELINE
2026-05-03 04:01:21 | INFO    | resistancemap.main | ========================================================================
2026-05-03 04:01:21 | INFO    | resistancemap.agents.orchestrator | Orchestrator: Starting execution of 10 agents in 9 layers
2026-05-03 04:01:21 | INFO    | resistancemap.agents.orchestrator | Orchestrator: trace_id=b8715297-da8c-4f1b-ae15-408622311ef3
2026-05-03 04:01:21 | INFO    | resistancemap.agents.orchestrator | Orchestrator: Layer 0 (1 agents)
2026-05-03 04:01:21 | INFO    | resistancemap.agents.base | data_validation: Starting execution
2026-05-03 04:01:21 | INFO    | resistancemap | >>> STAGE START: data_validate
2026-05-03 04:01:21 | INFO    | resistancemap | <<< STAGE END: data_validate (0.0 min)
2026-05-03 04:01:21 | INFO    | resistancemap.agents.base | data_validation: Execution complete (status=completed)
2026-05-03 04:01:21 | INFO    | resistancemap.agents.orchestrator |   data_validation: COMPLETED (hash=c756ad01...)
2026-05-03 04:01:21 | INFO    | resistancemap.agents.orchestrator | Orchestrator: Layer 1 (1 agents)
2026-05-03 04:01:21 | INFO    | resistancemap.agents.base | data_prep: Starting execution
2026-05-03 04:01:21 | INFO    | resistancemap | >>> STAGE START: data_prep
2026-05-03 04:01:21 | INFO    | resistancemap.data.loaders | Loading CCLE proteomics from data/raw/ccle_proteomics.csv
2026-05-03 04:01:28 | INFO    | resistancemap.data.loaders | Loaded proteomics: 1393 cell lines, 19177 proteins
2026-05-03 04:01:28 | INFO    | resistancemap.data.loaders | After coverage filter (70%): 19177 proteins retained
2026-05-03 04:01:28 | INFO    | resistancemap.data.loaders | Stripped '(entrez_id)' decoration from 19177/19177 protein names
2026-05-03 04:01:29 | INFO    | resistancemap.data.loaders | Loading CCLE epigenomics from data/raw/ccle_epigenomics
2026-05-03 04:01:29 | INFO    | resistancemap.data.loaders |   chromatin_profiling: 897 lines, 42 features
2026-05-03 04:01:29 | INFO    | resistancemap.data.loaders | Loading STRING PPI network from data/raw/string_ppi.txt
2026-05-03 04:02:07 | INFO    | resistancemap.data.loaders |   STRING scores on 0-1000 scale — normalizing to 0-1
2026-05-03 04:02:08 | INFO    | resistancemap.data.loaders | PPI edges after confidence filter (>=0.7): 473860
2026-05-03 04:02:08 | INFO    | resistancemap.data.loaders |   Loaded STRING protein info from 9606.protein.info.v12.0.txt.gz: 19699 ENSP -> gene_symbol entries
2026-05-03 04:02:08 | INFO    | resistancemap.data.loaders | Translated STRING ENSP -> gene symbols: 473860/473860 edges retained after mapping
2026-05-03 04:02:08 | INFO    | resistancemap.data.loaders | Loading scRNA-seq from data/raw/gse124310.h5ad
2026-05-03 04:02:08 | INFO    | resistancemap.data.loaders | Loaded scRNA-seq: 27796 cells, 33694 genes
2026-05-03 04:02:08 | INFO    | resistancemap.data.loaders | Loaded scRNA-seq GSE124310: 27796 cells
2026-05-03 04:02:08 | INFO    | resistancemap.data.loaders | Loading scRNA-seq from data/raw/gse271107.h5ad
2026-05-03 04:02:10 | INFO    | resistancemap.data.loaders | Loaded scRNA-seq: 143748 cells, 36601 genes
2026-05-03 04:02:10 | INFO    | resistancemap.data.loaders | Loaded scRNA-seq GSE271107: 143748 cells
2026-05-03 04:02:10 | INFO    | resistancemap.data.loaders | MMRF CoMMpass directory not found at data/raw/mmrf_commpass (graceful degradation)
2026-05-03 04:02:10 | INFO    | resistancemap.data.loaders | Loading DepMap CRISPR gene-effect from data/raw/depmap/CRISPRGeneEffect.csv
2026-05-03 04:02:14 | INFO    | resistancemap.data.loaders |   CRISPR matrix: 1208 cell lines × 18531 genes
2026-05-03 04:02:14 | INFO    | resistancemap.data.loaders |   Stripped '(entrez_id)' decoration from 18531/18531 CRISPR genes
2026-05-03 04:02:14 | INFO    | resistancemap.data.preprocessors | Harmonizing multi-omics data
2026-05-03 04:02:14 | INFO    | resistancemap.data.preprocessors |   Additional scRNA-seq datasets: ['GSE124310', 'GSE271107']
2026-05-03 04:02:14 | INFO    | resistancemap.data.preprocessors |   DepMap CRISPR: 1208 cell lines × 18531 genes
2026-05-03 04:02:14 | INFO    | resistancemap.data.preprocessors |   ID mapping: 0 CCLEName → ModelID entries
2026-05-03 04:02:14 | INFO    | resistancemap.data.preprocessors | Cell lines in common across modalities: 886
2026-05-03 04:02:35 | INFO    | resistancemap.data.loaders | Loading drug sensitivity data
2026-05-03 04:02:36 | INFO    | resistancemap.data.loaders |   GDSC: 575197 records
2026-05-03 04:02:36 | INFO    | resistancemap.data.loaders |   GDSC: standardized columns
2026-05-03 04:02:36 | WARNING | resistancemap.data.loaders |   CTRPv2: not found at data/raw/ctrpv2_drug_sensitivity.csv, skipping
2026-05-03 04:02:39 | INFO    | resistancemap.data.loaders |   PRISM: 701004 records
2026-05-03 04:02:39 | INFO    | resistancemap.data.loaders |   PRISM: standardized columns
2026-05-03 04:02:39 | INFO    | resistancemap.data.loaders | Drug sensitivity matrix: 1457 samples × 11 drugs
2026-05-03 04:02:39 | INFO    | resistancemap.data.preprocessors | Drug-sensitivity targets z-scored: 11/11 drugs with usable variance
2026-05-03 04:02:39 | INFO    | resistancemap.data.preprocessors |   Lineage labels: 886/886 matched
2026-05-03 04:02:39 | INFO    | resistancemap.data.preprocessors | PPI-proteomics overlap: 15904 proteins
2026-05-03 04:02:39 | INFO    | resistancemap.data.preprocessors | scRNA pseudobulk attached: 51 (sample, stage) groups × 21934 shared genes (stages: ['HD', 'MGUS', 'MM', 'SMM'])
2026-05-03 04:02:39 | INFO    | resistancemap.data.preprocessors | CRISPR coverage: 629/886 common cell lines have a CRISPR screen
2026-05-03 04:02:39 | INFO    | resistancemap.data.preprocessors | MultiOmicsDataset: 886 samples, 19177 proteins, 42 epigenomic features, 473860 PPI edges
2026-05-03 04:02:39 | INFO    | resistancemap.data.preprocessors | Re-normalized drug targets using training statistics only
2026-05-03 04:02:39 | INFO    | resistancemap.data.preprocessors | Splits: train=622, val=132, test=132
2026-05-03 04:02:40 | INFO    | resistancemap | Checkpoint saved: checkpoints/data_ready.pt
2026-05-03 04:02:40 | INFO    | resistancemap | <<< STAGE END: data_prep (1.3 min)
2026-05-03 04:02:40 | INFO    | resistancemap | Checkpoint loaded: checkpoints/data_ready.pt (saved 2026-05-03T09:02:39.856662+00:00)
2026-05-03 04:02:40 | INFO    | resistancemap.agents.base | data_prep: Execution complete (status=completed)
2026-05-03 04:02:40 | INFO    | resistancemap.agents.orchestrator |   data_prep: COMPLETED (hash=6729f7bf...)
2026-05-03 04:02:40 | INFO    | resistancemap.agents.orchestrator | Orchestrator: Layer 2 (2 agents)
2026-05-03 04:02:40 | INFO    | resistancemap.agents.base | vae_pretrain: Starting execution
2026-05-03 04:02:40 | INFO    | resistancemap.agents.base | esm2_embed: Starting execution
2026-05-03 04:02:40 | INFO    | resistancemap | >>> STAGE START: esm2_embed
2026-05-03 04:02:40 | INFO    | resistancemap | >>> STAGE START: vae_pretrain
2026-05-03 04:02:41 | INFO    | resistancemap | Checkpoint loaded: checkpoints/data_ready.pt (saved 2026-05-03T09:02:39.856662+00:00)
2026-05-03 04:02:41 | INFO    | resistancemap | Checkpoint loaded: checkpoints/data_ready.pt (saved 2026-05-03T09:02:39.856662+00:00)
2026-05-03 04:02:41 | WARNING | resistancemap.agents.specialized | ESM-2 embed: 19177 proteins validated, but dataset.protein_sequences is empty. ProteinNetAgent will fall back to abundance/latent/stability features (no real ESM-2 forward pass). To enable, populate dataset.protein_sequences with FASTA sequences during data_prep.
2026-05-03 04:02:41 | INFO    | resistancemap | <<< STAGE END: esm2_embed (0.0 min) | n_proteins=19177 esm2_model=facebook/esm2_t33_650M_UR50D embedding_dim=1280 has_sequences=False embeddings_produced_here=False
2026-05-03 04:02:41 | INFO    | resistancemap.agents.base | esm2_embed: Execution complete (status=completed)
2026-05-03 04:02:48 | INFO    | resistancemap.models.vae | [vae_pretrained] Epoch 1/200 — train_loss=2.0199 val_loss=484.0171 recon=2.0199 kl=0.6504 kl_weight=0.0000
2026-05-03 04:02:49 | INFO    | resistancemap | Checkpoint saved: checkpoints/vae_pretrained.pt
2026-05-03 04:02:50 | INFO    | resistancemap.models.vae | [vae_pretrained] Epoch 2/200 — train_loss=1.7777 val_loss=1693.5208 recon=1.7407 kl=0.9237 kl_weight=0.0400
2026-05-03 04:02:50 | INFO    | resistancemap.models.vae | [vae_pretrained] Epoch 3/200 — train_loss=1.7409 val_loss=858.0565 recon=1.6179 kl=1.5380 kl_weight=0.0800
2026-05-03 04:02:51 | INFO    | resistancemap.models.vae | [vae_pretrained] Epoch 4/200 — train_loss=1.7450 val_loss=537.0459 recon=1.6268 kl=0.9856 kl_weight=0.1200
2026-05-03 04:02:51 | INFO    | resistancemap.models.vae | [vae_pretrained] Epoch 5/200 — train_loss=4.5601 val_loss=371.8124 recon=1.4681 kl=19.3248 kl_weight=0.1600
2026-05-03 04:02:52 | INFO    | resistancemap | Checkpoint saved: checkpoints/vae_pretrained.pt
2026-05-03 04:02:53 | INFO    | resistancemap.models.vae | [vae_pretrained] Epoch 6/200 — train_loss=1.9482 val_loss=81.7668 recon=1.5889 kl=1.7966 kl_weight=0.2000
2026-05-03 04:02:53 | INFO    | resistancemap | Checkpoint saved: checkpoints/vae_pretrained.pt
2026-05-03 04:02:54 | INFO    | resistancemap.models.vae | [vae_pretrained] Epoch 7/200 — train_loss=1.8522 val_loss=8.0105 recon=1.6330 kl=0.9131 kl_weight=0.2400
2026-05-03 04:02:55 | INFO    | resistancemap | Checkpoint saved: checkpoints/vae_pretrained.pt
2026-05-03 04:02:55 | INFO    | resistancemap.models.vae | [vae_pretrained] Epoch 8/200 — train_loss=1.7897 val_loss=3.7888 recon=1.5641 kl=0.8059 kl_weight=0.2800
2026-05-03 04:02:56 | INFO    | resistancemap | Checkpoint saved: checkpoints/vae_pretrained.pt
2026-05-03 04:02:57 | INFO    | resistancemap.models.vae | [vae_pretrained] Epoch 9/200 — train_loss=1.6688 val_loss=3.1181 recon=1.4699 kl=0.6216 kl_weight=0.3200
2026-05-03 04:02:58 | INFO    | resistancemap | Checkpoint saved: checkpoints/vae_pretrained.pt
2026-05-03 04:02:58 | INFO    | resistancemap.models.vae | [vae_pretrained] Epoch 10/200 — train_loss=1.5369 val_loss=2.6205 recon=1.3267 kl=0.5838 kl_weight=0.3600
2026-05-03 04:02:59 | INFO    | resistancemap | Checkpoint saved: checkpoints/vae_pretrained.pt
2026-05-03 04:03:00 | INFO    | resistancemap.models.vae | [vae_pretrained] Epoch 11/200 — train_loss=1.5112 val_loss=2.2569 recon=1.2979 kl=0.5335 kl_weight=0.4000
2026-05-03 04:03:00 | INFO    | resistancemap | Checkpoint saved: checkpoints/vae_pretrained.pt
2026-05-03 04:03:01 | INFO    | resistancemap.models.vae | [vae_pretrained] Epoch 12/200 — train_loss=1.4779 val_loss=1.9487 recon=1.2620 kl=0.4906 kl_weight=0.4400
2026-05-03 04:03:02 | INFO    | resistancemap | Checkpoint saved: checkpoints/vae_pretrained.pt
2026-05-03 04:03:02 | INFO    | resistancemap.models.vae | [vae_pretrained] Epoch 13/200 — train_loss=1.4549 val_loss=1.8286 recon=1.2196 kl=0.4903 kl_weight=0.4800
2026-05-03 04:03:03 | INFO    | resistancemap | Checkpoint saved: checkpoints/vae_pretrained.pt
2026-05-03 04:03:04 | INFO    | resistancemap.models.vae | [vae_pretrained] Epoch 14/200 — train_loss=1.4131 val_loss=1.6927 recon=1.1955 kl=0.4185 kl_weight=0.5200
2026-05-03 04:03:05 | INFO    | resistancemap | Checkpoint saved: checkpoints/vae_pretrained.pt
2026-05-03 04:03:05 | INFO    | resistancemap.models.vae | [vae_pretrained] Epoch 15/200 — train_loss=1.3523 val_loss=1.6176 recon=1.1209 kl=0.4132 kl_weight=0.5600
2026-05-03 04:03:06 | INFO    | resistancemap | Checkpoint saved: checkpoints/vae_pretrained.pt
2026-05-03 04:03:06 | INFO    | resistancemap.models.vae | [vae_pretrained] Epoch 16/200 — train_loss=1.3217 val_loss=1.5456 recon=1.0814 kl=0.4005 kl_weight=0.6000
2026-05-03 04:03:07 | INFO    | resistancemap | Checkpoint saved: checkpoints/vae_pretrained.pt
2026-05-03 04:03:08 | INFO    | resistancemap.models.vae | [vae_pretrained] Epoch 17/200 — train_loss=1.3061 val_loss=1.4630 recon=1.0593 kl=0.3856 kl_weight=0.6400
2026-05-03 04:03:09 | INFO    | resistancemap | Checkpoint saved: checkpoints/vae_pretrained.pt
2026-05-03 04:03:09 | INFO    | resistancemap.models.vae | [vae_pretrained] Epoch 18/200 — train_loss=1.2518 val_loss=1.3993 recon=1.0030 kl=0.3658 kl_weight=0.6800
2026-05-03 04:03:10 | INFO    | resistancemap | Checkpoint saved: checkpoints/vae_pretrained.pt
2026-05-03 04:03:11 | INFO    | resistancemap.models.vae | [vae_pretrained] Epoch 19/200 — train_loss=1.2205 val_loss=1.3528 recon=0.9658 kl=0.3537 kl_weight=0.7200
2026-05-03 04:03:12 | INFO    | resistancemap | Checkpoint saved: checkpoints/vae_pretrained.pt
2026-05-03 04:03:12 | INFO    | resistancemap.models.vae | [vae_pretrained] Epoch 20/200 — train_loss=1.2054 val_loss=1.2863 recon=0.9453 kl=0.3422 kl_weight=0.7600
2026-05-03 04:03:13 | INFO    | resistancemap | Checkpoint saved: checkpoints/vae_pretrained.pt
2026-05-03 04:03:13 | INFO    | resistancemap.models.vae | [vae_pretrained] Epoch 21/200 — train_loss=1.1819 val_loss=1.2658 recon=0.9238 kl=0.3226 kl_weight=0.8000
2026-05-03 04:03:14 | INFO    | resistancemap | Checkpoint saved: checkpoints/vae_pretrained.pt
2026-05-03 04:03:15 | INFO    | resistancemap.models.vae | [vae_pretrained] Epoch 22/200 — train_loss=1.1773 val_loss=1.2461 recon=0.9132 kl=0.3144 kl_weight=0.8400
2026-05-03 04:03:16 | INFO    | resistancemap | Checkpoint saved: checkpoints/vae_pretrained.pt
2026-05-03 04:03:16 | INFO    | resistancemap.models.vae | [vae_pretrained] Epoch 23/200 — train_loss=1.1358 val_loss=1.2556 recon=0.8729 kl=0.2988 kl_weight=0.8800
2026-05-03 04:03:17 | INFO    | resistancemap.models.vae | [vae_pretrained] Epoch 24/200 — train_loss=1.1098 val_loss=1.2358 recon=0.8319 kl=0.3021 kl_weight=0.9200
2026-05-03 04:03:18 | INFO    | resistancemap | Checkpoint saved: checkpoints/vae_pretrained.pt
2026-05-03 04:03:18 | INFO    | resistancemap.models.vae | [vae_pretrained] Epoch 25/200 — train_loss=1.1067 val_loss=1.2572 recon=0.8260 kl=0.2924 kl_weight=0.9600
2026-05-03 04:03:18 | INFO    | resistancemap.models.vae | [vae_pretrained] Epoch 26/200 — train_loss=1.0880 val_loss=1.2788 recon=0.8058 kl=0.2822 kl_weight=1.0000
2026-05-03 04:03:19 | INFO    | resistancemap.models.vae | [vae_pretrained] Epoch 27/200 — train_loss=1.0875 val_loss=1.2622 recon=0.8174 kl=0.2701 kl_weight=1.0000
2026-05-03 04:03:19 | INFO    | resistancemap.models.vae | [vae_pretrained] Epoch 28/200 — train_loss=1.0338 val_loss=1.2444 recon=0.7802 kl=0.2536 kl_weight=1.0000
2026-05-03 04:03:20 | INFO    | resistancemap.models.vae | [vae_pretrained] Epoch 29/200 — train_loss=1.0188 val_loss=1.2287 recon=0.7787 kl=0.2401 kl_weight=1.0000
2026-05-03 04:03:21 | INFO    | resistancemap | Checkpoint saved: checkpoints/vae_pretrained.pt
2026-05-03 04:03:21 | INFO    | resistancemap.models.vae | [vae_pretrained] Epoch 30/200 — train_loss=1.0111 val_loss=1.2030 recon=0.7735 kl=0.2376 kl_weight=1.0000
2026-05-03 04:03:22 | INFO    | resistancemap | Checkpoint saved: checkpoints/vae_pretrained.pt
2026-05-03 04:03:23 | INFO    | resistancemap.models.vae | [vae_pretrained] Epoch 31/200 — train_loss=0.9781 val_loss=1.1663 recon=0.7460 kl=0.2322 kl_weight=1.0000
2026-05-03 04:03:24 | INFO    | resistancemap | Checkpoint saved: checkpoints/vae_pretrained.pt
2026-05-03 04:03:24 | INFO    | resistancemap.models.vae | [vae_pretrained] Epoch 32/200 — train_loss=0.9705 val_loss=1.1622 recon=0.7417 kl=0.2288 kl_weight=1.0000
2026-05-03 04:03:25 | INFO    | resistancemap | Checkpoint saved: checkpoints/vae_pretrained.pt
2026-05-03 04:03:25 | INFO    | resistancemap.models.vae | [vae_pretrained] Epoch 33/200 — train_loss=0.9483 val_loss=1.1365 recon=0.7278 kl=0.2204 kl_weight=1.0000
2026-05-03 04:03:26 | INFO    | resistancemap | Checkpoint saved: checkpoints/vae_pretrained.pt
2026-05-03 04:03:27 | INFO    | resistancemap.models.vae | [vae_pretrained] Epoch 34/200 — train_loss=0.9268 val_loss=1.1263 recon=0.7168 kl=0.2100 kl_weight=1.0000
2026-05-03 04:03:28 | INFO    | resistancemap | Checkpoint saved: checkpoints/vae_pretrained.pt
2026-05-03 04:03:28 | INFO    | resistancemap.models.vae | [vae_pretrained] Epoch 35/200 — train_loss=0.9526 val_loss=1.1269 recon=0.7433 kl=0.2093 kl_weight=1.0000
2026-05-03 04:03:29 | INFO    | resistancemap.models.vae | [vae_pretrained] Epoch 36/200 — train_loss=0.9137 val_loss=1.1492 recon=0.7109 kl=0.2027 kl_weight=1.0000
2026-05-03 04:03:29 | INFO    | resistancemap.models.vae | [vae_pretrained] Epoch 37/200 — train_loss=0.9152 val_loss=1.1508 recon=0.7057 kl=0.2095 kl_weight=1.0000
2026-05-03 04:03:30 | INFO    | resistancemap.models.vae | [vae_pretrained] Epoch 38/200 — train_loss=0.9078 val_loss=1.1161 recon=0.7054 kl=0.2024 kl_weight=1.0000
2026-05-03 04:03:30 | INFO    | resistancemap | Checkpoint saved: checkpoints/vae_pretrained.pt
2026-05-03 04:03:31 | INFO    | resistancemap.models.vae | [vae_pretrained] Epoch 39/200 — train_loss=0.8916 val_loss=1.0838 recon=0.6904 kl=0.2011 kl_weight=1.0000
2026-05-03 04:03:32 | INFO    | resistancemap | Checkpoint saved: checkpoints/vae_pretrained.pt
2026-05-03 04:03:32 | INFO    | resistancemap.models.vae | [vae_pretrained] Epoch 40/200 — train_loss=0.8791 val_loss=1.0614 recon=0.6819 kl=0.1972 kl_weight=1.0000
2026-05-03 04:03:33 | INFO    | resistancemap | Checkpoint saved: checkpoints/vae_pretrained.pt
2026-05-03 04:03:34 | INFO    | resistancemap.models.vae | [vae_pretrained] Epoch 41/200 — train_loss=0.8957 val_loss=1.0662 recon=0.7007 kl=0.1950 kl_weight=1.0000
2026-05-03 04:03:34 | INFO    | resistancemap.models.vae | [vae_pretrained] Epoch 42/200 — train_loss=0.8613 val_loss=1.0765 recon=0.6648 kl=0.1965 kl_weight=1.0000
2026-05-03 04:03:35 | INFO    | resistancemap.models.vae | [vae_pretrained] Epoch 43/200 — train_loss=0.8735 val_loss=1.0875 recon=0.6826 kl=0.1909 kl_weight=1.0000
2026-05-03 04:03:35 | INFO    | resistancemap.models.vae | [vae_pretrained] Epoch 44/200 — train_loss=0.8661 val_loss=1.0836 recon=0.6788 kl=0.1874 kl_weight=1.0000
2026-05-03 04:03:35 | INFO    | resistancemap.models.vae | [vae_pretrained] Epoch 45/200 — train_loss=0.8457 val_loss=1.0606 recon=0.6592 kl=0.1865 kl_weight=1.0000
2026-05-03 04:03:36 | INFO    | resistancemap | Checkpoint saved: checkpoints/vae_pretrained.pt
2026-05-03 04:03:37 | INFO    | resistancemap.models.vae | [vae_pretrained] Epoch 46/200 — train_loss=0.8408 val_loss=1.0402 recon=0.6590 kl=0.1817 kl_weight=1.0000
2026-05-03 04:03:38 | INFO    | resistancemap | Checkpoint saved: checkpoints/vae_pretrained.pt
2026-05-03 04:03:38 | INFO    | resistancemap.models.vae | [vae_pretrained] Epoch 47/200 — train_loss=0.8462 val_loss=1.0265 recon=0.6632 kl=0.1830 kl_weight=1.0000
2026-05-03 04:03:39 | INFO    | resistancemap | Checkpoint saved: checkpoints/vae_pretrained.pt
2026-05-03 04:03:40 | INFO    | resistancemap.models.vae | [vae_pretrained] Epoch 48/200 — train_loss=0.8314 val_loss=1.0226 recon=0.6470 kl=0.1844 kl_weight=1.0000
2026-05-03 04:03:41 | INFO    | resistancemap | Checkpoint saved: checkpoints/vae_pretrained.pt
2026-05-03 04:03:41 | INFO    | resistancemap.models.vae | [vae_pretrained] Epoch 49/200 — train_loss=0.8284 val_loss=1.0207 recon=0.6462 kl=0.1822 kl_weight=1.0000
2026-05-03 04:03:42 | INFO    | resistancemap | Checkpoint saved: checkpoints/vae_pretrained.pt
2026-05-03 04:03:42 | INFO    | resistancemap.models.vae | [vae_pretrained] Epoch 50/200 — train_loss=0.8375 val_loss=1.0281 recon=0.6599 kl=0.1776 kl_weight=1.0000
2026-05-03 04:03:43 | INFO    | resistancemap.models.vae | [vae_pretrained] Epoch 51/200 — train_loss=0.6482 val_loss=1.0412 recon=0.6482 kl=0.1822 kl_weight=0.0000
2026-05-03 04:03:43 | INFO    | resistancemap.models.vae | [vae_pretrained] Epoch 52/200 — train_loss=0.6384 val_loss=1.0474 recon=0.6306 kl=0.1961 kl_weight=0.0400
2026-05-03 04:03:44 | INFO    | resistancemap.models.vae | [vae_pretrained] Epoch 53/200 — train_loss=0.6364 val_loss=1.0578 recon=0.6195 kl=0.2111 kl_weight=0.0800
2026-05-03 04:03:44 | INFO    | resistancemap.models.vae | [vae_pretrained] Epoch 54/200 — train_loss=0.6220 val_loss=1.0767 recon=0.5935 kl=0.2379 kl_weight=0.1200
2026-05-03 04:03:45 | INFO    | resistancemap.models.vae | [vae_pretrained] Epoch 55/200 — train_loss=0.6241 val_loss=1.1046 recon=0.5784 kl=0.2855 kl_weight=0.1600
2026-05-03 04:03:45 | INFO    | resistancemap.models.vae | [vae_pretrained] Epoch 56/200 — train_loss=0.6222 val_loss=1.1157 recon=0.5589 kl=0.3164 kl_weight=0.2000
2026-05-03 04:03:46 | INFO    | resistancemap.models.vae | [vae_pretrained] Epoch 57/200 — train_loss=0.6263 val_loss=1.1193 recon=0.5394 kl=0.3618 kl_weight=0.2400
2026-05-03 04:03:46 | INFO    | resistancemap.models.vae | [vae_pretrained] Epoch 58/200 — train_loss=0.6392 val_loss=1.1107 recon=0.5303 kl=0.3889 kl_weight=0.2800
2026-05-03 04:03:47 | INFO    | resistancemap.models.vae | [vae_pretrained] Epoch 59/200 — train_loss=0.6509 val_loss=1.1109 recon=0.5140 kl=0.4279 kl_weight=0.3200
2026-05-03 04:03:47 | INFO    | resistancemap.models.vae | [vae_pretrained] Epoch 60/200 — train_loss=0.6706 val_loss=1.1034 recon=0.5123 kl=0.4399 kl_weight=0.3600
2026-05-03 04:03:47 | INFO    | resistancemap.models.vae | [vae_pretrained] Epoch 61/200 — train_loss=0.6958 val_loss=1.0944 recon=0.5129 kl=0.4571 kl_weight=0.4000
2026-05-03 04:03:48 | INFO    | resistancemap.models.vae | [vae_pretrained] Epoch 62/200 — train_loss=0.6965 val_loss=1.0878 recon=0.5041 kl=0.4372 kl_weight=0.4400
2026-05-03 04:03:48 | INFO    | resistancemap.models.vae | [vae_pretrained] Epoch 63/200 — train_loss=0.7055 val_loss=1.0819 recon=0.5011 kl=0.4258 kl_weight=0.4800
2026-05-03 04:03:49 | INFO    | resistancemap.models.vae | [vae_pretrained] Epoch 64/200 — train_loss=0.7078 val_loss=1.0792 recon=0.4964 kl=0.4064 kl_weight=0.5200
2026-05-03 04:03:49 | INFO    | resistancemap.models.vae | [vae_pretrained] Epoch 65/200 — train_loss=0.7224 val_loss=1.0794 recon=0.5151 kl=0.3701 kl_weight=0.5600
2026-05-03 04:03:50 | INFO    | resistancemap.models.vae | [vae_pretrained] Epoch 66/200 — train_loss=0.7154 val_loss=1.0799 recon=0.5128 kl=0.3376 kl_weight=0.6000
2026-05-03 04:03:50 | INFO    | resistancemap.models.vae | [vae_pretrained] Epoch 67/200 — train_loss=0.7052 val_loss=1.0807 recon=0.5120 kl=0.3020 kl_weight=0.6400
2026-05-03 04:03:51 | INFO    | resistancemap.models.vae | [vae_pretrained] Epoch 68/200 — train_loss=0.7202 val_loss=1.0777 recon=0.5322 kl=0.2765 kl_weight=0.6800
2026-05-03 04:03:51 | INFO    | resistancemap.models.vae | [vae_pretrained] Epoch 69/200 — train_loss=0.7312 val_loss=1.0644 recon=0.5487 kl=0.2534 kl_weight=0.7200
2026-05-03 04:03:51 | INFO    | resistancemap.models.vae | Early stopping at epoch 69
2026-05-03 04:03:51 | INFO    | resistancemap | <<< STAGE END: vae_pretrain (1.2 min) | best_val_loss=1.0207 final_epoch=69 total_steps=69
2026-05-03 04:03:51 | INFO    | resistancemap | Checkpoint loaded: checkpoints/vae_pretrained.pt (saved 2026-05-03T09:03:41.588147+00:00)
2026-05-03 04:03:51 | INFO    | resistancemap.agents.base | vae_pretrain: Execution complete (status=completed)
2026-05-03 04:03:51 | INFO    | resistancemap.agents.orchestrator |   vae_pretrain: COMPLETED (hash=96937bb0...)
2026-05-03 04:03:51 | INFO    | resistancemap.agents.orchestrator |   esm2_embed: COMPLETED (hash=19ae8665...)
2026-05-03 04:03:51 | INFO    | resistancemap.agents.orchestrator | Orchestrator: Layer 3 (1 agents)
2026-05-03 04:03:51 | INFO    | resistancemap.agents.base | vae_finetune: Starting execution
2026-05-03 04:03:51 | INFO    | resistancemap | >>> STAGE START: vae_finetune
2026-05-03 04:03:52 | INFO    | resistancemap | Checkpoint loaded: checkpoints/data_ready.pt (saved 2026-05-03T09:02:39.856662+00:00)
2026-05-03 04:03:52 | INFO    | resistancemap | Checkpoint loaded: checkpoints/vae_pretrained.pt (saved 2026-05-03T09:03:41.588147+00:00)
2026-05-03 04:03:57 | INFO    | resistancemap.models.vae | [vae_finetuned] Epoch 1/100 — train_loss=0.8922 val_loss=1.1758 recon=0.8922 kl=0.3130 kl_weight=0.0000
2026-05-03 04:03:58 | INFO    | resistancemap | Checkpoint saved: checkpoints/vae_finetuned.pt
2026-05-03 04:04:00 | INFO    | resistancemap.models.vae | [vae_finetuned] Epoch 2/100 — train_loss=0.8174 val_loss=1.1956 recon=0.7911 kl=0.3152 kl_weight=0.0833
2026-05-03 04:04:00 | INFO    | resistancemap.models.vae | [vae_finetuned] Epoch 3/100 — train_loss=0.7660 val_loss=1.2161 recon=0.7121 kl=0.3237 kl_weight=0.1667
2026-05-03 04:04:01 | INFO    | resistancemap.models.vae | [vae_finetuned] Epoch 4/100 — train_loss=0.7687 val_loss=1.2336 recon=0.6855 kl=0.3327 kl_weight=0.2500
2026-05-03 04:04:01 | INFO    | resistancemap.models.vae | [vae_finetuned] Epoch 5/100 — train_loss=0.7371 val_loss=1.2539 recon=0.6228 kl=0.3429 kl_weight=0.3333
2026-05-03 04:04:02 | INFO    | resistancemap.models.vae | [vae_finetuned] Epoch 6/100 — train_loss=0.7661 val_loss=1.2701 recon=0.6188 kl=0.3537 kl_weight=0.4167
2026-05-03 04:04:02 | INFO    | resistancemap.models.vae | [vae_finetuned] Epoch 7/100 — train_loss=0.8040 val_loss=1.2837 recon=0.6257 kl=0.3565 kl_weight=0.5000
2026-05-03 04:04:03 | INFO    | resistancemap.models.vae | [vae_finetuned] Epoch 8/100 — train_loss=0.8107 val_loss=1.2963 recon=0.5947 kl=0.3703 kl_weight=0.5833
2026-05-03 04:04:03 | INFO    | resistancemap.models.vae | [vae_finetuned] Epoch 9/100 — train_loss=0.8156 val_loss=1.3080 recon=0.5648 kl=0.3762 kl_weight=0.6667
2026-05-03 04:04:04 | INFO    | resistancemap.models.vae | [vae_finetuned] Epoch 10/100 — train_loss=0.8545 val_loss=1.3139 recon=0.5751 kl=0.3725 kl_weight=0.7500
2026-05-03 04:04:04 | INFO    | resistancemap.models.vae | [vae_finetuned] Epoch 11/100 — train_loss=0.8643 val_loss=1.3197 recon=0.5653 kl=0.3587 kl_weight=0.8333
2026-05-03 04:04:05 | INFO    | resistancemap.models.vae | [vae_finetuned] Epoch 12/100 — train_loss=0.8702 val_loss=1.3236 recon=0.5463 kl=0.3533 kl_weight=0.9167
2026-05-03 04:04:05 | INFO    | resistancemap.models.vae | [vae_finetuned] Epoch 13/100 — train_loss=0.9086 val_loss=1.3243 recon=0.5611 kl=0.3475 kl_weight=1.0000
2026-05-03 04:04:06 | INFO    | resistancemap.models.vae | [vae_finetuned] Epoch 14/100 — train_loss=0.8807 val_loss=1.3247 recon=0.5379 kl=0.3428 kl_weight=1.0000
2026-05-03 04:04:06 | INFO    | resistancemap.models.vae | [vae_finetuned] Epoch 15/100 — train_loss=0.8473 val_loss=1.3180 recon=0.5207 kl=0.3267 kl_weight=1.0000
2026-05-03 04:04:07 | INFO    | resistancemap.models.vae | [vae_finetuned] Epoch 16/100 — train_loss=0.8675 val_loss=1.3139 recon=0.5546 kl=0.3129 kl_weight=1.0000
2026-05-03 04:04:07 | INFO    | resistancemap.models.vae | [vae_finetuned] Epoch 17/100 — train_loss=0.8487 val_loss=1.3077 recon=0.5472 kl=0.3015 kl_weight=1.0000
2026-05-03 04:04:08 | INFO    | resistancemap.models.vae | [vae_finetuned] Epoch 18/100 — train_loss=0.8302 val_loss=1.3048 recon=0.5450 kl=0.2852 kl_weight=1.0000
2026-05-03 04:04:08 | INFO    | resistancemap.models.vae | [vae_finetuned] Epoch 19/100 — train_loss=0.8174 val_loss=1.2992 recon=0.5504 kl=0.2669 kl_weight=1.0000
2026-05-03 04:04:09 | INFO    | resistancemap.models.vae | [vae_finetuned] Epoch 20/100 — train_loss=0.8187 val_loss=1.2895 recon=0.5539 kl=0.2648 kl_weight=1.0000
2026-05-03 04:04:09 | INFO    | resistancemap.models.vae | [vae_finetuned] Epoch 21/100 — train_loss=0.8033 val_loss=1.2799 recon=0.5570 kl=0.2463 kl_weight=1.0000
2026-05-03 04:04:09 | INFO    | resistancemap.models.vae | Early stopping at epoch 21
2026-05-03 04:04:09 | INFO    | resistancemap | <<< STAGE END: vae_finetune (0.3 min) | best_val_loss=1.1758 final_epoch=21 total_steps=21
2026-05-03 04:04:10 | INFO    | resistancemap | Checkpoint loaded: checkpoints/vae_finetuned.pt (saved 2026-05-03T09:03:57.785805+00:00)
2026-05-03 04:04:10 | INFO    | resistancemap.agents.base | vae_finetune: Execution complete (status=completed)
2026-05-03 04:04:10 | INFO    | resistancemap.agents.orchestrator |   vae_finetune: COMPLETED (hash=717b5097...)
2026-05-03 04:04:10 | INFO    | resistancemap.agents.orchestrator | Orchestrator: Layer 4 (1 agents)
2026-05-03 04:04:10 | INFO    | resistancemap.agents.base | trajectory: Starting execution
2026-05-03 04:04:10 | INFO    | resistancemap | >>> STAGE START: trajectory_calibrate
2026-05-03 04:04:10 | INFO    | resistancemap | Checkpoint loaded: checkpoints/data_ready.pt (saved 2026-05-03T09:02:39.856662+00:00)
2026-05-03 04:04:10 | INFO    | resistancemap | Checkpoint loaded: checkpoints/vae_finetuned.pt (saved 2026-05-03T09:03:57.785805+00:00)
2026-05-03 04:04:11 | INFO    | resistancemap | Checkpoint saved: checkpoints/stability_calibrated.pt
2026-05-03 04:04:14 | INFO    | resistancemap | Checkpoint saved: checkpoints/stability_calibrated.pt
2026-05-03 04:04:14 | INFO    | resistancemap | Checkpoint saved: checkpoints/stability_calibrated.pt
2026-05-03 04:04:15 | INFO    | resistancemap | Checkpoint saved: checkpoints/stability_calibrated.pt
2026-05-03 04:04:18 | INFO    | resistancemap | Checkpoint saved: checkpoints/stability_calibrated.pt
2026-05-03 04:04:19 | INFO    | resistancemap | Checkpoint saved: checkpoints/stability_calibrated.pt
2026-05-03 04:04:22 | INFO    | resistancemap | Checkpoint saved: checkpoints/stability_calibrated.pt
2026-05-03 04:04:23 | INFO    | resistancemap | Checkpoint saved: checkpoints/stability_calibrated.pt
2026-05-03 04:04:24 | INFO    | resistancemap | Checkpoint saved: checkpoints/stability_calibrated.pt
2026-05-03 04:04:25 | INFO    | resistancemap | Checkpoint saved: checkpoints/stability_calibrated.pt
2026-05-03 04:04:27 | INFO    | resistancemap | Checkpoint saved: checkpoints/stability_calibrated.pt
2026-05-03 04:04:28 | INFO    | resistancemap | Checkpoint saved: checkpoints/stability_calibrated.pt
2026-05-03 04:04:30 | INFO    | resistancemap | Checkpoint saved: checkpoints/stability_calibrated.pt
2026-05-03 04:04:31 | INFO    | resistancemap | Checkpoint saved: checkpoints/stability_calibrated.pt
2026-05-03 04:04:32 | INFO    | resistancemap | Checkpoint saved: checkpoints/stability_calibrated.pt
2026-05-03 04:04:32 | INFO    | resistancemap | Checkpoint saved: checkpoints/stability_calibrated.pt
2026-05-03 04:04:33 | INFO    | resistancemap | Checkpoint saved: checkpoints/stability_calibrated.pt
2026-05-03 04:04:34 | INFO    | resistancemap | Checkpoint saved: checkpoints/stability_calibrated.pt
2026-05-03 04:04:34 | INFO    | resistancemap | Checkpoint saved: checkpoints/stability_calibrated.pt
2026-05-03 04:04:36 | INFO    | resistancemap | Checkpoint saved: checkpoints/stability_calibrated.pt
2026-05-03 04:04:37 | INFO    | resistancemap.models.trajectory | [stability_calibrate] Epoch 50/500 loss=0.3047 basin_center=1.4789 basin_scale=1.5132
2026-05-03 04:04:39 | INFO    | resistancemap | Checkpoint saved: checkpoints/stability_calibrated.pt
2026-05-03 04:04:40 | INFO    | resistancemap | Checkpoint saved: checkpoints/stability_calibrated.pt
2026-05-03 04:04:41 | INFO    | resistancemap | Checkpoint saved: checkpoints/stability_calibrated.pt
2026-05-03 04:04:42 | INFO    | resistancemap | Checkpoint saved: checkpoints/stability_calibrated.pt
2026-05-03 04:04:44 | INFO    | resistancemap | Checkpoint saved: checkpoints/stability_calibrated.pt
2026-05-03 04:04:45 | INFO    | resistancemap | Checkpoint saved: checkpoints/stability_calibrated.pt
2026-05-03 04:04:47 | INFO    | resistancemap | Checkpoint saved: checkpoints/stability_calibrated.pt
2026-05-03 04:04:48 | INFO    | resistancemap | Checkpoint saved: checkpoints/stability_calibrated.pt
2026-05-03 04:04:48 | INFO    | resistancemap | Checkpoint saved: checkpoints/stability_calibrated.pt
2026-05-03 04:04:49 | INFO    | resistancemap | Checkpoint saved: checkpoints/stability_calibrated.pt
2026-05-03 04:04:51 | INFO    | resistancemap | Checkpoint saved: checkpoints/stability_calibrated.pt
2026-05-03 04:04:52 | INFO    | resistancemap | Checkpoint saved: checkpoints/stability_calibrated.pt
2026-05-03 04:04:53 | INFO    | resistancemap | Checkpoint saved: checkpoints/stability_calibrated.pt
2026-05-03 04:04:53 | INFO    | resistancemap | Checkpoint saved: checkpoints/stability_calibrated.pt
2026-05-03 04:04:54 | INFO    | resistancemap | Checkpoint saved: checkpoints/stability_calibrated.pt
2026-05-03 04:04:55 | INFO    | resistancemap | Checkpoint saved: checkpoints/stability_calibrated.pt
2026-05-03 04:04:57 | INFO    | resistancemap | Checkpoint saved: checkpoints/stability_calibrated.pt
2026-05-03 04:04:59 | INFO    | resistancemap | Checkpoint saved: checkpoints/stability_calibrated.pt
2026-05-03 04:05:04 | INFO    | resistancemap.models.trajectory | [stability_calibrate] Epoch 100/500 loss=0.0346 basin_center=1.4516 basin_scale=1.5036
2026-05-03 04:05:05 | INFO    | resistancemap | Checkpoint saved: checkpoints/stability_calibrated.pt
2026-05-03 04:05:09 | INFO    | resistancemap | Checkpoint saved: checkpoints/stability_calibrated.pt
2026-05-03 04:05:18 | INFO    | resistancemap | Checkpoint saved: checkpoints/stability_calibrated.pt
2026-05-03 04:05:22 | INFO    | resistancemap | Checkpoint saved: checkpoints/stability_calibrated.pt
2026-05-03 04:05:25 | INFO    | resistancemap | Checkpoint saved: checkpoints/stability_calibrated.pt
2026-05-03 04:05:31 | INFO    | resistancemap.models.trajectory | [stability_calibrate] Epoch 150/500 loss=0.0260 basin_center=1.4485 basin_scale=1.5050
2026-05-03 04:05:35 | INFO    | resistancemap | Checkpoint saved: checkpoints/stability_calibrated.pt
2026-05-03 04:05:57 | INFO    | resistancemap.models.trajectory | [stability_calibrate] Epoch 200/500 loss=0.0151 basin_center=1.4476 basin_scale=1.5058
2026-05-03 04:06:13 | INFO    | resistancemap | Checkpoint saved: checkpoints/stability_calibrated.pt
2026-05-03 04:06:24 | INFO    | resistancemap.models.trajectory | [stability_calibrate] Epoch 250/500 loss=0.0166 basin_center=1.4472 basin_scale=1.5062
2026-05-03 04:06:50 | INFO    | resistancemap.models.trajectory | [stability_calibrate] Epoch 300/500 loss=0.0046 basin_center=1.4470 basin_scale=1.5064
2026-05-03 04:07:17 | INFO    | resistancemap.models.trajectory | [stability_calibrate] Epoch 350/500 loss=0.0090 basin_center=1.4468 basin_scale=1.5065
2026-05-03 04:07:44 | INFO    | resistancemap.models.trajectory | [stability_calibrate] Epoch 400/500 loss=0.0056 basin_center=1.4467 basin_scale=1.5065
2026-05-03 04:08:10 | INFO    | resistancemap.models.trajectory | [stability_calibrate] Epoch 450/500 loss=0.0199 basin_center=1.4467 basin_scale=1.5063
2026-05-03 04:08:37 | INFO    | resistancemap.models.trajectory | [stability_calibrate] Epoch 500/500 loss=0.0225 basin_center=1.4467 basin_scale=1.5061
2026-05-03 04:08:37 | INFO    | resistancemap | <<< STAGE END: trajectory_calibrate (4.5 min) | best_calibration_loss=0.0020 n_valid_samples=461
2026-05-03 04:08:37 | INFO    | resistancemap | >>> STAGE START: trajectory_forecast
2026-05-03 04:08:37 | INFO    | resistancemap | Checkpoint loaded: checkpoints/data_ready.pt (saved 2026-05-03T09:02:39.856662+00:00)
2026-05-03 04:08:38 | INFO    | resistancemap | Checkpoint loaded: checkpoints/vae_finetuned.pt (saved 2026-05-03T09:03:57.785805+00:00)
2026-05-03 04:08:38 | INFO    | resistancemap | Checkpoint loaded: checkpoints/stability_calibrated.pt (saved 2026-05-03T09:06:13.685771+00:00)
2026-05-03 04:08:38 | INFO    | resistancemap.models.trajectory | Initialized TrajectoryForecaster with latent_dim=64 (deterministic ODE mode)
2026-05-03 04:08:38 | INFO    | resistancemap.main | Transferred calibrated ODE weights from MemoryStabilityScorer to TrajectoryForecaster
2026-05-03 04:08:38 | INFO    | resistancemap.main | Pre-computing VAE latents and reader/writer levels for trajectory training...
2026-05-03 04:08:40 | INFO    | resistancemap.main | Pre-computed: latents torch.Size([886, 64]), rw_levels torch.Size([886, 20])
2026-05-03 04:08:42 | INFO    | resistancemap | Checkpoint saved: checkpoints/trajectory_forecaster_trained.pt
2026-05-03 04:09:17 | INFO    | resistancemap.main | [trajectory_forecast] Early stopping at epoch 21
2026-05-03 04:09:17 | INFO    | resistancemap | <<< STAGE END: trajectory_forecast (0.7 min) | trajectory_forecast_val_loss=0.0563
2026-05-03 04:09:17 | INFO    | resistancemap | Checkpoint loaded: checkpoints/stability_calibrated.pt (saved 2026-05-03T09:06:13.685771+00:00)
2026-05-03 04:09:17 | INFO    | resistancemap | Checkpoint loaded: checkpoints/trajectory_forecaster_trained.pt (saved 2026-05-03T09:08:42.300247+00:00)
2026-05-03 04:09:17 | INFO    | resistancemap.agents.base | trajectory: Execution complete (status=completed)
2026-05-03 04:09:17 | INFO    | resistancemap.agents.orchestrator |   trajectory: COMPLETED (hash=2af0b889...)
2026-05-03 04:09:17 | INFO    | resistancemap.agents.orchestrator | Orchestrator: Layer 5 (1 agents)
2026-05-03 04:09:17 | INFO    | resistancemap.agents.base | protein_net: Starting execution
2026-05-03 04:09:18 | INFO    | resistancemap | >>> STAGE START: protein_net_train
2026-05-03 04:09:18 | INFO    | resistancemap | Checkpoint loaded: checkpoints/data_ready.pt (saved 2026-05-03T09:02:39.856662+00:00)
2026-05-03 04:09:18 | INFO    | resistancemap | Checkpoint loaded: checkpoints/vae_finetuned.pt (saved 2026-05-03T09:03:57.785805+00:00)
2026-05-03 04:09:18 | INFO    | resistancemap | Checkpoint loaded: checkpoints/stability_calibrated.pt (saved 2026-05-03T09:06:13.685771+00:00)
2026-05-03 04:09:19 | INFO    | resistancemap.main | Pre-computing VAE latent states and stability scores...
2026-05-03 04:14:43 | INFO    | resistancemap.main | Pre-computed: latents torch.Size([886, 64]), stability torch.Size([886])
2026-05-03 04:14:43 | INFO    | resistancemap.main | No protein sequences available; using abundance-only node features
2026-05-03 04:14:43 | INFO    | resistancemap.main | PPI graph: 19177 nodes, 929520 edges
2026-05-03 04:15:06 | INFO    | resistancemap | Checkpoint saved: checkpoints/protein_net_trained.pt
2026-05-03 04:15:28 | INFO    | resistancemap | Checkpoint saved: checkpoints/protein_net_trained.pt
2026-05-03 04:16:58 | INFO    | resistancemap | Checkpoint saved: checkpoints/protein_net_trained.pt
2026-05-03 04:17:20 | INFO    | resistancemap | Checkpoint saved: checkpoints/protein_net_trained.pt
2026-05-03 04:18:28 | INFO    | resistancemap.main | [protein_net] Epoch 10/100 train=0.9652 val=1.0131
2026-05-03 04:22:12 | INFO    | resistancemap.main | [protein_net] Epoch 20/100 train=0.8508 val=1.0670
2026-05-03 04:22:57 | INFO    | resistancemap.main | [protein_net] Early stopping at epoch 22
2026-05-03 04:22:57 | INFO    | resistancemap | <<< STAGE END: protein_net_train (13.6 min) | protein_net_val_loss=1.0074
2026-05-03 04:22:57 | INFO    | resistancemap | Checkpoint loaded: checkpoints/protein_net_trained.pt (saved 2026-05-03T09:17:20.857513+00:00)
2026-05-03 04:22:57 | INFO    | resistancemap.agents.base | protein_net: Execution complete (status=completed)
2026-05-03 04:22:57 | INFO    | resistancemap.agents.orchestrator |   protein_net: COMPLETED (hash=2b09c5a2...)
2026-05-03 04:22:57 | INFO    | resistancemap.agents.orchestrator | Orchestrator: Layer 6 (1 agents)
2026-05-03 04:22:57 | INFO    | resistancemap.agents.base | fusion: Starting execution
2026-05-03 04:22:57 | INFO    | resistancemap | >>> STAGE START: fusion_train
2026-05-03 04:22:57 | INFO    | resistancemap | Checkpoint loaded: checkpoints/data_ready.pt (saved 2026-05-03T09:02:39.856662+00:00)
2026-05-03 04:22:57 | INFO    | resistancemap | Checkpoint loaded: checkpoints/vae_finetuned.pt (saved 2026-05-03T09:03:57.785805+00:00)
2026-05-03 04:22:57 | INFO    | resistancemap | Checkpoint loaded: checkpoints/stability_calibrated.pt (saved 2026-05-03T09:06:13.685771+00:00)
2026-05-03 04:22:57 | INFO    | resistancemap | Checkpoint loaded: checkpoints/trajectory_forecaster_trained.pt (saved 2026-05-03T09:08:42.300247+00:00)
2026-05-03 04:22:57 | INFO    | resistancemap | Checkpoint loaded: checkpoints/protein_net_trained.pt (saved 2026-05-03T09:17:20.857513+00:00)
2026-05-03 04:22:58 | INFO    | resistancemap.models.trajectory | Initialized TrajectoryForecaster with latent_dim=64 (deterministic ODE mode)
2026-05-03 04:22:58 | INFO    | resistancemap.main | Pre-computing modality embeddings for fusion training...
2026-05-03 04:30:36 | INFO    | resistancemap.main | Embeddings: epi=torch.Size([886, 64]), traj_raw=torch.Size([886, 10]), pnet=torch.Size([886, 256]), stab=torch.Size([886, 1])
2026-05-03 04:30:36 | INFO    | resistancemap.models.fusion | Initialized CrossModalFusionNet: modalities=['epigenetic', 'trajectory', 'protein_network', 'stability'], hidden_dim=128, output_dim=128
2026-05-03 04:30:36 | INFO    | resistancemap | Checkpoint saved: checkpoints/fusion_trained.pt
2026-05-03 04:30:36 | INFO    | resistancemap | Checkpoint saved: checkpoints/fusion_trained.pt
2026-05-03 04:30:36 | INFO    | resistancemap | Checkpoint saved: checkpoints/fusion_trained.pt
2026-05-03 04:30:36 | INFO    | resistancemap | Checkpoint saved: checkpoints/fusion_trained.pt
2026-05-03 04:30:38 | INFO    | resistancemap.main | [fusion] Early stopping at epoch 19
2026-05-03 04:30:38 | INFO    | resistancemap | <<< STAGE END: fusion_train (7.7 min) | fusion_val_loss=1.6302
2026-05-03 04:30:38 | INFO    | resistancemap | Checkpoint loaded: checkpoints/fusion_trained.pt (saved 2026-05-03T09:30:36.572917+00:00)
2026-05-03 04:30:38 | INFO    | resistancemap.agents.base | fusion: Execution complete (status=completed)
2026-05-03 04:30:38 | INFO    | resistancemap.agents.orchestrator |   fusion: COMPLETED (hash=ca37154c...)
2026-05-03 04:30:38 | INFO    | resistancemap.agents.orchestrator | Orchestrator: Layer 7 (1 agents)
2026-05-03 04:30:38 | INFO    | resistancemap.agents.base | landscape: Starting execution
2026-05-03 04:30:38 | INFO    | resistancemap | >>> STAGE START: landscape_train
2026-05-03 04:30:38 | INFO    | resistancemap | Checkpoint loaded: checkpoints/data_ready.pt (saved 2026-05-03T09:02:39.856662+00:00)
2026-05-03 04:30:38 | INFO    | resistancemap | Checkpoint loaded: checkpoints/fusion_trained.pt (saved 2026-05-03T09:30:36.572917+00:00)
2026-05-03 04:30:38 | INFO    | resistancemap.models.fusion | Initialized CrossModalFusionNet: modalities=['epigenetic', 'trajectory', 'protein_network', 'stability'], hidden_dim=128, output_dim=128
2026-05-03 04:30:38 | INFO    | resistancemap.main | Computing fused representations for landscape training...
2026-05-03 04:30:40 | INFO    | resistancemap.main | Fused representations: torch.Size([886, 128])
2026-05-03 04:30:40 | INFO    | resistancemap | Checkpoint saved: checkpoints/landscape_trained.pt
2026-05-03 04:30:40 | INFO    | resistancemap | Checkpoint saved: checkpoints/landscape_trained.pt
2026-05-03 04:30:40 | INFO    | resistancemap | Checkpoint saved: checkpoints/landscape_trained.pt
2026-05-03 04:30:40 | INFO    | resistancemap | Checkpoint saved: checkpoints/landscape_trained.pt
2026-05-03 04:30:40 | INFO    | resistancemap | Checkpoint saved: checkpoints/landscape_trained.pt
2026-05-03 04:30:40 | INFO    | resistancemap | Checkpoint saved: checkpoints/landscape_trained.pt
2026-05-03 04:30:40 | INFO    | resistancemap | Checkpoint saved: checkpoints/landscape_trained.pt
2026-05-03 04:30:40 | INFO    | resistancemap | Checkpoint saved: checkpoints/landscape_trained.pt
2026-05-03 04:30:40 | INFO    | resistancemap | Checkpoint saved: checkpoints/landscape_trained.pt
2026-05-03 04:30:40 | INFO    | resistancemap | Checkpoint saved: checkpoints/landscape_trained.pt
2026-05-03 04:30:41 | INFO    | resistancemap.main | [landscape] Epoch 20/100 train=0.9231 val=1.6763
2026-05-03 04:30:41 | INFO    | resistancemap.main | [landscape] Early stopping at epoch 26
2026-05-03 04:30:41 | INFO    | resistancemap | <<< STAGE END: landscape_train (0.0 min) | landscape_val_loss=1.6327
2026-05-03 04:30:41 | INFO    | resistancemap | Checkpoint loaded: checkpoints/landscape_trained.pt (saved 2026-05-03T09:30:40.687492+00:00)
2026-05-03 04:30:41 | INFO    | resistancemap.agents.base | landscape: Execution complete (status=completed)
2026-05-03 04:30:41 | INFO    | resistancemap.agents.orchestrator |   landscape: COMPLETED (hash=9a467a18...)
2026-05-03 04:30:41 | INFO    | resistancemap.agents.orchestrator | Orchestrator: Layer 8 (1 agents)
2026-05-03 04:30:41 | INFO    | resistancemap.agents.base | validation: Starting execution
2026-05-03 04:30:41 | INFO    | resistancemap | >>> STAGE START: validate
2026-05-03 04:30:41 | INFO    | resistancemap | Checkpoint loaded: checkpoints/data_ready.pt (saved 2026-05-03T09:02:39.856662+00:00)
2026-05-03 04:30:41 | INFO    | resistancemap | Checkpoint loaded: checkpoints/fusion_trained.pt (saved 2026-05-03T09:30:36.572917+00:00)
2026-05-03 04:30:41 | INFO    | resistancemap | Checkpoint loaded: checkpoints/landscape_trained.pt (saved 2026-05-03T09:30:40.687492+00:00)
2026-05-03 04:30:41 | INFO    | resistancemap.models.fusion | Initialized CrossModalFusionNet: modalities=['epigenetic', 'trajectory', 'protein_network', 'stability'], hidden_dim=128, output_dim=128
2026-05-03 04:30:41 | INFO    | resistancemap.main | Per-drug metrics CSV: logs/per_drug_metrics.csv
2026-05-03 04:30:41 | INFO    | resistancemap | Checkpoint saved: checkpoints/pipeline_validated.pt
2026-05-03 04:31:58 | INFO    | resistancemap.main | Baselines: 11 models compared; best=ResistanceMap (10-agent DAG) (1.0843); ResistanceMap rank=1/11
2026-05-03 04:31:58 | INFO    | resistancemap.main | Actionability: 2/11 drugs actionable for screening (0 well-calibrated). Failures: ['Bortezomib', 'Cyclophosphamide', 'Dinaciclib', 'Lenalidomide', 'Palbociclib', 'Panobinostat', 'Romidepsin', 'Venetoclax', 'Vorinostat']
2026-05-03 04:31:58 | INFO    | resistancemap.main | Validation: test_mse=1.0843 on 132 samples (11 drugs)
2026-05-03 04:31:58 | INFO    | resistancemap | Checkpoint saved: checkpoints/pipeline_validated.pt
2026-05-03 04:31:58 | INFO    | resistancemap | <<< STAGE END: validate (1.3 min) | test_mse=1.0843 n_test_samples=132 n_drugs=11 split=test per_drug_metrics=[{'drug': 'Bortezomib', 'n_obs': 75, 'mse': 0.5907223224639893, 'mae': 0.5886201858520508, 'spearman': -0.02463726884779516, 'reliable': True, 'drug_class': 'Proteasome', 'actionable_for_screening': False, 'well_calibrated': False, 'failure_mode': True}, {'drug': 'Cyclophosphamide', 'n_obs': 16, 'mse': 0.9502571225166321, 'mae': 0.8744008541107178, 'spearman': 0.29411764705882354, 'reliable': True, 'drug_class': 'DNA-damage', 'actionable_for_screening': False, 'well_calibrated': False, 'failure_mode': True}, {'drug': 'Dinaciclib', 'n_obs': 76, 'mse': 0.6364671587944031, 'mae': 0.6229546666145325, 'spearman': 0.22310321257689678, 'reliable': True, 'drug_class': 'CDK', 'actionable_for_screening': False, 'well_calibrated': False, 'failure_mode': True}, {'drug': 'Doxorubicin', 'n_obs': 73, 'mse': 1.3675494194030762, 'mae': 0.7693504691123962, 'spearman': 0.3315747254103419, 'reliable': True, 'drug_class': 'DNA-damage', 'actionable_for_screening': True, 'well_calibrated': False, 'failure_mode': False}, {'drug': 'Etoposide', 'n_obs': 59, 'mse': 1.6895395517349243, 'mae': 0.6745531558990479, 'spearman': 0.2640561075394507, 'reliable': True, 'drug_class': 'DNA-damage', 'actionable_for_screening': True, 'well_calibrated': False, 'failure_mode': False}, {'drug': 'Lenalidomide', 'n_obs': 52, 'mse': 0.9905233383178711, 'mae': 0.8515093326568604, 'spearman': 0.03619909502262443, 'reliable': True, 'drug_class': 'IMiD', 'actionable_for_screening': False, 'well_calibrated': False, 'failure_mode': True}, {'drug': 'Palbociclib', 'n_obs': 29, 'mse': 1.1954597234725952, 'mae': 0.7816545963287354, 'spearman': -0.04039408866995073, 'reliable': True, 'drug_class': 'CDK', 'actionable_for_screening': False, 'well_calibrated': False, 'failure_mode': True}, {'drug': 'Panobinostat', 'n_obs': 75, 'mse': 0.8856221437454224, 'mae': 0.4798336923122406, 'spearman': 0.025576102418207677, 'reliable': True, 'drug_class': 'HDAC', 'actionable_for_screening': False, 'well_calibrated': False, 'failure_mode': True}, {'drug': 'Romidepsin', 'n_obs': 73, 'mse': 1.6528149843215942, 'mae': 0.7396979928016663, 'spearman': 0.15555966925829942, 'reliable': True, 'drug_class': 'HDAC', 'actionable_for_screening': False, 'well_calibrated': False, 'failure_mode': True}, {'drug': 'Venetoclax', 'n_obs': 17, 'mse': 0.7741847038269043, 'mae': 0.7687113285064697, 'spearman': -0.029411764705882353, 'reliable': True, 'drug_class': 'BCL2', 'actionable_for_screening': False, 'well_calibrated': False, 'failure_mode': True}, {'drug': 'Vorinostat', 'n_obs': 68, 'mse': 1.042338490486145, 'mae': 0.7012981176376343, 'spearman': 0.060388594113829824, 'reliable': True, 'drug_class': 'HDAC', 'actionable_for_screening': False, 'well_calibrated': False, 'failure_mode': True}] baseline_summary={'n_models': 11, 'best_model': 'ResistanceMap (10-agent DAG)', 'best_test_mse': 1.0843174457550049, 'resistancemap_rank': 1, 'comparison_path': '/home/aj0486@students.ad.unt.edu/pipeline3/ResistanceMap/paper/tables/baseline_comparison.json'} actionability_summary={'n_drugs_total': 11, 'n_actionable_for_screening': 2, 'n_well_calibrated': 0, 'n_failure_modes': 9, 'actionable_drugs': ['Doxorubicin', 'Etoposide'], 'well_calibrated_drugs': [], 'failure_drugs': ['Bortezomib', 'Cyclophosphamide', 'Dinaciclib', 'Lenalidomide', 'Palbociclib', 'Panobinostat', 'Romidepsin', 'Venetoclax', 'Vorinostat'], 'by_class': {'Proteasome': {'n_drugs': 1, 'mean_mse': 0.5907223224639893, 'mean_spearman': -0.02463726884779516, 'n_actionable': 0, 'drugs': ['Bortezomib']}, 'DNA-damage': {'n_drugs': 3, 'mean_mse': 1.335782031218211, 'mean_spearman': 0.2965828266695387, 'n_actionable': 2, 'drugs': ['Cyclophosphamide', 'Doxorubicin', 'Etoposide']}, 'CDK': {'n_drugs': 2, 'mean_mse': 0.9159634411334991, 'mean_spearman': 0.09135456195347302, 'n_actionable': 0, 'drugs': ['Dinaciclib', 'Palbociclib']}, 'IMiD': {'n_drugs': 1, 'mean_mse': 0.9905233383178711, 'mean_spearman': 0.03619909502262443, 'n_actionable': 0, 'drugs': ['Lenalidomide']}, 'HDAC': {'n_drugs': 3, 'mean_mse': 1.193591872851054, 'mean_spearman': 0.08050812193011231, 'n_actionable': 0, 'drugs': ['Panobinostat', 'Romidepsin', 'Vorinostat']}, 'BCL2': {'n_drugs': 1, 'mean_mse': 0.7741847038269043, 'mean_spearman': -0.029411764705882353, 'n_actionable': 0, 'drugs': ['Venetoclax']}}, 'thresholds': {'actionable_min_spearman': 0.25, 'actionable_min_n_obs': 30, 'well_calibrated_max_mse': 1.0}, 'interpretation': "ResistanceMap rank-prioritizes compounds for 2/11 drugs (18%). 0/11 are also well-calibrated for absolute IC50 prediction. Known failure modes: ['Bortezomib', 'Cyclophosphamide', 'Dinaciclib', 'Lenalidomide', 'Palbociclib', 'Panobinostat', 'Romidepsin', 'Venetoclax', 'Vorinostat']."}
2026-05-03 04:31:59 | INFO    | resistancemap | Checkpoint loaded: checkpoints/pipeline_validated.pt (saved 2026-05-03T09:31:58.985711+00:00)
2026-05-03 04:31:59 | INFO    | resistancemap.agents.base | validation: Execution complete (status=completed)
2026-05-03 04:31:59 | INFO    | resistancemap.agents.orchestrator |   validation: COMPLETED (hash=b92fb84a...)
2026-05-03 04:31:59 | INFO    | resistancemap.agents.orchestrator | Orchestrator: Execution complete in 1837.7s. Completed: 10/10
2026-05-03 04:31:59 | INFO    | resistancemap.main | ========================================================================
2026-05-03 04:31:59 | INFO    | resistancemap.main | PIPELINE COMPLETE
2026-05-03 04:31:59 | INFO    | resistancemap.main |   Total time: 1837.8s
2026-05-03 04:31:59 | INFO    | resistancemap.main |   Agents completed: 10/10
2026-05-03 04:31:59 | INFO    | resistancemap.main |   Verification chain: 10 hashes
2026-05-03 04:31:59 | INFO    | resistancemap.main | ========================================================================
2026-05-03 04:31:59 | INFO    | resistancemap.main | AgentOps dashboard exported: logs/agentops_dashboard.json
2026-05-03 04:31:59 | INFO    | resistancemap.main | Starting ResistanceMap evaluation governance run
2026-05-03 04:31:59 | INFO    | resistancemap.evaluation.orchestrator | EvalOrchestrator: tier A (3 agents)
2026-05-03 04:31:59 | INFO    | resistancemap.agents.base | eval_data_adequacy: Starting execution
2026-05-03 04:31:59 | INFO    | resistancemap.agents.base | eval_data_adequacy: Execution complete (status=completed)
2026-05-03 04:31:59 | INFO    | resistancemap.agents.base | eval_measurement_integration: Starting execution
2026-05-03 04:32:09 | INFO    | resistancemap.agents.base | eval_measurement_integration: Execution complete (status=completed)
2026-05-03 04:32:09 | INFO    | resistancemap.agents.base | eval_bias_fairness_shift: Starting execution
2026-05-03 04:32:09 | INFO    | resistancemap.agents.base | eval_bias_fairness_shift: Execution complete (status=completed)
2026-05-03 04:32:09 | INFO    | resistancemap.evaluation.orchestrator | EvalOrchestrator: eval_data_adequacy -> conditional (score=0.214, hash=f0ad72f1)
2026-05-03 04:32:09 | INFO    | resistancemap.evaluation.orchestrator | EvalOrchestrator: eval_measurement_integration -> conditional (score=0.000, hash=f6d43a75)
2026-05-03 04:32:09 | INFO    | resistancemap.evaluation.orchestrator | EvalOrchestrator: eval_bias_fairness_shift -> skipped (score=0.000, hash=864ce7e4)
2026-05-03 04:32:09 | INFO    | resistancemap.evaluation.orchestrator | EvalOrchestrator: tier B (3 agents)
2026-05-03 04:32:09 | INFO    | resistancemap.agents.base | architecture_auditor: Starting execution
2026-05-03 04:32:09 | INFO    | resistancemap.evaluation.tier_b.architecture_auditor | ArchitectureAuditorAgent: starting structured audit
2026-05-03 04:32:09 | INFO    | resistancemap.evaluation.tier_b.architecture_auditor | ArchitectureAuditorAgent: verdict=EvalVerdict.FAIL score=0.00 modules=4
2026-05-03 04:32:09 | INFO    | resistancemap.agents.base | architecture_auditor: Execution complete (status=completed)
2026-05-03 04:32:09 | INFO    | resistancemap.agents.base | cell_state_trajectory: Starting execution
2026-05-03 04:32:09 | INFO    | resistancemap.evaluation.tier_b.cell_state_specialist | CellStateTrajectoryAgent: starting biological-coherence audit
2026-05-03 04:32:09 | WARNING | resistancemap.evaluation.tier_b.cell_state_specialist | CellStateTrajectoryAgent: SKIPPED -- Required upstream artefacts are missing from intake: ['vae_latents', 'cell_metadata', 'state_assignments', 'program_scores']. This agent does NOT fabricate latents or state assignments; rerun the VAE + trajectory stages and re-supply.
2026-05-03 04:32:09 | INFO    | resistancemap.agents.base | cell_state_trajectory: Execution complete (status=completed)
2026-05-03 04:32:09 | INFO    | resistancemap.agents.base | pathway_ppi_reasoning: Starting execution
2026-05-03 04:32:09 | INFO    | resistancemap.evaluation.tier_b.pathway_ppi | PathwayPPIReasoningAgent: starting pathway grounding audit (ppi_proteins=7853, ppi_confidence=0.70)
2026-05-03 04:32:09 | WARNING | resistancemap.evaluation.tier_b.pathway_ppi | PathwayPPIReasoningAgent: SKIPPED -- Required upstream artefacts missing: ['ppi_edges', 'attribute_fn', 'baseline_attribution', 'alternative_attribution', 'heldout_pathway_ids', 'heldout_predictions', 'heldout_model_fn']. This agent does NOT fabricate PPI edges, attributions, or heldout sets; rerun the protein-net stage and re-supply.
2026-05-03 04:32:09 | INFO    | resistancemap.agents.base | pathway_ppi_reasoning: Execution complete (status=completed)
2026-05-03 04:32:09 | INFO    | resistancemap.evaluation.orchestrator | EvalOrchestrator: architecture_auditor -> fail (score=0.000, hash=5236d434)
2026-05-03 04:32:09 | INFO    | resistancemap.evaluation.orchestrator | EvalOrchestrator: cell_state_trajectory -> skipped (score=0.000, hash=52343866)
2026-05-03 04:32:09 | INFO    | resistancemap.evaluation.orchestrator | EvalOrchestrator: pathway_ppi_reasoning -> skipped (score=0.000, hash=aaf9a2ca)
2026-05-03 04:32:09 | INFO    | resistancemap.evaluation.orchestrator | EvalOrchestrator: tier C (3 agents)
2026-05-03 04:32:09 | INFO    | resistancemap.agents.base | forecasting_uncertainty_agent: Starting execution
2026-05-03 04:32:09 | INFO    | resistancemap.evaluation.tier_c.forecasting_uncertainty | ForecastingUncertaintyAgent: no prediction tensors in intake; emitting SKIP verdict.
2026-05-03 04:32:09 | INFO    | resistancemap.agents.base | forecasting_uncertainty_agent: Execution complete (status=completed)
2026-05-03 04:32:09 | INFO    | resistancemap.agents.base | baseline_adversary_agent: Starting execution
2026-05-03 04:32:09 | INFO    | resistancemap.agents.base | baseline_adversary_agent: Execution complete (status=completed)
2026-05-03 04:32:09 | INFO    | resistancemap.agents.base | clinical_translation_safety_agent: Starting execution
2026-05-03 04:32:09 | INFO    | resistancemap.agents.base | clinical_translation_safety_agent: Execution complete (status=completed)
2026-05-03 04:32:09 | INFO    | resistancemap.evaluation.orchestrator | EvalOrchestrator: forecasting_uncertainty_agent -> skipped (score=0.000, hash=caa7571c)
2026-05-03 04:32:09 | INFO    | resistancemap.evaluation.orchestrator | EvalOrchestrator: baseline_adversary_agent -> skipped (score=0.000, hash=32700af2)
2026-05-03 04:32:09 | INFO    | resistancemap.evaluation.orchestrator | EvalOrchestrator: clinical_translation_safety_agent -> fail (score=0.000, hash=4d1b1265)
2026-05-03 04:32:09 | INFO    | resistancemap.evaluation.orchestrator | EvalOrchestrator: tier D (1 agents)
2026-05-03 04:32:09 | INFO    | resistancemap.agents.base | principal_integrator_agent: Starting execution
2026-05-03 04:32:09 | INFO    | resistancemap.agents.base | principal_integrator_agent: Execution complete (status=completed)
2026-05-03 04:32:09 | INFO    | resistancemap.evaluation.orchestrator | EvalOrchestrator: principal_integrator_agent -> conditional (score=0.333, hash=037e78cb)
2026-05-03 04:32:09 | INFO    | resistancemap.evaluation.orchestrator | EvalOrchestrator: wrote audit trail to logs/evaluation/20260503T093159Z
2026-05-03 04:49:49 | INFO    | resistancemap | Logging to logs/pipeline.log
2026-05-03 04:49:49 | WARNING | resistancemap | W&B init failed (continuing without): No API key configured. Use `wandb login` to log in.
2026-05-03 04:49:49 | INFO    | resistancemap.main | AgentOps initialized: Tracer + Evaluator + Optimizer
2026-05-03 04:49:49 | INFO    | resistancemap.main | Zero-trust verification active: 8 guardrails loaded
2026-05-03 04:49:49 | INFO    | resistancemap.main | Agentic pipeline: 10 agents in 9 parallel layers
2026-05-03 04:49:49 | INFO    | resistancemap.main |   Layer 0: ['data_validation']
2026-05-03 04:49:49 | INFO    | resistancemap.main |   Layer 1: ['data_prep']
2026-05-03 04:49:49 | INFO    | resistancemap.main |   Layer 2: ['vae_pretrain', 'esm2_embed']
2026-05-03 04:49:49 | INFO    | resistancemap.main |   Layer 3: ['vae_finetune']
2026-05-03 04:49:49 | INFO    | resistancemap.main |   Layer 4: ['trajectory']
2026-05-03 04:49:49 | INFO    | resistancemap.main |   Layer 5: ['protein_net']
2026-05-03 04:49:49 | INFO    | resistancemap.main |   Layer 6: ['fusion']
2026-05-03 04:49:49 | INFO    | resistancemap.main |   Layer 7: ['landscape']
2026-05-03 04:49:49 | INFO    | resistancemap.main |   Layer 8: ['validation']
2026-05-03 04:49:49 | INFO    | resistancemap.main | Data quality profiler ready (SOTA benchmarks loaded)
2026-05-03 04:49:49 | INFO    | resistancemap.main | Latent compute scheduler: GPU budget=24GB, max_concurrent=2
2026-05-03 04:49:49 | INFO    | resistancemap.main | ========================================================================
2026-05-03 04:49:49 | INFO    | resistancemap.main | EXECUTING AGENTIC PIPELINE
2026-05-03 04:49:49 | INFO    | resistancemap.main | ========================================================================
2026-05-03 04:49:49 | INFO    | resistancemap.agents.orchestrator | Orchestrator: Starting execution of 10 agents in 9 layers
2026-05-03 04:49:49 | INFO    | resistancemap.agents.orchestrator | Orchestrator: trace_id=0929c16d-436c-4e11-99cd-f3d9dd890684
2026-05-03 04:49:49 | INFO    | resistancemap.agents.orchestrator | Orchestrator: Layer 0 (1 agents)
2026-05-03 04:49:49 | INFO    | resistancemap.agents.base | data_validation: Starting execution
2026-05-03 04:49:49 | INFO    | resistancemap | >>> STAGE START: data_validate
2026-05-03 04:49:49 | INFO    | resistancemap | <<< STAGE END: data_validate (0.0 min)
2026-05-03 04:49:49 | INFO    | resistancemap.agents.base | data_validation: Execution complete (status=completed)
2026-05-03 04:49:49 | INFO    | resistancemap.agents.orchestrator |   data_validation: COMPLETED (hash=c756ad01...)
2026-05-03 04:49:49 | INFO    | resistancemap.agents.orchestrator | Orchestrator: Layer 1 (1 agents)
2026-05-03 04:49:49 | INFO    | resistancemap.agents.base | data_prep: Starting execution
2026-05-03 04:49:49 | INFO    | resistancemap | >>> STAGE START: data_prep
2026-05-03 04:49:49 | INFO    | resistancemap.data.loaders | Loading CCLE proteomics from data/raw/ccle_proteomics.csv
2026-05-03 04:49:56 | INFO    | resistancemap.data.loaders | Loaded proteomics: 1393 cell lines, 19177 proteins
2026-05-03 04:49:56 | INFO    | resistancemap.data.loaders | After coverage filter (70%): 19177 proteins retained
2026-05-03 04:49:56 | INFO    | resistancemap.data.loaders | Stripped '(entrez_id)' decoration from 19177/19177 protein names
2026-05-03 04:49:56 | INFO    | resistancemap.data.loaders | Loading CCLE epigenomics from data/raw/ccle_epigenomics
2026-05-03 04:49:56 | INFO    | resistancemap.data.loaders |   chromatin_profiling: 897 lines, 42 features
2026-05-03 04:49:56 | INFO    | resistancemap.data.loaders | Loading STRING PPI network from data/raw/string_ppi.txt
2026-05-03 04:50:36 | INFO    | resistancemap.data.loaders |   STRING scores on 0-1000 scale — normalizing to 0-1
2026-05-03 04:50:36 | INFO    | resistancemap.data.loaders | PPI edges after confidence filter (>=0.7): 473860
2026-05-03 04:50:36 | INFO    | resistancemap.data.loaders |   Loaded STRING protein info from 9606.protein.info.v12.0.txt.gz: 19699 ENSP -> gene_symbol entries
2026-05-03 04:50:37 | INFO    | resistancemap.data.loaders | Translated STRING ENSP -> gene symbols: 473860/473860 edges retained after mapping
2026-05-03 04:50:37 | INFO    | resistancemap.data.loaders | Loading scRNA-seq from data/raw/gse124310.h5ad
2026-05-03 04:50:37 | INFO    | resistancemap.data.loaders | Loaded scRNA-seq: 27796 cells, 33694 genes
2026-05-03 04:50:37 | INFO    | resistancemap.data.loaders | Loaded scRNA-seq GSE124310: 27796 cells
2026-05-03 04:50:37 | INFO    | resistancemap.data.loaders | Loading scRNA-seq from data/raw/gse271107.h5ad
2026-05-03 04:50:39 | INFO    | resistancemap.data.loaders | Loaded scRNA-seq: 143748 cells, 36601 genes
2026-05-03 04:50:39 | INFO    | resistancemap.data.loaders | Loaded scRNA-seq GSE271107: 143748 cells
2026-05-03 04:50:39 | INFO    | resistancemap.data.loaders | MMRF CoMMpass directory not found at data/raw/mmrf_commpass (graceful degradation)
2026-05-03 04:50:39 | INFO    | resistancemap.data.loaders | Loading DepMap CRISPR gene-effect from data/raw/depmap/CRISPRGeneEffect.csv
2026-05-03 04:50:43 | INFO    | resistancemap.data.loaders |   CRISPR matrix: 1208 cell lines × 18531 genes
2026-05-03 04:50:43 | INFO    | resistancemap.data.loaders |   Stripped '(entrez_id)' decoration from 18531/18531 CRISPR genes
2026-05-03 04:50:43 | INFO    | resistancemap.data.preprocessors | Harmonizing multi-omics data
2026-05-03 04:50:43 | INFO    | resistancemap.data.preprocessors |   Additional scRNA-seq datasets: ['GSE124310', 'GSE271107']
2026-05-03 04:50:43 | INFO    | resistancemap.data.preprocessors |   DepMap CRISPR: 1208 cell lines × 18531 genes
2026-05-03 04:50:43 | INFO    | resistancemap.data.preprocessors |   ID mapping: 0 CCLEName → ModelID entries
2026-05-03 04:50:43 | INFO    | resistancemap.data.preprocessors | Cell lines in common across modalities: 886
2026-05-03 04:51:04 | INFO    | resistancemap.data.loaders | Loading drug sensitivity data
2026-05-03 04:51:05 | INFO    | resistancemap.data.loaders |   GDSC: 575197 records
2026-05-03 04:51:05 | INFO    | resistancemap.data.loaders |   GDSC: standardized columns
2026-05-03 04:51:05 | WARNING | resistancemap.data.loaders |   CTRPv2: not found at data/raw/ctrpv2_drug_sensitivity.csv, skipping
2026-05-03 04:51:07 | INFO    | resistancemap.data.loaders |   PRISM: 701004 records
2026-05-03 04:51:07 | INFO    | resistancemap.data.loaders |   PRISM: standardized columns
2026-05-03 04:51:08 | INFO    | resistancemap.data.loaders |   Sample-ID canonicalization via 'cell_line_name': 7485 already-DepMap rows + 11551/14179 newly mapped (2628 unmappable rows kept verbatim and will be filtered by the downstream reindex)
2026-05-03 04:51:08 | INFO    | resistancemap.data.loaders | Drug sensitivity matrix: 1183 samples × 11 drugs
2026-05-03 04:51:08 | INFO    | resistancemap.data.preprocessors | Drug-sensitivity targets z-scored: 11/11 drugs with usable variance
2026-05-03 04:51:08 | INFO    | resistancemap.data.preprocessors |   Lineage labels: 886/886 matched
2026-05-03 04:51:08 | INFO    | resistancemap.data.preprocessors | PPI-proteomics overlap: 15904 proteins
2026-05-03 04:51:08 | INFO    | resistancemap.data.preprocessors | scRNA pseudobulk attached: 51 (sample, stage) groups × 21934 shared genes (stages: ['HD', 'MGUS', 'MM', 'SMM'])
2026-05-03 04:51:08 | INFO    | resistancemap.data.preprocessors | CRISPR coverage: 629/886 common cell lines have a CRISPR screen
2026-05-03 04:51:08 | INFO    | resistancemap.data.preprocessors | MultiOmicsDataset: 886 samples, 19177 proteins, 42 epigenomic features, 473860 PPI edges
2026-05-03 04:51:08 | INFO    | resistancemap.data.preprocessors | Re-normalized drug targets using training statistics only
2026-05-03 04:51:08 | INFO    | resistancemap.data.preprocessors | Splits: train=622, val=132, test=132
2026-05-03 04:51:09 | INFO    | resistancemap | Checkpoint saved: checkpoints/data_ready.pt
2026-05-03 04:51:09 | INFO    | resistancemap | <<< STAGE END: data_prep (1.3 min)
2026-05-03 04:51:09 | INFO    | resistancemap | Checkpoint loaded: checkpoints/data_ready.pt (saved 2026-05-03T09:51:08.526758+00:00)
2026-05-03 04:51:09 | INFO    | resistancemap.agents.base | data_prep: Execution complete (status=completed)
2026-05-03 04:51:09 | INFO    | resistancemap.agents.orchestrator |   data_prep: COMPLETED (hash=6729f7bf...)
2026-05-03 04:51:09 | INFO    | resistancemap.agents.orchestrator | Orchestrator: Layer 2 (2 agents)
2026-05-03 04:51:09 | INFO    | resistancemap.agents.base | vae_pretrain: Starting execution
2026-05-03 04:51:09 | INFO    | resistancemap.agents.base | esm2_embed: Starting execution
2026-05-03 04:51:09 | INFO    | resistancemap | >>> STAGE START: esm2_embed
2026-05-03 04:51:09 | INFO    | resistancemap | >>> STAGE START: vae_pretrain
2026-05-03 04:51:09 | INFO    | resistancemap | Checkpoint loaded: checkpoints/data_ready.pt (saved 2026-05-03T09:51:08.526758+00:00)
2026-05-03 04:51:09 | INFO    | resistancemap | Checkpoint loaded: checkpoints/data_ready.pt (saved 2026-05-03T09:51:08.526758+00:00)
2026-05-03 04:51:09 | WARNING | resistancemap.agents.specialized | ESM-2 embed: 19177 proteins validated, but dataset.protein_sequences is empty. ProteinNetAgent will fall back to abundance/latent/stability features (no real ESM-2 forward pass). To enable, populate dataset.protein_sequences with FASTA sequences during data_prep.
2026-05-03 04:51:09 | INFO    | resistancemap | <<< STAGE END: esm2_embed (0.0 min) | n_proteins=19177 esm2_model=facebook/esm2_t33_650M_UR50D embedding_dim=1280 has_sequences=False embeddings_produced_here=False
2026-05-03 04:51:09 | INFO    | resistancemap.agents.base | esm2_embed: Execution complete (status=completed)
2026-05-03 04:51:17 | INFO    | resistancemap.models.vae | [vae_pretrained] Epoch 1/200 — train_loss=1.9597 val_loss=126.6838 recon=1.9597 kl=0.6816 kl_weight=0.0000
2026-05-03 04:51:17 | INFO    | resistancemap | Checkpoint saved: checkpoints/vae_pretrained.pt
2026-05-03 04:51:18 | INFO    | resistancemap.models.vae | [vae_pretrained] Epoch 2/200 — train_loss=1.7031 val_loss=220.2658 recon=1.6665 kl=0.9145 kl_weight=0.0400
2026-05-03 04:51:19 | INFO    | resistancemap.models.vae | [vae_pretrained] Epoch 3/200 — train_loss=1.6047 val_loss=1113.2966 recon=1.5212 kl=1.0446 kl_weight=0.0800
2026-05-03 04:51:19 | INFO    | resistancemap.models.vae | [vae_pretrained] Epoch 4/200 — train_loss=2.0588 val_loss=17656.9922 recon=1.5646 kl=4.1191 kl_weight=0.1200
2026-05-03 04:51:20 | INFO    | resistancemap.models.vae | [vae_pretrained] Epoch 5/200 — train_loss=1.7528 val_loss=64.1759 recon=1.5865 kl=1.0393 kl_weight=0.1600
2026-05-03 04:51:21 | INFO    | resistancemap | Checkpoint saved: checkpoints/vae_pretrained.pt
2026-05-03 04:51:21 | INFO    | resistancemap.models.vae | [vae_pretrained] Epoch 6/200 — train_loss=1.6804 val_loss=6.3550 recon=1.5048 kl=0.8780 kl_weight=0.2000
2026-05-03 04:51:22 | INFO    | resistancemap | Checkpoint saved: checkpoints/vae_pretrained.pt
2026-05-03 04:51:23 | INFO    | resistancemap.models.vae | [vae_pretrained] Epoch 7/200 — train_loss=1.5712 val_loss=3.9339 recon=1.3832 kl=0.7835 kl_weight=0.2400
2026-05-03 04:51:24 | INFO    | resistancemap | Checkpoint saved: checkpoints/vae_pretrained.pt
2026-05-03 04:51:24 | INFO    | resistancemap.models.vae | [vae_pretrained] Epoch 8/200 — train_loss=1.5359 val_loss=2.7862 recon=1.3352 kl=0.7167 kl_weight=0.2800
2026-05-03 04:51:25 | INFO    | resistancemap | Checkpoint saved: checkpoints/vae_pretrained.pt
2026-05-03 04:51:25 | INFO    | resistancemap.models.vae | [vae_pretrained] Epoch 9/200 — train_loss=1.4815 val_loss=2.2448 recon=1.2700 kl=0.6611 kl_weight=0.3200
2026-05-03 04:51:26 | INFO    | resistancemap | Checkpoint saved: checkpoints/vae_pretrained.pt
2026-05-03 04:51:27 | INFO    | resistancemap.models.vae | [vae_pretrained] Epoch 10/200 — train_loss=1.4205 val_loss=1.9637 recon=1.2008 kl=0.6102 kl_weight=0.3600
2026-05-03 04:51:28 | INFO    | resistancemap | Checkpoint saved: checkpoints/vae_pretrained.pt
2026-05-03 04:51:28 | INFO    | resistancemap.models.vae | [vae_pretrained] Epoch 11/200 — train_loss=1.3549 val_loss=1.7396 recon=1.1364 kl=0.5464 kl_weight=0.4000
2026-05-03 04:51:29 | INFO    | resistancemap | Checkpoint saved: checkpoints/vae_pretrained.pt
2026-05-03 04:51:30 | INFO    | resistancemap.models.vae | [vae_pretrained] Epoch 12/200 — train_loss=1.3693 val_loss=1.5805 recon=1.1403 kl=0.5203 kl_weight=0.4400
2026-05-03 04:51:31 | INFO    | resistancemap | Checkpoint saved: checkpoints/vae_pretrained.pt
2026-05-03 04:51:31 | INFO    | resistancemap.models.vae | [vae_pretrained] Epoch 13/200 — train_loss=1.3354 val_loss=1.5243 recon=1.0656 kl=0.5622 kl_weight=0.4800
2026-05-03 04:51:32 | INFO    | resistancemap | Checkpoint saved: checkpoints/vae_pretrained.pt
2026-05-03 04:51:32 | INFO    | resistancemap.models.vae | [vae_pretrained] Epoch 14/200 — train_loss=1.2901 val_loss=1.4322 recon=1.0510 kl=0.4597 kl_weight=0.5200
2026-05-03 04:51:33 | INFO    | resistancemap | Checkpoint saved: checkpoints/vae_pretrained.pt
2026-05-03 04:51:34 | INFO    | resistancemap.models.vae | [vae_pretrained] Epoch 15/200 — train_loss=1.2776 val_loss=1.3634 recon=1.0317 kl=0.4390 kl_weight=0.5600
2026-05-03 04:51:35 | INFO    | resistancemap | Checkpoint saved: checkpoints/vae_pretrained.pt
2026-05-03 04:51:35 | INFO    | resistancemap.models.vae | [vae_pretrained] Epoch 16/200 — train_loss=1.2246 val_loss=1.3201 recon=0.9621 kl=0.4375 kl_weight=0.6000
2026-05-03 04:51:36 | INFO    | resistancemap | Checkpoint saved: checkpoints/vae_pretrained.pt
2026-05-03 04:51:37 | INFO    | resistancemap.models.vae | [vae_pretrained] Epoch 17/200 — train_loss=1.2168 val_loss=1.3010 recon=0.9502 kl=0.4166 kl_weight=0.6400
2026-05-03 04:51:38 | INFO    | resistancemap | Checkpoint saved: checkpoints/vae_pretrained.pt
2026-05-03 04:51:38 | INFO    | resistancemap.models.vae | [vae_pretrained] Epoch 18/200 — train_loss=1.2036 val_loss=1.2704 recon=0.9280 kl=0.4052 kl_weight=0.6800
2026-05-03 04:51:39 | INFO    | resistancemap | Checkpoint saved: checkpoints/vae_pretrained.pt
2026-05-03 04:51:39 | INFO    | resistancemap.models.vae | [vae_pretrained] Epoch 19/200 — train_loss=1.1764 val_loss=1.2456 recon=0.8913 kl=0.3960 kl_weight=0.7200
2026-05-03 04:51:40 | INFO    | resistancemap | Checkpoint saved: checkpoints/vae_pretrained.pt
2026-05-03 04:51:41 | INFO    | resistancemap.models.vae | [vae_pretrained] Epoch 20/200 — train_loss=1.1519 val_loss=1.2264 recon=0.8598 kl=0.3843 kl_weight=0.7600
2026-05-03 04:51:42 | INFO    | resistancemap | Checkpoint saved: checkpoints/vae_pretrained.pt
2026-05-03 04:51:42 | INFO    | resistancemap.models.vae | [vae_pretrained] Epoch 21/200 — train_loss=1.1425 val_loss=1.2196 recon=0.8420 kl=0.3756 kl_weight=0.8000
2026-05-03 04:51:43 | INFO    | resistancemap | Checkpoint saved: checkpoints/vae_pretrained.pt
2026-05-03 04:51:44 | INFO    | resistancemap.models.vae | [vae_pretrained] Epoch 22/200 — train_loss=1.1414 val_loss=1.2082 recon=0.8435 kl=0.3547 kl_weight=0.8400
2026-05-03 04:51:44 | INFO    | resistancemap | Checkpoint saved: checkpoints/vae_pretrained.pt
2026-05-03 04:51:45 | INFO    | resistancemap.models.vae | [vae_pretrained] Epoch 23/200 — train_loss=1.1097 val_loss=1.1980 recon=0.7991 kl=0.3530 kl_weight=0.8800
2026-05-03 04:51:46 | INFO    | resistancemap | Checkpoint saved: checkpoints/vae_pretrained.pt
2026-05-03 04:51:46 | INFO    | resistancemap.models.vae | [vae_pretrained] Epoch 24/200 — train_loss=1.1097 val_loss=1.1696 recon=0.7906 kl=0.3469 kl_weight=0.9200
2026-05-03 04:51:47 | INFO    | resistancemap | Checkpoint saved: checkpoints/vae_pretrained.pt
2026-05-03 04:51:48 | INFO    | resistancemap.models.vae | [vae_pretrained] Epoch 25/200 — train_loss=1.1141 val_loss=1.1420 recon=0.7816 kl=0.3464 kl_weight=0.9600
2026-05-03 04:51:49 | INFO    | resistancemap | Checkpoint saved: checkpoints/vae_pretrained.pt
2026-05-03 04:51:49 | INFO    | resistancemap.models.vae | [vae_pretrained] Epoch 26/200 — train_loss=1.0792 val_loss=1.1117 recon=0.7716 kl=0.3076 kl_weight=1.0000
2026-05-03 04:51:50 | INFO    | resistancemap | Checkpoint saved: checkpoints/vae_pretrained.pt
2026-05-03 04:51:50 | INFO    | resistancemap.models.vae | [vae_pretrained] Epoch 27/200 — train_loss=1.0682 val_loss=1.0939 recon=0.7777 kl=0.2905 kl_weight=1.0000
2026-05-03 04:51:51 | INFO    | resistancemap | Checkpoint saved: checkpoints/vae_pretrained.pt
2026-05-03 04:51:52 | INFO    | resistancemap.models.vae | [vae_pretrained] Epoch 28/200 — train_loss=1.0272 val_loss=1.0853 recon=0.7492 kl=0.2780 kl_weight=1.0000
2026-05-03 04:51:53 | INFO    | resistancemap | Checkpoint saved: checkpoints/vae_pretrained.pt
2026-05-03 04:51:53 | INFO    | resistancemap.models.vae | [vae_pretrained] Epoch 29/200 — train_loss=1.0258 val_loss=1.0875 recon=0.7617 kl=0.2640 kl_weight=1.0000
2026-05-03 04:51:54 | INFO    | resistancemap.models.vae | [vae_pretrained] Epoch 30/200 — train_loss=0.9996 val_loss=1.0847 recon=0.7507 kl=0.2489 kl_weight=1.0000
2026-05-03 04:51:55 | INFO    | resistancemap | Checkpoint saved: checkpoints/vae_pretrained.pt
2026-05-03 04:51:55 | INFO    | resistancemap.models.vae | [vae_pretrained] Epoch 31/200 — train_loss=0.9827 val_loss=1.0793 recon=0.7383 kl=0.2444 kl_weight=1.0000
2026-05-03 04:51:56 | INFO    | resistancemap | Checkpoint saved: checkpoints/vae_pretrained.pt
2026-05-03 04:51:56 | INFO    | resistancemap.models.vae | [vae_pretrained] Epoch 32/200 — train_loss=0.9973 val_loss=1.0711 recon=0.7594 kl=0.2380 kl_weight=1.0000
2026-05-03 04:51:57 | INFO    | resistancemap | Checkpoint saved: checkpoints/vae_pretrained.pt
2026-05-03 04:51:58 | INFO    | resistancemap.models.vae | [vae_pretrained] Epoch 33/200 — train_loss=0.9582 val_loss=1.0584 recon=0.7218 kl=0.2364 kl_weight=1.0000
2026-05-03 04:51:59 | INFO    | resistancemap | Checkpoint saved: checkpoints/vae_pretrained.pt
2026-05-03 04:51:59 | INFO    | resistancemap.models.vae | [vae_pretrained] Epoch 34/200 — train_loss=0.9384 val_loss=1.0542 recon=0.7037 kl=0.2348 kl_weight=1.0000
2026-05-03 04:52:00 | INFO    | resistancemap | Checkpoint saved: checkpoints/vae_pretrained.pt
2026-05-03 04:52:01 | INFO    | resistancemap.models.vae | [vae_pretrained] Epoch 35/200 — train_loss=0.9237 val_loss=1.0444 recon=0.6944 kl=0.2293 kl_weight=1.0000
2026-05-03 04:52:02 | INFO    | resistancemap | Checkpoint saved: checkpoints/vae_pretrained.pt
2026-05-03 04:52:02 | INFO    | resistancemap.models.vae | [vae_pretrained] Epoch 36/200 — train_loss=0.9293 val_loss=1.0370 recon=0.7028 kl=0.2265 kl_weight=1.0000
2026-05-03 04:52:03 | INFO    | resistancemap | Checkpoint saved: checkpoints/vae_pretrained.pt
2026-05-03 04:52:03 | INFO    | resistancemap.models.vae | [vae_pretrained] Epoch 37/200 — train_loss=0.9136 val_loss=1.0257 recon=0.6901 kl=0.2235 kl_weight=1.0000
2026-05-03 04:52:04 | INFO    | resistancemap | Checkpoint saved: checkpoints/vae_pretrained.pt
2026-05-03 04:52:05 | INFO    | resistancemap.models.vae | [vae_pretrained] Epoch 38/200 — train_loss=0.8975 val_loss=1.0190 recon=0.6764 kl=0.2211 kl_weight=1.0000
2026-05-03 04:52:06 | INFO    | resistancemap | Checkpoint saved: checkpoints/vae_pretrained.pt
2026-05-03 04:52:06 | INFO    | resistancemap.models.vae | [vae_pretrained] Epoch 39/200 — train_loss=0.8879 val_loss=1.0188 recon=0.6702 kl=0.2177 kl_weight=1.0000
2026-05-03 04:52:07 | INFO    | resistancemap | Checkpoint saved: checkpoints/vae_pretrained.pt
2026-05-03 04:52:08 | INFO    | resistancemap.models.vae | [vae_pretrained] Epoch 40/200 — train_loss=0.8872 val_loss=1.0179 recon=0.6737 kl=0.2135 kl_weight=1.0000
2026-05-03 04:52:09 | INFO    | resistancemap | Checkpoint saved: checkpoints/vae_pretrained.pt
2026-05-03 04:52:09 | INFO    | resistancemap.models.vae | [vae_pretrained] Epoch 41/200 — train_loss=0.8976 val_loss=1.0151 recon=0.6827 kl=0.2149 kl_weight=1.0000
2026-05-03 04:52:10 | INFO    | resistancemap | Checkpoint saved: checkpoints/vae_pretrained.pt
2026-05-03 04:52:11 | INFO    | resistancemap.models.vae | [vae_pretrained] Epoch 42/200 — train_loss=0.8829 val_loss=1.0124 recon=0.6714 kl=0.2115 kl_weight=1.0000
2026-05-03 04:52:11 | INFO    | resistancemap | Checkpoint saved: checkpoints/vae_pretrained.pt
2026-05-03 04:52:12 | INFO    | resistancemap.models.vae | [vae_pretrained] Epoch 43/200 — train_loss=0.8639 val_loss=1.0078 recon=0.6617 kl=0.2022 kl_weight=1.0000
2026-05-03 04:52:13 | INFO    | resistancemap | Checkpoint saved: checkpoints/vae_pretrained.pt
2026-05-03 04:52:13 | INFO    | resistancemap.models.vae | [vae_pretrained] Epoch 44/200 — train_loss=0.8584 val_loss=1.0010 recon=0.6475 kl=0.2109 kl_weight=1.0000
2026-05-03 04:52:14 | INFO    | resistancemap | Checkpoint saved: checkpoints/vae_pretrained.pt
2026-05-03 04:52:15 | INFO    | resistancemap.models.vae | [vae_pretrained] Epoch 45/200 — train_loss=0.8521 val_loss=1.0023 recon=0.6524 kl=0.1997 kl_weight=1.0000
2026-05-03 04:52:15 | INFO    | resistancemap.models.vae | [vae_pretrained] Epoch 46/200 — train_loss=0.8460 val_loss=1.0094 recon=0.6417 kl=0.2044 kl_weight=1.0000
2026-05-03 04:52:16 | INFO    | resistancemap.models.vae | [vae_pretrained] Epoch 47/200 — train_loss=0.8363 val_loss=1.0176 recon=0.6295 kl=0.2069 kl_weight=1.0000
2026-05-03 04:52:16 | INFO    | resistancemap.models.vae | [vae_pretrained] Epoch 48/200 — train_loss=0.8336 val_loss=1.0175 recon=0.6370 kl=0.1967 kl_weight=1.0000
2026-05-03 04:52:17 | INFO    | resistancemap.models.vae | [vae_pretrained] Epoch 49/200 — train_loss=0.8306 val_loss=1.0145 recon=0.6324 kl=0.1981 kl_weight=1.0000
2026-05-03 04:52:17 | INFO    | resistancemap.models.vae | [vae_pretrained] Epoch 50/200 — train_loss=0.8245 val_loss=1.0099 recon=0.6274 kl=0.1971 kl_weight=1.0000
2026-05-03 04:52:17 | INFO    | resistancemap.models.vae | [vae_pretrained] Epoch 51/200 — train_loss=0.6112 val_loss=1.0154 recon=0.6112 kl=0.2060 kl_weight=0.0000
2026-05-03 04:52:18 | INFO    | resistancemap.models.vae | [vae_pretrained] Epoch 52/200 — train_loss=0.6131 val_loss=1.0239 recon=0.6048 kl=0.2077 kl_weight=0.0400
2026-05-03 04:52:18 | INFO    | resistancemap.models.vae | [vae_pretrained] Epoch 53/200 — train_loss=0.6173 val_loss=1.0320 recon=0.5987 kl=0.2334 kl_weight=0.0800
2026-05-03 04:52:19 | INFO    | resistancemap.models.vae | [vae_pretrained] Epoch 54/200 — train_loss=0.6204 val_loss=1.0354 recon=0.5892 kl=0.2598 kl_weight=0.1200
2026-05-03 04:52:19 | INFO    | resistancemap.models.vae | [vae_pretrained] Epoch 55/200 — train_loss=0.5996 val_loss=1.0402 recon=0.5508 kl=0.3049 kl_weight=0.1600
2026-05-03 04:52:20 | INFO    | resistancemap.models.vae | [vae_pretrained] Epoch 56/200 — train_loss=0.5976 val_loss=1.0509 recon=0.5284 kl=0.3459 kl_weight=0.2000
2026-05-03 04:52:20 | INFO    | resistancemap.models.vae | [vae_pretrained] Epoch 57/200 — train_loss=0.6047 val_loss=1.0638 recon=0.5123 kl=0.3852 kl_weight=0.2400
2026-05-03 04:52:21 | INFO    | resistancemap.models.vae | [vae_pretrained] Epoch 58/200 — train_loss=0.6096 val_loss=1.0791 recon=0.4880 kl=0.4342 kl_weight=0.2800
2026-05-03 04:52:21 | INFO    | resistancemap.models.vae | [vae_pretrained] Epoch 59/200 — train_loss=0.6342 val_loss=1.0943 recon=0.4822 kl=0.4752 kl_weight=0.3200
2026-05-03 04:52:21 | INFO    | resistancemap.models.vae | [vae_pretrained] Epoch 60/200 — train_loss=0.6461 val_loss=1.1060 recon=0.4688 kl=0.4926 kl_weight=0.3600
2026-05-03 04:52:22 | INFO    | resistancemap.models.vae | [vae_pretrained] Epoch 61/200 — train_loss=0.6651 val_loss=1.1156 recon=0.4619 kl=0.5080 kl_weight=0.4000
2026-05-03 04:52:22 | INFO    | resistancemap.models.vae | [vae_pretrained] Epoch 62/200 — train_loss=0.7020 val_loss=1.1129 recon=0.4860 kl=0.4909 kl_weight=0.4400
2026-05-03 04:52:23 | INFO    | resistancemap.models.vae | [vae_pretrained] Epoch 63/200 — train_loss=0.6862 val_loss=1.1042 recon=0.4617 kl=0.4677 kl_weight=0.4800
2026-05-03 04:52:23 | INFO    | resistancemap.models.vae | [vae_pretrained] Epoch 64/200 — train_loss=0.6950 val_loss=1.0941 recon=0.4646 kl=0.4432 kl_weight=0.5200
2026-05-03 04:52:23 | INFO    | resistancemap.models.vae | Early stopping at epoch 64
2026-05-03 04:52:23 | INFO    | resistancemap | <<< STAGE END: vae_pretrain (1.2 min) | best_val_loss=1.0010 final_epoch=64 total_steps=64
2026-05-03 04:52:24 | INFO    | resistancemap | Checkpoint loaded: checkpoints/vae_pretrained.pt (saved 2026-05-03T09:52:13.866038+00:00)
2026-05-03 04:52:24 | INFO    | resistancemap.agents.base | vae_pretrain: Execution complete (status=completed)
2026-05-03 04:52:24 | INFO    | resistancemap.agents.orchestrator |   vae_pretrain: COMPLETED (hash=96937bb0...)
2026-05-03 04:52:24 | INFO    | resistancemap.agents.orchestrator |   esm2_embed: COMPLETED (hash=19ae8665...)
2026-05-03 04:52:24 | INFO    | resistancemap.agents.orchestrator | Orchestrator: Layer 3 (1 agents)
2026-05-03 04:52:24 | INFO    | resistancemap.agents.base | vae_finetune: Starting execution
2026-05-03 04:52:24 | INFO    | resistancemap | >>> STAGE START: vae_finetune
2026-05-03 04:52:24 | INFO    | resistancemap | Checkpoint loaded: checkpoints/data_ready.pt (saved 2026-05-03T09:51:08.526758+00:00)
2026-05-03 04:52:24 | INFO    | resistancemap | Checkpoint loaded: checkpoints/vae_pretrained.pt (saved 2026-05-03T09:52:13.866038+00:00)
2026-05-03 04:52:29 | INFO    | resistancemap.models.vae | [vae_finetuned] Epoch 1/100 — train_loss=0.8777 val_loss=1.1957 recon=0.8777 kl=0.3706 kl_weight=0.0000
2026-05-03 04:52:30 | INFO    | resistancemap | Checkpoint saved: checkpoints/vae_finetuned.pt
2026-05-03 04:52:32 | INFO    | resistancemap.models.vae | [vae_finetuned] Epoch 2/100 — train_loss=0.7803 val_loss=1.2097 recon=0.7487 kl=0.3796 kl_weight=0.0833
2026-05-03 04:52:33 | INFO    | resistancemap.models.vae | [vae_finetuned] Epoch 3/100 — train_loss=0.7340 val_loss=1.2256 recon=0.6680 kl=0.3960 kl_weight=0.1667
2026-05-03 04:52:33 | INFO    | resistancemap.models.vae | [vae_finetuned] Epoch 4/100 — train_loss=0.7256 val_loss=1.2403 recon=0.6220 kl=0.4146 kl_weight=0.2500
2026-05-03 04:52:34 | INFO    | resistancemap.models.vae | [vae_finetuned] Epoch 5/100 — train_loss=0.7447 val_loss=1.2541 recon=0.6022 kl=0.4277 kl_weight=0.3333
2026-05-03 04:52:34 | INFO    | resistancemap.models.vae | [vae_finetuned] Epoch 6/100 — train_loss=0.7685 val_loss=1.2695 recon=0.5851 kl=0.4402 kl_weight=0.4167
2026-05-03 04:52:35 | INFO    | resistancemap.models.vae | [vae_finetuned] Epoch 7/100 — train_loss=0.7825 val_loss=1.2874 recon=0.5604 kl=0.4442 kl_weight=0.5000
2026-05-03 04:52:35 | INFO    | resistancemap.models.vae | [vae_finetuned] Epoch 8/100 — train_loss=0.8050 val_loss=1.3042 recon=0.5441 kl=0.4472 kl_weight=0.5833
2026-05-03 04:52:35 | INFO    | resistancemap.models.vae | [vae_finetuned] Epoch 9/100 — train_loss=0.8420 val_loss=1.3196 recon=0.5483 kl=0.4405 kl_weight=0.6667
2026-05-03 04:52:36 | INFO    | resistancemap.models.vae | [vae_finetuned] Epoch 10/100 — train_loss=0.8463 val_loss=1.3309 recon=0.5259 kl=0.4273 kl_weight=0.7500
2026-05-03 04:52:36 | INFO    | resistancemap.models.vae | [vae_finetuned] Epoch 11/100 — train_loss=0.8842 val_loss=1.3369 recon=0.5346 kl=0.4195 kl_weight=0.8333
2026-05-03 04:52:37 | INFO    | resistancemap.models.vae | [vae_finetuned] Epoch 12/100 — train_loss=0.8908 val_loss=1.3364 recon=0.5110 kl=0.4143 kl_weight=0.9167
2026-05-03 04:52:37 | INFO    | resistancemap.models.vae | [vae_finetuned] Epoch 13/100 — train_loss=0.9051 val_loss=1.3354 recon=0.5081 kl=0.3969 kl_weight=1.0000
2026-05-03 04:52:38 | INFO    | resistancemap.models.vae | [vae_finetuned] Epoch 14/100 — train_loss=0.9097 val_loss=1.3316 recon=0.5363 kl=0.3734 kl_weight=1.0000
2026-05-03 04:52:38 | INFO    | resistancemap.models.vae | [vae_finetuned] Epoch 15/100 — train_loss=0.8782 val_loss=1.3270 recon=0.5103 kl=0.3678 kl_weight=1.0000
2026-05-03 04:52:39 | INFO    | resistancemap.models.vae | [vae_finetuned] Epoch 16/100 — train_loss=0.8627 val_loss=1.3177 recon=0.5160 kl=0.3467 kl_weight=1.0000
2026-05-03 04:52:39 | INFO    | resistancemap.models.vae | [vae_finetuned] Epoch 17/100 — train_loss=0.8496 val_loss=1.3070 recon=0.5254 kl=0.3242 kl_weight=1.0000
2026-05-03 04:52:40 | INFO    | resistancemap.models.vae | [vae_finetuned] Epoch 18/100 — train_loss=0.8300 val_loss=1.3015 recon=0.5268 kl=0.3031 kl_weight=1.0000
2026-05-03 04:52:40 | INFO    | resistancemap.models.vae | [vae_finetuned] Epoch 19/100 — train_loss=0.7978 val_loss=1.2914 recon=0.5007 kl=0.2971 kl_weight=1.0000
2026-05-03 04:52:41 | INFO    | resistancemap.models.vae | [vae_finetuned] Epoch 20/100 — train_loss=0.8274 val_loss=1.2819 recon=0.5426 kl=0.2848 kl_weight=1.0000
2026-05-03 04:52:41 | INFO    | resistancemap.models.vae | [vae_finetuned] Epoch 21/100 — train_loss=0.8227 val_loss=1.2727 recon=0.5483 kl=0.2744 kl_weight=1.0000
2026-05-03 04:52:41 | INFO    | resistancemap.models.vae | Early stopping at epoch 21
2026-05-03 04:52:41 | INFO    | resistancemap | <<< STAGE END: vae_finetune (0.3 min) | best_val_loss=1.1957 final_epoch=21 total_steps=21
2026-05-03 04:52:42 | INFO    | resistancemap | Checkpoint loaded: checkpoints/vae_finetuned.pt (saved 2026-05-03T09:52:29.958869+00:00)
2026-05-03 04:52:42 | INFO    | resistancemap.agents.base | vae_finetune: Execution complete (status=completed)
2026-05-03 04:52:42 | INFO    | resistancemap.agents.orchestrator |   vae_finetune: COMPLETED (hash=717b5097...)
2026-05-03 04:52:42 | INFO    | resistancemap.agents.orchestrator | Orchestrator: Layer 4 (1 agents)
2026-05-03 04:52:42 | INFO    | resistancemap.agents.base | trajectory: Starting execution
2026-05-03 04:52:42 | INFO    | resistancemap | >>> STAGE START: trajectory_calibrate
2026-05-03 04:52:42 | INFO    | resistancemap | Checkpoint loaded: checkpoints/data_ready.pt (saved 2026-05-03T09:51:08.526758+00:00)
2026-05-03 04:52:42 | INFO    | resistancemap | Checkpoint loaded: checkpoints/vae_finetuned.pt (saved 2026-05-03T09:52:29.958869+00:00)
2026-05-03 04:52:43 | INFO    | resistancemap | Checkpoint saved: checkpoints/stability_calibrated.pt
2026-05-03 04:52:43 | INFO    | resistancemap | Checkpoint saved: checkpoints/stability_calibrated.pt
2026-05-03 04:52:44 | INFO    | resistancemap | Checkpoint saved: checkpoints/stability_calibrated.pt
2026-05-03 04:52:45 | INFO    | resistancemap | Checkpoint saved: checkpoints/stability_calibrated.pt
2026-05-03 04:52:49 | INFO    | resistancemap | Checkpoint saved: checkpoints/stability_calibrated.pt
2026-05-03 04:52:49 | INFO    | resistancemap | Checkpoint saved: checkpoints/stability_calibrated.pt
2026-05-03 04:52:50 | INFO    | resistancemap | Checkpoint saved: checkpoints/stability_calibrated.pt
2026-05-03 04:52:51 | INFO    | resistancemap | Checkpoint saved: checkpoints/stability_calibrated.pt
2026-05-03 04:52:52 | INFO    | resistancemap | Checkpoint saved: checkpoints/stability_calibrated.pt
2026-05-03 04:52:53 | INFO    | resistancemap | Checkpoint saved: checkpoints/stability_calibrated.pt
2026-05-03 04:52:54 | INFO    | resistancemap | Checkpoint saved: checkpoints/stability_calibrated.pt
2026-05-03 04:52:54 | INFO    | resistancemap | Checkpoint saved: checkpoints/stability_calibrated.pt
2026-05-03 04:52:56 | INFO    | resistancemap | Checkpoint saved: checkpoints/stability_calibrated.pt
2026-05-03 04:52:56 | INFO    | resistancemap | Checkpoint saved: checkpoints/stability_calibrated.pt
2026-05-03 04:52:57 | INFO    | resistancemap | Checkpoint saved: checkpoints/stability_calibrated.pt
2026-05-03 04:52:57 | INFO    | resistancemap | Checkpoint saved: checkpoints/stability_calibrated.pt
2026-05-03 04:52:58 | INFO    | resistancemap | Checkpoint saved: checkpoints/stability_calibrated.pt
2026-05-03 04:52:59 | INFO    | resistancemap | Checkpoint saved: checkpoints/stability_calibrated.pt
2026-05-03 04:53:00 | INFO    | resistancemap | Checkpoint saved: checkpoints/stability_calibrated.pt
2026-05-03 04:53:01 | INFO    | resistancemap | Checkpoint saved: checkpoints/stability_calibrated.pt
2026-05-03 04:53:03 | INFO    | resistancemap | Checkpoint saved: checkpoints/stability_calibrated.pt
2026-05-03 04:53:04 | INFO    | resistancemap | Checkpoint saved: checkpoints/stability_calibrated.pt
2026-05-03 04:53:05 | INFO    | resistancemap | Checkpoint saved: checkpoints/stability_calibrated.pt
2026-05-03 04:53:05 | INFO    | resistancemap | Checkpoint saved: checkpoints/stability_calibrated.pt
2026-05-03 04:53:06 | INFO    | resistancemap | Checkpoint saved: checkpoints/stability_calibrated.pt
2026-05-03 04:53:07 | INFO    | resistancemap | Checkpoint saved: checkpoints/stability_calibrated.pt
2026-05-03 04:53:08 | INFO    | resistancemap | Checkpoint saved: checkpoints/stability_calibrated.pt
2026-05-03 04:53:09 | INFO    | resistancemap | Checkpoint saved: checkpoints/stability_calibrated.pt
2026-05-03 04:53:09 | INFO    | resistancemap.models.trajectory | [stability_calibrate] Epoch 50/500 loss=0.2563 basin_center=1.4789 basin_scale=1.5142
2026-05-03 04:53:09 | INFO    | resistancemap | Checkpoint saved: checkpoints/stability_calibrated.pt
2026-05-03 04:53:10 | INFO    | resistancemap | Checkpoint saved: checkpoints/stability_calibrated.pt
2026-05-03 04:53:11 | INFO    | resistancemap | Checkpoint saved: checkpoints/stability_calibrated.pt
2026-05-03 04:53:12 | INFO    | resistancemap | Checkpoint saved: checkpoints/stability_calibrated.pt
2026-05-03 04:53:12 | INFO    | resistancemap | Checkpoint saved: checkpoints/stability_calibrated.pt
2026-05-03 04:53:13 | INFO    | resistancemap | Checkpoint saved: checkpoints/stability_calibrated.pt
2026-05-03 04:53:14 | INFO    | resistancemap | Checkpoint saved: checkpoints/stability_calibrated.pt
2026-05-03 04:53:15 | INFO    | resistancemap | Checkpoint saved: checkpoints/stability_calibrated.pt
2026-05-03 04:53:16 | INFO    | resistancemap | Checkpoint saved: checkpoints/stability_calibrated.pt
2026-05-03 04:53:17 | INFO    | resistancemap | Checkpoint saved: checkpoints/stability_calibrated.pt
2026-05-03 04:53:17 | INFO    | resistancemap | Checkpoint saved: checkpoints/stability_calibrated.pt
2026-05-03 04:53:18 | INFO    | resistancemap | Checkpoint saved: checkpoints/stability_calibrated.pt
2026-05-03 04:53:19 | INFO    | resistancemap | Checkpoint saved: checkpoints/stability_calibrated.pt
2026-05-03 04:53:20 | INFO    | resistancemap | Checkpoint saved: checkpoints/stability_calibrated.pt
2026-05-03 04:53:21 | INFO    | resistancemap | Checkpoint saved: checkpoints/stability_calibrated.pt
2026-05-03 04:53:21 | INFO    | resistancemap | Checkpoint saved: checkpoints/stability_calibrated.pt
2026-05-03 04:53:22 | INFO    | resistancemap | Checkpoint saved: checkpoints/stability_calibrated.pt
2026-05-03 04:53:24 | INFO    | resistancemap | Checkpoint saved: checkpoints/stability_calibrated.pt
2026-05-03 04:53:26 | INFO    | resistancemap | Checkpoint saved: checkpoints/stability_calibrated.pt
2026-05-03 04:53:27 | INFO    | resistancemap | Checkpoint saved: checkpoints/stability_calibrated.pt
2026-05-03 04:53:30 | INFO    | resistancemap | Checkpoint saved: checkpoints/stability_calibrated.pt
2026-05-03 04:53:34 | INFO    | resistancemap | Checkpoint saved: checkpoints/stability_calibrated.pt
2026-05-03 04:53:34 | INFO    | resistancemap | Checkpoint saved: checkpoints/stability_calibrated.pt
2026-05-03 04:53:36 | INFO    | resistancemap.models.trajectory | [stability_calibrate] Epoch 100/500 loss=0.0063 basin_center=1.4558 basin_scale=1.5107
2026-05-03 04:53:39 | INFO    | resistancemap | Checkpoint saved: checkpoints/stability_calibrated.pt
2026-05-03 04:53:47 | INFO    | resistancemap | Checkpoint saved: checkpoints/stability_calibrated.pt
2026-05-03 04:53:52 | INFO    | resistancemap | Checkpoint saved: checkpoints/stability_calibrated.pt
2026-05-03 04:53:53 | INFO    | resistancemap | Checkpoint saved: checkpoints/stability_calibrated.pt
2026-05-03 04:53:55 | INFO    | resistancemap | Checkpoint saved: checkpoints/stability_calibrated.pt
2026-05-03 04:54:00 | INFO    | resistancemap | Checkpoint saved: checkpoints/stability_calibrated.pt
2026-05-03 04:54:01 | INFO    | resistancemap | Checkpoint saved: checkpoints/stability_calibrated.pt
2026-05-03 04:54:02 | INFO    | resistancemap | Checkpoint saved: checkpoints/stability_calibrated.pt
2026-05-03 04:54:02 | INFO    | resistancemap.models.trajectory | [stability_calibrate] Epoch 150/500 loss=0.0018 basin_center=1.4532 basin_scale=1.5137
2026-05-03 04:54:03 | INFO    | resistancemap | Checkpoint saved: checkpoints/stability_calibrated.pt
2026-05-03 04:54:25 | INFO    | resistancemap | Checkpoint saved: checkpoints/stability_calibrated.pt
2026-05-03 04:54:29 | INFO    | resistancemap.models.trajectory | [stability_calibrate] Epoch 200/500 loss=0.0011 basin_center=1.4524 basin_scale=1.5152
2026-05-03 04:54:44 | INFO    | resistancemap | Checkpoint saved: checkpoints/stability_calibrated.pt
2026-05-03 04:54:56 | INFO    | resistancemap.models.trajectory | [stability_calibrate] Epoch 250/500 loss=0.0089 basin_center=1.4519 basin_scale=1.5162
2026-05-03 04:55:22 | INFO    | resistancemap.models.trajectory | [stability_calibrate] Epoch 300/500 loss=0.0002 basin_center=1.4515 basin_scale=1.5172
2026-05-03 04:55:22 | INFO    | resistancemap | Checkpoint saved: checkpoints/stability_calibrated.pt
2026-05-03 04:55:38 | INFO    | resistancemap | Checkpoint saved: checkpoints/stability_calibrated.pt
2026-05-03 04:55:49 | INFO    | resistancemap.models.trajectory | [stability_calibrate] Epoch 350/500 loss=0.0088 basin_center=1.4514 basin_scale=1.5179
2026-05-03 04:56:15 | INFO    | resistancemap.models.trajectory | [stability_calibrate] Epoch 400/500 loss=0.0033 basin_center=1.4512 basin_scale=1.5190
2026-05-03 04:56:28 | INFO    | resistancemap | Checkpoint saved: checkpoints/stability_calibrated.pt
2026-05-03 04:56:42 | INFO    | resistancemap.models.trajectory | [stability_calibrate] Epoch 450/500 loss=0.0004 basin_center=1.4509 basin_scale=1.5201
2026-05-03 04:56:51 | INFO    | resistancemap | Checkpoint saved: checkpoints/stability_calibrated.pt
2026-05-03 04:57:08 | INFO    | resistancemap.models.trajectory | [stability_calibrate] Epoch 500/500 loss=0.0001 basin_center=1.4507 basin_scale=1.5210
2026-05-03 04:57:08 | INFO    | resistancemap | Checkpoint saved: checkpoints/stability_calibrated.pt
2026-05-03 04:57:08 | INFO    | resistancemap | <<< STAGE END: trajectory_calibrate (4.4 min) | best_calibration_loss=0.0001 n_valid_samples=692
2026-05-03 04:57:08 | INFO    | resistancemap | >>> STAGE START: trajectory_forecast
2026-05-03 04:57:08 | INFO    | resistancemap | Checkpoint loaded: checkpoints/data_ready.pt (saved 2026-05-03T09:51:08.526758+00:00)
2026-05-03 04:57:09 | INFO    | resistancemap | Checkpoint loaded: checkpoints/vae_finetuned.pt (saved 2026-05-03T09:52:29.958869+00:00)
2026-05-03 04:57:09 | INFO    | resistancemap | Checkpoint loaded: checkpoints/stability_calibrated.pt (saved 2026-05-03T09:57:08.441865+00:00)
2026-05-03 04:57:09 | INFO    | resistancemap.models.trajectory | Initialized TrajectoryForecaster with latent_dim=64 (deterministic ODE mode)
2026-05-03 04:57:09 | INFO    | resistancemap.main | Transferred calibrated ODE weights from MemoryStabilityScorer to TrajectoryForecaster
2026-05-03 04:57:09 | INFO    | resistancemap.main | Pre-computing VAE latents and reader/writer levels for trajectory training...
2026-05-03 04:57:11 | INFO    | resistancemap.main | Pre-computed: latents torch.Size([886, 64]), rw_levels torch.Size([886, 20])
2026-05-03 04:57:14 | INFO    | resistancemap | Checkpoint saved: checkpoints/trajectory_forecaster_trained.pt
2026-05-03 04:58:07 | INFO    | resistancemap.main | [trajectory_forecast] Early stopping at epoch 21
2026-05-03 04:58:07 | INFO    | resistancemap | <<< STAGE END: trajectory_forecast (1.0 min) | trajectory_forecast_val_loss=0.0078
2026-05-03 04:58:07 | INFO    | resistancemap | Checkpoint loaded: checkpoints/stability_calibrated.pt (saved 2026-05-03T09:57:08.441865+00:00)
2026-05-03 04:58:07 | INFO    | resistancemap | Checkpoint loaded: checkpoints/trajectory_forecaster_trained.pt (saved 2026-05-03T09:57:14.104475+00:00)
2026-05-03 04:58:07 | INFO    | resistancemap.agents.base | trajectory: Execution complete (status=completed)
2026-05-03 04:58:07 | INFO    | resistancemap.agents.orchestrator |   trajectory: COMPLETED (hash=a6e0317d...)
2026-05-03 04:58:07 | INFO    | resistancemap.agents.orchestrator | Orchestrator: Layer 5 (1 agents)
2026-05-03 04:58:07 | INFO    | resistancemap.agents.base | protein_net: Starting execution
2026-05-03 04:58:08 | INFO    | resistancemap | >>> STAGE START: protein_net_train
2026-05-03 04:58:08 | INFO    | resistancemap | Checkpoint loaded: checkpoints/data_ready.pt (saved 2026-05-03T09:51:08.526758+00:00)
2026-05-03 04:58:08 | INFO    | resistancemap | Checkpoint loaded: checkpoints/vae_finetuned.pt (saved 2026-05-03T09:52:29.958869+00:00)
2026-05-03 04:58:08 | INFO    | resistancemap | Checkpoint loaded: checkpoints/stability_calibrated.pt (saved 2026-05-03T09:57:08.441865+00:00)
2026-05-03 04:58:09 | INFO    | resistancemap.main | Pre-computing VAE latent states and stability scores...
2026-05-03 05:03:28 | INFO    | resistancemap.main | Pre-computed: latents torch.Size([886, 64]), stability torch.Size([886])
2026-05-03 05:03:28 | INFO    | resistancemap.main | No protein sequences available; using abundance-only node features
2026-05-03 05:03:28 | INFO    | resistancemap.main | PPI graph: 19177 nodes, 929520 edges
2026-05-03 05:03:55 | INFO    | resistancemap | Checkpoint saved: checkpoints/protein_net_trained.pt
2026-05-03 05:05:15 | INFO    | resistancemap | Checkpoint saved: checkpoints/protein_net_trained.pt
2026-05-03 05:06:08 | INFO    | resistancemap | Checkpoint saved: checkpoints/protein_net_trained.pt
2026-05-03 05:07:53 | INFO    | resistancemap.main | [protein_net] Epoch 10/100 train=0.9172 val=1.8381
2026-05-03 05:12:18 | INFO    | resistancemap.main | [protein_net] Epoch 20/100 train=0.6625 val=1.9784
2026-05-03 05:12:44 | INFO    | resistancemap.main | [protein_net] Early stopping at epoch 21
2026-05-03 05:12:44 | INFO    | resistancemap | <<< STAGE END: protein_net_train (14.6 min) | protein_net_val_loss=1.8162
2026-05-03 05:12:44 | INFO    | resistancemap | Checkpoint loaded: checkpoints/protein_net_trained.pt (saved 2026-05-03T10:06:08.033306+00:00)
2026-05-03 05:12:44 | INFO    | resistancemap.agents.base | protein_net: Execution complete (status=completed)
2026-05-03 05:12:44 | INFO    | resistancemap.agents.orchestrator |   protein_net: COMPLETED (hash=96fc777e...)
2026-05-03 05:12:44 | INFO    | resistancemap.agents.orchestrator | Orchestrator: Layer 6 (1 agents)
2026-05-03 05:12:44 | INFO    | resistancemap.agents.base | fusion: Starting execution
2026-05-03 05:12:44 | INFO    | resistancemap | >>> STAGE START: fusion_train
2026-05-03 05:12:44 | INFO    | resistancemap | Checkpoint loaded: checkpoints/data_ready.pt (saved 2026-05-03T09:51:08.526758+00:00)
2026-05-03 05:12:45 | INFO    | resistancemap | Checkpoint loaded: checkpoints/vae_finetuned.pt (saved 2026-05-03T09:52:29.958869+00:00)
2026-05-03 05:12:45 | INFO    | resistancemap | Checkpoint loaded: checkpoints/stability_calibrated.pt (saved 2026-05-03T09:57:08.441865+00:00)
2026-05-03 05:12:45 | INFO    | resistancemap | Checkpoint loaded: checkpoints/trajectory_forecaster_trained.pt (saved 2026-05-03T09:57:14.104475+00:00)
2026-05-03 05:12:45 | INFO    | resistancemap | Checkpoint loaded: checkpoints/protein_net_trained.pt (saved 2026-05-03T10:06:08.033306+00:00)
2026-05-03 05:12:45 | INFO    | resistancemap.models.trajectory | Initialized TrajectoryForecaster with latent_dim=64 (deterministic ODE mode)
2026-05-03 05:12:45 | INFO    | resistancemap.main | Pre-computing modality embeddings for fusion training...
2026-05-03 05:20:19 | INFO    | resistancemap.main | Embeddings: epi=torch.Size([886, 64]), traj_raw=torch.Size([886, 10]), pnet=torch.Size([886, 256]), stab=torch.Size([886, 1])
2026-05-03 05:20:19 | INFO    | resistancemap.models.fusion | Initialized CrossModalFusionNet: modalities=['epigenetic', 'trajectory', 'protein_network', 'stability'], hidden_dim=128, output_dim=128
2026-05-03 05:20:19 | INFO    | resistancemap | Checkpoint saved: checkpoints/fusion_trained.pt
2026-05-03 05:20:19 | INFO    | resistancemap | Checkpoint saved: checkpoints/fusion_trained.pt
2026-05-03 05:20:21 | INFO    | resistancemap.main | [fusion] Early stopping at epoch 17
2026-05-03 05:20:21 | INFO    | resistancemap | <<< STAGE END: fusion_train (7.6 min) | fusion_val_loss=1.3356
2026-05-03 05:20:21 | INFO    | resistancemap | Checkpoint loaded: checkpoints/fusion_trained.pt (saved 2026-05-03T10:20:19.640120+00:00)
2026-05-03 05:20:21 | INFO    | resistancemap.agents.base | fusion: Execution complete (status=completed)
2026-05-03 05:20:21 | INFO    | resistancemap.agents.orchestrator |   fusion: COMPLETED (hash=d0901192...)
2026-05-03 05:20:21 | INFO    | resistancemap.agents.orchestrator | Orchestrator: Layer 7 (1 agents)
2026-05-03 05:20:21 | INFO    | resistancemap.agents.base | landscape: Starting execution
2026-05-03 05:20:21 | INFO    | resistancemap | >>> STAGE START: landscape_train
2026-05-03 05:20:21 | INFO    | resistancemap | Checkpoint loaded: checkpoints/data_ready.pt (saved 2026-05-03T09:51:08.526758+00:00)
2026-05-03 05:20:21 | INFO    | resistancemap | Checkpoint loaded: checkpoints/fusion_trained.pt (saved 2026-05-03T10:20:19.640120+00:00)
2026-05-03 05:20:21 | INFO    | resistancemap.models.fusion | Initialized CrossModalFusionNet: modalities=['epigenetic', 'trajectory', 'protein_network', 'stability'], hidden_dim=128, output_dim=128
2026-05-03 05:20:21 | INFO    | resistancemap.main | Computing fused representations for landscape training...
2026-05-03 05:20:23 | INFO    | resistancemap.main | Fused representations: torch.Size([886, 128])
2026-05-03 05:20:23 | INFO    | resistancemap | Checkpoint saved: checkpoints/landscape_trained.pt
2026-05-03 05:20:23 | INFO    | resistancemap | Checkpoint saved: checkpoints/landscape_trained.pt
2026-05-03 05:20:23 | INFO    | resistancemap | Checkpoint saved: checkpoints/landscape_trained.pt
2026-05-03 05:20:23 | INFO    | resistancemap | Checkpoint saved: checkpoints/landscape_trained.pt
2026-05-03 05:20:23 | INFO    | resistancemap | Checkpoint saved: checkpoints/landscape_trained.pt
2026-05-03 05:20:23 | INFO    | resistancemap | Checkpoint saved: checkpoints/landscape_trained.pt
2026-05-03 05:20:23 | INFO    | resistancemap | Checkpoint saved: checkpoints/landscape_trained.pt
2026-05-03 05:20:23 | INFO    | resistancemap | Checkpoint saved: checkpoints/landscape_trained.pt
2026-05-03 05:20:23 | INFO    | resistancemap | Checkpoint saved: checkpoints/landscape_trained.pt
2026-05-03 05:20:23 | INFO    | resistancemap | Checkpoint saved: checkpoints/landscape_trained.pt
2026-05-03 05:20:23 | INFO    | resistancemap.main | [landscape] Epoch 20/100 train=0.8723 val=1.3470
2026-05-03 05:20:24 | INFO    | resistancemap.main | [landscape] Early stopping at epoch 32
2026-05-03 05:20:24 | INFO    | resistancemap | <<< STAGE END: landscape_train (0.1 min) | landscape_val_loss=1.3440
2026-05-03 05:20:24 | INFO    | resistancemap | Checkpoint loaded: checkpoints/landscape_trained.pt (saved 2026-05-03T10:20:23.889260+00:00)
2026-05-03 05:20:24 | INFO    | resistancemap.agents.base | landscape: Execution complete (status=completed)
2026-05-03 05:20:24 | INFO    | resistancemap.agents.orchestrator |   landscape: COMPLETED (hash=c7d7e673...)
2026-05-03 05:20:24 | INFO    | resistancemap.agents.orchestrator | Orchestrator: Layer 8 (1 agents)
2026-05-03 05:20:24 | INFO    | resistancemap.agents.base | validation: Starting execution
2026-05-03 05:20:24 | INFO    | resistancemap | >>> STAGE START: validate
2026-05-03 05:20:24 | INFO    | resistancemap | Checkpoint loaded: checkpoints/data_ready.pt (saved 2026-05-03T09:51:08.526758+00:00)
2026-05-03 05:20:24 | INFO    | resistancemap | Checkpoint loaded: checkpoints/fusion_trained.pt (saved 2026-05-03T10:20:19.640120+00:00)
2026-05-03 05:20:24 | INFO    | resistancemap | Checkpoint loaded: checkpoints/landscape_trained.pt (saved 2026-05-03T10:20:23.889260+00:00)
2026-05-03 05:20:24 | INFO    | resistancemap.models.fusion | Initialized CrossModalFusionNet: modalities=['epigenetic', 'trajectory', 'protein_network', 'stability'], hidden_dim=128, output_dim=128
2026-05-03 05:20:25 | INFO    | resistancemap.main | Per-drug metrics CSV: logs/per_drug_metrics.csv
2026-05-03 05:20:25 | INFO    | resistancemap | Checkpoint saved: checkpoints/pipeline_validated.pt
2026-05-03 05:22:40 | INFO    | resistancemap.main | Baselines: 11 models compared; best=Zero (z-scored target floor) (2.8106); ResistanceMap rank=3/11
2026-05-03 05:22:40 | INFO    | resistancemap.main | Actionability: 3/11 drugs actionable for screening (3 well-calibrated). Failures: ['Cyclophosphamide', 'Doxorubicin', 'Etoposide', 'Lenalidomide', 'Palbociclib', 'Panobinostat', 'Romidepsin', 'Vorinostat']
2026-05-03 05:22:40 | INFO    | resistancemap.main | Validation: test_mse=2.8364 on 132 samples (11 drugs)
2026-05-03 05:22:40 | INFO    | resistancemap | Checkpoint saved: checkpoints/pipeline_validated.pt
2026-05-03 05:22:40 | INFO    | resistancemap | <<< STAGE END: validate (2.3 min) | test_mse=2.8364 n_test_samples=132 n_drugs=11 split=test per_drug_metrics=[{'drug': 'Bortezomib', 'n_obs': 102, 'mse': 0.8821372985839844, 'mae': 0.6068288683891296, 'spearman': 0.346953084800199, 'reliable': True, 'drug_class': 'Proteasome', 'actionable_for_screening': True, 'well_calibrated': True, 'failure_mode': False}, {'drug': 'Cyclophosphamide', 'n_obs': 76, 'mse': 0.3054813742637634, 'mae': 0.3896203935146332, 'spearman': 0.19064935064935065, 'reliable': True, 'drug_class': 'DNA-damage', 'actionable_for_screening': False, 'well_calibrated': False, 'failure_mode': True}, {'drug': 'Dinaciclib', 'n_obs': 100, 'mse': 0.1354023963212967, 'mae': 0.17020368576049805, 'spearman': 0.3158355835583558, 'reliable': True, 'drug_class': 'CDK', 'actionable_for_screening': True, 'well_calibrated': True, 'failure_mode': False}, {'drug': 'Doxorubicin', 'n_obs': 100, 'mse': 1.9848915338516235, 'mae': 0.5570275783538818, 'spearman': 0.11335133513351334, 'reliable': True, 'drug_class': 'DNA-damage', 'actionable_for_screening': False, 'well_calibrated': False, 'failure_mode': True}, {'drug': 'Etoposide', 'n_obs': 93, 'mse': 0.358908087015152, 'mae': 0.42831167578697205, 'spearman': 0.16275252902032167, 'reliable': True, 'drug_class': 'DNA-damage', 'actionable_for_screening': False, 'well_calibrated': False, 'failure_mode': True}, {'drug': 'Lenalidomide', 'n_obs': 95, 'mse': 0.813334584236145, 'mae': 0.5810424089431763, 'spearman': -0.07162653975363942, 'reliable': True, 'drug_class': 'IMiD', 'actionable_for_screening': False, 'well_calibrated': False, 'failure_mode': True}, {'drug': 'Palbociclib', 'n_obs': 81, 'mse': 0.19919045269489288, 'mae': 0.36015695333480835, 'spearman': 0.024570912375790423, 'reliable': True, 'drug_class': 'CDK', 'actionable_for_screening': False, 'well_calibrated': False, 'failure_mode': True}, {'drug': 'Panobinostat', 'n_obs': 101, 'mse': 22.62211799621582, 'mae': 0.7998298406600952, 'spearman': 0.06008153756552125, 'reliable': True, 'drug_class': 'HDAC', 'actionable_for_screening': False, 'well_calibrated': False, 'failure_mode': True}, {'drug': 'Romidepsin', 'n_obs': 93, 'mse': 1.2600728273391724, 'mae': 0.5674123167991638, 'spearman': 0.2365044313807406, 'reliable': True, 'drug_class': 'HDAC', 'actionable_for_screening': False, 'well_calibrated': False, 'failure_mode': True}, {'drug': 'Venetoclax', 'n_obs': 74, 'mse': 0.01999061368405819, 'mae': 0.11717096716165543, 'spearman': 0.26844872269529796, 'reliable': True, 'drug_class': 'BCL2', 'actionable_for_screening': True, 'well_calibrated': True, 'failure_mode': False}, {'drug': 'Vorinostat', 'n_obs': 100, 'mse': 0.23433221876621246, 'mae': 0.3556032180786133, 'spearman': 0.02125412541254125, 'reliable': True, 'drug_class': 'HDAC', 'actionable_for_screening': False, 'well_calibrated': False, 'failure_mode': True}] baseline_summary={'n_models': 11, 'best_model': 'Zero (z-scored target floor)', 'best_test_mse': 2.81059193611145, 'resistancemap_rank': 3, 'comparison_path': '/home/aj0486@students.ad.unt.edu/pipeline3/ResistanceMap/paper/tables/baseline_comparison.json'} actionability_summary={'n_drugs_total': 11, 'n_actionable_for_screening': 3, 'n_well_calibrated': 3, 'n_failure_modes': 8, 'actionable_drugs': ['Bortezomib', 'Dinaciclib', 'Venetoclax'], 'well_calibrated_drugs': ['Bortezomib', 'Dinaciclib', 'Venetoclax'], 'failure_drugs': ['Cyclophosphamide', 'Doxorubicin', 'Etoposide', 'Lenalidomide', 'Palbociclib', 'Panobinostat', 'Romidepsin', 'Vorinostat'], 'by_class': {'Proteasome': {'n_drugs': 1, 'mean_mse': 0.8821372985839844, 'mean_spearman': 0.346953084800199, 'n_actionable': 1, 'drugs': ['Bortezomib']}, 'DNA-damage': {'n_drugs': 3, 'mean_mse': 0.8830936650435129, 'mean_spearman': 0.1555844049343952, 'n_actionable': 0, 'drugs': ['Cyclophosphamide', 'Doxorubicin', 'Etoposide']}, 'CDK': {'n_drugs': 2, 'mean_mse': 0.1672964245080948, 'mean_spearman': 0.1702032479670731, 'n_actionable': 1, 'drugs': ['Dinaciclib', 'Palbociclib']}, 'IMiD': {'n_drugs': 1, 'mean_mse': 0.813334584236145, 'mean_spearman': -0.07162653975363942, 'n_actionable': 0, 'drugs': ['Lenalidomide']}, 'HDAC': {'n_drugs': 3, 'mean_mse': 8.038841014107069, 'mean_spearman': 0.10594669811960102, 'n_actionable': 0, 'drugs': ['Panobinostat', 'Romidepsin', 'Vorinostat']}, 'BCL2': {'n_drugs': 1, 'mean_mse': 0.01999061368405819, 'mean_spearman': 0.26844872269529796, 'n_actionable': 1, 'drugs': ['Venetoclax']}}, 'thresholds': {'actionable_min_spearman': 0.25, 'actionable_min_n_obs': 30, 'well_calibrated_max_mse': 1.0}, 'interpretation': "ResistanceMap rank-prioritizes compounds for 3/11 drugs (27%). 3/11 are also well-calibrated for absolute IC50 prediction. Known failure modes: ['Cyclophosphamide', 'Doxorubicin', 'Etoposide', 'Lenalidomide', 'Palbociclib', 'Panobinostat', 'Romidepsin', 'Vorinostat']."}
2026-05-03 05:22:40 | INFO    | resistancemap | Checkpoint loaded: checkpoints/pipeline_validated.pt (saved 2026-05-03T10:22:40.301225+00:00)
2026-05-03 05:22:40 | INFO    | resistancemap.agents.base | validation: Execution complete (status=completed)
2026-05-03 05:22:40 | INFO    | resistancemap.agents.orchestrator |   validation: COMPLETED (hash=28dd2ce6...)
2026-05-03 05:22:40 | INFO    | resistancemap.agents.orchestrator | Orchestrator: Execution complete in 1971.2s. Completed: 10/10
2026-05-03 05:22:40 | INFO    | resistancemap.main | ========================================================================
2026-05-03 05:22:40 | INFO    | resistancemap.main | PIPELINE COMPLETE
2026-05-03 05:22:40 | INFO    | resistancemap.main |   Total time: 1971.3s
2026-05-03 05:22:40 | INFO    | resistancemap.main |   Agents completed: 10/10
2026-05-03 05:22:40 | INFO    | resistancemap.main |   Verification chain: 10 hashes
2026-05-03 05:22:40 | INFO    | resistancemap.main | ========================================================================
2026-05-03 05:22:40 | INFO    | resistancemap.main | AgentOps dashboard exported: logs/agentops_dashboard.json
2026-05-03 05:22:40 | INFO    | resistancemap.main | Starting ResistanceMap evaluation governance run
2026-05-03 05:22:40 | INFO    | resistancemap.evaluation.orchestrator | EvalOrchestrator: tier A (3 agents)
2026-05-03 05:22:40 | INFO    | resistancemap.agents.base | eval_data_adequacy: Starting execution
2026-05-03 05:22:40 | INFO    | resistancemap.agents.base | eval_data_adequacy: Execution complete (status=completed)
2026-05-03 05:22:40 | INFO    | resistancemap.agents.base | eval_measurement_integration: Starting execution
2026-05-03 05:22:50 | INFO    | resistancemap.agents.base | eval_measurement_integration: Execution complete (status=completed)
2026-05-03 05:22:50 | INFO    | resistancemap.agents.base | eval_bias_fairness_shift: Starting execution
2026-05-03 05:22:50 | INFO    | resistancemap.agents.base | eval_bias_fairness_shift: Execution complete (status=completed)
2026-05-03 05:22:50 | INFO    | resistancemap.evaluation.orchestrator | EvalOrchestrator: eval_data_adequacy -> conditional (score=0.214, hash=f0ad72f1)
2026-05-03 05:22:50 | INFO    | resistancemap.evaluation.orchestrator | EvalOrchestrator: eval_measurement_integration -> conditional (score=0.000, hash=f6d43a75)
2026-05-03 05:22:50 | INFO    | resistancemap.evaluation.orchestrator | EvalOrchestrator: eval_bias_fairness_shift -> skipped (score=0.000, hash=864ce7e4)
2026-05-03 05:22:50 | INFO    | resistancemap.evaluation.orchestrator | EvalOrchestrator: tier B (3 agents)
2026-05-03 05:22:50 | INFO    | resistancemap.agents.base | architecture_auditor: Starting execution
2026-05-03 05:22:50 | INFO    | resistancemap.evaluation.tier_b.architecture_auditor | ArchitectureAuditorAgent: starting structured audit
2026-05-03 05:22:50 | INFO    | resistancemap.evaluation.tier_b.architecture_auditor | ArchitectureAuditorAgent: verdict=EvalVerdict.FAIL score=0.00 modules=4
2026-05-03 05:22:50 | INFO    | resistancemap.agents.base | architecture_auditor: Execution complete (status=completed)
2026-05-03 05:22:50 | INFO    | resistancemap.agents.base | cell_state_trajectory: Starting execution
2026-05-03 05:22:50 | INFO    | resistancemap.evaluation.tier_b.cell_state_specialist | CellStateTrajectoryAgent: starting biological-coherence audit
2026-05-03 05:22:50 | WARNING | resistancemap.evaluation.tier_b.cell_state_specialist | CellStateTrajectoryAgent: SKIPPED -- Required upstream artefacts are missing from intake: ['vae_latents', 'cell_metadata', 'state_assignments', 'program_scores']. This agent does NOT fabricate latents or state assignments; rerun the VAE + trajectory stages and re-supply.
2026-05-03 05:22:50 | INFO    | resistancemap.agents.base | cell_state_trajectory: Execution complete (status=completed)
2026-05-03 05:22:50 | INFO    | resistancemap.agents.base | pathway_ppi_reasoning: Starting execution
2026-05-03 05:22:50 | INFO    | resistancemap.evaluation.tier_b.pathway_ppi | PathwayPPIReasoningAgent: starting pathway grounding audit (ppi_proteins=7853, ppi_confidence=0.70)
2026-05-03 05:22:50 | WARNING | resistancemap.evaluation.tier_b.pathway_ppi | PathwayPPIReasoningAgent: SKIPPED -- Required upstream artefacts missing: ['ppi_edges', 'attribute_fn', 'baseline_attribution', 'alternative_attribution', 'heldout_pathway_ids', 'heldout_predictions', 'heldout_model_fn']. This agent does NOT fabricate PPI edges, attributions, or heldout sets; rerun the protein-net stage and re-supply.
2026-05-03 05:22:50 | INFO    | resistancemap.agents.base | pathway_ppi_reasoning: Execution complete (status=completed)
2026-05-03 05:22:50 | INFO    | resistancemap.evaluation.orchestrator | EvalOrchestrator: architecture_auditor -> fail (score=0.000, hash=5236d434)
2026-05-03 05:22:50 | INFO    | resistancemap.evaluation.orchestrator | EvalOrchestrator: cell_state_trajectory -> skipped (score=0.000, hash=52343866)
2026-05-03 05:22:50 | INFO    | resistancemap.evaluation.orchestrator | EvalOrchestrator: pathway_ppi_reasoning -> skipped (score=0.000, hash=aaf9a2ca)
2026-05-03 05:22:50 | INFO    | resistancemap.evaluation.orchestrator | EvalOrchestrator: tier C (3 agents)
2026-05-03 05:22:50 | INFO    | resistancemap.agents.base | forecasting_uncertainty_agent: Starting execution
2026-05-03 05:22:50 | INFO    | resistancemap.evaluation.tier_c.forecasting_uncertainty | ForecastingUncertaintyAgent: no prediction tensors in intake; emitting SKIP verdict.
2026-05-03 05:22:50 | INFO    | resistancemap.agents.base | forecasting_uncertainty_agent: Execution complete (status=completed)
2026-05-03 05:22:50 | INFO    | resistancemap.agents.base | baseline_adversary_agent: Starting execution
2026-05-03 05:22:50 | INFO    | resistancemap.agents.base | baseline_adversary_agent: Execution complete (status=completed)
2026-05-03 05:22:50 | INFO    | resistancemap.agents.base | clinical_translation_safety_agent: Starting execution
2026-05-03 05:22:50 | INFO    | resistancemap.agents.base | clinical_translation_safety_agent: Execution complete (status=completed)
2026-05-03 05:22:50 | INFO    | resistancemap.evaluation.orchestrator | EvalOrchestrator: forecasting_uncertainty_agent -> skipped (score=0.000, hash=caa7571c)
2026-05-03 05:22:50 | INFO    | resistancemap.evaluation.orchestrator | EvalOrchestrator: baseline_adversary_agent -> skipped (score=0.000, hash=32700af2)
2026-05-03 05:22:50 | INFO    | resistancemap.evaluation.orchestrator | EvalOrchestrator: clinical_translation_safety_agent -> fail (score=0.000, hash=4d1b1265)
2026-05-03 05:22:50 | INFO    | resistancemap.evaluation.orchestrator | EvalOrchestrator: tier D (1 agents)
2026-05-03 05:22:50 | INFO    | resistancemap.agents.base | principal_integrator_agent: Starting execution
2026-05-03 05:22:50 | INFO    | resistancemap.agents.base | principal_integrator_agent: Execution complete (status=completed)
2026-05-03 05:22:50 | INFO    | resistancemap.evaluation.orchestrator | EvalOrchestrator: principal_integrator_agent -> conditional (score=0.333, hash=037e78cb)
2026-05-03 05:22:50 | INFO    | resistancemap.evaluation.orchestrator | EvalOrchestrator: wrote audit trail to logs/evaluation/20260503T102240Z
